,test_nll,test_acc,seed,device,verbose,decoding_alpha,decoding_method,decoding_disk_radii_1,decoding_disk_radii_2,num_tiles,data_filter,mapping_type,axis_resolution,vector_length_scale,vector_dimensionality
0,0.49314412446449224,0.8650365036503651,42,cuda,True,None,renyi,1,1,1,passthrough,SA_VSA_OGM,0.1,0.1,32768
1,0.4451872520149861,0.938881388138814,42,cuda,True,None,renyi,1,3,1,passthrough,SA_VSA_OGM,0.1,0.1,32768
2,0.37401908229975495,0.9746599848882174,42,cuda,True,None,renyi,1,5,1,passthrough,SA_VSA_OGM,0.1,0.1,32768
3,0.3634630692313456,0.9802801407579176,42,cuda,True,None,renyi,3,1,1,passthrough,SA_VSA_OGM,0.1,0.1,32768
4,0.2770015776420762,0.9874515482557372,42,cuda,True,None,renyi,3,3,1,passthrough,SA_VSA_OGM,0.1,0.1,32768
5,0.28760717335610914,0.9837933189804846,42,cuda,True,None,renyi,3,5,1,passthrough,SA_VSA_OGM,0.1,0.1,32768
6,0.404232039386811,0.9561701068065992,42,cuda,True,None,renyi,5,1,1,passthrough,SA_VSA_OGM,0.1,0.1,32768
7,0.31070345490757584,0.9863697307230724,42,cuda,True,None,renyi,5,3,1,passthrough,SA_VSA_OGM,0.1,0.1,32768
8,0.29631846761347863,0.9773156327978476,42,cuda,True,None,renyi,5,5,1,passthrough,SA_VSA_OGM,0.1,0.1,32768
9,0.5352456446103788,0.7706650665066507,42,cuda,True,None,renyi_squaring,1,1,1,passthrough,SA_VSA_OGM,0.1,0.1,32768
10,0.6276836070193577,0.7953912438343846,42,cuda,True,None,renyi_squaring,1,3,1,passthrough,SA_VSA_OGM,0.1,0.1,32768
11,0.6449991635586958,0.8047483920970555,42,cuda,True,None,renyi_squaring,1,5,1,passthrough,SA_VSA_OGM,0.1,0.1,32768
12,0.5220010807741344,0.9189362078586693,42,cuda,True,None,renyi_squaring,3,1,1,passthrough,SA_VSA_OGM,0.1,0.1,32768
13,0.4778019451472239,0.9087512117965202,42,cuda,True,None,renyi_squaring,3,3,1,passthrough,SA_VSA_OGM,0.1,0.1,32768
14,0.45735958893455303,0.9378461264945108,42,cuda,True,None,renyi_squaring,3,5,1,passthrough,SA_VSA_OGM,0.1,0.1,32768
15,0.6693068648906901,0.9156726825266612,42,cuda,True,None,renyi_squaring,5,1,1,passthrough,SA_VSA_OGM,0.1,0.1,32768
16,0.479083054339958,0.9160911477942154,42,cuda,True,None,renyi_squaring,5,3,1,passthrough,SA_VSA_OGM,0.1,0.1,32768
17,0.5113926377501482,0.9332481243898306,42,cuda,True,None,renyi_squaring,5,5,1,passthrough,SA_VSA_OGM,0.1,0.1,32768
18,17.841608427612986,0.5073336825563122,42,cuda,True,None,renyi_cubic,1,1,1,passthrough,SA_VSA_OGM,0.1,0.1,32768
19,18.12094674137865,0.5,42,cuda,True,None,renyi_cubic,1,3,1,passthrough,SA_VSA_OGM,0.1,0.1,32768
20,18.107644916913618,0.5,42,cuda,True,None,renyi_cubic,1,5,1,passthrough,SA_VSA_OGM,0.1,0.1,32768
21,17.587664506007847,0.514240996714808,42,cuda,True,None,renyi_cubic,3,1,1,passthrough,SA_VSA_OGM,0.1,0.1,32768
22,18.10018246279579,0.5,42,cuda,True,None,renyi_cubic,3,3,1,passthrough,SA_VSA_OGM,0.1,0.1,32768
23,18.096917639119237,0.5,42,cuda,True,None,renyi_cubic,3,5,1,passthrough,SA_VSA_OGM,0.1,0.1,32768
24,17.214448858642353,0.5242819885118162,42,cuda,True,None,renyi_cubic,5,1,1,passthrough,SA_VSA_OGM,0.1,0.1,32768
25,18.09114141261457,0.5,42,cuda,True,None,renyi_cubic,5,3,1,passthrough,SA_VSA_OGM,0.1,0.1,32768
26,17.227531369872477,0.5237815333543671,42,cuda,True,None,renyi_cubic,5,5,1,passthrough,SA_VSA_OGM,0.1,0.1,32768
27,0.6408567009333418,0.673712419801273,42,cuda,True,None,renyi_normalize,1,1,1,passthrough,SA_VSA_OGM,0.1,0.1,32768
28,0.6530966604199147,0.7946686525756075,42,cuda,True,None,renyi_normalize,1,3,1,passthrough,SA_VSA_OGM,0.1,0.1,32768
29,0.6138991728542057,0.8876787121249075,42,cuda,True,None,renyi_normalize,1,5,1,passthrough,SA_VSA_OGM,0.1,0.1,32768
30,0.5839561907803258,0.939851792098527,42,cuda,True,None,renyi_normalize,3,1,1,passthrough,SA_VSA_OGM,0.1,0.1,32768
31,0.4631787348096119,0.9467259445893028,42,cuda,True,None,renyi_normalize,3,3,1,passthrough,SA_VSA_OGM,0.1,0.1,32768
32,0.4006972106371987,0.968104528048926,42,cuda,True,None,renyi_normalize,3,5,1,passthrough,SA_VSA_OGM,0.1,0.1,32768
33,0.5262594553563245,0.9487624827214888,42,cuda,True,None,renyi_normalize,5,1,1,passthrough,SA_VSA_OGM,0.1,0.1,32768
34,0.4075038290606599,0.961526847646911,42,cuda,True,None,renyi_normalize,5,3,1,passthrough,SA_VSA_OGM,0.1,0.1,32768
35,0.37698488561870847,0.9653974181899552,42,cuda,True,None,renyi_normalize,5,5,1,passthrough,SA_VSA_OGM,0.1,0.1,32768
36,0.25062038663795505,0.97855044756966,42,cuda,True,None,renyi_normalize_squaring,1,1,1,passthrough,SA_VSA_OGM,0.1,0.1,32768
37,0.30182492441137115,0.9877411980137604,42,cuda,True,None,renyi_normalize_squaring,1,3,1,passthrough,SA_VSA_OGM,0.1,0.1,32768
38,0.32745773631661296,0.988724224029387,42,cuda,True,None,renyi_normalize_squaring,1,5,1,passthrough,SA_VSA_OGM,0.1,0.1,32768
39,0.2319264699071633,0.9894317077268308,42,cuda,True,None,renyi_normalize_squaring,3,1,1,passthrough,SA_VSA_OGM,0.1,0.1,32768
40,0.2796013912796168,0.9825994578444558,42,cuda,True,None,renyi_normalize_squaring,3,3,1,passthrough,SA_VSA_OGM,0.1,0.1,32768
41,0.24547017327039833,0.9820018606703594,42,cuda,True,None,renyi_normalize_squaring,3,5,1,passthrough,SA_VSA_OGM,0.1,0.1,32768
42,0.2958179528895919,0.9736187150655948,42,cuda,True,None,renyi_normalize_squaring,5,1,1,passthrough,SA_VSA_OGM,0.1,0.1,32768
43,0.3294730314271375,0.9782313182382636,42,cuda,True,None,renyi_normalize_squaring,5,3,1,passthrough,SA_VSA_OGM,0.1,0.1,32768
44,0.30418457005424904,0.969205323244426,42,cuda,True,None,renyi_normalize_squaring,5,5,1,passthrough,SA_VSA_OGM,0.1,0.1,32768
45,0.26854300593597347,0.9813725117680674,42,cuda,True,None,renyi_normalize_cubic,1,1,1,passthrough,SA_VSA_OGM,0.1,0.1,32768
46,0.3014867722642327,0.9799841428436976,42,cuda,True,None,renyi_normalize_cubic,1,3,1,passthrough,SA_VSA_OGM,0.1,0.1,32768
47,0.2848998487710953,0.9857622486719072,42,cuda,True,None,renyi_normalize_cubic,1,5,1,passthrough,SA_VSA_OGM,0.1,0.1,32768
48,0.24553179612348225,0.991637489314248,42,cuda,True,None,renyi_normalize_cubic,3,1,1,passthrough,SA_VSA_OGM,0.1,0.1,32768
49,0.25914361265018687,0.9876149168284386,42,cuda,True,None,renyi_normalize_cubic,3,3,1,passthrough,SA_VSA_OGM,0.1,0.1,32768
50,0.27936307620461454,0.9812738536227824,42,cuda,True,None,renyi_normalize_cubic,3,5,1,passthrough,SA_VSA_OGM,0.1,0.1,32768
51,0.28186909119854087,0.974545733865277,42,cuda,True,None,renyi_normalize_cubic,5,1,1,passthrough,SA_VSA_OGM,0.1,0.1,32768
52,0.31187918636447576,0.973362132490434,42,cuda,True,None,renyi_normalize_cubic,5,3,1,passthrough,SA_VSA_OGM,0.1,0.1,32768
53,0.3173311420868376,0.9726433674188336,42,cuda,True,None,renyi_normalize_cubic,5,5,1,passthrough,SA_VSA_OGM,0.1,0.1,32768
54,0.42565391044567497,0.9391746212422244,42,cuda,True,None,renyi,1,1,1,passthrough,SA_VSA_OGM,0.1,0.2,32768
55,0.5422283597838647,0.9708413245949628,42,cuda,True,None,renyi,1,3,1,passthrough,SA_VSA_OGM,0.1,0.2,32768
56,0.6105335435340277,0.9735726757342256,42,cuda,True,None,renyi,1,5,1,passthrough,SA_VSA_OGM,0.1,0.2,32768
57,0.4052899438448325,0.97591184106514,42,cuda,True,None,renyi,3,1,1,passthrough,SA_VSA_OGM,0.1,0.2,32768
58,0.23707506731561823,0.9890293317893932,42,cuda,True,None,renyi,3,3,1,passthrough,SA_VSA_OGM,0.1,0.2,32768
59,0.238258032517669,0.985225269805206,42,cuda,True,None,renyi,3,5,1,passthrough,SA_VSA_OGM,0.1,0.2,32768
60,0.4374694263246776,0.9671304850921034,42,cuda,True,None,renyi,5,1,1,passthrough,SA_VSA_OGM,0.1,0.2,32768
61,0.24276615126286027,0.9836182254469144,42,cuda,True,None,renyi,5,3,1,passthrough,SA_VSA_OGM,0.1,0.2,32768
62,0.25295530308446607,0.9766752499395308,42,cuda,True,None,renyi,5,5,1,passthrough,SA_VSA_OGM,0.1,0.2,32768
63,0.4178437152982643,0.9494927555391784,42,cuda,True,None,renyi_squaring,1,1,1,passthrough,SA_VSA_OGM,0.1,0.2,32768
64,0.373215103593088,0.9569081245739604,42,cuda,True,None,renyi_squaring,1,3,1,passthrough,SA_VSA_OGM,0.1,0.2,32768
65,0.35861204927994245,0.9475298003770288,42,cuda,True,None,renyi_squaring,1,5,1,passthrough,SA_VSA_OGM,0.1,0.2,32768
66,0.4053114400922874,0.9546287589949368,42,cuda,True,None,renyi_squaring,3,1,1,passthrough,SA_VSA_OGM,0.1,0.2,32768
67,0.37943934140909025,0.9583203141895692,42,cuda,True,None,renyi_squaring,3,3,1,passthrough,SA_VSA_OGM,0.1,0.2,32768
68,0.3468490689273315,0.9663974597560157,42,cuda,True,None,renyi_squaring,3,5,1,passthrough,SA_VSA_OGM,0.1,0.2,32768
69,0.4749413374467849,0.9440088142911452,42,cuda,True,None,renyi_squaring,5,1,1,passthrough,SA_VSA_OGM,0.1,0.2,32768
70,0.4176942077806874,0.9478375349139848,42,cuda,True,None,renyi_squaring,5,3,1,passthrough,SA_VSA_OGM,0.1,0.2,32768
71,0.3986457392150818,0.9414845118403692,42,cuda,True,None,renyi_squaring,5,5,1,passthrough,SA_VSA_OGM,0.1,0.2,32768
72,15.873214053497689,0.5609517264697551,42,cuda,True,None,renyi_cubic,1,1,1,passthrough,SA_VSA_OGM,0.1,0.2,32768
73,0.9508682920268078,0.5524090968997262,42,cuda,True,None,renyi_cubic,1,3,1,passthrough,SA_VSA_OGM,0.1,0.2,32768
74,15.896841458310409,0.5592886615026903,42,cuda,True,None,renyi_cubic,1,5,1,passthrough,SA_VSA_OGM,0.1,0.2,32768
75,0.6509483093278434,0.61899843993333,42,cuda,True,None,renyi_cubic,3,1,1,passthrough,SA_VSA_OGM,0.1,0.2,32768
76,15.862577221798484,0.5577660515160886,42,cuda,True,None,renyi_cubic,3,3,1,passthrough,SA_VSA_OGM,0.1,0.2,32768
77,15.357493708052695,0.5698069062162375,42,cuda,True,None,renyi_cubic,3,5,1,passthrough,SA_VSA_OGM,0.1,0.2,32768
78,15.726081750474268,0.5563660513155043,42,cuda,True,None,renyi_cubic,5,1,1,passthrough,SA_VSA_OGM,0.1,0.2,32768
79,13.960467615734688,0.5993909094164789,42,cuda,True,None,renyi_cubic,5,3,1,passthrough,SA_VSA_OGM,0.1,0.2,32768
80,0.749963699545972,0.6312753381888847,42,cuda,True,None,renyi_cubic,5,5,1,passthrough,SA_VSA_OGM,0.1,0.2,32768
81,0.6278985124294135,0.7043444186137958,42,cuda,True,None,renyi_normalize,1,1,1,passthrough,SA_VSA_OGM,0.1,0.2,32768
82,0.7339604356332279,0.854253162711047,42,cuda,True,None,renyi_normalize,1,3,1,passthrough,SA_VSA_OGM,0.1,0.2,32768
83,0.7487667172173162,0.926647834776725,42,cuda,True,None,renyi_normalize,1,5,1,passthrough,SA_VSA_OGM,0.1,0.2,32768
84,0.6730690259516106,0.9508542967780867,42,cuda,True,None,renyi_normalize,3,1,1,passthrough,SA_VSA_OGM,0.1,0.2,32768
85,0.41610444254167006,0.9698215398191156,42,cuda,True,None,renyi_normalize,3,3,1,passthrough,SA_VSA_OGM,0.1,0.2,32768
86,0.39441134228247426,0.9810981536145404,42,cuda,True,None,renyi_normalize,3,5,1,passthrough,SA_VSA_OGM,0.1,0.2,32768
87,0.6839921400485084,0.9533328641515294,42,cuda,True,None,renyi_normalize,5,1,1,passthrough,SA_VSA_OGM,0.1,0.2,32768
88,0.3891832979548022,0.9753440973667707,42,cuda,True,None,renyi_normalize,5,3,1,passthrough,SA_VSA_OGM,0.1,0.2,32768
89,0.3116959411192462,0.9778484261221712,42,cuda,True,None,renyi_normalize,5,5,1,passthrough,SA_VSA_OGM,0.1,0.2,32768
90,0.2352725845886276,0.98838446910404,42,cuda,True,None,renyi_normalize_squaring,1,1,1,passthrough,SA_VSA_OGM,0.1,0.2,32768
91,0.27080948291553275,0.9902536312956486,42,cuda,True,None,renyi_normalize_squaring,1,3,1,passthrough,SA_VSA_OGM,0.1,0.2,32768
92,0.3023742982749959,0.9884802270916024,42,cuda,True,None,renyi_normalize_squaring,1,5,1,passthrough,SA_VSA_OGM,0.1,0.2,32768
93,0.15729178043994982,0.9933595144688188,42,cuda,True,None,renyi_normalize_squaring,3,1,1,passthrough,SA_VSA_OGM,0.1,0.2,32768
94,0.1655812678005804,0.9868694047748412,42,cuda,True,None,renyi_normalize_squaring,3,3,1,passthrough,SA_VSA_OGM,0.1,0.2,32768
95,0.17415102877987515,0.9851454436686952,42,cuda,True,None,renyi_normalize_squaring,3,5,1,passthrough,SA_VSA_OGM,0.1,0.2,32768
96,0.22120039503740907,0.983067580384962,42,cuda,True,None,renyi_normalize_squaring,5,1,1,passthrough,SA_VSA_OGM,0.1,0.2,32768
97,0.20216287453141563,0.9820702927751164,42,cuda,True,None,renyi_normalize_squaring,5,3,1,passthrough,SA_VSA_OGM,0.1,0.2,32768
98,0.21732215243011185,0.9814839948341522,42,cuda,True,None,renyi_normalize_squaring,5,5,1,passthrough,SA_VSA_OGM,0.1,0.2,32768
99,0.17419922501653637,0.9886015435862228,42,cuda,True,None,renyi_normalize_cubic,1,1,1,passthrough,SA_VSA_OGM,0.1,0.2,32768
100,0.2057523133424626,0.986187995110554,42,cuda,True,None,renyi_normalize_cubic,1,3,1,passthrough,SA_VSA_OGM,0.1,0.2,32768
101,0.217012780778556,0.9867069670188524,42,cuda,True,None,renyi_normalize_cubic,1,5,1,passthrough,SA_VSA_OGM,0.1,0.2,32768
102,0.16361620541995972,0.990083290150648,42,cuda,True,None,renyi_normalize_cubic,3,1,1,passthrough,SA_VSA_OGM,0.1,0.2,32768
103,0.17933930621606758,0.988860316399455,42,cuda,True,None,renyi_normalize_cubic,3,3,1,passthrough,SA_VSA_OGM,0.1,0.2,32768
104,0.18907899876955583,0.9850914454949932,42,cuda,True,None,renyi_normalize_cubic,3,5,1,passthrough,SA_VSA_OGM,0.1,0.2,32768
105,0.2354007891730019,0.974833137001586,42,cuda,True,None,renyi_normalize_cubic,5,1,1,passthrough,SA_VSA_OGM,0.1,0.2,32768
106,0.23270033303826543,0.9811326353789024,42,cuda,True,None,renyi_normalize_cubic,5,3,1,passthrough,SA_VSA_OGM,0.1,0.2,32768
107,0.221708145115948,0.9819266330755028,42,cuda,True,None,renyi_normalize_cubic,5,5,1,passthrough,SA_VSA_OGM,0.1,0.2,32768
108,0.611950804079239,0.7043079988113121,42,cuda,True,None,renyi,1,1,1,passthrough,SA_VSA_OGM,0.1,0.5,32768
109,0.901169185511291,0.7337580793704357,42,cuda,True,None,renyi,1,3,1,passthrough,SA_VSA_OGM,0.1,0.5,32768
110,1.036954729813014,0.832542309877445,42,cuda,True,None,renyi,1,5,1,passthrough,SA_VSA_OGM,0.1,0.5,32768
111,0.6924831468869829,0.8690918795367657,42,cuda,True,None,renyi,3,1,1,passthrough,SA_VSA_OGM,0.1,0.5,32768
112,0.48162586272920693,0.8703843595456524,42,cuda,True,None,renyi,3,3,1,passthrough,SA_VSA_OGM,0.1,0.5,32768
113,0.4952928438111544,0.9047072839245084,42,cuda,True,None,renyi,3,5,1,passthrough,SA_VSA_OGM,0.1,0.5,32768
114,0.8405565828407692,0.8934091839216388,42,cuda,True,None,renyi,5,1,1,passthrough,SA_VSA_OGM,0.1,0.5,32768
115,0.4725408051134872,0.911098570896902,42,cuda,True,None,renyi,5,3,1,passthrough,SA_VSA_OGM,0.1,0.5,32768
116,0.3859609202309624,0.929690081395661,42,cuda,True,None,renyi,5,5,1,passthrough,SA_VSA_OGM,0.1,0.5,32768
117,0.4188733599119813,0.917094437139909,42,cuda,True,None,renyi_squaring,1,1,1,passthrough,SA_VSA_OGM,0.1,0.5,32768
118,0.3836406045461991,0.9378663319199768,42,cuda,True,None,renyi_squaring,1,3,1,passthrough,SA_VSA_OGM,0.1,0.5,32768
119,0.35193461636420276,0.9357939191243196,42,cuda,True,None,renyi_squaring,1,5,1,passthrough,SA_VSA_OGM,0.1,0.5,32768
120,0.31791833297587674,0.9676184578464888,42,cuda,True,None,renyi_squaring,3,1,1,passthrough,SA_VSA_OGM,0.1,0.5,32768
121,0.26843391295665275,0.9669090454154304,42,cuda,True,None,renyi_squaring,3,3,1,passthrough,SA_VSA_OGM,0.1,0.5,32768
122,0.26220551532210035,0.9616262354592078,42,cuda,True,None,renyi_squaring,3,5,1,passthrough,SA_VSA_OGM,0.1,0.5,32768
123,0.35681205707348246,0.9561340342963282,42,cuda,True,None,renyi_squaring,5,1,1,passthrough,SA_VSA_OGM,0.1,0.5,32768
124,0.2846756163416114,0.9682604308866758,42,cuda,True,None,renyi_squaring,5,3,1,passthrough,SA_VSA_OGM,0.1,0.5,32768
125,0.28250102710268865,0.9566430256601544,42,cuda,True,None,renyi_squaring,5,5,1,passthrough,SA_VSA_OGM,0.1,0.5,32768
126,0.5895619588437425,0.7195434379244902,42,cuda,True,None,renyi_cubic,1,1,1,passthrough,SA_VSA_OGM,0.1,0.5,32768
127,0.5656769860127856,0.7526698692899241,42,cuda,True,None,renyi_cubic,1,3,1,passthrough,SA_VSA_OGM,0.1,0.5,32768
128,0.5613034022734282,0.7680400903362232,42,cuda,True,None,renyi_cubic,1,5,1,passthrough,SA_VSA_OGM,0.1,0.5,32768
129,0.5398484463768917,0.7982945952286746,42,cuda,True,None,renyi_cubic,3,1,1,passthrough,SA_VSA_OGM,0.1,0.5,32768
130,0.5167852642770894,0.8314561776447629,42,cuda,True,None,renyi_cubic,3,3,1,passthrough,SA_VSA_OGM,0.1,0.5,32768
131,0.5203966712301551,0.8389533448650233,42,cuda,True,None,renyi_cubic,3,5,1,passthrough,SA_VSA_OGM,0.1,0.5,32768
132,0.5766861320947083,0.8189765905148253,42,cuda,True,None,renyi_cubic,5,1,1,passthrough,SA_VSA_OGM,0.1,0.5,32768
133,0.5489968295777894,0.8352127897152984,42,cuda,True,None,renyi_cubic,5,3,1,passthrough,SA_VSA_OGM,0.1,0.5,32768
134,0.521963921329421,0.832985997102144,42,cuda,True,None,renyi_cubic,5,5,1,passthrough,SA_VSA_OGM,0.1,0.5,32768
135,0.6570638238643338,0.6383624740882374,42,cuda,True,None,renyi_normalize,1,1,1,passthrough,SA_VSA_OGM,0.1,0.5,32768
136,1.1176699461824111,0.6947489026730046,42,cuda,True,None,renyi_normalize,1,3,1,passthrough,SA_VSA_OGM,0.1,0.5,32768
137,1.4086088241330792,0.7669203796950939,42,cuda,True,None,renyi_normalize,1,5,1,passthrough,SA_VSA_OGM,0.1,0.5,32768
138,0.947814004836205,0.8358568764082995,42,cuda,True,None,renyi_normalize,3,1,1,passthrough,SA_VSA_OGM,0.1,0.5,32768
139,0.5708519035994707,0.8387157968255663,42,cuda,True,None,renyi_normalize,3,3,1,passthrough,SA_VSA_OGM,0.1,0.5,32768
140,0.6580010982287221,0.8905696522155084,42,cuda,True,None,renyi_normalize,3,5,1,passthrough,SA_VSA_OGM,0.1,0.5,32768
141,1.1760348885539862,0.9016900520953002,42,cuda,True,None,renyi_normalize,5,1,1,passthrough,SA_VSA_OGM,0.1,0.5,32768
142,0.594064281828241,0.91301257505898,42,cuda,True,None,renyi_normalize,5,3,1,passthrough,SA_VSA_OGM,0.1,0.5,32768
143,0.4724606948112074,0.931495440949766,42,cuda,True,None,renyi_normalize,5,5,1,passthrough,SA_VSA_OGM,0.1,0.5,32768
144,0.3671932667927684,0.942238773739832,42,cuda,True,None,renyi_normalize_squaring,1,1,1,passthrough,SA_VSA_OGM,0.1,0.5,32768
145,0.4819482991996102,0.9621919407469524,42,cuda,True,None,renyi_normalize_squaring,1,3,1,passthrough,SA_VSA_OGM,0.1,0.5,32768
146,0.648412207972288,0.9678859928995076,42,cuda,True,None,renyi_normalize_squaring,1,5,1,passthrough,SA_VSA_OGM,0.1,0.5,32768
147,0.3396851562373675,0.9720044581486204,42,cuda,True,None,renyi_normalize_squaring,3,1,1,passthrough,SA_VSA_OGM,0.1,0.5,32768
148,0.21897904543490668,0.9772430470685356,42,cuda,True,None,renyi_normalize_squaring,3,3,1,passthrough,SA_VSA_OGM,0.1,0.5,32768
149,0.2295282118908709,0.9770010881121992,42,cuda,True,None,renyi_normalize_squaring,3,5,1,passthrough,SA_VSA_OGM,0.1,0.5,32768
150,0.4658619576626861,0.9716480558244,42,cuda,True,None,renyi_normalize_squaring,5,1,1,passthrough,SA_VSA_OGM,0.1,0.5,32768
151,0.24278207009995892,0.9729971074594576,42,cuda,True,None,renyi_normalize_squaring,5,3,1,passthrough,SA_VSA_OGM,0.1,0.5,32768
152,0.20841954803483287,0.9725451220421372,42,cuda,True,None,renyi_normalize_squaring,5,5,1,passthrough,SA_VSA_OGM,0.1,0.5,32768
153,0.4095174481811779,0.9703971904952324,42,cuda,True,None,renyi_normalize_cubic,1,1,1,passthrough,SA_VSA_OGM,0.1,0.5,32768
154,0.2861448141507007,0.974523569770288,42,cuda,True,None,renyi_normalize_cubic,1,3,1,passthrough,SA_VSA_OGM,0.1,0.5,32768
155,0.35031305168320304,0.9791765668751132,42,cuda,True,None,renyi_normalize_cubic,1,5,1,passthrough,SA_VSA_OGM,0.1,0.5,32768
156,0.2229023625716065,0.9812505490338056,42,cuda,True,None,renyi_normalize_cubic,3,1,1,passthrough,SA_VSA_OGM,0.1,0.5,32768
157,0.1567189029452947,0.9844837901688854,42,cuda,True,None,renyi_normalize_cubic,3,3,1,passthrough,SA_VSA_OGM,0.1,0.5,32768
158,0.1648280329745053,0.9792892963090506,42,cuda,True,None,renyi_normalize_cubic,3,5,1,passthrough,SA_VSA_OGM,0.1,0.5,32768
159,0.28222070915459635,0.9734167754196684,42,cuda,True,None,renyi_normalize_cubic,5,1,1,passthrough,SA_VSA_OGM,0.1,0.5,32768
160,0.1962609251659569,0.9745880722402076,42,cuda,True,None,renyi_normalize_cubic,5,3,1,passthrough,SA_VSA_OGM,0.1,0.5,32768
161,0.1915163672944014,0.9727835101372244,42,cuda,True,None,renyi_normalize_cubic,5,5,1,passthrough,SA_VSA_OGM,0.1,0.5,32768
162,0.8142876038213281,0.3958617012331195,42,cuda,True,None,renyi,1,1,1,passthrough,SA_VSA_OGM,0.1,1.0,32768
163,1.21921409527992,0.36452990776437655,42,cuda,True,None,renyi,1,3,1,passthrough,SA_VSA_OGM,0.1,1.0,32768
164,1.4561776131641777,0.40792703008142545,42,cuda,True,None,renyi,1,5,1,passthrough,SA_VSA_OGM,0.1,1.0,32768
165,1.01441433498886,0.4055696710018667,42,cuda,True,None,renyi,3,1,1,passthrough,SA_VSA_OGM,0.1,1.0,32768
166,0.8242049112152082,0.4018486670814255,42,cuda,True,None,renyi,3,3,1,passthrough,SA_VSA_OGM,0.1,1.0,32768
167,0.9755460373520102,0.4142281345710398,42,cuda,True,None,renyi,3,5,1,passthrough,SA_VSA_OGM,0.1,1.0,32768
168,1.1870038023490508,0.5367873215838183,42,cuda,True,None,renyi,5,1,1,passthrough,SA_VSA_OGM,0.1,1.0,32768
169,0.7530978430078633,0.5518688539045903,42,cuda,True,None,renyi,5,3,1,passthrough,SA_VSA_OGM,0.1,1.0,32768
170,0.7594373112430042,0.493622396857287,42,cuda,True,None,renyi,5,5,1,passthrough,SA_VSA_OGM,0.1,1.0,32768
171,0.5176640286507849,0.864182204708613,42,cuda,True,None,renyi_squaring,1,1,1,passthrough,SA_VSA_OGM,0.1,1.0,32768
172,0.4677684723001799,0.8780998205538243,42,cuda,True,None,renyi_squaring,1,3,1,passthrough,SA_VSA_OGM,0.1,1.0,32768
173,0.47714283554302805,0.9044677303598196,42,cuda,True,None,renyi_squaring,1,5,1,passthrough,SA_VSA_OGM,0.1,1.0,32768
174,0.4765932577974421,0.895855897429407,42,cuda,True,None,renyi_squaring,3,1,1,passthrough,SA_VSA_OGM,0.1,1.0,32768
175,0.3916188167156284,0.9059540163553356,42,cuda,True,None,renyi_squaring,3,3,1,passthrough,SA_VSA_OGM,0.1,1.0,32768
176,0.3511857526473289,0.9288854878280424,42,cuda,True,None,renyi_squaring,3,5,1,passthrough,SA_VSA_OGM,0.1,1.0,32768
177,0.514277916245199,0.9225908143968204,42,cuda,True,None,renyi_squaring,5,1,1,passthrough,SA_VSA_OGM,0.1,1.0,32768
178,0.35436062832578413,0.9396580021403832,42,cuda,True,None,renyi_squaring,5,3,1,passthrough,SA_VSA_OGM,0.1,1.0,32768
179,0.3153635383021581,0.944809736202434,42,cuda,True,None,renyi_squaring,5,5,1,passthrough,SA_VSA_OGM,0.1,1.0,32768
180,0.6267503367177674,0.7812325417340313,42,cuda,True,None,renyi_cubic,1,1,1,passthrough,SA_VSA_OGM,0.1,1.0,32768
181,0.5135657192910931,0.834721601255617,42,cuda,True,None,renyi_cubic,1,3,1,passthrough,SA_VSA_OGM,0.1,1.0,32768
182,0.4863969830648407,0.8602507148089547,42,cuda,True,None,renyi_cubic,1,5,1,passthrough,SA_VSA_OGM,0.1,1.0,32768
183,0.4569181587141061,0.89349386519513,42,cuda,True,None,renyi_cubic,3,1,1,passthrough,SA_VSA_OGM,0.1,1.0,32768
184,0.420858221402829,0.902879297193111,42,cuda,True,None,renyi_cubic,3,3,1,passthrough,SA_VSA_OGM,0.1,1.0,32768
185,0.4185084764511463,0.903277009038778,42,cuda,True,None,renyi_cubic,3,5,1,passthrough,SA_VSA_OGM,0.1,1.0,32768
186,0.46346959145496536,0.9075421582853168,42,cuda,True,None,renyi_cubic,5,1,1,passthrough,SA_VSA_OGM,0.1,1.0,32768
187,0.41698392571546766,0.9207682579844572,42,cuda,True,None,renyi_cubic,5,3,1,passthrough,SA_VSA_OGM,0.1,1.0,32768
188,0.3857043503094527,0.9442266577907592,42,cuda,True,None,renyi_cubic,5,5,1,passthrough,SA_VSA_OGM,0.1,1.0,32768
189,0.7344188267251271,0.45645625454799577,42,cuda,True,None,renyi_normalize,1,1,1,passthrough,SA_VSA_OGM,0.1,1.0,32768
190,1.3560767021347304,0.3585505650094934,42,cuda,True,None,renyi_normalize,1,3,1,passthrough,SA_VSA_OGM,0.1,1.0,32768
191,1.775115554356198,0.3871160763252659,42,cuda,True,None,renyi_normalize,1,5,1,passthrough,SA_VSA_OGM,0.1,1.0,32768
192,1.0578991797368678,0.455727253526744,42,cuda,True,None,renyi_normalize,3,1,1,passthrough,SA_VSA_OGM,0.1,1.0,32768
193,0.7799847745318972,0.3871374239630022,42,cuda,True,None,renyi_normalize,3,3,1,passthrough,SA_VSA_OGM,0.1,1.0,32768
194,1.0246640179637247,0.277969342701031,42,cuda,True,None,renyi_normalize,3,5,1,passthrough,SA_VSA_OGM,0.1,1.0,32768
195,1.3140939428420886,0.5365631470396436,42,cuda,True,None,renyi_normalize,5,1,1,passthrough,SA_VSA_OGM,0.1,1.0,32768
196,0.726194775573351,0.48946857121789855,42,cuda,True,None,renyi_normalize,5,3,1,passthrough,SA_VSA_OGM,0.1,1.0,32768
197,0.6956640139463734,0.5370820146275195,42,cuda,True,None,renyi_normalize,5,5,1,passthrough,SA_VSA_OGM,0.1,1.0,32768
198,0.4756763008367893,0.8329269295430044,42,cuda,True,None,renyi_normalize_squaring,1,1,1,passthrough,SA_VSA_OGM,0.1,1.0,32768
199,0.938000957246578,0.8530810888510867,42,cuda,True,None,renyi_normalize_squaring,1,3,1,passthrough,SA_VSA_OGM,0.1,1.0,32768
200,1.123879390467433,0.930982432293872,42,cuda,True,None,renyi_normalize_squaring,1,5,1,passthrough,SA_VSA_OGM,0.1,1.0,32768
201,0.6604149146988817,0.8612474727494396,42,cuda,True,None,renyi_normalize_squaring,3,1,1,passthrough,SA_VSA_OGM,0.1,1.0,32768
202,0.3863214209902523,0.9183750021460736,42,cuda,True,None,renyi_normalize_squaring,3,3,1,passthrough,SA_VSA_OGM,0.1,1.0,32768
203,0.4201263219122864,0.933836498891648,42,cuda,True,None,renyi_normalize_squaring,3,5,1,passthrough,SA_VSA_OGM,0.1,1.0,32768
204,0.8634403703841826,0.9249190812511322,42,cuda,True,None,renyi_normalize_squaring,5,1,1,passthrough,SA_VSA_OGM,0.1,1.0,32768
205,0.40047499338636505,0.9434128437297048,42,cuda,True,None,renyi_normalize_squaring,5,3,1,passthrough,SA_VSA_OGM,0.1,1.0,32768
206,0.31580341504211007,0.946403468135516,42,cuda,True,None,renyi_normalize_squaring,5,5,1,passthrough,SA_VSA_OGM,0.1,1.0,32768
207,0.4302906814037031,0.9379855526188228,42,cuda,True,None,renyi_normalize_cubic,1,1,1,passthrough,SA_VSA_OGM,0.1,1.0,32768
208,0.5822705696459383,0.9343022645042568,42,cuda,True,None,renyi_normalize_cubic,1,3,1,passthrough,SA_VSA_OGM,0.1,1.0,32768
209,0.669496405426474,0.9468830235932462,42,cuda,True,None,renyi_normalize_cubic,1,5,1,passthrough,SA_VSA_OGM,0.1,1.0,32768
210,0.44450937814263497,0.9339884606150244,42,cuda,True,None,renyi_normalize_cubic,3,1,1,passthrough,SA_VSA_OGM,0.1,1.0,32768
211,0.29740673472544743,0.9452887616139208,42,cuda,True,None,renyi_normalize_cubic,3,3,1,passthrough,SA_VSA_OGM,0.1,1.0,32768
212,0.278856044302392,0.9596054738897692,42,cuda,True,None,renyi_normalize_cubic,3,5,1,passthrough,SA_VSA_OGM,0.1,1.0,32768
213,0.5158555349605944,0.9435438140947288,42,cuda,True,None,renyi_normalize_cubic,5,1,1,passthrough,SA_VSA_OGM,0.1,1.0,32768
214,0.2877517443627714,0.9624114803832484,42,cuda,True,None,renyi_normalize_cubic,5,3,1,passthrough,SA_VSA_OGM,0.1,1.0,32768
215,0.21536008917873195,0.9719463227475178,42,cuda,True,None,renyi_normalize_cubic,5,5,1,passthrough,SA_VSA_OGM,0.1,1.0,32768
216,0.49274720132505023,0.8880957209960407,42,cuda,True,None,renyi,1,1,1,passthrough,SA_VSA_OGM,0.1,0.1,16384
217,0.4719095358455987,0.9409649989544744,42,cuda,True,None,renyi,1,3,1,passthrough,SA_VSA_OGM,0.1,0.1,16384
218,0.4301144895846884,0.965164460140088,42,cuda,True,None,renyi,1,5,1,passthrough,SA_VSA_OGM,0.1,0.1,16384
219,0.4565354707312755,0.9591239594557326,42,cuda,True,None,renyi,3,1,1,passthrough,SA_VSA_OGM,0.1,0.1,16384
220,0.3342188613352843,0.9804753235064522,42,cuda,True,None,renyi,3,3,1,passthrough,SA_VSA_OGM,0.1,0.1,16384
221,0.30935118167741726,0.984745694201916,42,cuda,True,None,renyi,3,5,1,passthrough,SA_VSA_OGM,0.1,0.1,16384
222,0.455580442113561,0.9505736619547288,42,cuda,True,None,renyi,5,1,1,passthrough,SA_VSA_OGM,0.1,0.1,16384
223,0.3555232839794949,0.9695350883932776,42,cuda,True,None,renyi,5,3,1,passthrough,SA_VSA_OGM,0.1,0.1,16384
224,0.34806246222355963,0.973020690642828,42,cuda,True,None,renyi,5,5,1,passthrough,SA_VSA_OGM,0.1,0.1,16384
225,0.5541070126950626,0.7970575919433687,42,cuda,True,None,renyi_squaring,1,1,1,passthrough,SA_VSA_OGM,0.1,0.1,16384
226,0.5230810878170655,0.8073252988645268,42,cuda,True,None,renyi_squaring,1,3,1,passthrough,SA_VSA_OGM,0.1,0.1,16384
227,0.5533035370171495,0.8484882483993789,42,cuda,True,None,renyi_squaring,1,5,1,passthrough,SA_VSA_OGM,0.1,0.1,16384
228,0.5309101316341553,0.9038758584418696,42,cuda,True,None,renyi_squaring,3,1,1,passthrough,SA_VSA_OGM,0.1,0.1,16384
229,0.49975473938339326,0.8978609530584291,42,cuda,True,None,renyi_squaring,3,3,1,passthrough,SA_VSA_OGM,0.1,0.1,16384
230,0.5014520895680985,0.9254254072263272,42,cuda,True,None,renyi_squaring,3,5,1,passthrough,SA_VSA_OGM,0.1,0.1,16384
231,0.6426167760307752,0.9266822926852945,42,cuda,True,None,renyi_squaring,5,1,1,passthrough,SA_VSA_OGM,0.1,0.1,16384
232,0.5439950632216355,0.9250251908090514,42,cuda,True,None,renyi_squaring,5,3,1,passthrough,SA_VSA_OGM,0.1,0.1,16384
233,0.44584705708240185,0.9128639045455876,42,cuda,True,None,renyi_squaring,5,5,1,passthrough,SA_VSA_OGM,0.1,0.1,16384
234,17.59697171631238,0.5113089406653321,42,cuda,True,None,renyi_cubic,1,1,1,passthrough,SA_VSA_OGM,0.1,0.1,16384
235,18.004263049898622,0.5,42,cuda,True,None,renyi_cubic,1,3,1,passthrough,SA_VSA_OGM,0.1,0.1,16384
236,17.8393271837276,0.5046034293436946,42,cuda,True,None,renyi_cubic,1,5,1,passthrough,SA_VSA_OGM,0.1,0.1,16384
237,18.006682302378273,0.5,42,cuda,True,None,renyi_cubic,3,1,1,passthrough,SA_VSA_OGM,0.1,0.1,16384
238,18.00674566803593,0.5,42,cuda,True,None,renyi_cubic,3,3,1,passthrough,SA_VSA_OGM,0.1,0.1,16384
239,18.008310324537653,0.5,42,cuda,True,None,renyi_cubic,3,5,1,passthrough,SA_VSA_OGM,0.1,0.1,16384
240,18.007618615421784,0.5,42,cuda,True,None,renyi_cubic,5,1,1,passthrough,SA_VSA_OGM,0.1,0.1,16384
241,18.007677326492598,0.5,42,cuda,True,None,renyi_cubic,5,3,1,passthrough,SA_VSA_OGM,0.1,0.1,16384
242,16.592688421290493,0.5393156899156354,42,cuda,True,None,renyi_cubic,5,5,1,passthrough,SA_VSA_OGM,0.1,0.1,16384
243,0.6775294947275959,0.6109300825706607,42,cuda,True,None,renyi_normalize,1,1,1,passthrough,SA_VSA_OGM,0.1,0.1,16384
244,0.6719479500462205,0.7467644334388921,42,cuda,True,None,renyi_normalize,1,3,1,passthrough,SA_VSA_OGM,0.1,0.1,16384
245,0.6712480380074436,0.8390371005907491,42,cuda,True,None,renyi_normalize,1,5,1,passthrough,SA_VSA_OGM,0.1,0.1,16384
246,0.6272645293275578,0.8967581369381481,42,cuda,True,None,renyi_normalize,3,1,1,passthrough,SA_VSA_OGM,0.1,0.1,16384
247,0.49824978437078815,0.9220501358364248,42,cuda,True,None,renyi_normalize,3,3,1,passthrough,SA_VSA_OGM,0.1,0.1,16384
248,0.47190675982802704,0.9430894571789707,42,cuda,True,None,renyi_normalize,3,5,1,passthrough,SA_VSA_OGM,0.1,0.1,16384
249,0.6777063317942812,0.9277119463908132,42,cuda,True,None,renyi_normalize,5,1,1,passthrough,SA_VSA_OGM,0.1,0.1,16384
250,0.469690492444809,0.9511080530208434,42,cuda,True,None,renyi_normalize,5,3,1,passthrough,SA_VSA_OGM,0.1,0.1,16384
251,0.4259593912412473,0.964746824675947,42,cuda,True,None,renyi_normalize,5,5,1,passthrough,SA_VSA_OGM,0.1,0.1,16384
252,0.4018577771818824,0.9431613012470548,42,cuda,True,None,renyi_normalize_squaring,1,1,1,passthrough,SA_VSA_OGM,0.1,0.1,16384
253,0.3903131798559533,0.9729399626356194,42,cuda,True,None,renyi_normalize_squaring,1,3,1,passthrough,SA_VSA_OGM,0.1,0.1,16384
254,0.3607671812032163,0.9748007488671904,42,cuda,True,None,renyi_normalize_squaring,1,5,1,passthrough,SA_VSA_OGM,0.1,0.1,16384
255,0.3095318739264568,0.9811918422305496,42,cuda,True,None,renyi_normalize_squaring,3,1,1,passthrough,SA_VSA_OGM,0.1,0.1,16384
256,0.2679940261953072,0.9806429055062024,42,cuda,True,None,renyi_normalize_squaring,3,3,1,passthrough,SA_VSA_OGM,0.1,0.1,16384
257,0.2780198389544263,0.981432232518028,42,cuda,True,None,renyi_normalize_squaring,3,5,1,passthrough,SA_VSA_OGM,0.1,0.1,16384
258,0.3465872871556924,0.9663119026605748,42,cuda,True,None,renyi_normalize_squaring,5,1,1,passthrough,SA_VSA_OGM,0.1,0.1,16384
259,0.3323088277026773,0.9746020812762848,42,cuda,True,None,renyi_normalize_squaring,5,3,1,passthrough,SA_VSA_OGM,0.1,0.1,16384
260,0.37818219243985945,0.972650184648882,42,cuda,True,None,renyi_normalize_squaring,5,5,1,passthrough,SA_VSA_OGM,0.1,0.1,16384
261,0.2707779725770402,0.9760991783263612,42,cuda,True,None,renyi_normalize_cubic,1,1,1,passthrough,SA_VSA_OGM,0.1,0.1,16384
262,0.29885791071743933,0.9776833866278272,42,cuda,True,None,renyi_normalize_cubic,1,3,1,passthrough,SA_VSA_OGM,0.1,0.1,16384
263,0.28103501391256286,0.9871321582827676,42,cuda,True,None,renyi_normalize_cubic,1,5,1,passthrough,SA_VSA_OGM,0.1,0.1,16384
264,0.289449617787821,0.9784663605906572,42,cuda,True,None,renyi_normalize_cubic,3,1,1,passthrough,SA_VSA_OGM,0.1,0.1,16384
265,0.3058198057198766,0.9854306416220552,42,cuda,True,None,renyi_normalize_cubic,3,3,1,passthrough,SA_VSA_OGM,0.1,0.1,16384
266,0.29344757463989685,0.9861757583641746,42,cuda,True,None,renyi_normalize_cubic,3,5,1,passthrough,SA_VSA_OGM,0.1,0.1,16384
267,0.3297675036104362,0.9582976934326304,42,cuda,True,None,renyi_normalize_cubic,5,1,1,passthrough,SA_VSA_OGM,0.1,0.1,16384
268,0.3210491454974197,0.968370546894065,42,cuda,True,None,renyi_normalize_cubic,5,3,1,passthrough,SA_VSA_OGM,0.1,0.1,16384
269,0.2966876154280824,0.9762245420070914,42,cuda,True,None,renyi_normalize_cubic,5,5,1,passthrough,SA_VSA_OGM,0.1,0.1,16384
270,0.4924971900205073,0.887039291000843,42,cuda,True,None,renyi,1,1,1,passthrough,SA_VSA_OGM,0.1,0.2,16384
271,0.6041120831265653,0.965842340731676,42,cuda,True,None,renyi,1,3,1,passthrough,SA_VSA_OGM,0.1,0.2,16384
272,0.6131846459339075,0.958631049045165,42,cuda,True,None,renyi,1,5,1,passthrough,SA_VSA_OGM,0.1,0.2,16384
273,0.48700130092795646,0.9775793772416456,42,cuda,True,None,renyi,3,1,1,passthrough,SA_VSA_OGM,0.1,0.2,16384
274,0.2919826625555192,0.9828697663298864,42,cuda,True,None,renyi,3,3,1,passthrough,SA_VSA_OGM,0.1,0.2,16384
275,0.2584851055725318,0.9847925721594708,42,cuda,True,None,renyi,3,5,1,passthrough,SA_VSA_OGM,0.1,0.2,16384
276,0.4898609627634879,0.9561739754426586,42,cuda,True,None,renyi,5,1,1,passthrough,SA_VSA_OGM,0.1,0.2,16384
277,0.28917634929071595,0.9792795352114588,42,cuda,True,None,renyi,5,3,1,passthrough,SA_VSA_OGM,0.1,0.2,16384
278,0.273753566719713,0.9782346884885822,42,cuda,True,None,renyi,5,5,1,passthrough,SA_VSA_OGM,0.1,0.2,16384
279,0.4151721145956556,0.9462301473135816,42,cuda,True,None,renyi_squaring,1,1,1,passthrough,SA_VSA_OGM,0.1,0.2,16384
280,0.392474182820608,0.9458517232591382,42,cuda,True,None,renyi_squaring,1,3,1,passthrough,SA_VSA_OGM,0.1,0.2,16384
281,0.33836696355169393,0.9507409635395968,42,cuda,True,None,renyi_squaring,1,5,1,passthrough,SA_VSA_OGM,0.1,0.2,16384
282,0.40898784392509313,0.9649760867047392,42,cuda,True,None,renyi_squaring,3,1,1,passthrough,SA_VSA_OGM,0.1,0.2,16384
283,0.355019134408389,0.9523118461777448,42,cuda,True,None,renyi_squaring,3,3,1,passthrough,SA_VSA_OGM,0.1,0.2,16384
284,0.34710892609816296,0.9615823059494116,42,cuda,True,None,renyi_squaring,3,5,1,passthrough,SA_VSA_OGM,0.1,0.2,16384
285,0.45163253770070466,0.9408298497513944,42,cuda,True,None,renyi_squaring,5,1,1,passthrough,SA_VSA_OGM,0.1,0.2,16384
286,0.4356322938500491,0.9427449791095128,42,cuda,True,None,renyi_squaring,5,3,1,passthrough,SA_VSA_OGM,0.1,0.2,16384
287,0.409944002735204,0.9404154246496712,42,cuda,True,None,renyi_squaring,5,5,1,passthrough,SA_VSA_OGM,0.1,0.2,16384
288,15.761597456240958,0.5634736550578134,42,cuda,True,None,renyi_cubic,1,1,1,passthrough,SA_VSA_OGM,0.1,0.2,16384
289,15.804848588275046,0.5598618415373614,42,cuda,True,None,renyi_cubic,1,3,1,passthrough,SA_VSA_OGM,0.1,0.2,16384
290,15.964244421453046,0.5571772391266976,42,cuda,True,None,renyi_cubic,1,5,1,passthrough,SA_VSA_OGM,0.1,0.2,16384
291,15.180481040321778,0.5722492980575862,42,cuda,True,None,renyi_cubic,3,1,1,passthrough,SA_VSA_OGM,0.1,0.2,16384
292,14.094170466909556,0.6001808314042799,42,cuda,True,None,renyi_cubic,3,3,1,passthrough,SA_VSA_OGM,0.1,0.2,16384
293,0.9249333509982096,0.5952603005537472,42,cuda,True,None,renyi_cubic,3,5,1,passthrough,SA_VSA_OGM,0.1,0.2,16384
294,13.283502431391987,0.6137616200828592,42,cuda,True,None,renyi_cubic,5,1,1,passthrough,SA_VSA_OGM,0.1,0.2,16384
295,13.304433859835116,0.6128300948305918,42,cuda,True,None,renyi_cubic,5,3,1,passthrough,SA_VSA_OGM,0.1,0.2,16384
296,11.823734203886762,0.6521923071574328,42,cuda,True,None,renyi_cubic,5,5,1,passthrough,SA_VSA_OGM,0.1,0.2,16384
297,0.6364821042463978,0.6760551261804832,42,cuda,True,None,renyi_normalize,1,1,1,passthrough,SA_VSA_OGM,0.1,0.2,16384
298,0.68942099836094,0.8399592470476983,42,cuda,True,None,renyi_normalize,1,3,1,passthrough,SA_VSA_OGM,0.1,0.2,16384
299,0.774021731744314,0.9334864982926152,42,cuda,True,None,renyi_normalize,1,5,1,passthrough,SA_VSA_OGM,0.1,0.2,16384
300,0.6325301578221364,0.9446907004949257,42,cuda,True,None,renyi_normalize,3,1,1,passthrough,SA_VSA_OGM,0.1,0.2,16384
301,0.45350715598309493,0.9676141916324325,42,cuda,True,None,renyi_normalize,3,3,1,passthrough,SA_VSA_OGM,0.1,0.2,16384
302,0.4369122478427311,0.9745743069018192,42,cuda,True,None,renyi_normalize,3,5,1,passthrough,SA_VSA_OGM,0.1,0.2,16384
303,0.672380283442076,0.9475518603436484,42,cuda,True,None,renyi_normalize,5,1,1,passthrough,SA_VSA_OGM,0.1,0.2,16384
304,0.4066118550797112,0.95891819553004,42,cuda,True,None,renyi_normalize,5,3,1,passthrough,SA_VSA_OGM,0.1,0.2,16384
305,0.3344452638462174,0.973519714481579,42,cuda,True,None,renyi_normalize,5,5,1,passthrough,SA_VSA_OGM,0.1,0.2,16384
306,0.25531321473384894,0.9840991224415244,42,cuda,True,None,renyi_normalize_squaring,1,1,1,passthrough,SA_VSA_OGM,0.1,0.2,16384
307,0.3540504646116135,0.9889729493440366,42,cuda,True,None,renyi_normalize_squaring,1,3,1,passthrough,SA_VSA_OGM,0.1,0.2,16384
308,0.42806259178837186,0.9869187329596116,42,cuda,True,None,renyi_normalize_squaring,1,5,1,passthrough,SA_VSA_OGM,0.1,0.2,16384
309,0.2048777895785928,0.988191283604052,42,cuda,True,None,renyi_normalize_squaring,3,1,1,passthrough,SA_VSA_OGM,0.1,0.2,16384
310,0.18514324590391065,0.9858830970439252,42,cuda,True,None,renyi_normalize_squaring,3,3,1,passthrough,SA_VSA_OGM,0.1,0.2,16384
311,0.199055427370077,0.9828113699048484,42,cuda,True,None,renyi_normalize_squaring,3,5,1,passthrough,SA_VSA_OGM,0.1,0.2,16384
312,0.23027739715292295,0.9834617626580912,42,cuda,True,None,renyi_normalize_squaring,5,1,1,passthrough,SA_VSA_OGM,0.1,0.2,16384
313,0.20778080380232447,0.98388817677908,42,cuda,True,None,renyi_normalize_squaring,5,3,1,passthrough,SA_VSA_OGM,0.1,0.2,16384
314,0.21935279321979664,0.976220591708432,42,cuda,True,None,renyi_normalize_squaring,5,5,1,passthrough,SA_VSA_OGM,0.1,0.2,16384
315,0.193153941231693,0.989114618983842,42,cuda,True,None,renyi_normalize_cubic,1,1,1,passthrough,SA_VSA_OGM,0.1,0.2,16384
316,0.21174009350236037,0.9849215302616404,42,cuda,True,None,renyi_normalize_cubic,1,3,1,passthrough,SA_VSA_OGM,0.1,0.2,16384
317,0.21948367834421448,0.9845453087010804,42,cuda,True,None,renyi_normalize_cubic,1,5,1,passthrough,SA_VSA_OGM,0.1,0.2,16384
318,0.18240574970278775,0.9881011544921527,42,cuda,True,None,renyi_normalize_cubic,3,1,1,passthrough,SA_VSA_OGM,0.1,0.2,16384
319,0.183050607127349,0.9883753356655915,42,cuda,True,None,renyi_normalize_cubic,3,3,1,passthrough,SA_VSA_OGM,0.1,0.2,16384
320,0.2066457596941334,0.9823023102757668,42,cuda,True,None,renyi_normalize_cubic,3,5,1,passthrough,SA_VSA_OGM,0.1,0.2,16384
321,0.21759828398260883,0.978493260565448,42,cuda,True,None,renyi_normalize_cubic,5,1,1,passthrough,SA_VSA_OGM,0.1,0.2,16384
322,0.2519053547291215,0.976304102568244,42,cuda,True,None,renyi_normalize_cubic,5,3,1,passthrough,SA_VSA_OGM,0.1,0.2,16384
323,0.26252010489273675,0.970716823880851,42,cuda,True,None,renyi_normalize_cubic,5,5,1,passthrough,SA_VSA_OGM,0.1,0.2,16384
324,0.6254429914689793,0.6900773714414848,42,cuda,True,None,renyi,1,1,1,passthrough,SA_VSA_OGM,0.1,0.5,16384
325,0.9108065649233414,0.7469621258534893,42,cuda,True,None,renyi,1,3,1,passthrough,SA_VSA_OGM,0.1,0.5,16384
326,1.087645396536244,0.7921256045120555,42,cuda,True,None,renyi,1,5,1,passthrough,SA_VSA_OGM,0.1,0.5,16384
327,0.7902584919024034,0.8443016146022857,42,cuda,True,None,renyi,3,1,1,passthrough,SA_VSA_OGM,0.1,0.5,16384
328,0.5071120045727359,0.844200837502491,42,cuda,True,None,renyi,3,3,1,passthrough,SA_VSA_OGM,0.1,0.5,16384
329,0.47571800624335053,0.9005530411017713,42,cuda,True,None,renyi,3,5,1,passthrough,SA_VSA_OGM,0.1,0.5,16384
330,0.8121564995418825,0.9061440381072356,42,cuda,True,None,renyi,5,1,1,passthrough,SA_VSA_OGM,0.1,0.5,16384
331,0.4613031266820888,0.9222561236345536,42,cuda,True,None,renyi,5,3,1,passthrough,SA_VSA_OGM,0.1,0.5,16384
332,0.3993577508779244,0.922099705867924,42,cuda,True,None,renyi,5,5,1,passthrough,SA_VSA_OGM,0.1,0.5,16384
333,0.3848190767338073,0.9419507497582206,42,cuda,True,None,renyi_squaring,1,1,1,passthrough,SA_VSA_OGM,0.1,0.5,16384
334,0.3530934328951426,0.9503160356007674,42,cuda,True,None,renyi_squaring,1,3,1,passthrough,SA_VSA_OGM,0.1,0.5,16384
335,0.3561823214778534,0.942488750153699,42,cuda,True,None,renyi_squaring,1,5,1,passthrough,SA_VSA_OGM,0.1,0.5,16384
336,0.3327026783756101,0.9601503594403172,42,cuda,True,None,renyi_squaring,3,1,1,passthrough,SA_VSA_OGM,0.1,0.5,16384
337,0.29973721377701706,0.9562440239348172,42,cuda,True,None,renyi_squaring,3,3,1,passthrough,SA_VSA_OGM,0.1,0.5,16384
338,0.2615940942801687,0.9631915525248104,42,cuda,True,None,renyi_squaring,3,5,1,passthrough,SA_VSA_OGM,0.1,0.5,16384
339,0.3571227985781058,0.965681002780568,42,cuda,True,None,renyi_squaring,5,1,1,passthrough,SA_VSA_OGM,0.1,0.5,16384
340,0.29795070538297097,0.96255283873851,42,cuda,True,None,renyi_squaring,5,3,1,passthrough,SA_VSA_OGM,0.1,0.5,16384
341,0.26832991098283293,0.9632441192085552,42,cuda,True,None,renyi_squaring,5,5,1,passthrough,SA_VSA_OGM,0.1,0.5,16384
342,0.6166641781910739,0.7041011997625386,42,cuda,True,None,renyi_cubic,1,1,1,passthrough,SA_VSA_OGM,0.1,0.5,16384
343,0.5740678691085185,0.7430559713209747,42,cuda,True,None,renyi_cubic,1,3,1,passthrough,SA_VSA_OGM,0.1,0.5,16384
344,0.5556510985445955,0.7692999552709769,42,cuda,True,None,renyi_cubic,1,5,1,passthrough,SA_VSA_OGM,0.1,0.5,16384
345,0.5441691461668423,0.8084057694935884,42,cuda,True,None,renyi_cubic,3,1,1,passthrough,SA_VSA_OGM,0.1,0.5,16384
346,0.5314468050955474,0.8112005226713855,42,cuda,True,None,renyi_cubic,3,3,1,passthrough,SA_VSA_OGM,0.1,0.5,16384
347,0.5429541438061466,0.8069591477674167,42,cuda,True,None,renyi_cubic,3,5,1,passthrough,SA_VSA_OGM,0.1,0.5,16384
348,0.5323853354880266,0.8395552370851592,42,cuda,True,None,renyi_cubic,5,1,1,passthrough,SA_VSA_OGM,0.1,0.5,16384
349,0.5808643677435894,0.8488265771590294,42,cuda,True,None,renyi_cubic,5,3,1,passthrough,SA_VSA_OGM,0.1,0.5,16384
350,0.56212188043842,0.8486840182057385,42,cuda,True,None,renyi_cubic,5,5,1,passthrough,SA_VSA_OGM,0.1,0.5,16384
351,0.6693279807150414,0.6017078550462743,42,cuda,True,None,renyi_normalize,1,1,1,passthrough,SA_VSA_OGM,0.1,0.5,16384
352,1.054769790438403,0.6969855783243837,42,cuda,True,None,renyi_normalize,1,3,1,passthrough,SA_VSA_OGM,0.1,0.5,16384
353,1.251644129738114,0.6876746502956691,42,cuda,True,None,renyi_normalize,1,5,1,passthrough,SA_VSA_OGM,0.1,0.5,16384
354,0.9163297869661416,0.8071588104451689,42,cuda,True,None,renyi_normalize,3,1,1,passthrough,SA_VSA_OGM,0.1,0.5,16384
355,0.6106880606805993,0.7750233909729234,42,cuda,True,None,renyi_normalize,3,3,1,passthrough,SA_VSA_OGM,0.1,0.5,16384
356,0.6949742724981415,0.8742319168394939,42,cuda,True,None,renyi_normalize,3,5,1,passthrough,SA_VSA_OGM,0.1,0.5,16384
357,1.0600711475414664,0.8915569439333804,42,cuda,True,None,renyi_normalize,5,1,1,passthrough,SA_VSA_OGM,0.1,0.5,16384
358,0.6111711726402531,0.9154383861649564,42,cuda,True,None,renyi_normalize,5,3,1,passthrough,SA_VSA_OGM,0.1,0.5,16384
359,0.4861379538019465,0.907525459112796,42,cuda,True,None,renyi_normalize,5,5,1,passthrough,SA_VSA_OGM,0.1,0.5,16384
360,0.3876219322492406,0.9411998684549244,42,cuda,True,None,renyi_normalize_squaring,1,1,1,passthrough,SA_VSA_OGM,0.1,0.5,16384
361,0.5269538949192362,0.956519730096679,42,cuda,True,None,renyi_normalize_squaring,1,3,1,passthrough,SA_VSA_OGM,0.1,0.5,16384
362,0.6878986177121377,0.9721560567071336,42,cuda,True,None,renyi_normalize_squaring,1,5,1,passthrough,SA_VSA_OGM,0.1,0.5,16384
363,0.4431986621878213,0.9698608463231634,42,cuda,True,None,renyi_normalize_squaring,3,1,1,passthrough,SA_VSA_OGM,0.1,0.5,16384
364,0.21274191026597888,0.9751759741567948,42,cuda,True,None,renyi_normalize_squaring,3,3,1,passthrough,SA_VSA_OGM,0.1,0.5,16384
365,0.2332735076008278,0.9821126205938188,42,cuda,True,None,renyi_normalize_squaring,3,5,1,passthrough,SA_VSA_OGM,0.1,0.5,16384
366,0.42211524158349795,0.9727353448740872,42,cuda,True,None,renyi_normalize_squaring,5,1,1,passthrough,SA_VSA_OGM,0.1,0.5,16384
367,0.20838263094767517,0.9859242530418966,42,cuda,True,None,renyi_normalize_squaring,5,3,1,passthrough,SA_VSA_OGM,0.1,0.5,16384
368,0.2003446648912311,0.9767452297496138,42,cuda,True,None,renyi_normalize_squaring,5,5,1,passthrough,SA_VSA_OGM,0.1,0.5,16384
369,0.3757501623210964,0.9711528430351556,42,cuda,True,None,renyi_normalize_cubic,1,1,1,passthrough,SA_VSA_OGM,0.1,0.5,16384
370,0.2894117050284047,0.9718385807104716,42,cuda,True,None,renyi_normalize_cubic,1,3,1,passthrough,SA_VSA_OGM,0.1,0.5,16384
371,0.3829175287338176,0.9702687342951593,42,cuda,True,None,renyi_normalize_cubic,1,5,1,passthrough,SA_VSA_OGM,0.1,0.5,16384
372,0.2456941741187043,0.9791168371011976,42,cuda,True,None,renyi_normalize_cubic,3,1,1,passthrough,SA_VSA_OGM,0.1,0.5,16384
373,0.15898618460840427,0.9823212067459166,42,cuda,True,None,renyi_normalize_cubic,3,3,1,passthrough,SA_VSA_OGM,0.1,0.5,16384
374,0.16031812846029808,0.981753562558318,42,cuda,True,None,renyi_normalize_cubic,3,5,1,passthrough,SA_VSA_OGM,0.1,0.5,16384
375,0.32890233701777694,0.971136149863501,42,cuda,True,None,renyi_normalize_cubic,5,1,1,passthrough,SA_VSA_OGM,0.1,0.5,16384
376,0.19516600126181968,0.9767036631790764,42,cuda,True,None,renyi_normalize_cubic,5,3,1,passthrough,SA_VSA_OGM,0.1,0.5,16384
377,0.18927200602900657,0.9770024494235154,42,cuda,True,None,renyi_normalize_cubic,5,5,1,passthrough,SA_VSA_OGM,0.1,0.5,16384
378,0.7929002655877214,0.41366405303906784,42,cuda,True,None,renyi,1,1,1,passthrough,SA_VSA_OGM,0.1,1.0,16384
379,1.2813391825735656,0.2851866355729268,42,cuda,True,None,renyi,1,3,1,passthrough,SA_VSA_OGM,0.1,1.0,16384
380,1.4092769086375263,0.42587391021236576,42,cuda,True,None,renyi,1,5,1,passthrough,SA_VSA_OGM,0.1,1.0,16384
381,1.014910981904623,0.42279693918138006,42,cuda,True,None,renyi,3,1,1,passthrough,SA_VSA_OGM,0.1,1.0,16384
382,0.826809278712171,0.38948029766420894,42,cuda,True,None,renyi,3,3,1,passthrough,SA_VSA_OGM,0.1,1.0,16384
383,0.9125744049585164,0.42767358588052784,42,cuda,True,None,renyi,3,5,1,passthrough,SA_VSA_OGM,0.1,1.0,16384
384,1.170062319293535,0.5158754450478348,42,cuda,True,None,renyi,5,1,1,passthrough,SA_VSA_OGM,0.1,1.0,16384
385,0.8285099872432148,0.4472817193980177,42,cuda,True,None,renyi,5,3,1,passthrough,SA_VSA_OGM,0.1,1.0,16384
386,0.6910991900620342,0.5895010742183417,42,cuda,True,None,renyi,5,5,1,passthrough,SA_VSA_OGM,0.1,1.0,16384
387,0.4822024496013037,0.8515829552596917,42,cuda,True,None,renyi_squaring,1,1,1,passthrough,SA_VSA_OGM,0.1,1.0,16384
388,0.4724997216250581,0.8838569853402904,42,cuda,True,None,renyi_squaring,1,3,1,passthrough,SA_VSA_OGM,0.1,1.0,16384
389,0.5505049004540395,0.8871071238394792,42,cuda,True,None,renyi_squaring,1,5,1,passthrough,SA_VSA_OGM,0.1,1.0,16384
390,0.4958593905106696,0.8711009701093462,42,cuda,True,None,renyi_squaring,3,1,1,passthrough,SA_VSA_OGM,0.1,1.0,16384
391,0.3793690158964905,0.9127011419843972,42,cuda,True,None,renyi_squaring,3,3,1,passthrough,SA_VSA_OGM,0.1,1.0,16384
392,0.37067607412193393,0.9202766944599002,42,cuda,True,None,renyi_squaring,3,5,1,passthrough,SA_VSA_OGM,0.1,1.0,16384
393,0.5493483562178798,0.9138497009735213,42,cuda,True,None,renyi_squaring,5,1,1,passthrough,SA_VSA_OGM,0.1,1.0,16384
394,0.359056242202543,0.9375863650277494,42,cuda,True,None,renyi_squaring,5,3,1,passthrough,SA_VSA_OGM,0.1,1.0,16384
395,0.32336198851877096,0.9400135269784634,42,cuda,True,None,renyi_squaring,5,5,1,passthrough,SA_VSA_OGM,0.1,1.0,16384
396,0.5647289807807238,0.8074300306277004,42,cuda,True,None,renyi_cubic,1,1,1,passthrough,SA_VSA_OGM,0.1,1.0,16384
397,0.49784033828615176,0.8721223763965747,42,cuda,True,None,renyi_cubic,1,3,1,passthrough,SA_VSA_OGM,0.1,1.0,16384
398,0.4431256966103303,0.8948242194568381,42,cuda,True,None,renyi_cubic,1,5,1,passthrough,SA_VSA_OGM,0.1,1.0,16384
399,0.48523880613364406,0.8845149809819417,42,cuda,True,None,renyi_cubic,3,1,1,passthrough,SA_VSA_OGM,0.1,1.0,16384
400,0.42001010337874545,0.9180836510553172,42,cuda,True,None,renyi_cubic,3,3,1,passthrough,SA_VSA_OGM,0.1,1.0,16384
401,0.4114938865760589,0.9077728201825536,42,cuda,True,None,renyi_cubic,3,5,1,passthrough,SA_VSA_OGM,0.1,1.0,16384
402,0.46562425261868695,0.913922917349834,42,cuda,True,None,renyi_cubic,5,1,1,passthrough,SA_VSA_OGM,0.1,1.0,16384
403,0.43734139120303145,0.923422815159463,42,cuda,True,None,renyi_cubic,5,3,1,passthrough,SA_VSA_OGM,0.1,1.0,16384
404,0.3813099165124526,0.933595681670666,42,cuda,True,None,renyi_cubic,5,5,1,passthrough,SA_VSA_OGM,0.1,1.0,16384
405,0.7318223908807352,0.43447725183726016,42,cuda,True,None,renyi_normalize,1,1,1,passthrough,SA_VSA_OGM,0.1,1.0,16384
406,1.3033171936279633,0.3794528459154932,42,cuda,True,None,renyi_normalize,1,3,1,passthrough,SA_VSA_OGM,0.1,1.0,16384
407,1.762863966272346,0.3249775342939373,42,cuda,True,None,renyi_normalize,1,5,1,passthrough,SA_VSA_OGM,0.1,1.0,16384
408,1.0277556644103858,0.47269849896731,42,cuda,True,None,renyi_normalize,3,1,1,passthrough,SA_VSA_OGM,0.1,1.0,16384
409,0.7383245343859679,0.4374365576466026,42,cuda,True,None,renyi_normalize,3,3,1,passthrough,SA_VSA_OGM,0.1,1.0,16384
410,1.0260555026470783,0.3731777901569675,42,cuda,True,None,renyi_normalize,3,5,1,passthrough,SA_VSA_OGM,0.1,1.0,16384
411,1.425120302223482,0.5376501055627656,42,cuda,True,None,renyi_normalize,5,1,1,passthrough,SA_VSA_OGM,0.1,1.0,16384
412,0.8102239843282395,0.4792691291889256,42,cuda,True,None,renyi_normalize,5,3,1,passthrough,SA_VSA_OGM,0.1,1.0,16384
413,0.7551506747035701,0.436123737689033,42,cuda,True,None,renyi_normalize,5,5,1,passthrough,SA_VSA_OGM,0.1,1.0,16384
414,0.4826364372135772,0.8443172903724344,42,cuda,True,None,renyi_normalize_squaring,1,1,1,passthrough,SA_VSA_OGM,0.1,1.0,16384
415,0.9225870232647264,0.8627635016865665,42,cuda,True,None,renyi_normalize_squaring,1,3,1,passthrough,SA_VSA_OGM,0.1,1.0,16384
416,1.1450846602797606,0.913621807125784,42,cuda,True,None,renyi_normalize_squaring,1,5,1,passthrough,SA_VSA_OGM,0.1,1.0,16384
417,0.6487676439622747,0.8856817612495431,42,cuda,True,None,renyi_normalize_squaring,3,1,1,passthrough,SA_VSA_OGM,0.1,1.0,16384
418,0.3810693965886645,0.9191141890547264,42,cuda,True,None,renyi_normalize_squaring,3,3,1,passthrough,SA_VSA_OGM,0.1,1.0,16384
419,0.3773808569135253,0.9455037885146644,42,cuda,True,None,renyi_normalize_squaring,3,5,1,passthrough,SA_VSA_OGM,0.1,1.0,16384
420,0.8619947242272709,0.9158943388127688,42,cuda,True,None,renyi_normalize_squaring,5,1,1,passthrough,SA_VSA_OGM,0.1,1.0,16384
421,0.4021663383150806,0.9378744481344096,42,cuda,True,None,renyi_normalize_squaring,5,3,1,passthrough,SA_VSA_OGM,0.1,1.0,16384
422,0.32428510721002035,0.9512191767097252,42,cuda,True,None,renyi_normalize_squaring,5,5,1,passthrough,SA_VSA_OGM,0.1,1.0,16384
423,0.36330586452960734,0.9296513098442188,42,cuda,True,None,renyi_normalize_cubic,1,1,1,passthrough,SA_VSA_OGM,0.1,1.0,16384
424,0.5007985096999927,0.9485733386177124,42,cuda,True,None,renyi_normalize_cubic,1,3,1,passthrough,SA_VSA_OGM,0.1,1.0,16384
425,0.6100212217690377,0.9631504816100228,42,cuda,True,None,renyi_normalize_cubic,1,5,1,passthrough,SA_VSA_OGM,0.1,1.0,16384
426,0.4773050057152609,0.9502317809199337,42,cuda,True,None,renyi_normalize_cubic,3,1,1,passthrough,SA_VSA_OGM,0.1,1.0,16384
427,0.27746019436670943,0.9629252578759396,42,cuda,True,None,renyi_normalize_cubic,3,3,1,passthrough,SA_VSA_OGM,0.1,1.0,16384
428,0.2727240441362517,0.9616290925401352,42,cuda,True,None,renyi_normalize_cubic,3,5,1,passthrough,SA_VSA_OGM,0.1,1.0,16384
429,0.5807125395109902,0.9546922252673182,42,cuda,True,None,renyi_normalize_cubic,5,1,1,passthrough,SA_VSA_OGM,0.1,1.0,16384
430,0.26045537265941676,0.9605751654618828,42,cuda,True,None,renyi_normalize_cubic,5,3,1,passthrough,SA_VSA_OGM,0.1,1.0,16384
431,0.25284883418634907,0.9615365864802246,42,cuda,True,None,renyi_normalize_cubic,5,5,1,passthrough,SA_VSA_OGM,0.1,1.0,16384
432,0.5684684928330236,0.8028933082637169,42,cuda,True,None,renyi,1,1,1,passthrough,SA_VSA_OGM,0.1,0.1,8192
433,0.562613435086798,0.8904748018111381,42,cuda,True,None,renyi,1,3,1,passthrough,SA_VSA_OGM,0.1,0.1,8192
434,0.5050561019924896,0.9265127864316364,42,cuda,True,None,renyi,1,5,1,passthrough,SA_VSA_OGM,0.1,0.1,8192
435,0.5307093190296595,0.9379505819038052,42,cuda,True,None,renyi,3,1,1,passthrough,SA_VSA_OGM,0.1,0.1,8192
436,0.4175483557404846,0.9616630577317562,42,cuda,True,None,renyi,3,3,1,passthrough,SA_VSA_OGM,0.1,0.1,8192
437,0.36580514776542866,0.976148963159026,42,cuda,True,None,renyi,3,5,1,passthrough,SA_VSA_OGM,0.1,0.1,8192
438,0.4889735544628756,0.9240465194508098,42,cuda,True,None,renyi,5,1,1,passthrough,SA_VSA_OGM,0.1,0.1,8192
439,0.4126262563490936,0.953815936155981,42,cuda,True,None,renyi,5,3,1,passthrough,SA_VSA_OGM,0.1,0.1,8192
440,0.3834711306552681,0.9619095957189524,42,cuda,True,None,renyi,5,5,1,passthrough,SA_VSA_OGM,0.1,0.1,8192
441,0.5234675011341189,0.8148744771649835,42,cuda,True,None,renyi_squaring,1,1,1,passthrough,SA_VSA_OGM,0.1,0.1,8192
442,0.5238419165721766,0.8450993829561291,42,cuda,True,None,renyi_squaring,1,3,1,passthrough,SA_VSA_OGM,0.1,0.1,8192
443,0.5599628514723967,0.8568560022264108,42,cuda,True,None,renyi_squaring,1,5,1,passthrough,SA_VSA_OGM,0.1,0.1,8192
444,0.5490704404536237,0.9089580325492386,42,cuda,True,None,renyi_squaring,3,1,1,passthrough,SA_VSA_OGM,0.1,0.1,8192
445,0.4644441607749442,0.927869536864665,42,cuda,True,None,renyi_squaring,3,3,1,passthrough,SA_VSA_OGM,0.1,0.1,8192
446,0.478266588071428,0.9246829750703832,42,cuda,True,None,renyi_squaring,3,5,1,passthrough,SA_VSA_OGM,0.1,0.1,8192
447,0.5904267192768262,0.9203599552189904,42,cuda,True,None,renyi_squaring,5,1,1,passthrough,SA_VSA_OGM,0.1,0.1,8192
448,0.5535831054268975,0.8728161393238988,42,cuda,True,None,renyi_squaring,5,3,1,passthrough,SA_VSA_OGM,0.1,0.1,8192
449,0.4449706504420084,0.9345518168416276,42,cuda,True,None,renyi_squaring,5,5,1,passthrough,SA_VSA_OGM,0.1,0.1,8192
450,18.009039589143363,0.5,42,cuda,True,None,renyi_cubic,1,1,1,passthrough,SA_VSA_OGM,0.1,0.1,8192
451,18.00906787919959,0.5,42,cuda,True,None,renyi_cubic,1,3,1,passthrough,SA_VSA_OGM,0.1,0.1,8192
452,17.524933503796902,0.5134421666519395,42,cuda,True,None,renyi_cubic,1,5,1,passthrough,SA_VSA_OGM,0.1,0.1,8192
453,18.009124085434657,0.5,42,cuda,True,None,renyi_cubic,3,1,1,passthrough,SA_VSA_OGM,0.1,0.1,8192
454,18.008755919153728,0.5,42,cuda,True,None,renyi_cubic,3,3,1,passthrough,SA_VSA_OGM,0.1,0.1,8192
455,18.00878458313488,0.5,42,cuda,True,None,renyi_cubic,3,5,1,passthrough,SA_VSA_OGM,0.1,0.1,8192
456,18.008418770978377,0.5,42,cuda,True,None,renyi_cubic,5,1,1,passthrough,SA_VSA_OGM,0.1,0.1,8192
457,18.00844804592069,0.5,42,cuda,True,None,renyi_cubic,5,3,1,passthrough,SA_VSA_OGM,0.1,0.1,8192
458,18.008869825693203,0.5,42,cuda,True,None,renyi_cubic,5,5,1,passthrough,SA_VSA_OGM,0.1,0.1,8192
459,0.6891616538869442,0.5869000070682457,42,cuda,True,None,renyi_normalize,1,1,1,passthrough,SA_VSA_OGM,0.1,0.1,8192
460,0.6711541501149981,0.6831546453594894,42,cuda,True,None,renyi_normalize,1,3,1,passthrough,SA_VSA_OGM,0.1,0.1,8192
461,0.7459458077011132,0.7602261728235301,42,cuda,True,None,renyi_normalize,1,5,1,passthrough,SA_VSA_OGM,0.1,0.1,8192
462,0.6345930466083349,0.797010429886951,42,cuda,True,None,renyi_normalize,3,1,1,passthrough,SA_VSA_OGM,0.1,0.1,8192
463,0.579686046668317,0.8247522101299873,42,cuda,True,None,renyi_normalize,3,3,1,passthrough,SA_VSA_OGM,0.1,0.1,8192
464,0.5568952390395152,0.8903285756200547,42,cuda,True,None,renyi_normalize,3,5,1,passthrough,SA_VSA_OGM,0.1,0.1,8192
465,0.7109387270097726,0.8599005658793243,42,cuda,True,None,renyi_normalize,5,1,1,passthrough,SA_VSA_OGM,0.1,0.1,8192
466,0.5325392456801441,0.9090724319661964,42,cuda,True,None,renyi_normalize,5,3,1,passthrough,SA_VSA_OGM,0.1,0.1,8192
467,0.4741175351230386,0.92403979212821,42,cuda,True,None,renyi_normalize,5,5,1,passthrough,SA_VSA_OGM,0.1,0.1,8192
468,0.463568223821397,0.8904512833700905,42,cuda,True,None,renyi_normalize_squaring,1,1,1,passthrough,SA_VSA_OGM,0.1,0.1,8192
469,0.48710393637113086,0.941868081612886,42,cuda,True,None,renyi_normalize_squaring,1,3,1,passthrough,SA_VSA_OGM,0.1,0.1,8192
470,0.44386155529366333,0.9351257400704582,42,cuda,True,None,renyi_normalize_squaring,1,5,1,passthrough,SA_VSA_OGM,0.1,0.1,8192
471,0.41038867063453977,0.9626427987671288,42,cuda,True,None,renyi_normalize_squaring,3,1,1,passthrough,SA_VSA_OGM,0.1,0.1,8192
472,0.3252763593819491,0.9762141393785108,42,cuda,True,None,renyi_normalize_squaring,3,3,1,passthrough,SA_VSA_OGM,0.1,0.1,8192
473,0.4139888139965384,0.9670271322871918,42,cuda,True,None,renyi_normalize_squaring,3,5,1,passthrough,SA_VSA_OGM,0.1,0.1,8192
474,0.43404932382583944,0.9343416086717248,42,cuda,True,None,renyi_normalize_squaring,5,1,1,passthrough,SA_VSA_OGM,0.1,0.1,8192
475,0.4109809434234237,0.9415001968057402,42,cuda,True,None,renyi_normalize_squaring,5,3,1,passthrough,SA_VSA_OGM,0.1,0.1,8192
476,0.38096235417048935,0.9531576167959888,42,cuda,True,None,renyi_normalize_squaring,5,5,1,passthrough,SA_VSA_OGM,0.1,0.1,8192
477,0.3296458306342454,0.9558472118287576,42,cuda,True,None,renyi_normalize_cubic,1,1,1,passthrough,SA_VSA_OGM,0.1,0.1,8192
478,0.3283453741307329,0.9687200902575316,42,cuda,True,None,renyi_normalize_cubic,1,3,1,passthrough,SA_VSA_OGM,0.1,0.1,8192
479,0.316119764909486,0.9829581868266124,42,cuda,True,None,renyi_normalize_cubic,1,5,1,passthrough,SA_VSA_OGM,0.1,0.1,8192
480,0.34459336764768705,0.9628636628647208,42,cuda,True,None,renyi_normalize_cubic,3,1,1,passthrough,SA_VSA_OGM,0.1,0.1,8192
481,0.4248811467553687,0.971766976978317,42,cuda,True,None,renyi_normalize_cubic,3,3,1,passthrough,SA_VSA_OGM,0.1,0.1,8192
482,0.32213325221157824,0.977558462276608,42,cuda,True,None,renyi_normalize_cubic,3,5,1,passthrough,SA_VSA_OGM,0.1,0.1,8192
483,0.34234588328578874,0.9565883958639362,42,cuda,True,None,renyi_normalize_cubic,5,1,1,passthrough,SA_VSA_OGM,0.1,0.1,8192
484,0.3777945784739272,0.9573164982379476,42,cuda,True,None,renyi_normalize_cubic,5,3,1,passthrough,SA_VSA_OGM,0.1,0.1,8192
485,0.36020417310117403,0.968785658138334,42,cuda,True,None,renyi_normalize_cubic,5,5,1,passthrough,SA_VSA_OGM,0.1,0.1,8192
486,0.5515405819779325,0.8406852608110441,42,cuda,True,None,renyi,1,1,1,passthrough,SA_VSA_OGM,0.1,0.2,8192
487,0.642191658921332,0.9461259654527668,42,cuda,True,None,renyi,1,3,1,passthrough,SA_VSA_OGM,0.1,0.2,8192
488,0.653013920581751,0.9523365883039046,42,cuda,True,None,renyi,1,5,1,passthrough,SA_VSA_OGM,0.1,0.2,8192
489,0.5587089462741748,0.969576290698992,42,cuda,True,None,renyi,3,1,1,passthrough,SA_VSA_OGM,0.1,0.2,8192
490,0.3163814271348554,0.9779685967606024,42,cuda,True,None,renyi,3,3,1,passthrough,SA_VSA_OGM,0.1,0.2,8192
491,0.2979742893206307,0.9826965110030816,42,cuda,True,None,renyi,3,5,1,passthrough,SA_VSA_OGM,0.1,0.2,8192
492,0.49903411209602194,0.94850879257589,42,cuda,True,None,renyi,5,1,1,passthrough,SA_VSA_OGM,0.1,0.2,8192
493,0.3249985048367792,0.978883129702168,42,cuda,True,None,renyi,5,3,1,passthrough,SA_VSA_OGM,0.1,0.2,8192
494,0.29677214642116845,0.9719645567563152,42,cuda,True,None,renyi,5,5,1,passthrough,SA_VSA_OGM,0.1,0.2,8192
495,0.3654863528635057,0.954076583027576,42,cuda,True,None,renyi_squaring,1,1,1,passthrough,SA_VSA_OGM,0.1,0.2,8192
496,0.3410741463994527,0.962160395646195,42,cuda,True,None,renyi_squaring,1,3,1,passthrough,SA_VSA_OGM,0.1,0.2,8192
497,0.3288772727017086,0.9651864354873668,42,cuda,True,None,renyi_squaring,1,5,1,passthrough,SA_VSA_OGM,0.1,0.2,8192
498,0.3782253316130368,0.9675665262899464,42,cuda,True,None,renyi_squaring,3,1,1,passthrough,SA_VSA_OGM,0.1,0.2,8192
499,0.3786937849102041,0.9559590632118726,42,cuda,True,None,renyi_squaring,3,3,1,passthrough,SA_VSA_OGM,0.1,0.2,8192
500,0.32398036565090543,0.9682551270216356,42,cuda,True,None,renyi_squaring,3,5,1,passthrough,SA_VSA_OGM,0.1,0.2,8192
501,0.4355437959593545,0.9482328181142534,42,cuda,True,None,renyi_squaring,5,1,1,passthrough,SA_VSA_OGM,0.1,0.2,8192
502,0.4098068016148539,0.9484025628810924,42,cuda,True,None,renyi_squaring,5,3,1,passthrough,SA_VSA_OGM,0.1,0.2,8192
503,0.3887566686037403,0.941763166009566,42,cuda,True,None,renyi_squaring,5,5,1,passthrough,SA_VSA_OGM,0.1,0.2,8192
504,0.671128661459431,0.5438656807449389,42,cuda,True,None,renyi_cubic,1,1,1,passthrough,SA_VSA_OGM,0.1,0.2,8192
505,15.40525717357878,0.5726380756448806,42,cuda,True,None,renyi_cubic,1,3,1,passthrough,SA_VSA_OGM,0.1,0.2,8192
506,16.55010347423775,0.540198965223913,42,cuda,True,None,renyi_cubic,1,5,1,passthrough,SA_VSA_OGM,0.1,0.2,8192
507,14.005720393482466,0.6035677890446502,42,cuda,True,None,renyi_cubic,3,1,1,passthrough,SA_VSA_OGM,0.1,0.2,8192
508,15.33675389474834,0.5697767666350178,42,cuda,True,None,renyi_cubic,3,3,1,passthrough,SA_VSA_OGM,0.1,0.2,8192
509,13.772037421566235,0.612695588406211,42,cuda,True,None,renyi_cubic,3,5,1,passthrough,SA_VSA_OGM,0.1,0.2,8192
510,12.167480554431862,0.6370568344862906,42,cuda,True,None,renyi_cubic,5,1,1,passthrough,SA_VSA_OGM,0.1,0.2,8192
511,0.6408698744883484,0.6390376931493763,42,cuda,True,None,renyi_cubic,5,3,1,passthrough,SA_VSA_OGM,0.1,0.2,8192
512,0.7888295789486004,0.6210637159672994,42,cuda,True,None,renyi_cubic,5,5,1,passthrough,SA_VSA_OGM,0.1,0.2,8192
513,0.6513653614196425,0.6383711768641244,42,cuda,True,None,renyi_normalize,1,1,1,passthrough,SA_VSA_OGM,0.1,0.2,8192
514,0.7287064061990749,0.7973717135994401,42,cuda,True,None,renyi_normalize,1,3,1,passthrough,SA_VSA_OGM,0.1,0.2,8192
515,0.7540407473380143,0.8770080444192889,42,cuda,True,None,renyi_normalize,1,5,1,passthrough,SA_VSA_OGM,0.1,0.2,8192
516,0.7260568255739912,0.8851657804700925,42,cuda,True,None,renyi_normalize,3,1,1,passthrough,SA_VSA_OGM,0.1,0.2,8192
517,0.4917344393931779,0.9426330465920224,42,cuda,True,None,renyi_normalize,3,3,1,passthrough,SA_VSA_OGM,0.1,0.2,8192
518,0.4443973409929888,0.9660828422957972,42,cuda,True,None,renyi_normalize,3,5,1,passthrough,SA_VSA_OGM,0.1,0.2,8192
519,0.598044419275658,0.9462338788494044,42,cuda,True,None,renyi_normalize,5,1,1,passthrough,SA_VSA_OGM,0.1,0.2,8192
520,0.4878941930856055,0.9560805149417526,42,cuda,True,None,renyi_normalize,5,3,1,passthrough,SA_VSA_OGM,0.1,0.2,8192
521,0.3856372881005903,0.9668281890765952,42,cuda,True,None,renyi_normalize,5,5,1,passthrough,SA_VSA_OGM,0.1,0.2,8192
522,0.3060494443954322,0.9787157729020106,42,cuda,True,None,renyi_normalize_squaring,1,1,1,passthrough,SA_VSA_OGM,0.1,0.2,8192
523,0.3918116382353649,0.9767730871204146,42,cuda,True,None,renyi_normalize_squaring,1,3,1,passthrough,SA_VSA_OGM,0.1,0.2,8192
524,0.4226205355039443,0.9883520479889972,42,cuda,True,None,renyi_normalize_squaring,1,5,1,passthrough,SA_VSA_OGM,0.1,0.2,8192
525,0.29810333806173006,0.980584622585146,42,cuda,True,None,renyi_normalize_squaring,3,1,1,passthrough,SA_VSA_OGM,0.1,0.2,8192
526,0.2095336162656514,0.9855858751840306,42,cuda,True,None,renyi_normalize_squaring,3,3,1,passthrough,SA_VSA_OGM,0.1,0.2,8192
527,0.21966185732290297,0.9852036510251544,42,cuda,True,None,renyi_normalize_squaring,3,5,1,passthrough,SA_VSA_OGM,0.1,0.2,8192
528,0.3616152994857742,0.971668028333972,42,cuda,True,None,renyi_normalize_squaring,5,1,1,passthrough,SA_VSA_OGM,0.1,0.2,8192
529,0.2355258717175453,0.9826247697782222,42,cuda,True,None,renyi_normalize_squaring,5,3,1,passthrough,SA_VSA_OGM,0.1,0.2,8192
530,0.26203951070771175,0.968009084138402,42,cuda,True,None,renyi_normalize_squaring,5,5,1,passthrough,SA_VSA_OGM,0.1,0.2,8192
531,0.18623532763872405,0.9855369478380868,42,cuda,True,None,renyi_normalize_cubic,1,1,1,passthrough,SA_VSA_OGM,0.1,0.2,8192
532,0.24689883820797903,0.9875967830434366,42,cuda,True,None,renyi_normalize_cubic,1,3,1,passthrough,SA_VSA_OGM,0.1,0.2,8192
533,0.2402541880619651,0.9916285838896836,42,cuda,True,None,renyi_normalize_cubic,1,5,1,passthrough,SA_VSA_OGM,0.1,0.2,8192
534,0.1652023678869981,0.9888068904326468,42,cuda,True,None,renyi_normalize_cubic,3,1,1,passthrough,SA_VSA_OGM,0.1,0.2,8192
535,0.19161637371455764,0.9905267555524636,42,cuda,True,None,renyi_normalize_cubic,3,3,1,passthrough,SA_VSA_OGM,0.1,0.2,8192
536,0.2026450046657616,0.9857883876316028,42,cuda,True,None,renyi_normalize_cubic,3,5,1,passthrough,SA_VSA_OGM,0.1,0.2,8192
537,0.2529779063005393,0.9763068210792264,42,cuda,True,None,renyi_normalize_cubic,5,1,1,passthrough,SA_VSA_OGM,0.1,0.2,8192
538,0.24904655174802465,0.9780683272623936,42,cuda,True,None,renyi_normalize_cubic,5,3,1,passthrough,SA_VSA_OGM,0.1,0.2,8192
539,0.25639480590671077,0.97154164919408,42,cuda,True,None,renyi_normalize_cubic,5,5,1,passthrough,SA_VSA_OGM,0.1,0.2,8192
540,0.6513693384379314,0.7167632211683015,42,cuda,True,None,renyi,1,1,1,passthrough,SA_VSA_OGM,0.1,0.5,8192
541,0.8952708886272646,0.7542184789268002,42,cuda,True,None,renyi,1,3,1,passthrough,SA_VSA_OGM,0.1,0.5,8192
542,1.0501458113844009,0.7795103804786077,42,cuda,True,None,renyi,1,5,1,passthrough,SA_VSA_OGM,0.1,0.5,8192
543,0.7491582264185747,0.8309556802264368,42,cuda,True,None,renyi,3,1,1,passthrough,SA_VSA_OGM,0.1,0.5,8192
544,0.5075903330370178,0.8481686778807063,42,cuda,True,None,renyi,3,3,1,passthrough,SA_VSA_OGM,0.1,0.5,8192
545,0.5125907148661474,0.8863855611601317,42,cuda,True,None,renyi,3,5,1,passthrough,SA_VSA_OGM,0.1,0.5,8192
546,0.958856868158745,0.8901035070637273,42,cuda,True,None,renyi,5,1,1,passthrough,SA_VSA_OGM,0.1,0.5,8192
547,0.48478873161641894,0.9119339181103046,42,cuda,True,None,renyi,5,3,1,passthrough,SA_VSA_OGM,0.1,0.5,8192
548,0.41417761653870294,0.9222594723923356,42,cuda,True,None,renyi,5,5,1,passthrough,SA_VSA_OGM,0.1,0.5,8192
549,0.48623160391553016,0.9383740064946856,42,cuda,True,None,renyi_squaring,1,1,1,passthrough,SA_VSA_OGM,0.1,0.5,8192
550,0.4074656873706913,0.9377589220497032,42,cuda,True,None,renyi_squaring,1,3,1,passthrough,SA_VSA_OGM,0.1,0.5,8192
551,0.3374867525856355,0.9429292891264588,42,cuda,True,None,renyi_squaring,1,5,1,passthrough,SA_VSA_OGM,0.1,0.5,8192
552,0.32442835296585065,0.9624646455241492,42,cuda,True,None,renyi_squaring,3,1,1,passthrough,SA_VSA_OGM,0.1,0.5,8192
553,0.28709333402923837,0.9617326555497958,42,cuda,True,None,renyi_squaring,3,3,1,passthrough,SA_VSA_OGM,0.1,0.5,8192
554,0.2538548534420096,0.9647359503108492,42,cuda,True,None,renyi_squaring,3,5,1,passthrough,SA_VSA_OGM,0.1,0.5,8192
555,0.3850383140618723,0.9535693000881132,42,cuda,True,None,renyi_squaring,5,1,1,passthrough,SA_VSA_OGM,0.1,0.5,8192
556,0.289769763177599,0.9645754032731296,42,cuda,True,None,renyi_squaring,5,3,1,passthrough,SA_VSA_OGM,0.1,0.5,8192
557,0.2822089946324641,0.9567056239903332,42,cuda,True,None,renyi_squaring,5,5,1,passthrough,SA_VSA_OGM,0.1,0.5,8192
558,0.5964824107702974,0.7123044987172197,42,cuda,True,None,renyi_cubic,1,1,1,passthrough,SA_VSA_OGM,0.1,0.5,8192
559,0.5525845834158832,0.7735598725817239,42,cuda,True,None,renyi_cubic,1,3,1,passthrough,SA_VSA_OGM,0.1,0.5,8192
560,0.5565993325939608,0.7724574228647184,42,cuda,True,None,renyi_cubic,1,5,1,passthrough,SA_VSA_OGM,0.1,0.5,8192
561,0.5244373669721983,0.8365938603181403,42,cuda,True,None,renyi_cubic,3,1,1,passthrough,SA_VSA_OGM,0.1,0.5,8192
562,0.5328683819475101,0.8240197853458453,42,cuda,True,None,renyi_cubic,3,3,1,passthrough,SA_VSA_OGM,0.1,0.5,8192
563,0.5208957262112371,0.8084256911843691,42,cuda,True,None,renyi_cubic,3,5,1,passthrough,SA_VSA_OGM,0.1,0.5,8192
564,0.5502746463634418,0.8444677476041986,42,cuda,True,None,renyi_cubic,5,1,1,passthrough,SA_VSA_OGM,0.1,0.5,8192
565,0.5502445195425659,0.8393918900268196,42,cuda,True,None,renyi_cubic,5,3,1,passthrough,SA_VSA_OGM,0.1,0.5,8192
566,0.5272253216556056,0.8504524756445998,42,cuda,True,None,renyi_cubic,5,5,1,passthrough,SA_VSA_OGM,0.1,0.5,8192
567,0.670794289221103,0.60496925613035,42,cuda,True,None,renyi_normalize,1,1,1,passthrough,SA_VSA_OGM,0.1,0.5,8192
568,1.0474819429250466,0.6484559688910919,42,cuda,True,None,renyi_normalize,1,3,1,passthrough,SA_VSA_OGM,0.1,0.5,8192
569,1.3702619640857188,0.7161950978928767,42,cuda,True,None,renyi_normalize,1,5,1,passthrough,SA_VSA_OGM,0.1,0.5,8192
570,0.9126656064908658,0.750598583661227,42,cuda,True,None,renyi_normalize,3,1,1,passthrough,SA_VSA_OGM,0.1,0.5,8192
571,0.6000593083102227,0.779549019015743,42,cuda,True,None,renyi_normalize,3,3,1,passthrough,SA_VSA_OGM,0.1,0.5,8192
572,0.6716636041646701,0.8532217736168249,42,cuda,True,None,renyi_normalize,3,5,1,passthrough,SA_VSA_OGM,0.1,0.5,8192
573,1.1185587902224212,0.9001370387758234,42,cuda,True,None,renyi_normalize,5,1,1,passthrough,SA_VSA_OGM,0.1,0.5,8192
574,0.56206872849924,0.911336128115458,42,cuda,True,None,renyi_normalize,5,3,1,passthrough,SA_VSA_OGM,0.1,0.5,8192
575,0.4589050724994525,0.9334207020909224,42,cuda,True,None,renyi_normalize,5,5,1,passthrough,SA_VSA_OGM,0.1,0.5,8192
576,0.3871479669315087,0.9317151459957104,42,cuda,True,None,renyi_normalize_squaring,1,1,1,passthrough,SA_VSA_OGM,0.1,0.5,8192
577,0.6344571709543524,0.9626929603308568,42,cuda,True,None,renyi_normalize_squaring,1,3,1,passthrough,SA_VSA_OGM,0.1,0.5,8192
578,0.6744786077988931,0.9630737472735776,42,cuda,True,None,renyi_normalize_squaring,1,5,1,passthrough,SA_VSA_OGM,0.1,0.5,8192
579,0.3845295788193934,0.9703762691052606,42,cuda,True,None,renyi_normalize_squaring,3,1,1,passthrough,SA_VSA_OGM,0.1,0.5,8192
580,0.23840294346005245,0.97707520942846,42,cuda,True,None,renyi_normalize_squaring,3,3,1,passthrough,SA_VSA_OGM,0.1,0.5,8192
581,0.24054681324885296,0.974385903224256,42,cuda,True,None,renyi_normalize_squaring,3,5,1,passthrough,SA_VSA_OGM,0.1,0.5,8192
582,0.5448011931739037,0.9622196321208544,42,cuda,True,None,renyi_normalize_squaring,5,1,1,passthrough,SA_VSA_OGM,0.1,0.5,8192
583,0.2247911068943169,0.978229358998432,42,cuda,True,None,renyi_normalize_squaring,5,3,1,passthrough,SA_VSA_OGM,0.1,0.5,8192
584,0.1923043775557164,0.9816374343136558,42,cuda,True,None,renyi_normalize_squaring,5,5,1,passthrough,SA_VSA_OGM,0.1,0.5,8192
585,0.5860870285509022,0.951783304528852,42,cuda,True,None,renyi_normalize_cubic,1,1,1,passthrough,SA_VSA_OGM,0.1,0.5,8192
586,0.29674526584993216,0.9694563300943464,42,cuda,True,None,renyi_normalize_cubic,1,3,1,passthrough,SA_VSA_OGM,0.1,0.5,8192
587,0.5074537458176622,0.9774149574197866,42,cuda,True,None,renyi_normalize_cubic,1,5,1,passthrough,SA_VSA_OGM,0.1,0.5,8192
588,0.2386810858198636,0.9829164740765244,42,cuda,True,None,renyi_normalize_cubic,3,1,1,passthrough,SA_VSA_OGM,0.1,0.5,8192
589,0.18271711403959265,0.9776492729997572,42,cuda,True,None,renyi_normalize_cubic,3,3,1,passthrough,SA_VSA_OGM,0.1,0.5,8192
590,0.17270602377999147,0.9800259335905068,42,cuda,True,None,renyi_normalize_cubic,3,5,1,passthrough,SA_VSA_OGM,0.1,0.5,8192
591,0.30660652452365156,0.97052036506479,42,cuda,True,None,renyi_normalize_cubic,5,1,1,passthrough,SA_VSA_OGM,0.1,0.5,8192
592,0.20250910400090052,0.975081457553988,42,cuda,True,None,renyi_normalize_cubic,5,3,1,passthrough,SA_VSA_OGM,0.1,0.5,8192
593,0.21937626843321265,0.9701416570464846,42,cuda,True,None,renyi_normalize_cubic,5,5,1,passthrough,SA_VSA_OGM,0.1,0.5,8192
594,0.7773655159850773,0.4704835457250824,42,cuda,True,None,renyi,1,1,1,passthrough,SA_VSA_OGM,0.1,1.0,8192
595,1.1975891167079835,0.3914217438455131,42,cuda,True,None,renyi,1,3,1,passthrough,SA_VSA_OGM,0.1,1.0,8192
596,1.563523062267095,0.33697043153072415,42,cuda,True,None,renyi,1,5,1,passthrough,SA_VSA_OGM,0.1,1.0,8192
597,0.9771832248988772,0.47108504374868215,42,cuda,True,None,renyi,3,1,1,passthrough,SA_VSA_OGM,0.1,1.0,8192
598,0.8280056938614112,0.39492964212661386,42,cuda,True,None,renyi,3,3,1,passthrough,SA_VSA_OGM,0.1,1.0,8192
599,0.9216121797917252,0.41378279429592224,42,cuda,True,None,renyi,3,5,1,passthrough,SA_VSA_OGM,0.1,1.0,8192
600,1.1732468603938893,0.5999785955812668,42,cuda,True,None,renyi,5,1,1,passthrough,SA_VSA_OGM,0.1,1.0,8192
601,0.8567250840205652,0.46110339393763006,42,cuda,True,None,renyi,5,3,1,passthrough,SA_VSA_OGM,0.1,1.0,8192
602,0.7977505508737828,0.4354048547911292,42,cuda,True,None,renyi,5,5,1,passthrough,SA_VSA_OGM,0.1,1.0,8192
603,0.54850725023528,0.827438305550716,42,cuda,True,None,renyi_squaring,1,1,1,passthrough,SA_VSA_OGM,0.1,1.0,8192
604,0.4968113195740751,0.8797289092023906,42,cuda,True,None,renyi_squaring,1,3,1,passthrough,SA_VSA_OGM,0.1,1.0,8192
605,0.5528485062132602,0.8946092394518135,42,cuda,True,None,renyi_squaring,1,5,1,passthrough,SA_VSA_OGM,0.1,1.0,8192
606,0.4645993020121541,0.9003736937000313,42,cuda,True,None,renyi_squaring,3,1,1,passthrough,SA_VSA_OGM,0.1,1.0,8192
607,0.3794556084662341,0.9102814615446644,42,cuda,True,None,renyi_squaring,3,3,1,passthrough,SA_VSA_OGM,0.1,1.0,8192
608,0.35393929950737607,0.918511473826855,42,cuda,True,None,renyi_squaring,3,5,1,passthrough,SA_VSA_OGM,0.1,1.0,8192
609,0.5207184620505422,0.9244789521492058,42,cuda,True,None,renyi_squaring,5,1,1,passthrough,SA_VSA_OGM,0.1,1.0,8192
610,0.38514453726733944,0.9248730455782213,42,cuda,True,None,renyi_squaring,5,3,1,passthrough,SA_VSA_OGM,0.1,1.0,8192
611,0.3231114287371146,0.9389957300828836,42,cuda,True,None,renyi_squaring,5,5,1,passthrough,SA_VSA_OGM,0.1,1.0,8192
612,0.5512587727459755,0.7880400043094171,42,cuda,True,None,renyi_cubic,1,1,1,passthrough,SA_VSA_OGM,0.1,1.0,8192
613,0.521942800595837,0.8274849023577582,42,cuda,True,None,renyi_cubic,1,3,1,passthrough,SA_VSA_OGM,0.1,1.0,8192
614,0.4775222298147317,0.870682395879238,42,cuda,True,None,renyi_cubic,1,5,1,passthrough,SA_VSA_OGM,0.1,1.0,8192
615,0.4572619793288384,0.8962187154436282,42,cuda,True,None,renyi_cubic,3,1,1,passthrough,SA_VSA_OGM,0.1,1.0,8192
616,0.4397179748059427,0.8940104400902906,42,cuda,True,None,renyi_cubic,3,3,1,passthrough,SA_VSA_OGM,0.1,1.0,8192
617,0.4216546901861415,0.9004800830546236,42,cuda,True,None,renyi_cubic,3,5,1,passthrough,SA_VSA_OGM,0.1,1.0,8192
618,0.4591484417049028,0.91915988397928,42,cuda,True,None,renyi_cubic,5,1,1,passthrough,SA_VSA_OGM,0.1,1.0,8192
619,0.442764707992627,0.9049513173143162,42,cuda,True,None,renyi_cubic,5,3,1,passthrough,SA_VSA_OGM,0.1,1.0,8192
620,0.4233464506575987,0.9150185951170688,42,cuda,True,None,renyi_cubic,5,5,1,passthrough,SA_VSA_OGM,0.1,1.0,8192
621,0.730373590740028,0.46429363297267745,42,cuda,True,None,renyi_normalize,1,1,1,passthrough,SA_VSA_OGM,0.1,1.0,8192
622,1.2405777815375738,0.4178513676257123,42,cuda,True,None,renyi_normalize,1,3,1,passthrough,SA_VSA_OGM,0.1,1.0,8192
623,1.6725983532738284,0.3036918466005537,42,cuda,True,None,renyi_normalize,1,5,1,passthrough,SA_VSA_OGM,0.1,1.0,8192
624,1.0880097250791816,0.4683663117368696,42,cuda,True,None,renyi_normalize,3,1,1,passthrough,SA_VSA_OGM,0.1,1.0,8192
625,0.7522423514230898,0.4457376954988104,42,cuda,True,None,renyi_normalize,3,3,1,passthrough,SA_VSA_OGM,0.1,1.0,8192
626,0.9842603456598068,0.3399558234932973,42,cuda,True,None,renyi_normalize,3,5,1,passthrough,SA_VSA_OGM,0.1,1.0,8192
627,1.3864469120506828,0.5972397090123908,42,cuda,True,None,renyi_normalize,5,1,1,passthrough,SA_VSA_OGM,0.1,1.0,8192
628,0.7658294800354276,0.48527599477011896,42,cuda,True,None,renyi_normalize,5,3,1,passthrough,SA_VSA_OGM,0.1,1.0,8192
629,0.7183075444354492,0.4940325300396163,42,cuda,True,None,renyi_normalize,5,5,1,passthrough,SA_VSA_OGM,0.1,1.0,8192
630,0.4877022961159539,0.8336164178608916,42,cuda,True,None,renyi_normalize_squaring,1,1,1,passthrough,SA_VSA_OGM,0.1,1.0,8192
631,0.8472768440615351,0.8622825038601443,42,cuda,True,None,renyi_normalize_squaring,1,3,1,passthrough,SA_VSA_OGM,0.1,1.0,8192
632,1.0838209467303292,0.9478824977922964,42,cuda,True,None,renyi_normalize_squaring,1,5,1,passthrough,SA_VSA_OGM,0.1,1.0,8192
633,0.7205460981558602,0.8850453012275137,42,cuda,True,None,renyi_normalize_squaring,3,1,1,passthrough,SA_VSA_OGM,0.1,1.0,8192
634,0.3853256630989939,0.9137088785147356,42,cuda,True,None,renyi_normalize_squaring,3,3,1,passthrough,SA_VSA_OGM,0.1,1.0,8192
635,0.4411783798560867,0.944099413145188,42,cuda,True,None,renyi_normalize_squaring,3,5,1,passthrough,SA_VSA_OGM,0.1,1.0,8192
636,0.868105690572789,0.916975108313382,42,cuda,True,None,renyi_normalize_squaring,5,1,1,passthrough,SA_VSA_OGM,0.1,1.0,8192
637,0.3753994120968166,0.9421437312358152,42,cuda,True,None,renyi_normalize_squaring,5,3,1,passthrough,SA_VSA_OGM,0.1,1.0,8192
638,0.2855376373688135,0.9648900595095918,42,cuda,True,None,renyi_normalize_squaring,5,5,1,passthrough,SA_VSA_OGM,0.1,1.0,8192
639,0.3722213985760083,0.9216049342907534,42,cuda,True,None,renyi_normalize_cubic,1,1,1,passthrough,SA_VSA_OGM,0.1,1.0,8192
640,0.5183805179270742,0.9391949812270368,42,cuda,True,None,renyi_normalize_cubic,1,3,1,passthrough,SA_VSA_OGM,0.1,1.0,8192
641,0.6671640608319822,0.942545528921201,42,cuda,True,None,renyi_normalize_cubic,1,5,1,passthrough,SA_VSA_OGM,0.1,1.0,8192
642,0.4401864162530882,0.9343441252979636,42,cuda,True,None,renyi_normalize_cubic,3,1,1,passthrough,SA_VSA_OGM,0.1,1.0,8192
643,0.27887346460280926,0.9541733574705776,42,cuda,True,None,renyi_normalize_cubic,3,3,1,passthrough,SA_VSA_OGM,0.1,1.0,8192
644,0.26883552713525966,0.9610796666109775,42,cuda,True,None,renyi_normalize_cubic,3,5,1,passthrough,SA_VSA_OGM,0.1,1.0,8192
645,0.5335996953990656,0.9503476302514404,42,cuda,True,None,renyi_normalize_cubic,5,1,1,passthrough,SA_VSA_OGM,0.1,1.0,8192
646,0.2740708901132322,0.957004777492786,42,cuda,True,None,renyi_normalize_cubic,5,3,1,passthrough,SA_VSA_OGM,0.1,1.0,8192
647,0.24037694729381776,0.9614234438405916,42,cuda,True,None,renyi_normalize_cubic,5,5,1,passthrough,SA_VSA_OGM,0.1,1.0,8192
648,0.5450499651548488,0.808328286190288,42,cuda,True,None,renyi,1,1,1,passthrough,SA_VSA_OGM,0.25,0.1,32768
649,0.4624715782950954,0.9206263481076576,42,cuda,True,None,renyi,1,3,1,passthrough,SA_VSA_OGM,0.25,0.1,32768
650,0.5028341436675897,0.9251754040906132,42,cuda,True,None,renyi,1,5,1,passthrough,SA_VSA_OGM,0.25,0.1,32768
651,0.5171955006818437,0.8512122087979569,42,cuda,True,None,renyi,3,1,1,passthrough,SA_VSA_OGM,0.25,0.1,32768
652,0.4113808032800533,0.933278725876466,42,cuda,True,None,renyi,3,3,1,passthrough,SA_VSA_OGM,0.25,0.1,32768
653,0.4141030142128321,0.9327546755993996,42,cuda,True,None,renyi,3,5,1,passthrough,SA_VSA_OGM,0.25,0.1,32768
654,0.5435928435939855,0.8034153056789436,42,cuda,True,None,renyi,5,1,1,passthrough,SA_VSA_OGM,0.25,0.1,32768
655,0.44308453107327533,0.9284452112080288,42,cuda,True,None,renyi,5,3,1,passthrough,SA_VSA_OGM,0.25,0.1,32768
656,0.4172439561570195,0.9360790870914188,42,cuda,True,None,renyi,5,5,1,passthrough,SA_VSA_OGM,0.25,0.1,32768
657,0.6423632456273686,0.6051725359722566,42,cuda,True,None,renyi_squaring,1,1,1,passthrough,SA_VSA_OGM,0.25,0.1,32768
658,1.106457582650361,0.5911531666953725,42,cuda,True,None,renyi_squaring,1,3,1,passthrough,SA_VSA_OGM,0.25,0.1,32768
659,0.8913083683664805,0.6645636233482463,42,cuda,True,None,renyi_squaring,1,5,1,passthrough,SA_VSA_OGM,0.25,0.1,32768
660,0.8408248651937462,0.6556754460001291,42,cuda,True,None,renyi_squaring,3,1,1,passthrough,SA_VSA_OGM,0.25,0.1,32768
661,0.9230823027106116,0.6582771316408949,42,cuda,True,None,renyi_squaring,3,3,1,passthrough,SA_VSA_OGM,0.25,0.1,32768
662,0.969585385103196,0.7103045082048864,42,cuda,True,None,renyi_squaring,3,5,1,passthrough,SA_VSA_OGM,0.25,0.1,32768
663,0.9121426978057942,0.6979102129367897,42,cuda,True,None,renyi_squaring,5,1,1,passthrough,SA_VSA_OGM,0.25,0.1,32768
664,0.7601111415967079,0.703817393413547,42,cuda,True,None,renyi_squaring,5,3,1,passthrough,SA_VSA_OGM,0.25,0.1,32768
665,0.6142062402242596,0.7210304672633404,42,cuda,True,None,renyi_squaring,5,5,1,passthrough,SA_VSA_OGM,0.25,0.1,32768
666,18.007236310128196,0.5,42,cuda,True,None,renyi_cubic,1,1,1,passthrough,SA_VSA_OGM,0.25,0.1,32768
667,17.64682161812988,0.5100187333363113,42,cuda,True,None,renyi_cubic,1,3,1,passthrough,SA_VSA_OGM,0.25,0.1,32768
668,18.00781869772573,0.5,42,cuda,True,None,renyi_cubic,1,5,1,passthrough,SA_VSA_OGM,0.25,0.1,32768
669,18.007570622695713,0.5,42,cuda,True,None,renyi_cubic,3,1,1,passthrough,SA_VSA_OGM,0.25,0.1,32768
670,18.00812903194423,0.5,42,cuda,True,None,renyi_cubic,3,3,1,passthrough,SA_VSA_OGM,0.25,0.1,32768
671,18.007613051481016,0.5,42,cuda,True,None,renyi_cubic,3,5,1,passthrough,SA_VSA_OGM,0.25,0.1,32768
672,18.007634171307284,0.5,42,cuda,True,None,renyi_cubic,5,1,1,passthrough,SA_VSA_OGM,0.25,0.1,32768
673,16.373693451386643,0.5287581859486395,42,cuda,True,None,renyi_cubic,5,3,1,passthrough,SA_VSA_OGM,0.25,0.1,32768
674,18.007943213253135,0.5,42,cuda,True,None,renyi_cubic,5,5,1,passthrough,SA_VSA_OGM,0.25,0.1,32768
675,0.6681526283426948,0.6097810769876416,42,cuda,True,None,renyi_normalize,1,1,1,passthrough,SA_VSA_OGM,0.25,0.1,32768
676,0.7024154147346947,0.6771874822703673,42,cuda,True,None,renyi_normalize,1,3,1,passthrough,SA_VSA_OGM,0.25,0.1,32768
677,0.7806099496757399,0.7494503032965911,42,cuda,True,None,renyi_normalize,1,5,1,passthrough,SA_VSA_OGM,0.25,0.1,32768
678,0.6636527564831719,0.7622241381035677,42,cuda,True,None,renyi_normalize,3,1,1,passthrough,SA_VSA_OGM,0.25,0.1,32768
679,0.5529580424130017,0.8377818338802074,42,cuda,True,None,renyi_normalize,3,3,1,passthrough,SA_VSA_OGM,0.25,0.1,32768
680,0.5692874814366151,0.8495148895849862,42,cuda,True,None,renyi_normalize,3,5,1,passthrough,SA_VSA_OGM,0.25,0.1,32768
681,0.681585160553593,0.7671466543004548,42,cuda,True,None,renyi_normalize,5,1,1,passthrough,SA_VSA_OGM,0.25,0.1,32768
682,0.538943043862087,0.8457637228615502,42,cuda,True,None,renyi_normalize,5,3,1,passthrough,SA_VSA_OGM,0.25,0.1,32768
683,0.4831615688513038,0.8832351944773367,42,cuda,True,None,renyi_normalize,5,5,1,passthrough,SA_VSA_OGM,0.25,0.1,32768
684,0.527958322317526,0.9014929864187324,42,cuda,True,None,renyi_normalize_squaring,1,1,1,passthrough,SA_VSA_OGM,0.25,0.1,32768
685,0.4334923572643507,0.9381857741731036,42,cuda,True,None,renyi_normalize_squaring,1,3,1,passthrough,SA_VSA_OGM,0.25,0.1,32768
686,0.4561917128832616,0.9143286206594522,42,cuda,True,None,renyi_normalize_squaring,1,5,1,passthrough,SA_VSA_OGM,0.25,0.1,32768
687,0.46431049244852185,0.8837219108905192,42,cuda,True,None,renyi_normalize_squaring,3,1,1,passthrough,SA_VSA_OGM,0.25,0.1,32768
688,0.4407074436524735,0.9341040606852152,42,cuda,True,None,renyi_normalize_squaring,3,3,1,passthrough,SA_VSA_OGM,0.25,0.1,32768
689,0.4480551919949841,0.9280688574877792,42,cuda,True,None,renyi_normalize_squaring,3,5,1,passthrough,SA_VSA_OGM,0.25,0.1,32768
690,0.5749309025169191,0.8238460467099926,42,cuda,True,None,renyi_normalize_squaring,5,1,1,passthrough,SA_VSA_OGM,0.25,0.1,32768
691,0.43621964532789526,0.9269032970413722,42,cuda,True,None,renyi_normalize_squaring,5,3,1,passthrough,SA_VSA_OGM,0.25,0.1,32768
692,0.4443044714758866,0.925930620263552,42,cuda,True,None,renyi_normalize_squaring,5,5,1,passthrough,SA_VSA_OGM,0.25,0.1,32768
693,0.46058145592643024,0.880212632886647,42,cuda,True,None,renyi_normalize_cubic,1,1,1,passthrough,SA_VSA_OGM,0.25,0.1,32768
694,0.4592367345923631,0.919337226469224,42,cuda,True,None,renyi_normalize_cubic,1,3,1,passthrough,SA_VSA_OGM,0.25,0.1,32768
695,0.46461210777851336,0.9286958048898332,42,cuda,True,None,renyi_normalize_cubic,1,5,1,passthrough,SA_VSA_OGM,0.25,0.1,32768
696,0.4310002476342521,0.8994524191781664,42,cuda,True,None,renyi_normalize_cubic,3,1,1,passthrough,SA_VSA_OGM,0.25,0.1,32768
697,0.3957783693846552,0.9298272902771892,42,cuda,True,None,renyi_normalize_cubic,3,3,1,passthrough,SA_VSA_OGM,0.25,0.1,32768
698,0.4064696611416124,0.9397586021982663,42,cuda,True,None,renyi_normalize_cubic,3,5,1,passthrough,SA_VSA_OGM,0.25,0.1,32768
699,0.5706102319412352,0.7650120255941969,42,cuda,True,None,renyi_normalize_cubic,5,1,1,passthrough,SA_VSA_OGM,0.25,0.1,32768
700,0.44303052550654487,0.928481265639744,42,cuda,True,None,renyi_normalize_cubic,5,3,1,passthrough,SA_VSA_OGM,0.25,0.1,32768
701,0.42863032991827094,0.9171099349040636,42,cuda,True,None,renyi_normalize_cubic,5,5,1,passthrough,SA_VSA_OGM,0.25,0.1,32768
702,0.4682776097965018,0.8991047414398308,42,cuda,True,None,renyi,1,1,1,passthrough,SA_VSA_OGM,0.25,0.2,32768
703,0.5135147769009438,0.9519224555495998,42,cuda,True,None,renyi,1,3,1,passthrough,SA_VSA_OGM,0.25,0.2,32768
704,0.5661355031542782,0.9488722524956112,42,cuda,True,None,renyi,1,5,1,passthrough,SA_VSA_OGM,0.25,0.2,32768
705,0.4313322948721724,0.9390727316200876,42,cuda,True,None,renyi,3,1,1,passthrough,SA_VSA_OGM,0.25,0.2,32768
706,0.34994590754893606,0.9493988470373974,42,cuda,True,None,renyi,3,3,1,passthrough,SA_VSA_OGM,0.25,0.2,32768
707,0.31826363385683476,0.9638588198362804,42,cuda,True,None,renyi,3,5,1,passthrough,SA_VSA_OGM,0.25,0.2,32768
708,0.4994547297065062,0.8957323156541206,42,cuda,True,None,renyi,5,1,1,passthrough,SA_VSA_OGM,0.25,0.2,32768
709,0.3716283246078042,0.9439326588736984,42,cuda,True,None,renyi,5,3,1,passthrough,SA_VSA_OGM,0.25,0.2,32768
710,0.36844799192219385,0.9589482387221492,42,cuda,True,None,renyi,5,5,1,passthrough,SA_VSA_OGM,0.25,0.2,32768
711,0.49584294933490086,0.8803356187770137,42,cuda,True,None,renyi_squaring,1,1,1,passthrough,SA_VSA_OGM,0.25,0.2,32768
712,0.4432891276668066,0.9034443834810624,42,cuda,True,None,renyi_squaring,1,3,1,passthrough,SA_VSA_OGM,0.25,0.2,32768
713,0.4986287872292832,0.9242079575929204,42,cuda,True,None,renyi_squaring,1,5,1,passthrough,SA_VSA_OGM,0.25,0.2,32768
714,0.5163806505693023,0.8709290464333903,42,cuda,True,None,renyi_squaring,3,1,1,passthrough,SA_VSA_OGM,0.25,0.2,32768
715,0.44152730113091915,0.9269921295389209,42,cuda,True,None,renyi_squaring,3,3,1,passthrough,SA_VSA_OGM,0.25,0.2,32768
716,0.4401585163444343,0.9130998545772214,42,cuda,True,None,renyi_squaring,3,5,1,passthrough,SA_VSA_OGM,0.25,0.2,32768
717,0.6766561152483211,0.8477816185966214,42,cuda,True,None,renyi_squaring,5,1,1,passthrough,SA_VSA_OGM,0.25,0.2,32768
718,0.5259147175541123,0.8996895386158428,42,cuda,True,None,renyi_squaring,5,3,1,passthrough,SA_VSA_OGM,0.25,0.2,32768
719,0.5245452076752479,0.8547245771241209,42,cuda,True,None,renyi_squaring,5,5,1,passthrough,SA_VSA_OGM,0.25,0.2,32768
720,17.648892361295303,0.5100097770326778,42,cuda,True,None,renyi_cubic,1,1,1,passthrough,SA_VSA_OGM,0.25,0.2,32768
721,17.64866006147872,0.5100099548491595,42,cuda,True,None,renyi_cubic,1,3,1,passthrough,SA_VSA_OGM,0.25,0.2,32768
722,17.536259358445157,0.5131012526818465,42,cuda,True,None,renyi_cubic,1,5,1,passthrough,SA_VSA_OGM,0.25,0.2,32768
723,16.17931894327235,0.5508015735506319,42,cuda,True,None,renyi_cubic,3,1,1,passthrough,SA_VSA_OGM,0.25,0.2,32768
724,17.149321705622015,0.5238533668787511,42,cuda,True,None,renyi_cubic,3,3,1,passthrough,SA_VSA_OGM,0.25,0.2,32768
725,16.18017473523447,0.5507786938896002,42,cuda,True,None,renyi_cubic,3,5,1,passthrough,SA_VSA_OGM,0.25,0.2,32768
726,16.37043448143572,0.528808469147029,42,cuda,True,None,renyi_cubic,5,1,1,passthrough,SA_VSA_OGM,0.25,0.2,32768
727,16.371519269326924,0.52877662728187,42,cuda,True,None,renyi_cubic,5,3,1,passthrough,SA_VSA_OGM,0.25,0.2,32768
728,18.00897161927576,0.5,42,cuda,True,None,renyi_cubic,5,5,1,passthrough,SA_VSA_OGM,0.25,0.2,32768
729,0.6671338000365963,0.6048292292109786,42,cuda,True,None,renyi_normalize,1,1,1,passthrough,SA_VSA_OGM,0.25,0.2,32768
730,0.7180684814964134,0.8274201949517442,42,cuda,True,None,renyi_normalize,1,3,1,passthrough,SA_VSA_OGM,0.25,0.2,32768
731,0.7059625623818974,0.9228230389474746,42,cuda,True,None,renyi_normalize,1,5,1,passthrough,SA_VSA_OGM,0.25,0.2,32768
732,0.6859869027377684,0.8984958103530136,42,cuda,True,None,renyi_normalize,3,1,1,passthrough,SA_VSA_OGM,0.25,0.2,32768
733,0.4759254510845747,0.935108465742456,42,cuda,True,None,renyi_normalize,3,3,1,passthrough,SA_VSA_OGM,0.25,0.2,32768
734,0.4378077717296543,0.923421689583826,42,cuda,True,None,renyi_normalize,3,5,1,passthrough,SA_VSA_OGM,0.25,0.2,32768
735,0.6429510604223488,0.8555420258512273,42,cuda,True,None,renyi_normalize,5,1,1,passthrough,SA_VSA_OGM,0.25,0.2,32768
736,0.4965361434772328,0.8968494953146328,42,cuda,True,None,renyi_normalize,5,3,1,passthrough,SA_VSA_OGM,0.25,0.2,32768
737,0.39689610132968073,0.9480941016949151,42,cuda,True,None,renyi_normalize,5,5,1,passthrough,SA_VSA_OGM,0.25,0.2,32768
738,0.32196333657289994,0.9521452447405944,42,cuda,True,None,renyi_normalize_squaring,1,1,1,passthrough,SA_VSA_OGM,0.25,0.2,32768
739,0.37542703466124383,0.963890451672714,42,cuda,True,None,renyi_normalize_squaring,1,3,1,passthrough,SA_VSA_OGM,0.25,0.2,32768
740,0.3791141744614712,0.9667004991773523,42,cuda,True,None,renyi_normalize_squaring,1,5,1,passthrough,SA_VSA_OGM,0.25,0.2,32768
741,0.3413409300124519,0.940648183157718,42,cuda,True,None,renyi_normalize_squaring,3,1,1,passthrough,SA_VSA_OGM,0.25,0.2,32768
742,0.31016622875146077,0.9604624349763868,42,cuda,True,None,renyi_normalize_squaring,3,3,1,passthrough,SA_VSA_OGM,0.25,0.2,32768
743,0.2988196821285646,0.9652095265752936,42,cuda,True,None,renyi_normalize_squaring,3,5,1,passthrough,SA_VSA_OGM,0.25,0.2,32768
744,0.3636551135836121,0.9447871469634592,42,cuda,True,None,renyi_normalize_squaring,5,1,1,passthrough,SA_VSA_OGM,0.25,0.2,32768
745,0.4132964280793032,0.9612736813990184,42,cuda,True,None,renyi_normalize_squaring,5,3,1,passthrough,SA_VSA_OGM,0.25,0.2,32768
746,0.47842695533857066,0.9553804327292964,42,cuda,True,None,renyi_normalize_squaring,5,5,1,passthrough,SA_VSA_OGM,0.25,0.2,32768
747,0.3401833107107512,0.9425965055967804,42,cuda,True,None,renyi_normalize_cubic,1,1,1,passthrough,SA_VSA_OGM,0.25,0.2,32768
748,0.29288728851963475,0.9653681663531082,42,cuda,True,None,renyi_normalize_cubic,1,3,1,passthrough,SA_VSA_OGM,0.25,0.2,32768
749,0.39765681974431494,0.964303518452044,42,cuda,True,None,renyi_normalize_cubic,1,5,1,passthrough,SA_VSA_OGM,0.25,0.2,32768
750,0.3244568285133932,0.9472717631731402,42,cuda,True,None,renyi_normalize_cubic,3,1,1,passthrough,SA_VSA_OGM,0.25,0.2,32768
751,0.3738133669950138,0.9562030516748824,42,cuda,True,None,renyi_normalize_cubic,3,3,1,passthrough,SA_VSA_OGM,0.25,0.2,32768
752,0.33657269522578287,0.9621413311960368,42,cuda,True,None,renyi_normalize_cubic,3,5,1,passthrough,SA_VSA_OGM,0.25,0.2,32768
753,0.3882948305954998,0.9164445113036874,42,cuda,True,None,renyi_normalize_cubic,5,1,1,passthrough,SA_VSA_OGM,0.25,0.2,32768
754,0.43328270235738287,0.9384959516387492,42,cuda,True,None,renyi_normalize_cubic,5,3,1,passthrough,SA_VSA_OGM,0.25,0.2,32768
755,0.40519762448521945,0.9433069126667658,42,cuda,True,None,renyi_normalize_cubic,5,5,1,passthrough,SA_VSA_OGM,0.25,0.2,32768
756,0.6106248226778754,0.7303707907387097,42,cuda,True,None,renyi,1,1,1,passthrough,SA_VSA_OGM,0.25,0.5,32768
757,0.8722490397293265,0.8731595946334167,42,cuda,True,None,renyi,1,3,1,passthrough,SA_VSA_OGM,0.25,0.5,32768
758,0.9756828531167228,0.9160726150670492,42,cuda,True,None,renyi,1,5,1,passthrough,SA_VSA_OGM,0.25,0.5,32768
759,0.7334051418684221,0.8973043553748824,42,cuda,True,None,renyi,3,1,1,passthrough,SA_VSA_OGM,0.25,0.5,32768
760,0.4130025634395152,0.9483572852514832,42,cuda,True,None,renyi,3,3,1,passthrough,SA_VSA_OGM,0.25,0.5,32768
761,0.4194879653785297,0.9560511359657482,42,cuda,True,None,renyi,3,5,1,passthrough,SA_VSA_OGM,0.25,0.5,32768
762,0.8804489468353317,0.8434304440289366,42,cuda,True,None,renyi,5,1,1,passthrough,SA_VSA_OGM,0.25,0.5,32768
763,0.4743613133474517,0.9106146272285078,42,cuda,True,None,renyi,5,3,1,passthrough,SA_VSA_OGM,0.25,0.5,32768
764,0.4023486002458703,0.9400283287325848,42,cuda,True,None,renyi,5,5,1,passthrough,SA_VSA_OGM,0.25,0.5,32768
765,0.35781646510410364,0.960147089925782,42,cuda,True,None,renyi_squaring,1,1,1,passthrough,SA_VSA_OGM,0.25,0.5,32768
766,0.26561769430192633,0.9648917172700008,42,cuda,True,None,renyi_squaring,1,3,1,passthrough,SA_VSA_OGM,0.25,0.5,32768
767,0.29619168753357317,0.9600962278054204,42,cuda,True,None,renyi_squaring,1,5,1,passthrough,SA_VSA_OGM,0.25,0.5,32768
768,0.3475872483279954,0.9464274574874444,42,cuda,True,None,renyi_squaring,3,1,1,passthrough,SA_VSA_OGM,0.25,0.5,32768
769,0.31551988438854905,0.951178591799595,42,cuda,True,None,renyi_squaring,3,3,1,passthrough,SA_VSA_OGM,0.25,0.5,32768
770,0.34526177192621677,0.9426288945836468,42,cuda,True,None,renyi_squaring,3,5,1,passthrough,SA_VSA_OGM,0.25,0.5,32768
771,0.4335826025687607,0.9116295024822404,42,cuda,True,None,renyi_squaring,5,1,1,passthrough,SA_VSA_OGM,0.25,0.5,32768
772,0.34455616801269584,0.942088218045742,42,cuda,True,None,renyi_squaring,5,3,1,passthrough,SA_VSA_OGM,0.25,0.5,32768
773,0.38311403120552945,0.925690503260606,42,cuda,True,None,renyi_squaring,5,5,1,passthrough,SA_VSA_OGM,0.25,0.5,32768
774,0.5718355879867434,0.7403010682215526,42,cuda,True,None,renyi_cubic,1,1,1,passthrough,SA_VSA_OGM,0.25,0.5,32768
775,0.6023044560709977,0.7856898361242002,42,cuda,True,None,renyi_cubic,1,3,1,passthrough,SA_VSA_OGM,0.25,0.5,32768
776,0.614053278377839,0.8265447714691443,42,cuda,True,None,renyi_cubic,1,5,1,passthrough,SA_VSA_OGM,0.25,0.5,32768
777,0.6071156605931148,0.8095070612151214,42,cuda,True,None,renyi_cubic,3,1,1,passthrough,SA_VSA_OGM,0.25,0.5,32768
778,0.6492590291605602,0.8163668559667425,42,cuda,True,None,renyi_cubic,3,3,1,passthrough,SA_VSA_OGM,0.25,0.5,32768
779,0.5795761714306652,0.8464990279006525,42,cuda,True,None,renyi_cubic,3,5,1,passthrough,SA_VSA_OGM,0.25,0.5,32768
780,0.9101213581407948,0.7714137651337059,42,cuda,True,None,renyi_cubic,5,1,1,passthrough,SA_VSA_OGM,0.25,0.5,32768
781,0.5803059638959971,0.8165120493361415,42,cuda,True,None,renyi_cubic,5,3,1,passthrough,SA_VSA_OGM,0.25,0.5,32768
782,0.49366040254493926,0.8506151751014986,42,cuda,True,None,renyi_cubic,5,5,1,passthrough,SA_VSA_OGM,0.25,0.5,32768
783,0.6895680810844924,0.5643136556933667,42,cuda,True,None,renyi_normalize,1,1,1,passthrough,SA_VSA_OGM,0.25,0.5,32768
784,1.0887703643254831,0.7566797125439463,42,cuda,True,None,renyi_normalize,1,3,1,passthrough,SA_VSA_OGM,0.25,0.5,32768
785,1.333718793020964,0.778181310505343,42,cuda,True,None,renyi_normalize,1,5,1,passthrough,SA_VSA_OGM,0.25,0.5,32768
786,0.8765716567056435,0.8097401250870342,42,cuda,True,None,renyi_normalize,3,1,1,passthrough,SA_VSA_OGM,0.25,0.5,32768
787,0.5651312403219739,0.8579293317874385,42,cuda,True,None,renyi_normalize,3,3,1,passthrough,SA_VSA_OGM,0.25,0.5,32768
788,0.5945465632126091,0.9183713230852952,42,cuda,True,None,renyi_normalize,3,5,1,passthrough,SA_VSA_OGM,0.25,0.5,32768
789,1.0695236973167377,0.8337082173284762,42,cuda,True,None,renyi_normalize,5,1,1,passthrough,SA_VSA_OGM,0.25,0.5,32768
790,0.5142079550972343,0.8789740901906786,42,cuda,True,None,renyi_normalize,5,3,1,passthrough,SA_VSA_OGM,0.25,0.5,32768
791,0.46391869998031143,0.9414204167040516,42,cuda,True,None,renyi_normalize,5,5,1,passthrough,SA_VSA_OGM,0.25,0.5,32768
792,0.3543820812142904,0.9514026760952726,42,cuda,True,None,renyi_normalize_squaring,1,1,1,passthrough,SA_VSA_OGM,0.25,0.5,32768
793,0.5517900253421525,0.9659575717065856,42,cuda,True,None,renyi_normalize_squaring,1,3,1,passthrough,SA_VSA_OGM,0.25,0.5,32768
794,0.5760159866696726,0.9703174169901694,42,cuda,True,None,renyi_normalize_squaring,1,5,1,passthrough,SA_VSA_OGM,0.25,0.5,32768
795,0.4137444806978672,0.947556158317078,42,cuda,True,None,renyi_normalize_squaring,3,1,1,passthrough,SA_VSA_OGM,0.25,0.5,32768
796,0.2585836304723197,0.9675110237174532,42,cuda,True,None,renyi_normalize_squaring,3,3,1,passthrough,SA_VSA_OGM,0.25,0.5,32768
797,0.28786436635362445,0.9606322180106508,42,cuda,True,None,renyi_normalize_squaring,3,5,1,passthrough,SA_VSA_OGM,0.25,0.5,32768
798,0.5109802890031248,0.9332445596864616,42,cuda,True,None,renyi_normalize_squaring,5,1,1,passthrough,SA_VSA_OGM,0.25,0.5,32768
799,0.3186336696423188,0.9500399349074976,42,cuda,True,None,renyi_normalize_squaring,5,3,1,passthrough,SA_VSA_OGM,0.25,0.5,32768
800,0.306201823929866,0.9587219954277308,42,cuda,True,None,renyi_normalize_squaring,5,5,1,passthrough,SA_VSA_OGM,0.25,0.5,32768
801,0.2934548244675026,0.9722266021458986,42,cuda,True,None,renyi_normalize_cubic,1,1,1,passthrough,SA_VSA_OGM,0.25,0.5,32768
802,0.2831121058264315,0.9688892193351856,42,cuda,True,None,renyi_normalize_cubic,1,3,1,passthrough,SA_VSA_OGM,0.25,0.5,32768
803,0.3094907586470678,0.967418536711948,42,cuda,True,None,renyi_normalize_cubic,1,5,1,passthrough,SA_VSA_OGM,0.25,0.5,32768
804,0.318121684906351,0.9635359726070568,42,cuda,True,None,renyi_normalize_cubic,3,1,1,passthrough,SA_VSA_OGM,0.25,0.5,32768
805,0.23708577352523863,0.9618168900357849,42,cuda,True,None,renyi_normalize_cubic,3,3,1,passthrough,SA_VSA_OGM,0.25,0.5,32768
806,0.25523075179464416,0.9585146966209124,42,cuda,True,None,renyi_normalize_cubic,3,5,1,passthrough,SA_VSA_OGM,0.25,0.5,32768
807,0.3569981827033796,0.9312363457237244,42,cuda,True,None,renyi_normalize_cubic,5,1,1,passthrough,SA_VSA_OGM,0.25,0.5,32768
808,0.312274012984666,0.9595232915166338,42,cuda,True,None,renyi_normalize_cubic,5,3,1,passthrough,SA_VSA_OGM,0.25,0.5,32768
809,0.3208400454476285,0.9477627485338986,42,cuda,True,None,renyi_normalize_cubic,5,5,1,passthrough,SA_VSA_OGM,0.25,0.5,32768
810,0.7050932546351567,0.5353908916625301,42,cuda,True,None,renyi,1,1,1,passthrough,SA_VSA_OGM,0.25,1.0,32768
811,1.1260479925098887,0.5508447142534248,42,cuda,True,None,renyi,1,3,1,passthrough,SA_VSA_OGM,0.25,1.0,32768
812,1.4091386235559438,0.6257362821615999,42,cuda,True,None,renyi,1,5,1,passthrough,SA_VSA_OGM,0.25,1.0,32768
813,0.9666467862814996,0.6364646091908885,42,cuda,True,None,renyi,3,1,1,passthrough,SA_VSA_OGM,0.25,1.0,32768
814,0.6287214286220938,0.7122347916106342,42,cuda,True,None,renyi,3,3,1,passthrough,SA_VSA_OGM,0.25,1.0,32768
815,0.6479627772254973,0.8354741864567596,42,cuda,True,None,renyi,3,5,1,passthrough,SA_VSA_OGM,0.25,1.0,32768
816,1.0651918964068412,0.7774519372798419,42,cuda,True,None,renyi,5,1,1,passthrough,SA_VSA_OGM,0.25,1.0,32768
817,0.6068727430446662,0.7418846926377094,42,cuda,True,None,renyi,5,3,1,passthrough,SA_VSA_OGM,0.25,1.0,32768
818,0.5520683491436372,0.8358789266020306,42,cuda,True,None,renyi,5,5,1,passthrough,SA_VSA_OGM,0.25,1.0,32768
819,0.5706133650608406,0.9078503903461184,42,cuda,True,None,renyi_squaring,1,1,1,passthrough,SA_VSA_OGM,0.25,1.0,32768
820,0.38366391877964007,0.9454752915751676,42,cuda,True,None,renyi_squaring,1,3,1,passthrough,SA_VSA_OGM,0.25,1.0,32768
821,0.431966094716057,0.9434705284234552,42,cuda,True,None,renyi_squaring,1,5,1,passthrough,SA_VSA_OGM,0.25,1.0,32768
822,0.4164941854728612,0.9299975535100908,42,cuda,True,None,renyi_squaring,3,1,1,passthrough,SA_VSA_OGM,0.25,1.0,32768
823,0.2808484997122252,0.9642813722045516,42,cuda,True,None,renyi_squaring,3,3,1,passthrough,SA_VSA_OGM,0.25,1.0,32768
824,0.27872566526631243,0.9584273390142872,42,cuda,True,None,renyi_squaring,3,5,1,passthrough,SA_VSA_OGM,0.25,1.0,32768
825,0.4911333647089333,0.9227143489579814,42,cuda,True,None,renyi_squaring,5,1,1,passthrough,SA_VSA_OGM,0.25,1.0,32768
826,0.32269746378749664,0.9486146028105488,42,cuda,True,None,renyi_squaring,5,3,1,passthrough,SA_VSA_OGM,0.25,1.0,32768
827,0.3159436077622843,0.9512938525585436,42,cuda,True,None,renyi_squaring,5,5,1,passthrough,SA_VSA_OGM,0.25,1.0,32768
828,0.4745553247508588,0.9184453290239613,42,cuda,True,None,renyi_cubic,1,1,1,passthrough,SA_VSA_OGM,0.25,1.0,32768
829,0.39060150812245226,0.9123122802756368,42,cuda,True,None,renyi_cubic,1,3,1,passthrough,SA_VSA_OGM,0.25,1.0,32768
830,0.3640369912460075,0.9198712064760112,42,cuda,True,None,renyi_cubic,1,5,1,passthrough,SA_VSA_OGM,0.25,1.0,32768
831,0.4631994838154025,0.923478150404161,42,cuda,True,None,renyi_cubic,3,1,1,passthrough,SA_VSA_OGM,0.25,1.0,32768
832,0.4609518693093344,0.9056083188171083,42,cuda,True,None,renyi_cubic,3,3,1,passthrough,SA_VSA_OGM,0.25,1.0,32768
833,0.37620362305244953,0.928090904016406,42,cuda,True,None,renyi_cubic,3,5,1,passthrough,SA_VSA_OGM,0.25,1.0,32768
834,0.5565025779793636,0.8940577981869794,42,cuda,True,None,renyi_cubic,5,1,1,passthrough,SA_VSA_OGM,0.25,1.0,32768
835,0.4254706598594918,0.911763163503916,42,cuda,True,None,renyi_cubic,5,3,1,passthrough,SA_VSA_OGM,0.25,1.0,32768
836,0.4093295236873752,0.92087340357514,42,cuda,True,None,renyi_cubic,5,5,1,passthrough,SA_VSA_OGM,0.25,1.0,32768
837,0.7170835256182948,0.49605955743858227,42,cuda,True,None,renyi_normalize,1,1,1,passthrough,SA_VSA_OGM,0.25,1.0,32768
838,1.1909461674242965,0.5345925746925141,42,cuda,True,None,renyi_normalize,1,3,1,passthrough,SA_VSA_OGM,0.25,1.0,32768
839,1.5176529567796888,0.6927119187500891,42,cuda,True,None,renyi_normalize,1,5,1,passthrough,SA_VSA_OGM,0.25,1.0,32768
840,0.9455467974391089,0.6336876208771274,42,cuda,True,None,renyi_normalize,3,1,1,passthrough,SA_VSA_OGM,0.25,1.0,32768
841,0.6673025189918602,0.6600718708865442,42,cuda,True,None,renyi_normalize,3,3,1,passthrough,SA_VSA_OGM,0.25,1.0,32768
842,0.9574588614616434,0.7292766748120755,42,cuda,True,None,renyi_normalize,3,5,1,passthrough,SA_VSA_OGM,0.25,1.0,32768
843,1.3856754466428378,0.7894002311459014,42,cuda,True,None,renyi_normalize,5,1,1,passthrough,SA_VSA_OGM,0.25,1.0,32768
844,0.658544319801965,0.7572362369146461,42,cuda,True,None,renyi_normalize,5,3,1,passthrough,SA_VSA_OGM,0.25,1.0,32768
845,0.5954296664266991,0.8074192507955645,42,cuda,True,None,renyi_normalize,5,5,1,passthrough,SA_VSA_OGM,0.25,1.0,32768
846,0.4991029862867316,0.8687241760656755,42,cuda,True,None,renyi_normalize_squaring,1,1,1,passthrough,SA_VSA_OGM,0.25,1.0,32768
847,0.786565645380766,0.9267570194713676,42,cuda,True,None,renyi_normalize_squaring,1,3,1,passthrough,SA_VSA_OGM,0.25,1.0,32768
848,0.9728324683019416,0.9686321634281114,42,cuda,True,None,renyi_normalize_squaring,1,5,1,passthrough,SA_VSA_OGM,0.25,1.0,32768
849,0.695733351104162,0.9368823284445296,42,cuda,True,None,renyi_normalize_squaring,3,1,1,passthrough,SA_VSA_OGM,0.25,1.0,32768
850,0.3308428408968953,0.9690061152025888,42,cuda,True,None,renyi_normalize_squaring,3,3,1,passthrough,SA_VSA_OGM,0.25,1.0,32768
851,0.32202956181238157,0.9666041023613094,42,cuda,True,None,renyi_normalize_squaring,3,5,1,passthrough,SA_VSA_OGM,0.25,1.0,32768
852,0.8909193111979853,0.8921650637174776,42,cuda,True,None,renyi_normalize_squaring,5,1,1,passthrough,SA_VSA_OGM,0.25,1.0,32768
853,0.3940024466645288,0.9582929503711376,42,cuda,True,None,renyi_normalize_squaring,5,3,1,passthrough,SA_VSA_OGM,0.25,1.0,32768
854,0.29814118625204933,0.9604410053972994,42,cuda,True,None,renyi_normalize_squaring,5,5,1,passthrough,SA_VSA_OGM,0.25,1.0,32768
855,0.5004787183372623,0.9311504373117604,42,cuda,True,None,renyi_normalize_cubic,1,1,1,passthrough,SA_VSA_OGM,0.25,1.0,32768
856,0.5244608874032436,0.9686961268769936,42,cuda,True,None,renyi_normalize_cubic,1,3,1,passthrough,SA_VSA_OGM,0.25,1.0,32768
857,0.5992465786030112,0.9623984856232324,42,cuda,True,None,renyi_normalize_cubic,1,5,1,passthrough,SA_VSA_OGM,0.25,1.0,32768
858,0.4664504363048399,0.9518331869553868,42,cuda,True,None,renyi_normalize_cubic,3,1,1,passthrough,SA_VSA_OGM,0.25,1.0,32768
859,0.24455289546189632,0.9655929925387076,42,cuda,True,None,renyi_normalize_cubic,3,3,1,passthrough,SA_VSA_OGM,0.25,1.0,32768
860,0.22563938791762353,0.9733441824589648,42,cuda,True,None,renyi_normalize_cubic,3,5,1,passthrough,SA_VSA_OGM,0.25,1.0,32768
861,0.613153104626216,0.9288475350379992,42,cuda,True,None,renyi_normalize_cubic,5,1,1,passthrough,SA_VSA_OGM,0.25,1.0,32768
862,0.30220819473789223,0.95539235117648,42,cuda,True,None,renyi_normalize_cubic,5,3,1,passthrough,SA_VSA_OGM,0.25,1.0,32768
863,0.27194889419317364,0.9618755853075692,42,cuda,True,None,renyi_normalize_cubic,5,5,1,passthrough,SA_VSA_OGM,0.25,1.0,32768
864,0.6259460794330495,0.7106956070786357,42,cuda,True,None,renyi,1,1,1,passthrough,SA_VSA_OGM,0.25,0.1,16384
865,0.5701109063051383,0.8538505909748417,42,cuda,True,None,renyi,1,3,1,passthrough,SA_VSA_OGM,0.25,0.1,16384
866,0.6134610453207467,0.8535300140076795,42,cuda,True,None,renyi,1,5,1,passthrough,SA_VSA_OGM,0.25,0.1,16384
867,0.6039132848552831,0.8055552105085348,42,cuda,True,None,renyi,3,1,1,passthrough,SA_VSA_OGM,0.25,0.1,16384
868,0.4564965758104642,0.912395246681533,42,cuda,True,None,renyi,3,3,1,passthrough,SA_VSA_OGM,0.25,0.1,16384
869,0.4380748494407457,0.9348134389806227,42,cuda,True,None,renyi,3,5,1,passthrough,SA_VSA_OGM,0.25,0.1,16384
870,0.6271711404361041,0.7167359374889357,42,cuda,True,None,renyi,5,1,1,passthrough,SA_VSA_OGM,0.25,0.1,16384
871,0.5042970022689064,0.8954843265616361,42,cuda,True,None,renyi,5,3,1,passthrough,SA_VSA_OGM,0.25,0.1,16384
872,0.46705469110736225,0.9351720845967304,42,cuda,True,None,renyi,5,5,1,passthrough,SA_VSA_OGM,0.25,0.1,16384
873,0.7158155724055801,0.5858111283599164,42,cuda,True,None,renyi_squaring,1,1,1,passthrough,SA_VSA_OGM,0.25,0.1,16384
874,0.6355688914250371,0.6598544209085995,42,cuda,True,None,renyi_squaring,1,3,1,passthrough,SA_VSA_OGM,0.25,0.1,16384
875,1.4189701595110138,0.6391249247388403,42,cuda,True,None,renyi_squaring,1,5,1,passthrough,SA_VSA_OGM,0.25,0.1,16384
876,0.744573331931189,0.6418652172364708,42,cuda,True,None,renyi_squaring,3,1,1,passthrough,SA_VSA_OGM,0.25,0.1,16384
877,0.6653757079307787,0.7252286289124908,42,cuda,True,None,renyi_squaring,3,3,1,passthrough,SA_VSA_OGM,0.25,0.1,16384
878,0.6155053029922095,0.7854115088858031,42,cuda,True,None,renyi_squaring,3,5,1,passthrough,SA_VSA_OGM,0.25,0.1,16384
879,0.8809725579963243,0.7048733129372394,42,cuda,True,None,renyi_squaring,5,1,1,passthrough,SA_VSA_OGM,0.25,0.1,16384
880,0.6800980401730681,0.7338422146735403,42,cuda,True,None,renyi_squaring,5,3,1,passthrough,SA_VSA_OGM,0.25,0.1,16384
881,1.077939569475909,0.7191897688963629,42,cuda,True,None,renyi_squaring,5,5,1,passthrough,SA_VSA_OGM,0.25,0.1,16384
882,18.016520154422004,0.5,42,cuda,True,None,renyi_cubic,1,1,1,passthrough,SA_VSA_OGM,0.25,0.1,16384
883,18.016526157295463,0.5,42,cuda,True,None,renyi_cubic,1,3,1,passthrough,SA_VSA_OGM,0.25,0.1,16384
884,18.016532146603105,0.5,42,cuda,True,None,renyi_cubic,1,5,1,passthrough,SA_VSA_OGM,0.25,0.1,16384
885,18.016131309147195,0.5,42,cuda,True,None,renyi_cubic,3,1,1,passthrough,SA_VSA_OGM,0.25,0.1,16384
886,18.016137730100308,0.5,42,cuda,True,None,renyi_cubic,3,3,1,passthrough,SA_VSA_OGM,0.25,0.1,16384
887,18.01634708509063,0.5,42,cuda,True,None,renyi_cubic,3,5,1,passthrough,SA_VSA_OGM,0.25,0.1,16384
888,18.016353248880808,0.5,42,cuda,True,None,renyi_cubic,5,1,1,passthrough,SA_VSA_OGM,0.25,0.1,16384
889,18.016156906385,0.5,42,cuda,True,None,renyi_cubic,5,3,1,passthrough,SA_VSA_OGM,0.25,0.1,16384
890,18.016163269783625,0.5,42,cuda,True,None,renyi_cubic,5,5,1,passthrough,SA_VSA_OGM,0.25,0.1,16384
891,0.6830280330838127,0.559761019672347,42,cuda,True,None,renyi_normalize,1,1,1,passthrough,SA_VSA_OGM,0.25,0.1,16384
892,0.7629759773377942,0.6609691736650033,42,cuda,True,None,renyi_normalize,1,3,1,passthrough,SA_VSA_OGM,0.25,0.1,16384
893,0.7587402972119436,0.8113969683869685,42,cuda,True,None,renyi_normalize,1,5,1,passthrough,SA_VSA_OGM,0.25,0.1,16384
894,0.7524324797408193,0.7352936523534581,42,cuda,True,None,renyi_normalize,3,1,1,passthrough,SA_VSA_OGM,0.25,0.1,16384
895,0.5964642844361457,0.7725023468954422,42,cuda,True,None,renyi_normalize,3,3,1,passthrough,SA_VSA_OGM,0.25,0.1,16384
896,0.6384015789175863,0.7573433696895976,42,cuda,True,None,renyi_normalize,3,5,1,passthrough,SA_VSA_OGM,0.25,0.1,16384
897,0.6983410280890996,0.6996271302181558,42,cuda,True,None,renyi_normalize,5,1,1,passthrough,SA_VSA_OGM,0.25,0.1,16384
898,0.5907130232501495,0.7577749291601603,42,cuda,True,None,renyi_normalize,5,3,1,passthrough,SA_VSA_OGM,0.25,0.1,16384
899,0.5532439305961725,0.8479951653514876,42,cuda,True,None,renyi_normalize,5,5,1,passthrough,SA_VSA_OGM,0.25,0.1,16384
900,0.586132102705065,0.7756257968690378,42,cuda,True,None,renyi_normalize_squaring,1,1,1,passthrough,SA_VSA_OGM,0.25,0.1,16384
901,0.5604306827103493,0.8796838480238762,42,cuda,True,None,renyi_normalize_squaring,1,3,1,passthrough,SA_VSA_OGM,0.25,0.1,16384
902,0.5087447877907789,0.8999829261614222,42,cuda,True,None,renyi_normalize_squaring,1,5,1,passthrough,SA_VSA_OGM,0.25,0.1,16384
903,0.5475695001033902,0.8226533861790601,42,cuda,True,None,renyi_normalize_squaring,3,1,1,passthrough,SA_VSA_OGM,0.25,0.1,16384
904,0.4534494708556869,0.9178356803350004,42,cuda,True,None,renyi_normalize_squaring,3,3,1,passthrough,SA_VSA_OGM,0.25,0.1,16384
905,0.49196088563001605,0.9222688857884908,42,cuda,True,None,renyi_normalize_squaring,3,5,1,passthrough,SA_VSA_OGM,0.25,0.1,16384
906,0.5722853541814862,0.7765708326758156,42,cuda,True,None,renyi_normalize_squaring,5,1,1,passthrough,SA_VSA_OGM,0.25,0.1,16384
907,0.6105785692941708,0.8370992608151169,42,cuda,True,None,renyi_normalize_squaring,5,3,1,passthrough,SA_VSA_OGM,0.25,0.1,16384
908,0.5447712828538402,0.9050278341337992,42,cuda,True,None,renyi_normalize_squaring,5,5,1,passthrough,SA_VSA_OGM,0.25,0.1,16384
909,0.5030057448147901,0.8503297750249028,42,cuda,True,None,renyi_normalize_cubic,1,1,1,passthrough,SA_VSA_OGM,0.25,0.1,16384
910,0.516131852023687,0.9090879057925616,42,cuda,True,None,renyi_normalize_cubic,1,3,1,passthrough,SA_VSA_OGM,0.25,0.1,16384
911,0.5112333499564974,0.930039084456898,42,cuda,True,None,renyi_normalize_cubic,1,5,1,passthrough,SA_VSA_OGM,0.25,0.1,16384
912,0.48729053602382055,0.8570613842107317,42,cuda,True,None,renyi_normalize_cubic,3,1,1,passthrough,SA_VSA_OGM,0.25,0.1,16384
913,0.42551543544362896,0.9368458099279084,42,cuda,True,None,renyi_normalize_cubic,3,3,1,passthrough,SA_VSA_OGM,0.25,0.1,16384
914,0.4220620331297803,0.9389201143178352,42,cuda,True,None,renyi_normalize_cubic,3,5,1,passthrough,SA_VSA_OGM,0.25,0.1,16384
915,0.5412778087167264,0.8044936369984607,42,cuda,True,None,renyi_normalize_cubic,5,1,1,passthrough,SA_VSA_OGM,0.25,0.1,16384
916,0.4435228796245396,0.9276138657637554,42,cuda,True,None,renyi_normalize_cubic,5,3,1,passthrough,SA_VSA_OGM,0.25,0.1,16384
917,0.4520266110688559,0.9203555580902886,42,cuda,True,None,renyi_normalize_cubic,5,5,1,passthrough,SA_VSA_OGM,0.25,0.1,16384
918,0.5411670133737836,0.8353711993094157,42,cuda,True,None,renyi,1,1,1,passthrough,SA_VSA_OGM,0.25,0.2,16384
919,0.546533950275931,0.9393801694193012,42,cuda,True,None,renyi,1,3,1,passthrough,SA_VSA_OGM,0.25,0.2,16384
920,0.5703379406238225,0.954248756242059,42,cuda,True,None,renyi,1,5,1,passthrough,SA_VSA_OGM,0.25,0.2,16384
921,0.4980002615694034,0.9196340553935348,42,cuda,True,None,renyi,3,1,1,passthrough,SA_VSA_OGM,0.25,0.2,16384
922,0.38239550575814085,0.956272197842432,42,cuda,True,None,renyi,3,3,1,passthrough,SA_VSA_OGM,0.25,0.2,16384
923,0.3603626755890275,0.9556532311710876,42,cuda,True,None,renyi,3,5,1,passthrough,SA_VSA_OGM,0.25,0.2,16384
924,0.5348917231904303,0.8716816814852708,42,cuda,True,None,renyi,5,1,1,passthrough,SA_VSA_OGM,0.25,0.2,16384
925,0.3941494784435922,0.9454124990875136,42,cuda,True,None,renyi,5,3,1,passthrough,SA_VSA_OGM,0.25,0.2,16384
926,0.37632477154199634,0.9571193254595732,42,cuda,True,None,renyi,5,5,1,passthrough,SA_VSA_OGM,0.25,0.2,16384
927,0.5252088936327272,0.8548540931781423,42,cuda,True,None,renyi_squaring,1,1,1,passthrough,SA_VSA_OGM,0.25,0.2,16384
928,0.4622512896147662,0.8947983402849838,42,cuda,True,None,renyi_squaring,1,3,1,passthrough,SA_VSA_OGM,0.25,0.2,16384
929,0.4973003466945857,0.8953086100910495,42,cuda,True,None,renyi_squaring,1,5,1,passthrough,SA_VSA_OGM,0.25,0.2,16384
930,0.5605300759797615,0.8811835236334052,42,cuda,True,None,renyi_squaring,3,1,1,passthrough,SA_VSA_OGM,0.25,0.2,16384
931,0.4685127723170576,0.9223002771494648,42,cuda,True,None,renyi_squaring,3,3,1,passthrough,SA_VSA_OGM,0.25,0.2,16384
932,0.4931343232239447,0.9015197410628764,42,cuda,True,None,renyi_squaring,3,5,1,passthrough,SA_VSA_OGM,0.25,0.2,16384
933,0.6371222363397522,0.8323588265221065,42,cuda,True,None,renyi_squaring,5,1,1,passthrough,SA_VSA_OGM,0.25,0.2,16384
934,0.5339998759899214,0.9056077413128264,42,cuda,True,None,renyi_squaring,5,3,1,passthrough,SA_VSA_OGM,0.25,0.2,16384
935,0.4909991596518859,0.8772417361743944,42,cuda,True,None,renyi_squaring,5,5,1,passthrough,SA_VSA_OGM,0.25,0.2,16384
936,17.25575480849212,0.5210437238810401,42,cuda,True,None,renyi_cubic,1,1,1,passthrough,SA_VSA_OGM,0.25,0.2,16384
937,17.173571205683558,0.523322423763844,42,cuda,True,None,renyi_cubic,1,3,1,passthrough,SA_VSA_OGM,0.25,0.2,16384
938,17.645652250241906,0.5102089572284817,42,cuda,True,None,renyi_cubic,1,5,1,passthrough,SA_VSA_OGM,0.25,0.2,16384
939,15.638727696544072,0.5659437332989999,42,cuda,True,None,renyi_cubic,3,1,1,passthrough,SA_VSA_OGM,0.25,0.2,16384
940,16.16659358945561,0.5512767920793183,42,cuda,True,None,renyi_cubic,3,3,1,passthrough,SA_VSA_OGM,0.25,0.2,16384
941,13.98145559092394,0.6119652053963773,42,cuda,True,None,renyi_cubic,3,5,1,passthrough,SA_VSA_OGM,0.25,0.2,16384
942,14.611546824725403,0.5522350208519812,42,cuda,True,None,renyi_cubic,5,1,1,passthrough,SA_VSA_OGM,0.25,0.2,16384
943,14.458457924163069,0.5665576173689962,42,cuda,True,None,renyi_cubic,5,3,1,passthrough,SA_VSA_OGM,0.25,0.2,16384
944,16.370686459345144,0.5290155432264992,42,cuda,True,None,renyi_cubic,5,5,1,passthrough,SA_VSA_OGM,0.25,0.2,16384
945,0.6567544765818336,0.6036391177364078,42,cuda,True,None,renyi_normalize,1,1,1,passthrough,SA_VSA_OGM,0.25,0.2,16384
946,0.6810469588582876,0.7721321887226746,42,cuda,True,None,renyi_normalize,1,3,1,passthrough,SA_VSA_OGM,0.25,0.2,16384
947,0.6878546468570709,0.90315036541974,42,cuda,True,None,renyi_normalize,1,5,1,passthrough,SA_VSA_OGM,0.25,0.2,16384
948,0.656519797289395,0.8521525603451626,42,cuda,True,None,renyi_normalize,3,1,1,passthrough,SA_VSA_OGM,0.25,0.2,16384
949,0.4999209663948605,0.8863742412905511,42,cuda,True,None,renyi_normalize,3,3,1,passthrough,SA_VSA_OGM,0.25,0.2,16384
950,0.4906461051214831,0.9253853870514128,42,cuda,True,None,renyi_normalize,3,5,1,passthrough,SA_VSA_OGM,0.25,0.2,16384
951,0.6847921750640017,0.8585421244027539,42,cuda,True,None,renyi_normalize,5,1,1,passthrough,SA_VSA_OGM,0.25,0.2,16384
952,0.5218308932902079,0.848281855180231,42,cuda,True,None,renyi_normalize,5,3,1,passthrough,SA_VSA_OGM,0.25,0.2,16384
953,0.4403309622864116,0.9075712930302108,42,cuda,True,None,renyi_normalize,5,5,1,passthrough,SA_VSA_OGM,0.25,0.2,16384
954,0.3864172684644242,0.9427928853837652,42,cuda,True,None,renyi_normalize_squaring,1,1,1,passthrough,SA_VSA_OGM,0.25,0.2,16384
955,0.4617989750608345,0.9608643075181168,42,cuda,True,None,renyi_normalize_squaring,1,3,1,passthrough,SA_VSA_OGM,0.25,0.2,16384
956,0.4222394177136751,0.9587661506414852,42,cuda,True,None,renyi_normalize_squaring,1,5,1,passthrough,SA_VSA_OGM,0.25,0.2,16384
957,0.3390473536843542,0.9450542807827228,42,cuda,True,None,renyi_normalize_squaring,3,1,1,passthrough,SA_VSA_OGM,0.25,0.2,16384
958,0.3760770755260503,0.9552811879120277,42,cuda,True,None,renyi_normalize_squaring,3,3,1,passthrough,SA_VSA_OGM,0.25,0.2,16384
959,0.41939812473494376,0.957248512285425,42,cuda,True,None,renyi_normalize_squaring,3,5,1,passthrough,SA_VSA_OGM,0.25,0.2,16384
960,0.4026753569063192,0.926267646297745,42,cuda,True,None,renyi_normalize_squaring,5,1,1,passthrough,SA_VSA_OGM,0.25,0.2,16384
961,0.4486798587649818,0.9494933867002602,42,cuda,True,None,renyi_normalize_squaring,5,3,1,passthrough,SA_VSA_OGM,0.25,0.2,16384
962,0.3988449952675324,0.9545354900590785,42,cuda,True,None,renyi_normalize_squaring,5,5,1,passthrough,SA_VSA_OGM,0.25,0.2,16384
963,0.40890617259840584,0.9428969819082929,42,cuda,True,None,renyi_normalize_cubic,1,1,1,passthrough,SA_VSA_OGM,0.25,0.2,16384
964,0.32849268522144737,0.9659917382845048,42,cuda,True,None,renyi_normalize_cubic,1,3,1,passthrough,SA_VSA_OGM,0.25,0.2,16384
965,0.3253222763207587,0.9656968675096836,42,cuda,True,None,renyi_normalize_cubic,1,5,1,passthrough,SA_VSA_OGM,0.25,0.2,16384
966,0.3946212509882269,0.920399961376762,42,cuda,True,None,renyi_normalize_cubic,3,1,1,passthrough,SA_VSA_OGM,0.25,0.2,16384
967,0.3386348531767221,0.9541517164273116,42,cuda,True,None,renyi_normalize_cubic,3,3,1,passthrough,SA_VSA_OGM,0.25,0.2,16384
968,0.3733656539819184,0.9502916751151552,42,cuda,True,None,renyi_normalize_cubic,3,5,1,passthrough,SA_VSA_OGM,0.25,0.2,16384
969,0.3999527992405047,0.9047606529992356,42,cuda,True,None,renyi_normalize_cubic,5,1,1,passthrough,SA_VSA_OGM,0.25,0.2,16384
970,0.41960549462944713,0.9434866001447232,42,cuda,True,None,renyi_normalize_cubic,5,3,1,passthrough,SA_VSA_OGM,0.25,0.2,16384
971,0.45799974211742794,0.9494807281467396,42,cuda,True,None,renyi_normalize_cubic,5,5,1,passthrough,SA_VSA_OGM,0.25,0.2,16384
972,0.620705169626842,0.7211238926666362,42,cuda,True,None,renyi,1,1,1,passthrough,SA_VSA_OGM,0.25,0.5,16384
973,0.9397150141250806,0.8298483518930273,42,cuda,True,None,renyi,1,3,1,passthrough,SA_VSA_OGM,0.25,0.5,16384
974,0.9583843869431388,0.900517961516272,42,cuda,True,None,renyi,1,5,1,passthrough,SA_VSA_OGM,0.25,0.5,16384
975,0.7810430931854022,0.8945604869440258,42,cuda,True,None,renyi,3,1,1,passthrough,SA_VSA_OGM,0.25,0.5,16384
976,0.42298145848744473,0.9341994855509476,42,cuda,True,None,renyi,3,3,1,passthrough,SA_VSA_OGM,0.25,0.5,16384
977,0.4265927273355369,0.950390770752955,42,cuda,True,None,renyi,3,5,1,passthrough,SA_VSA_OGM,0.25,0.5,16384
978,0.759621922755796,0.8692794326293454,42,cuda,True,None,renyi,5,1,1,passthrough,SA_VSA_OGM,0.25,0.5,16384
979,0.47303608345181,0.9113439270109932,42,cuda,True,None,renyi,5,3,1,passthrough,SA_VSA_OGM,0.25,0.5,16384
980,0.4139796159353136,0.9414393060117154,42,cuda,True,None,renyi,5,5,1,passthrough,SA_VSA_OGM,0.25,0.5,16384
981,0.32680850119201643,0.9605878337654308,42,cuda,True,None,renyi_squaring,1,1,1,passthrough,SA_VSA_OGM,0.25,0.5,16384
982,0.2617990788730676,0.9632417678019038,42,cuda,True,None,renyi_squaring,1,3,1,passthrough,SA_VSA_OGM,0.25,0.5,16384
983,0.26703903238929527,0.9691148486418952,42,cuda,True,None,renyi_squaring,1,5,1,passthrough,SA_VSA_OGM,0.25,0.5,16384
984,0.3534853898709184,0.9459404997957248,42,cuda,True,None,renyi_squaring,3,1,1,passthrough,SA_VSA_OGM,0.25,0.5,16384
985,0.30398943274931495,0.9496214394435232,42,cuda,True,None,renyi_squaring,3,3,1,passthrough,SA_VSA_OGM,0.25,0.5,16384
986,0.3072167810277753,0.9475690776050032,42,cuda,True,None,renyi_squaring,3,5,1,passthrough,SA_VSA_OGM,0.25,0.5,16384
987,0.4781375582357199,0.9100168800941482,42,cuda,True,None,renyi_squaring,5,1,1,passthrough,SA_VSA_OGM,0.25,0.5,16384
988,0.3953677843241512,0.9214382015673642,42,cuda,True,None,renyi_squaring,5,3,1,passthrough,SA_VSA_OGM,0.25,0.5,16384
989,0.37814240856313286,0.9298076433652716,42,cuda,True,None,renyi_squaring,5,5,1,passthrough,SA_VSA_OGM,0.25,0.5,16384
990,0.6411353044125673,0.7310124595177748,42,cuda,True,None,renyi_cubic,1,1,1,passthrough,SA_VSA_OGM,0.25,0.5,16384
991,0.6532885766362271,0.7985612909531454,42,cuda,True,None,renyi_cubic,1,3,1,passthrough,SA_VSA_OGM,0.25,0.5,16384
992,0.7592307586123161,0.7828205178739107,42,cuda,True,None,renyi_cubic,1,5,1,passthrough,SA_VSA_OGM,0.25,0.5,16384
993,0.7208308871448001,0.793294141595617,42,cuda,True,None,renyi_cubic,3,1,1,passthrough,SA_VSA_OGM,0.25,0.5,16384
994,0.5773955726555183,0.8149611866836763,42,cuda,True,None,renyi_cubic,3,3,1,passthrough,SA_VSA_OGM,0.25,0.5,16384
995,0.5288716064899125,0.8544227983702398,42,cuda,True,None,renyi_cubic,3,5,1,passthrough,SA_VSA_OGM,0.25,0.5,16384
996,0.8016811558569996,0.7962035530514929,42,cuda,True,None,renyi_cubic,5,1,1,passthrough,SA_VSA_OGM,0.25,0.5,16384
997,0.9250017774652493,0.8010579317770484,42,cuda,True,None,renyi_cubic,5,3,1,passthrough,SA_VSA_OGM,0.25,0.5,16384
998,0.5294806802778258,0.8220411004579653,42,cuda,True,None,renyi_cubic,5,5,1,passthrough,SA_VSA_OGM,0.25,0.5,16384
999,0.6709022689321574,0.5908852844566531,42,cuda,True,None,renyi_normalize,1,1,1,passthrough,SA_VSA_OGM,0.25,0.5,16384
1000,1.0213022658511997,0.6626079280938875,42,cuda,True,None,renyi_normalize,1,3,1,passthrough,SA_VSA_OGM,0.25,0.5,16384
1001,1.1922765673031064,0.9018446215114344,42,cuda,True,None,renyi_normalize,1,5,1,passthrough,SA_VSA_OGM,0.25,0.5,16384
1002,0.7323106253268906,0.8243230580131798,42,cuda,True,None,renyi_normalize,3,1,1,passthrough,SA_VSA_OGM,0.25,0.5,16384
1003,0.5285023764358052,0.8815341948990423,42,cuda,True,None,renyi_normalize,3,3,1,passthrough,SA_VSA_OGM,0.25,0.5,16384
1004,0.6021074612256031,0.9440777912918288,42,cuda,True,None,renyi_normalize,3,5,1,passthrough,SA_VSA_OGM,0.25,0.5,16384
1005,0.9065556837472882,0.8068051523482838,42,cuda,True,None,renyi_normalize,5,1,1,passthrough,SA_VSA_OGM,0.25,0.5,16384
1006,0.6039254356909725,0.885081944035957,42,cuda,True,None,renyi_normalize,5,3,1,passthrough,SA_VSA_OGM,0.25,0.5,16384
1007,0.47401630460334176,0.945700619243536,42,cuda,True,None,renyi_normalize,5,5,1,passthrough,SA_VSA_OGM,0.25,0.5,16384
1008,0.4100421028291216,0.927753507441407,42,cuda,True,None,renyi_normalize_squaring,1,1,1,passthrough,SA_VSA_OGM,0.25,0.5,16384
1009,0.4816415750324589,0.9725915530809384,42,cuda,True,None,renyi_normalize_squaring,1,3,1,passthrough,SA_VSA_OGM,0.25,0.5,16384
1010,0.5916152357306135,0.9663941315115132,42,cuda,True,None,renyi_normalize_squaring,1,5,1,passthrough,SA_VSA_OGM,0.25,0.5,16384
1011,0.46264462607292256,0.9475205090939924,42,cuda,True,None,renyi_normalize_squaring,3,1,1,passthrough,SA_VSA_OGM,0.25,0.5,16384
1012,0.28653567035570215,0.965321108097536,42,cuda,True,None,renyi_normalize_squaring,3,3,1,passthrough,SA_VSA_OGM,0.25,0.5,16384
1013,0.27493768929273754,0.961666844326886,42,cuda,True,None,renyi_normalize_squaring,3,5,1,passthrough,SA_VSA_OGM,0.25,0.5,16384
1014,0.5370632549486078,0.904437768511718,42,cuda,True,None,renyi_normalize_squaring,5,1,1,passthrough,SA_VSA_OGM,0.25,0.5,16384
1015,0.31908295139402176,0.9512783873908623,42,cuda,True,None,renyi_normalize_squaring,5,3,1,passthrough,SA_VSA_OGM,0.25,0.5,16384
1016,0.35066494248488445,0.9539604908801068,42,cuda,True,None,renyi_normalize_squaring,5,5,1,passthrough,SA_VSA_OGM,0.25,0.5,16384
1017,0.3563051510707501,0.9661753615233002,42,cuda,True,None,renyi_normalize_cubic,1,1,1,passthrough,SA_VSA_OGM,0.25,0.5,16384
1018,0.2993433036942819,0.9700997529300238,42,cuda,True,None,renyi_normalize_cubic,1,3,1,passthrough,SA_VSA_OGM,0.25,0.5,16384
1019,0.31095004609392113,0.9713579263122524,42,cuda,True,None,renyi_normalize_cubic,1,5,1,passthrough,SA_VSA_OGM,0.25,0.5,16384
1020,0.25576587832538306,0.9636659133152284,42,cuda,True,None,renyi_normalize_cubic,3,1,1,passthrough,SA_VSA_OGM,0.25,0.5,16384
1021,0.2401947033021971,0.9639192881002712,42,cuda,True,None,renyi_normalize_cubic,3,3,1,passthrough,SA_VSA_OGM,0.25,0.5,16384
1022,0.24986674114266016,0.9588821818563842,42,cuda,True,None,renyi_normalize_cubic,3,5,1,passthrough,SA_VSA_OGM,0.25,0.5,16384
1023,0.3736810790685732,0.9321159866309628,42,cuda,True,None,renyi_normalize_cubic,5,1,1,passthrough,SA_VSA_OGM,0.25,0.5,16384
1024,0.3260815735674716,0.944943763295944,42,cuda,True,None,renyi_normalize_cubic,5,3,1,passthrough,SA_VSA_OGM,0.25,0.5,16384
1025,0.3219067650937003,0.9597953518408786,42,cuda,True,None,renyi_normalize_cubic,5,5,1,passthrough,SA_VSA_OGM,0.25,0.5,16384
1026,0.7425696650431174,0.4495128573200417,42,cuda,True,None,renyi,1,1,1,passthrough,SA_VSA_OGM,0.25,1.0,16384
1027,1.1575828828726982,0.5522097629119004,42,cuda,True,None,renyi,1,3,1,passthrough,SA_VSA_OGM,0.25,1.0,16384
1028,1.3309595796906124,0.7151733403514129,42,cuda,True,None,renyi,1,5,1,passthrough,SA_VSA_OGM,0.25,1.0,16384
1029,1.0000303539345723,0.6874331513889926,42,cuda,True,None,renyi,3,1,1,passthrough,SA_VSA_OGM,0.25,1.0,16384
1030,0.6798285467194135,0.5787555111155365,42,cuda,True,None,renyi,3,3,1,passthrough,SA_VSA_OGM,0.25,1.0,16384
1031,0.6880253804278786,0.7699931274308376,42,cuda,True,None,renyi,3,5,1,passthrough,SA_VSA_OGM,0.25,1.0,16384
1032,1.0771745808767104,0.7529555526979366,42,cuda,True,None,renyi,5,1,1,passthrough,SA_VSA_OGM,0.25,1.0,16384
1033,0.6065877738499152,0.7723466577145572,42,cuda,True,None,renyi,5,3,1,passthrough,SA_VSA_OGM,0.25,1.0,16384
1034,0.5130523383946756,0.8640342353805015,42,cuda,True,None,renyi,5,5,1,passthrough,SA_VSA_OGM,0.25,1.0,16384
1035,0.4172301930589195,0.9001495236288428,42,cuda,True,None,renyi_squaring,1,1,1,passthrough,SA_VSA_OGM,0.25,1.0,16384
1036,0.3857427721885366,0.9406625007553374,42,cuda,True,None,renyi_squaring,1,3,1,passthrough,SA_VSA_OGM,0.25,1.0,16384
1037,0.43537775028760006,0.9382265603408764,42,cuda,True,None,renyi_squaring,1,5,1,passthrough,SA_VSA_OGM,0.25,1.0,16384
1038,0.40221197810525133,0.9479387001563436,42,cuda,True,None,renyi_squaring,3,1,1,passthrough,SA_VSA_OGM,0.25,1.0,16384
1039,0.2893643491219779,0.955654532078878,42,cuda,True,None,renyi_squaring,3,3,1,passthrough,SA_VSA_OGM,0.25,1.0,16384
1040,0.2695594678478652,0.9595102895162744,42,cuda,True,None,renyi_squaring,3,5,1,passthrough,SA_VSA_OGM,0.25,1.0,16384
1041,0.4986412024124963,0.9311413888069646,42,cuda,True,None,renyi_squaring,5,1,1,passthrough,SA_VSA_OGM,0.25,1.0,16384
1042,0.32955701045250035,0.953829336173901,42,cuda,True,None,renyi_squaring,5,3,1,passthrough,SA_VSA_OGM,0.25,1.0,16384
1043,0.31846969378244055,0.9503846803881236,42,cuda,True,None,renyi_squaring,5,5,1,passthrough,SA_VSA_OGM,0.25,1.0,16384
1044,0.5385708716343711,0.9151566197064548,42,cuda,True,None,renyi_cubic,1,1,1,passthrough,SA_VSA_OGM,0.25,1.0,16384
1045,0.4207067095964024,0.9121341985330425,42,cuda,True,None,renyi_cubic,1,3,1,passthrough,SA_VSA_OGM,0.25,1.0,16384
1046,0.4050447026635331,0.9182019775994508,42,cuda,True,None,renyi_cubic,1,5,1,passthrough,SA_VSA_OGM,0.25,1.0,16384
1047,0.48129399000574935,0.9077356838249786,42,cuda,True,None,renyi_cubic,3,1,1,passthrough,SA_VSA_OGM,0.25,1.0,16384
1048,0.3762053885745443,0.9267416742691152,42,cuda,True,None,renyi_cubic,3,3,1,passthrough,SA_VSA_OGM,0.25,1.0,16384
1049,0.3842245814219671,0.9114678815110766,42,cuda,True,None,renyi_cubic,3,5,1,passthrough,SA_VSA_OGM,0.25,1.0,16384
1050,0.5309164174396206,0.8858648755433387,42,cuda,True,None,renyi_cubic,5,1,1,passthrough,SA_VSA_OGM,0.25,1.0,16384
1051,0.4388145318225077,0.9025111955971352,42,cuda,True,None,renyi_cubic,5,3,1,passthrough,SA_VSA_OGM,0.25,1.0,16384
1052,0.3970225236119509,0.9217780062521868,42,cuda,True,None,renyi_cubic,5,5,1,passthrough,SA_VSA_OGM,0.25,1.0,16384
1053,0.704871737420994,0.508467972410136,42,cuda,True,None,renyi_normalize,1,1,1,passthrough,SA_VSA_OGM,0.25,1.0,16384
1054,1.2587378911881846,0.5098186478001956,42,cuda,True,None,renyi_normalize,1,3,1,passthrough,SA_VSA_OGM,0.25,1.0,16384
1055,1.6122998687648775,0.7247878360212239,42,cuda,True,None,renyi_normalize,1,5,1,passthrough,SA_VSA_OGM,0.25,1.0,16384
1056,0.8614044928331043,0.6213608684942237,42,cuda,True,None,renyi_normalize,3,1,1,passthrough,SA_VSA_OGM,0.25,1.0,16384
1057,0.7009921471586429,0.72165830235514,42,cuda,True,None,renyi_normalize,3,3,1,passthrough,SA_VSA_OGM,0.25,1.0,16384
1058,0.9556882296805972,0.7748811131675496,42,cuda,True,None,renyi_normalize,3,5,1,passthrough,SA_VSA_OGM,0.25,1.0,16384
1059,1.06292134879071,0.7669688268117696,42,cuda,True,None,renyi_normalize,5,1,1,passthrough,SA_VSA_OGM,0.25,1.0,16384
1060,0.6491556776314662,0.7524735551460975,42,cuda,True,None,renyi_normalize,5,3,1,passthrough,SA_VSA_OGM,0.25,1.0,16384
1061,0.5822095768361144,0.805591236990703,42,cuda,True,None,renyi_normalize,5,5,1,passthrough,SA_VSA_OGM,0.25,1.0,16384
1062,0.4877823531292417,0.8780765346184156,42,cuda,True,None,renyi_normalize_squaring,1,1,1,passthrough,SA_VSA_OGM,0.25,1.0,16384
1063,0.7776510043459436,0.951682861379714,42,cuda,True,None,renyi_normalize_squaring,1,3,1,passthrough,SA_VSA_OGM,0.25,1.0,16384
1064,1.005630976254123,0.9632587801974816,42,cuda,True,None,renyi_normalize_squaring,1,5,1,passthrough,SA_VSA_OGM,0.25,1.0,16384
1065,0.7463881458812955,0.9364727447273196,42,cuda,True,None,renyi_normalize_squaring,3,1,1,passthrough,SA_VSA_OGM,0.25,1.0,16384
1066,0.3386964576874534,0.9601534091798928,42,cuda,True,None,renyi_normalize_squaring,3,3,1,passthrough,SA_VSA_OGM,0.25,1.0,16384
1067,0.3365037579060165,0.9659690716986636,42,cuda,True,None,renyi_normalize_squaring,3,5,1,passthrough,SA_VSA_OGM,0.25,1.0,16384
1068,0.8547949368668984,0.9078400274854904,42,cuda,True,None,renyi_normalize_squaring,5,1,1,passthrough,SA_VSA_OGM,0.25,1.0,16384
1069,0.3914908385345041,0.95067975208418,42,cuda,True,None,renyi_normalize_squaring,5,3,1,passthrough,SA_VSA_OGM,0.25,1.0,16384
1070,0.2865089616266806,0.9660589701573588,42,cuda,True,None,renyi_normalize_squaring,5,5,1,passthrough,SA_VSA_OGM,0.25,1.0,16384
1071,0.48253496374806626,0.9248863230255286,42,cuda,True,None,renyi_normalize_cubic,1,1,1,passthrough,SA_VSA_OGM,0.25,1.0,16384
1072,0.603782497162399,0.9600385055351148,42,cuda,True,None,renyi_normalize_cubic,1,3,1,passthrough,SA_VSA_OGM,0.25,1.0,16384
1073,0.6037173053025011,0.9666264453672032,42,cuda,True,None,renyi_normalize_cubic,1,5,1,passthrough,SA_VSA_OGM,0.25,1.0,16384
1074,0.44516336044775673,0.961497470792664,42,cuda,True,None,renyi_normalize_cubic,3,1,1,passthrough,SA_VSA_OGM,0.25,1.0,16384
1075,0.22228844947318377,0.9745336799196792,42,cuda,True,None,renyi_normalize_cubic,3,3,1,passthrough,SA_VSA_OGM,0.25,1.0,16384
1076,0.2217935281183552,0.975433286075586,42,cuda,True,None,renyi_normalize_cubic,3,5,1,passthrough,SA_VSA_OGM,0.25,1.0,16384
1077,0.5853794282933568,0.9242141862524424,42,cuda,True,None,renyi_normalize_cubic,5,1,1,passthrough,SA_VSA_OGM,0.25,1.0,16384
1078,0.2971372230391648,0.9516041889474576,42,cuda,True,None,renyi_normalize_cubic,5,3,1,passthrough,SA_VSA_OGM,0.25,1.0,16384
1079,0.26873880546612816,0.9620351181855066,42,cuda,True,None,renyi_normalize_cubic,5,5,1,passthrough,SA_VSA_OGM,0.25,1.0,16384
1080,0.7035350132800982,0.5789703873031318,42,cuda,True,None,renyi,1,1,1,passthrough,SA_VSA_OGM,0.25,0.1,8192
1081,0.5927203463438201,0.7836896871616017,42,cuda,True,None,renyi,1,3,1,passthrough,SA_VSA_OGM,0.25,0.1,8192
1082,0.574427251187788,0.8184762716359897,42,cuda,True,None,renyi,1,5,1,passthrough,SA_VSA_OGM,0.25,0.1,8192
1083,0.5904883868956491,0.7765549341818128,42,cuda,True,None,renyi,3,1,1,passthrough,SA_VSA_OGM,0.25,0.1,8192
1084,0.5027138272116082,0.8822052024997424,42,cuda,True,None,renyi,3,3,1,passthrough,SA_VSA_OGM,0.25,0.1,8192
1085,0.4964471354990407,0.8826419920828976,42,cuda,True,None,renyi,3,5,1,passthrough,SA_VSA_OGM,0.25,0.1,8192
1086,0.6166341104391606,0.7176598002010908,42,cuda,True,None,renyi,5,1,1,passthrough,SA_VSA_OGM,0.25,0.1,8192
1087,0.5176259545263758,0.8727203421696861,42,cuda,True,None,renyi,5,3,1,passthrough,SA_VSA_OGM,0.25,0.1,8192
1088,0.47266650975989216,0.9095448729213704,42,cuda,True,None,renyi,5,5,1,passthrough,SA_VSA_OGM,0.25,0.1,8192
1089,0.7019292835475098,0.6407369756870799,42,cuda,True,None,renyi_squaring,1,1,1,passthrough,SA_VSA_OGM,0.25,0.1,8192
1090,0.7148665936658934,0.7118101472601509,42,cuda,True,None,renyi_squaring,1,3,1,passthrough,SA_VSA_OGM,0.25,0.1,8192
1091,0.9406136410946844,0.7520033616168402,42,cuda,True,None,renyi_squaring,1,5,1,passthrough,SA_VSA_OGM,0.25,0.1,8192
1092,0.8922349576312469,0.7173786900705412,42,cuda,True,None,renyi_squaring,3,1,1,passthrough,SA_VSA_OGM,0.25,0.1,8192
1093,1.1069592584667662,0.710088055038002,42,cuda,True,None,renyi_squaring,3,3,1,passthrough,SA_VSA_OGM,0.25,0.1,8192
1094,0.9099007274021198,0.755704686110316,42,cuda,True,None,renyi_squaring,3,5,1,passthrough,SA_VSA_OGM,0.25,0.1,8192
1095,1.2674900141786696,0.724655621777437,42,cuda,True,None,renyi_squaring,5,1,1,passthrough,SA_VSA_OGM,0.25,0.1,8192
1096,1.1424341007560488,0.6588452426887991,42,cuda,True,None,renyi_squaring,5,3,1,passthrough,SA_VSA_OGM,0.25,0.1,8192
1097,0.7176637988070689,0.7252220497515663,42,cuda,True,None,renyi_squaring,5,5,1,passthrough,SA_VSA_OGM,0.25,0.1,8192
1098,18.017235146356136,0.5,42,cuda,True,None,renyi_cubic,1,1,1,passthrough,SA_VSA_OGM,0.25,0.1,8192
1099,18.017730824855263,0.5,42,cuda,True,None,renyi_cubic,1,3,1,passthrough,SA_VSA_OGM,0.25,0.1,8192
1100,18.01757085900854,0.5,42,cuda,True,None,renyi_cubic,1,5,1,passthrough,SA_VSA_OGM,0.25,0.1,8192
1101,18.017901795822915,0.5,42,cuda,True,None,renyi_cubic,3,1,1,passthrough,SA_VSA_OGM,0.25,0.1,8192
1102,18.017905354207983,0.5,42,cuda,True,None,renyi_cubic,3,3,1,passthrough,SA_VSA_OGM,0.25,0.1,8192
1103,18.018235388514366,0.5,42,cuda,True,None,renyi_cubic,3,5,1,passthrough,SA_VSA_OGM,0.25,0.1,8192
1104,18.018075545110836,0.5,42,cuda,True,None,renyi_cubic,5,1,1,passthrough,SA_VSA_OGM,0.25,0.1,8192
1105,18.01824188273868,0.5,42,cuda,True,None,renyi_cubic,5,3,1,passthrough,SA_VSA_OGM,0.25,0.1,8192
1106,18.018245121051073,0.5,42,cuda,True,None,renyi_cubic,5,5,1,passthrough,SA_VSA_OGM,0.25,0.1,8192
1107,0.694485120338636,0.5308904606098293,42,cuda,True,None,renyi_normalize,1,1,1,passthrough,SA_VSA_OGM,0.25,0.1,8192
1108,0.7875846984718329,0.5861863879926754,42,cuda,True,None,renyi_normalize,1,3,1,passthrough,SA_VSA_OGM,0.25,0.1,8192
1109,0.76960490910844,0.7325977050220998,42,cuda,True,None,renyi_normalize,1,5,1,passthrough,SA_VSA_OGM,0.25,0.1,8192
1110,0.7015621488714395,0.6581880179561312,42,cuda,True,None,renyi_normalize,3,1,1,passthrough,SA_VSA_OGM,0.25,0.1,8192
1111,0.6584875473904043,0.6498012428013491,42,cuda,True,None,renyi_normalize,3,3,1,passthrough,SA_VSA_OGM,0.25,0.1,8192
1112,0.6595549754552673,0.7232546449273545,42,cuda,True,None,renyi_normalize,3,5,1,passthrough,SA_VSA_OGM,0.25,0.1,8192
1113,0.7445327536833448,0.7504793462125614,42,cuda,True,None,renyi_normalize,5,1,1,passthrough,SA_VSA_OGM,0.25,0.1,8192
1114,0.6632945165168878,0.6510475224440229,42,cuda,True,None,renyi_normalize,5,3,1,passthrough,SA_VSA_OGM,0.25,0.1,8192
1115,0.6024528327033956,0.7498176016348255,42,cuda,True,None,renyi_normalize,5,5,1,passthrough,SA_VSA_OGM,0.25,0.1,8192
1116,0.6260734916925043,0.7187441542220094,42,cuda,True,None,renyi_normalize_squaring,1,1,1,passthrough,SA_VSA_OGM,0.25,0.1,8192
1117,0.6683489062835727,0.7886401282494557,42,cuda,True,None,renyi_normalize_squaring,1,3,1,passthrough,SA_VSA_OGM,0.25,0.1,8192
1118,0.563983740476394,0.8596087849272807,42,cuda,True,None,renyi_normalize_squaring,1,5,1,passthrough,SA_VSA_OGM,0.25,0.1,8192
1119,0.5529638563237609,0.8272718577073648,42,cuda,True,None,renyi_normalize_squaring,3,1,1,passthrough,SA_VSA_OGM,0.25,0.1,8192
1120,0.5623417434508153,0.8573625451515027,42,cuda,True,None,renyi_normalize_squaring,3,3,1,passthrough,SA_VSA_OGM,0.25,0.1,8192
1121,0.5624518866202295,0.8915328363198036,42,cuda,True,None,renyi_normalize_squaring,3,5,1,passthrough,SA_VSA_OGM,0.25,0.1,8192
1122,0.6068884963324042,0.7588733165852698,42,cuda,True,None,renyi_normalize_squaring,5,1,1,passthrough,SA_VSA_OGM,0.25,0.1,8192
1123,0.5620601079280071,0.8458409205270665,42,cuda,True,None,renyi_normalize_squaring,5,3,1,passthrough,SA_VSA_OGM,0.25,0.1,8192
1124,0.5349705797595713,0.8785305378187016,42,cuda,True,None,renyi_normalize_squaring,5,5,1,passthrough,SA_VSA_OGM,0.25,0.1,8192
1125,0.6157994393704174,0.7834096958766631,42,cuda,True,None,renyi_normalize_cubic,1,1,1,passthrough,SA_VSA_OGM,0.25,0.1,8192
1126,0.6001183499535937,0.8104807012844264,42,cuda,True,None,renyi_normalize_cubic,1,3,1,passthrough,SA_VSA_OGM,0.25,0.1,8192
1127,0.5691125435678324,0.8844536459819257,42,cuda,True,None,renyi_normalize_cubic,1,5,1,passthrough,SA_VSA_OGM,0.25,0.1,8192
1128,0.5766826888204686,0.7696287849132564,42,cuda,True,None,renyi_normalize_cubic,3,1,1,passthrough,SA_VSA_OGM,0.25,0.1,8192
1129,0.45245487919349914,0.902026563925911,42,cuda,True,None,renyi_normalize_cubic,3,3,1,passthrough,SA_VSA_OGM,0.25,0.1,8192
1130,0.5412602019302317,0.883404871383759,42,cuda,True,None,renyi_normalize_cubic,3,5,1,passthrough,SA_VSA_OGM,0.25,0.1,8192
1131,0.5848213455722577,0.7580061069256949,42,cuda,True,None,renyi_normalize_cubic,5,1,1,passthrough,SA_VSA_OGM,0.25,0.1,8192
1132,0.5981259015824224,0.8433271120247541,42,cuda,True,None,renyi_normalize_cubic,5,3,1,passthrough,SA_VSA_OGM,0.25,0.1,8192
1133,0.4972273749622548,0.8798811719418969,42,cuda,True,None,renyi_normalize_cubic,5,5,1,passthrough,SA_VSA_OGM,0.25,0.1,8192
1134,0.5627342892779791,0.8141594583392151,42,cuda,True,None,renyi,1,1,1,passthrough,SA_VSA_OGM,0.25,0.2,8192
1135,0.6030122024477026,0.9073076675530768,42,cuda,True,None,renyi,1,3,1,passthrough,SA_VSA_OGM,0.25,0.2,8192
1136,0.6005769917575239,0.9067136691977864,42,cuda,True,None,renyi,1,5,1,passthrough,SA_VSA_OGM,0.25,0.2,8192
1137,0.5515267736262378,0.8949806309676616,42,cuda,True,None,renyi,3,1,1,passthrough,SA_VSA_OGM,0.25,0.2,8192
1138,0.41520340529740224,0.9458332699694189,42,cuda,True,None,renyi,3,3,1,passthrough,SA_VSA_OGM,0.25,0.2,8192
1139,0.3803116501833276,0.937050452811716,42,cuda,True,None,renyi,3,5,1,passthrough,SA_VSA_OGM,0.25,0.2,8192
1140,0.5760068124880806,0.8393939335031619,42,cuda,True,None,renyi,5,1,1,passthrough,SA_VSA_OGM,0.25,0.2,8192
1141,0.437810119283172,0.9186355836524654,42,cuda,True,None,renyi,5,3,1,passthrough,SA_VSA_OGM,0.25,0.2,8192
1142,0.4155693394540618,0.9154076713116868,42,cuda,True,None,renyi,5,5,1,passthrough,SA_VSA_OGM,0.25,0.2,8192
1143,0.5031084161385527,0.8832795203745448,42,cuda,True,None,renyi_squaring,1,1,1,passthrough,SA_VSA_OGM,0.25,0.2,8192
1144,0.44274883133111936,0.9103084183436072,42,cuda,True,None,renyi_squaring,1,3,1,passthrough,SA_VSA_OGM,0.25,0.2,8192
1145,0.4320551637800955,0.9288620959897887,42,cuda,True,None,renyi_squaring,1,5,1,passthrough,SA_VSA_OGM,0.25,0.2,8192
1146,0.4860057939633892,0.9063509607001892,42,cuda,True,None,renyi_squaring,3,1,1,passthrough,SA_VSA_OGM,0.25,0.2,8192
1147,0.4404509092892129,0.9161904491787524,42,cuda,True,None,renyi_squaring,3,3,1,passthrough,SA_VSA_OGM,0.25,0.2,8192
1148,0.4145279003226205,0.9063796167392134,42,cuda,True,None,renyi_squaring,3,5,1,passthrough,SA_VSA_OGM,0.25,0.2,8192
1149,0.6681709321664426,0.8201869380285577,42,cuda,True,None,renyi_squaring,5,1,1,passthrough,SA_VSA_OGM,0.25,0.2,8192
1150,0.5287042317781643,0.9047026876948876,42,cuda,True,None,renyi_squaring,5,3,1,passthrough,SA_VSA_OGM,0.25,0.2,8192
1151,0.4951879082334407,0.8859345158826557,42,cuda,True,None,renyi_squaring,5,5,1,passthrough,SA_VSA_OGM,0.25,0.2,8192
1152,17.2662541859593,0.5208690664452953,42,cuda,True,None,renyi_cubic,1,1,1,passthrough,SA_VSA_OGM,0.25,0.2,8192
1153,16.527139490974346,0.5413789398707727,42,cuda,True,None,renyi_cubic,1,3,1,passthrough,SA_VSA_OGM,0.25,0.2,8192
1154,16.33495250932158,0.5467240627941474,42,cuda,True,None,renyi_cubic,1,5,1,passthrough,SA_VSA_OGM,0.25,0.2,8192
1155,17.15238268525448,0.524041312934511,42,cuda,True,None,renyi_cubic,3,1,1,passthrough,SA_VSA_OGM,0.25,0.2,8192
1156,16.16668446523971,0.5514044127067685,42,cuda,True,None,renyi_cubic,3,3,1,passthrough,SA_VSA_OGM,0.25,0.2,8192
1157,17.152950542263923,0.5240377751339274,42,cuda,True,None,renyi_cubic,3,5,1,passthrough,SA_VSA_OGM,0.25,0.2,8192
1158,14.719745584269438,0.5490869396068571,42,cuda,True,None,renyi_cubic,5,1,1,passthrough,SA_VSA_OGM,0.25,0.2,8192
1159,14.455188259038538,0.5668659674245373,42,cuda,True,None,renyi_cubic,5,3,1,passthrough,SA_VSA_OGM,0.25,0.2,8192
1160,13.051538425452549,0.5838154464287005,42,cuda,True,None,renyi_cubic,5,5,1,passthrough,SA_VSA_OGM,0.25,0.2,8192
1161,0.6763866963739479,0.5789370514511656,42,cuda,True,None,renyi_normalize,1,1,1,passthrough,SA_VSA_OGM,0.25,0.2,8192
1162,0.7159540607041128,0.7076010328892953,42,cuda,True,None,renyi_normalize,1,3,1,passthrough,SA_VSA_OGM,0.25,0.2,8192
1163,0.7986468295706394,0.8360147702702887,42,cuda,True,None,renyi_normalize,1,5,1,passthrough,SA_VSA_OGM,0.25,0.2,8192
1164,0.6974715022438355,0.8392874308134305,42,cuda,True,None,renyi_normalize,3,1,1,passthrough,SA_VSA_OGM,0.25,0.2,8192
1165,0.4966124493032033,0.9058922490359248,42,cuda,True,None,renyi_normalize,3,3,1,passthrough,SA_VSA_OGM,0.25,0.2,8192
1166,0.596619540020643,0.8724261408195408,42,cuda,True,None,renyi_normalize,3,5,1,passthrough,SA_VSA_OGM,0.25,0.2,8192
1167,0.7111434927795874,0.8146964172277895,42,cuda,True,None,renyi_normalize,5,1,1,passthrough,SA_VSA_OGM,0.25,0.2,8192
1168,0.5419716224038158,0.835396884856848,42,cuda,True,None,renyi_normalize,5,3,1,passthrough,SA_VSA_OGM,0.25,0.2,8192
1169,0.4836947599923191,0.9079205884233816,42,cuda,True,None,renyi_normalize,5,5,1,passthrough,SA_VSA_OGM,0.25,0.2,8192
1170,0.4223409210288129,0.9181740224404428,42,cuda,True,None,renyi_normalize_squaring,1,1,1,passthrough,SA_VSA_OGM,0.25,0.2,8192
1171,0.47778924276214646,0.9485454338889816,42,cuda,True,None,renyi_normalize_squaring,1,3,1,passthrough,SA_VSA_OGM,0.25,0.2,8192
1172,0.548339593981074,0.9198008666485712,42,cuda,True,None,renyi_normalize_squaring,1,5,1,passthrough,SA_VSA_OGM,0.25,0.2,8192
1173,0.544680290801371,0.834790631357906,42,cuda,True,None,renyi_normalize_squaring,3,1,1,passthrough,SA_VSA_OGM,0.25,0.2,8192
1174,0.374326200941718,0.9484139695856324,42,cuda,True,None,renyi_normalize_squaring,3,3,1,passthrough,SA_VSA_OGM,0.25,0.2,8192
1175,0.4846210466216059,0.9349254664101848,42,cuda,True,None,renyi_normalize_squaring,3,5,1,passthrough,SA_VSA_OGM,0.25,0.2,8192
1176,0.45334251458838226,0.9125489875771416,42,cuda,True,None,renyi_normalize_squaring,5,1,1,passthrough,SA_VSA_OGM,0.25,0.2,8192
1177,0.393740144879604,0.9524498272518248,42,cuda,True,None,renyi_normalize_squaring,5,3,1,passthrough,SA_VSA_OGM,0.25,0.2,8192
1178,0.45559507141914657,0.9370222908085232,42,cuda,True,None,renyi_normalize_squaring,5,5,1,passthrough,SA_VSA_OGM,0.25,0.2,8192
1179,0.42790580862128585,0.944162224171422,42,cuda,True,None,renyi_normalize_cubic,1,1,1,passthrough,SA_VSA_OGM,0.25,0.2,8192
1180,0.4188530995418148,0.9634374530068897,42,cuda,True,None,renyi_normalize_cubic,1,3,1,passthrough,SA_VSA_OGM,0.25,0.2,8192
1181,0.40662157773413465,0.9531282299175916,42,cuda,True,None,renyi_normalize_cubic,1,5,1,passthrough,SA_VSA_OGM,0.25,0.2,8192
1182,0.3749200998622372,0.9315546819292412,42,cuda,True,None,renyi_normalize_cubic,3,1,1,passthrough,SA_VSA_OGM,0.25,0.2,8192
1183,0.3939173037523086,0.94124803491878,42,cuda,True,None,renyi_normalize_cubic,3,3,1,passthrough,SA_VSA_OGM,0.25,0.2,8192
1184,0.31686056656908057,0.9462754012543332,42,cuda,True,None,renyi_normalize_cubic,3,5,1,passthrough,SA_VSA_OGM,0.25,0.2,8192
1185,0.4333497870056997,0.9002784785145886,42,cuda,True,None,renyi_normalize_cubic,5,1,1,passthrough,SA_VSA_OGM,0.25,0.2,8192
1186,0.4218560596403717,0.91370676023204,42,cuda,True,None,renyi_normalize_cubic,5,3,1,passthrough,SA_VSA_OGM,0.25,0.2,8192
1187,0.5064007910927218,0.9252923063223488,42,cuda,True,None,renyi_normalize_cubic,5,5,1,passthrough,SA_VSA_OGM,0.25,0.2,8192
1188,0.6189708488416896,0.7213771073555747,42,cuda,True,None,renyi,1,1,1,passthrough,SA_VSA_OGM,0.25,0.5,8192
1189,0.7776777543870725,0.8609046355249954,42,cuda,True,None,renyi,1,3,1,passthrough,SA_VSA_OGM,0.25,0.5,8192
1190,0.89194460561832,0.8960074791679695,42,cuda,True,None,renyi,1,5,1,passthrough,SA_VSA_OGM,0.25,0.5,8192
1191,0.7378979183089797,0.8540281170363511,42,cuda,True,None,renyi,3,1,1,passthrough,SA_VSA_OGM,0.25,0.5,8192
1192,0.44702158731185815,0.9379297959292768,42,cuda,True,None,renyi,3,3,1,passthrough,SA_VSA_OGM,0.25,0.5,8192
1193,0.41413591510331826,0.94354459939056,42,cuda,True,None,renyi,3,5,1,passthrough,SA_VSA_OGM,0.25,0.5,8192
1194,0.919898497706072,0.8347616453790897,42,cuda,True,None,renyi,5,1,1,passthrough,SA_VSA_OGM,0.25,0.5,8192
1195,0.47841885061288125,0.9013065434814648,42,cuda,True,None,renyi,5,3,1,passthrough,SA_VSA_OGM,0.25,0.5,8192
1196,0.4077512430620003,0.9480909742896017,42,cuda,True,None,renyi,5,5,1,passthrough,SA_VSA_OGM,0.25,0.5,8192
1197,0.5235868257712736,0.955369410557642,42,cuda,True,None,renyi_squaring,1,1,1,passthrough,SA_VSA_OGM,0.25,0.5,8192
1198,0.3481081177859107,0.9584094563072468,42,cuda,True,None,renyi_squaring,1,3,1,passthrough,SA_VSA_OGM,0.25,0.5,8192
1199,0.2675899892688799,0.961539137975433,42,cuda,True,None,renyi_squaring,1,5,1,passthrough,SA_VSA_OGM,0.25,0.5,8192
1200,0.36085795332433707,0.9404996110339608,42,cuda,True,None,renyi_squaring,3,1,1,passthrough,SA_VSA_OGM,0.25,0.5,8192
1201,0.3092812945321393,0.9430245087825851,42,cuda,True,None,renyi_squaring,3,3,1,passthrough,SA_VSA_OGM,0.25,0.5,8192
1202,0.3071483833228021,0.945918447084023,42,cuda,True,None,renyi_squaring,3,5,1,passthrough,SA_VSA_OGM,0.25,0.5,8192
1203,0.4231190545665453,0.9204432364414872,42,cuda,True,None,renyi_squaring,5,1,1,passthrough,SA_VSA_OGM,0.25,0.5,8192
1204,0.3639421511669992,0.9375205815156116,42,cuda,True,None,renyi_squaring,5,3,1,passthrough,SA_VSA_OGM,0.25,0.5,8192
1205,0.37619959654315127,0.9241440405322522,42,cuda,True,None,renyi_squaring,5,5,1,passthrough,SA_VSA_OGM,0.25,0.5,8192
1206,0.5671800782723938,0.7490252383857932,42,cuda,True,None,renyi_cubic,1,1,1,passthrough,SA_VSA_OGM,0.25,0.5,8192
1207,0.6110281733960046,0.7803495367894331,42,cuda,True,None,renyi_cubic,1,3,1,passthrough,SA_VSA_OGM,0.25,0.5,8192
1208,0.6544272960441441,0.8431159893312585,42,cuda,True,None,renyi_cubic,1,5,1,passthrough,SA_VSA_OGM,0.25,0.5,8192
1209,0.5918344230143852,0.8147761031915688,42,cuda,True,None,renyi_cubic,3,1,1,passthrough,SA_VSA_OGM,0.25,0.5,8192
1210,0.5452841041000926,0.8631932929851323,42,cuda,True,None,renyi_cubic,3,3,1,passthrough,SA_VSA_OGM,0.25,0.5,8192
1211,0.5390606160041593,0.8660328945992801,42,cuda,True,None,renyi_cubic,3,5,1,passthrough,SA_VSA_OGM,0.25,0.5,8192
1212,0.6427019043603094,0.8176420732500036,42,cuda,True,None,renyi_cubic,5,1,1,passthrough,SA_VSA_OGM,0.25,0.5,8192
1213,0.6398590632053389,0.8118150738114112,42,cuda,True,None,renyi_cubic,5,3,1,passthrough,SA_VSA_OGM,0.25,0.5,8192
1214,0.5682983059280327,0.8230123159859777,42,cuda,True,None,renyi_cubic,5,5,1,passthrough,SA_VSA_OGM,0.25,0.5,8192
1215,0.6844027096388737,0.5694874406831595,42,cuda,True,None,renyi_normalize,1,1,1,passthrough,SA_VSA_OGM,0.25,0.5,8192
1216,0.8807325318214573,0.6781057449719244,42,cuda,True,None,renyi_normalize,1,3,1,passthrough,SA_VSA_OGM,0.25,0.5,8192
1217,1.1217765581610362,0.7920535947551721,42,cuda,True,None,renyi_normalize,1,5,1,passthrough,SA_VSA_OGM,0.25,0.5,8192
1218,0.7097727275224075,0.7967038083369051,42,cuda,True,None,renyi_normalize,3,1,1,passthrough,SA_VSA_OGM,0.25,0.5,8192
1219,0.5801665924798316,0.8299653334941677,42,cuda,True,None,renyi_normalize,3,3,1,passthrough,SA_VSA_OGM,0.25,0.5,8192
1220,0.6009575866237686,0.9346493558645714,42,cuda,True,None,renyi_normalize,3,5,1,passthrough,SA_VSA_OGM,0.25,0.5,8192
1221,0.7558561558418624,0.817201805329284,42,cuda,True,None,renyi_normalize,5,1,1,passthrough,SA_VSA_OGM,0.25,0.5,8192
1222,0.5686658025154393,0.8685693632394933,42,cuda,True,None,renyi_normalize,5,3,1,passthrough,SA_VSA_OGM,0.25,0.5,8192
1223,0.4587230585648847,0.9178020150397526,42,cuda,True,None,renyi_normalize,5,5,1,passthrough,SA_VSA_OGM,0.25,0.5,8192
1224,0.4394147021129208,0.9182177386969944,42,cuda,True,None,renyi_normalize_squaring,1,1,1,passthrough,SA_VSA_OGM,0.25,0.5,8192
1225,0.517370514613554,0.9621175986473696,42,cuda,True,None,renyi_normalize_squaring,1,3,1,passthrough,SA_VSA_OGM,0.25,0.5,8192
1226,0.6958259096022965,0.955374867177848,42,cuda,True,None,renyi_normalize_squaring,1,5,1,passthrough,SA_VSA_OGM,0.25,0.5,8192
1227,0.4830890939100696,0.9548387657539968,42,cuda,True,None,renyi_normalize_squaring,3,1,1,passthrough,SA_VSA_OGM,0.25,0.5,8192
1228,0.29111281994251303,0.9554884057222842,42,cuda,True,None,renyi_normalize_squaring,3,3,1,passthrough,SA_VSA_OGM,0.25,0.5,8192
1229,0.2785817328390587,0.9598835059634022,42,cuda,True,None,renyi_normalize_squaring,3,5,1,passthrough,SA_VSA_OGM,0.25,0.5,8192
1230,0.5664604375399854,0.8787327896128937,42,cuda,True,None,renyi_normalize_squaring,5,1,1,passthrough,SA_VSA_OGM,0.25,0.5,8192
1231,0.3356081336014918,0.9557846182118348,42,cuda,True,None,renyi_normalize_squaring,5,3,1,passthrough,SA_VSA_OGM,0.25,0.5,8192
1232,0.30522728000360866,0.9676013529388008,42,cuda,True,None,renyi_normalize_squaring,5,5,1,passthrough,SA_VSA_OGM,0.25,0.5,8192
1233,0.30198520607144846,0.9669976179323934,42,cuda,True,None,renyi_normalize_cubic,1,1,1,passthrough,SA_VSA_OGM,0.25,0.5,8192
1234,0.305690998909568,0.9670757624782512,42,cuda,True,None,renyi_normalize_cubic,1,3,1,passthrough,SA_VSA_OGM,0.25,0.5,8192
1235,0.30544906914027753,0.9693757715211436,42,cuda,True,None,renyi_normalize_cubic,1,5,1,passthrough,SA_VSA_OGM,0.25,0.5,8192
1236,0.3125162348386998,0.9590410433146884,42,cuda,True,None,renyi_normalize_cubic,3,1,1,passthrough,SA_VSA_OGM,0.25,0.5,8192
1237,0.23643293083337225,0.9680129218077588,42,cuda,True,None,renyi_normalize_cubic,3,3,1,passthrough,SA_VSA_OGM,0.25,0.5,8192
1238,0.25952310121843597,0.9590110107136492,42,cuda,True,None,renyi_normalize_cubic,3,5,1,passthrough,SA_VSA_OGM,0.25,0.5,8192
1239,0.36656708839239344,0.942138459982274,42,cuda,True,None,renyi_normalize_cubic,5,1,1,passthrough,SA_VSA_OGM,0.25,0.5,8192
1240,0.3195624431755536,0.9537331480068704,42,cuda,True,None,renyi_normalize_cubic,5,3,1,passthrough,SA_VSA_OGM,0.25,0.5,8192
1241,0.3432416187916094,0.9589018215207036,42,cuda,True,None,renyi_normalize_cubic,5,5,1,passthrough,SA_VSA_OGM,0.25,0.5,8192
1242,0.7131688773708866,0.523339094298101,42,cuda,True,None,renyi,1,1,1,passthrough,SA_VSA_OGM,0.25,1.0,8192
1243,1.1997163263888184,0.5287713105792978,42,cuda,True,None,renyi,1,3,1,passthrough,SA_VSA_OGM,0.25,1.0,8192
1244,1.5048906986715829,0.5368576103130083,42,cuda,True,None,renyi,1,5,1,passthrough,SA_VSA_OGM,0.25,1.0,8192
1245,0.8076421559459055,0.6562599689233364,42,cuda,True,None,renyi,3,1,1,passthrough,SA_VSA_OGM,0.25,1.0,8192
1246,0.6532035433929511,0.6454081386910004,42,cuda,True,None,renyi,3,3,1,passthrough,SA_VSA_OGM,0.25,1.0,8192
1247,0.6695298872062432,0.7986337809430184,42,cuda,True,None,renyi,3,5,1,passthrough,SA_VSA_OGM,0.25,1.0,8192
1248,1.2259966517356793,0.7018459126806,42,cuda,True,None,renyi,5,1,1,passthrough,SA_VSA_OGM,0.25,1.0,8192
1249,0.6514289798987107,0.7472928939321446,42,cuda,True,None,renyi,5,3,1,passthrough,SA_VSA_OGM,0.25,1.0,8192
1250,0.5508860900474584,0.8285540515002969,42,cuda,True,None,renyi,5,5,1,passthrough,SA_VSA_OGM,0.25,1.0,8192
1251,0.4013813152760826,0.916596187902482,42,cuda,True,None,renyi_squaring,1,1,1,passthrough,SA_VSA_OGM,0.25,1.0,8192
1252,0.3888998834035694,0.9405151525097744,42,cuda,True,None,renyi_squaring,1,3,1,passthrough,SA_VSA_OGM,0.25,1.0,8192
1253,0.4673848103945201,0.9414083814194004,42,cuda,True,None,renyi_squaring,1,5,1,passthrough,SA_VSA_OGM,0.25,1.0,8192
1254,0.4392139584946514,0.9447639020053502,42,cuda,True,None,renyi_squaring,3,1,1,passthrough,SA_VSA_OGM,0.25,1.0,8192
1255,0.2942220507292753,0.9550472793342852,42,cuda,True,None,renyi_squaring,3,3,1,passthrough,SA_VSA_OGM,0.25,1.0,8192
1256,0.2756492388227477,0.957315498101065,42,cuda,True,None,renyi_squaring,3,5,1,passthrough,SA_VSA_OGM,0.25,1.0,8192
1257,0.5036252946954033,0.9268060838162102,42,cuda,True,None,renyi_squaring,5,1,1,passthrough,SA_VSA_OGM,0.25,1.0,8192
1258,0.3394897549275938,0.9389875656887582,42,cuda,True,None,renyi_squaring,5,3,1,passthrough,SA_VSA_OGM,0.25,1.0,8192
1259,0.3299425994950809,0.9425887071931685,42,cuda,True,None,renyi_squaring,5,5,1,passthrough,SA_VSA_OGM,0.25,1.0,8192
1260,0.5248156286139337,0.902890765516373,42,cuda,True,None,renyi_cubic,1,1,1,passthrough,SA_VSA_OGM,0.25,1.0,8192
1261,0.3642702746963745,0.93456938578807,42,cuda,True,None,renyi_cubic,1,3,1,passthrough,SA_VSA_OGM,0.25,1.0,8192
1262,0.4266157488939026,0.9266400229567504,42,cuda,True,None,renyi_cubic,1,5,1,passthrough,SA_VSA_OGM,0.25,1.0,8192
1263,0.5136253527065286,0.9128267488327226,42,cuda,True,None,renyi_cubic,3,1,1,passthrough,SA_VSA_OGM,0.25,1.0,8192
1264,0.3944126443674954,0.9284967817899804,42,cuda,True,None,renyi_cubic,3,3,1,passthrough,SA_VSA_OGM,0.25,1.0,8192
1265,0.36619773161248,0.9246148602940906,42,cuda,True,None,renyi_cubic,3,5,1,passthrough,SA_VSA_OGM,0.25,1.0,8192
1266,0.5427419257868645,0.9016246075603468,42,cuda,True,None,renyi_cubic,5,1,1,passthrough,SA_VSA_OGM,0.25,1.0,8192
1267,0.4670986653222515,0.9112472345569952,42,cuda,True,None,renyi_cubic,5,3,1,passthrough,SA_VSA_OGM,0.25,1.0,8192
1268,0.3871425498440711,0.924977640745592,42,cuda,True,None,renyi_cubic,5,5,1,passthrough,SA_VSA_OGM,0.25,1.0,8192
1269,0.7092841049094853,0.48980028220131205,42,cuda,True,None,renyi_normalize,1,1,1,passthrough,SA_VSA_OGM,0.25,1.0,8192
1270,1.1396408335034365,0.549821469502038,42,cuda,True,None,renyi_normalize,1,3,1,passthrough,SA_VSA_OGM,0.25,1.0,8192
1271,1.6471536687566384,0.6648590953284358,42,cuda,True,None,renyi_normalize,1,5,1,passthrough,SA_VSA_OGM,0.25,1.0,8192
1272,0.8901531994336771,0.6730222352786588,42,cuda,True,None,renyi_normalize,3,1,1,passthrough,SA_VSA_OGM,0.25,1.0,8192
1273,0.7189388656782314,0.6643632452097625,42,cuda,True,None,renyi_normalize,3,3,1,passthrough,SA_VSA_OGM,0.25,1.0,8192
1274,0.8331809033517427,0.7608682756504528,42,cuda,True,None,renyi_normalize,3,5,1,passthrough,SA_VSA_OGM,0.25,1.0,8192
1275,1.3663780455311116,0.7779122409073451,42,cuda,True,None,renyi_normalize,5,1,1,passthrough,SA_VSA_OGM,0.25,1.0,8192
1276,0.6367747181808527,0.7395341741598107,42,cuda,True,None,renyi_normalize,5,3,1,passthrough,SA_VSA_OGM,0.25,1.0,8192
1277,0.5934168555818268,0.8559095194881072,42,cuda,True,None,renyi_normalize,5,5,1,passthrough,SA_VSA_OGM,0.25,1.0,8192
1278,0.5172001164969589,0.8329582773112917,42,cuda,True,None,renyi_normalize_squaring,1,1,1,passthrough,SA_VSA_OGM,0.25,1.0,8192
1279,0.841776811936671,0.9095330935554954,42,cuda,True,None,renyi_normalize_squaring,1,3,1,passthrough,SA_VSA_OGM,0.25,1.0,8192
1280,1.126619161978848,0.9659110169707796,42,cuda,True,None,renyi_normalize_squaring,1,5,1,passthrough,SA_VSA_OGM,0.25,1.0,8192
1281,0.7120953547274794,0.9402667078854148,42,cuda,True,None,renyi_normalize_squaring,3,1,1,passthrough,SA_VSA_OGM,0.25,1.0,8192
1282,0.332522205948469,0.9685174005850335,42,cuda,True,None,renyi_normalize_squaring,3,3,1,passthrough,SA_VSA_OGM,0.25,1.0,8192
1283,0.2988027934550738,0.9686750185890816,42,cuda,True,None,renyi_normalize_squaring,3,5,1,passthrough,SA_VSA_OGM,0.25,1.0,8192
1284,0.8930720742407412,0.8937346455896809,42,cuda,True,None,renyi_normalize_squaring,5,1,1,passthrough,SA_VSA_OGM,0.25,1.0,8192
1285,0.4135873467722819,0.9452586334855309,42,cuda,True,None,renyi_normalize_squaring,5,3,1,passthrough,SA_VSA_OGM,0.25,1.0,8192
1286,0.3010872471453987,0.9600403132188244,42,cuda,True,None,renyi_normalize_squaring,5,5,1,passthrough,SA_VSA_OGM,0.25,1.0,8192
1287,0.48767946894085673,0.9281392108304668,42,cuda,True,None,renyi_normalize_cubic,1,1,1,passthrough,SA_VSA_OGM,0.25,1.0,8192
1288,0.4838384211862547,0.9591842450381458,42,cuda,True,None,renyi_normalize_cubic,1,3,1,passthrough,SA_VSA_OGM,0.25,1.0,8192
1289,0.5675291035593264,0.9619356048060111,42,cuda,True,None,renyi_normalize_cubic,1,5,1,passthrough,SA_VSA_OGM,0.25,1.0,8192
1290,0.4746006942757446,0.9550275316472274,42,cuda,True,None,renyi_normalize_cubic,3,1,1,passthrough,SA_VSA_OGM,0.25,1.0,8192
1291,0.23777122901968267,0.9701031783486576,42,cuda,True,None,renyi_normalize_cubic,3,3,1,passthrough,SA_VSA_OGM,0.25,1.0,8192
1292,0.23253211809241717,0.9698227408765924,42,cuda,True,None,renyi_normalize_cubic,3,5,1,passthrough,SA_VSA_OGM,0.25,1.0,8192
1293,0.5570824238191207,0.9218478208577394,42,cuda,True,None,renyi_normalize_cubic,5,1,1,passthrough,SA_VSA_OGM,0.25,1.0,8192
1294,0.3036821163966605,0.9532216611177105,42,cuda,True,None,renyi_normalize_cubic,5,3,1,passthrough,SA_VSA_OGM,0.25,1.0,8192
1295,0.2657908095515009,0.9620585870011804,42,cuda,True,None,renyi_normalize_cubic,5,5,1,passthrough,SA_VSA_OGM,0.25,1.0,8192
1296,0.6526361864454031,0.686579774849659,42,cuda,True,None,renyi,1,1,1,passthrough,SA_VSA_OGM,0.5,0.1,32768
1297,0.7581344688350927,0.7634864139617613,42,cuda,True,None,renyi,1,3,1,passthrough,SA_VSA_OGM,0.5,0.1,32768
1298,0.6028370177804274,0.8031413974046735,42,cuda,True,None,renyi,1,5,1,passthrough,SA_VSA_OGM,0.5,0.1,32768
1299,0.6899479481036227,0.597762741811442,42,cuda,True,None,renyi,3,1,1,passthrough,SA_VSA_OGM,0.5,0.1,32768
1300,0.4852496470189135,0.8695620187201147,42,cuda,True,None,renyi,3,3,1,passthrough,SA_VSA_OGM,0.5,0.1,32768
1301,0.6768049498949373,0.7960098018905291,42,cuda,True,None,renyi,3,5,1,passthrough,SA_VSA_OGM,0.5,0.1,32768
1302,0.6260385179374921,0.7518388412690077,42,cuda,True,None,renyi,5,1,1,passthrough,SA_VSA_OGM,0.5,0.1,32768
1303,0.6585725062213851,0.7987740337811071,42,cuda,True,None,renyi,5,3,1,passthrough,SA_VSA_OGM,0.5,0.1,32768
1304,0.6306625212037991,0.7731813064822743,42,cuda,True,None,renyi,5,5,1,passthrough,SA_VSA_OGM,0.5,0.1,32768
1305,18.018928851062512,0.5,42,cuda,True,None,renyi_squaring,1,1,1,passthrough,SA_VSA_OGM,0.5,0.1,32768
1306,3.423148247891998,0.4751059251632736,42,cuda,True,None,renyi_squaring,1,3,1,passthrough,SA_VSA_OGM,0.5,0.1,32768
1307,1.8318025489361984,0.6765792530190271,42,cuda,True,None,renyi_squaring,1,5,1,passthrough,SA_VSA_OGM,0.5,0.1,32768
1308,15.42916155930057,0.5337750481268714,42,cuda,True,None,renyi_squaring,3,1,1,passthrough,SA_VSA_OGM,0.5,0.1,32768
1309,1.7474986907067562,0.5333600979631891,42,cuda,True,None,renyi_squaring,3,3,1,passthrough,SA_VSA_OGM,0.5,0.1,32768
1310,0.7658873417191427,0.6176128619111113,42,cuda,True,None,renyi_squaring,3,5,1,passthrough,SA_VSA_OGM,0.5,0.1,32768
1311,1.5872824724497443,0.5266141935160468,42,cuda,True,None,renyi_squaring,5,1,1,passthrough,SA_VSA_OGM,0.5,0.1,32768
1312,15.178536333682985,0.5191794156347225,42,cuda,True,None,renyi_squaring,5,3,1,passthrough,SA_VSA_OGM,0.5,0.1,32768
1313,14.89037208303794,0.5197869346473108,42,cuda,True,None,renyi_squaring,5,5,1,passthrough,SA_VSA_OGM,0.5,0.1,32768
1314,18.019359828547152,0.5,42,cuda,True,None,renyi_cubic,1,1,1,passthrough,SA_VSA_OGM,0.5,0.1,32768
1315,18.019224759093557,0.5,42,cuda,True,None,renyi_cubic,1,3,1,passthrough,SA_VSA_OGM,0.5,0.1,32768
1316,18.019363574736996,0.5,42,cuda,True,None,renyi_cubic,1,5,1,passthrough,SA_VSA_OGM,0.5,0.1,32768
1317,18.01936544356842,0.5,42,cuda,True,None,renyi_cubic,3,1,1,passthrough,SA_VSA_OGM,0.5,0.1,32768
1318,18.01909404456698,0.5,42,cuda,True,None,renyi_cubic,3,3,1,passthrough,SA_VSA_OGM,0.5,0.1,32768
1319,18.0195057017267,0.5,42,cuda,True,None,renyi_cubic,3,5,1,passthrough,SA_VSA_OGM,0.5,0.1,32768
1320,18.019507458723545,0.5,42,cuda,True,None,renyi_cubic,5,1,1,passthrough,SA_VSA_OGM,0.5,0.1,32768
1321,18.01964553550326,0.5,42,cuda,True,None,renyi_cubic,5,3,1,passthrough,SA_VSA_OGM,0.5,0.1,32768
1322,18.02005584235125,0.5,42,cuda,True,None,renyi_cubic,5,5,1,passthrough,SA_VSA_OGM,0.5,0.1,32768
1323,0.7236856576253826,0.47523843303133045,42,cuda,True,None,renyi_normalize,1,1,1,passthrough,SA_VSA_OGM,0.5,0.1,32768
1324,0.7996829965109106,0.6853345825176549,42,cuda,True,None,renyi_normalize,1,3,1,passthrough,SA_VSA_OGM,0.5,0.1,32768
1325,0.8141674120592215,0.6198303984557223,42,cuda,True,None,renyi_normalize,1,5,1,passthrough,SA_VSA_OGM,0.5,0.1,32768
1326,0.7147515044565975,0.6720493882332382,42,cuda,True,None,renyi_normalize,3,1,1,passthrough,SA_VSA_OGM,0.5,0.1,32768
1327,0.746419924793758,0.5741850802395225,42,cuda,True,None,renyi_normalize,3,3,1,passthrough,SA_VSA_OGM,0.5,0.1,32768
1328,0.5891533089806127,0.8208408170167492,42,cuda,True,None,renyi_normalize,3,5,1,passthrough,SA_VSA_OGM,0.5,0.1,32768
1329,0.8276838385777681,0.513598446208446,42,cuda,True,None,renyi_normalize,5,1,1,passthrough,SA_VSA_OGM,0.5,0.1,32768
1330,0.6864074862890049,0.595517237515642,42,cuda,True,None,renyi_normalize,5,3,1,passthrough,SA_VSA_OGM,0.5,0.1,32768
1331,0.6403546004043863,0.7333528770289987,42,cuda,True,None,renyi_normalize,5,5,1,passthrough,SA_VSA_OGM,0.5,0.1,32768
1332,0.7313709682165661,0.5644464835946793,42,cuda,True,None,renyi_normalize_squaring,1,1,1,passthrough,SA_VSA_OGM,0.5,0.1,32768
1333,0.6141518553509383,0.826476947247057,42,cuda,True,None,renyi_normalize_squaring,1,3,1,passthrough,SA_VSA_OGM,0.5,0.1,32768
1334,0.5719795010734486,0.8333796713853034,42,cuda,True,None,renyi_normalize_squaring,1,5,1,passthrough,SA_VSA_OGM,0.5,0.1,32768
1335,0.6277295544256262,0.7134248795812004,42,cuda,True,None,renyi_normalize_squaring,3,1,1,passthrough,SA_VSA_OGM,0.5,0.1,32768
1336,0.5496084605696865,0.7944331059247196,42,cuda,True,None,renyi_normalize_squaring,3,3,1,passthrough,SA_VSA_OGM,0.5,0.1,32768
1337,0.5611963694940187,0.7919665187087608,42,cuda,True,None,renyi_normalize_squaring,3,5,1,passthrough,SA_VSA_OGM,0.5,0.1,32768
1338,0.7772581164300245,0.6654584733085371,42,cuda,True,None,renyi_normalize_squaring,5,1,1,passthrough,SA_VSA_OGM,0.5,0.1,32768
1339,0.5658286164411942,0.8074488333849394,42,cuda,True,None,renyi_normalize_squaring,5,3,1,passthrough,SA_VSA_OGM,0.5,0.1,32768
1340,0.6313029082512196,0.8070955258992611,42,cuda,True,None,renyi_normalize_squaring,5,5,1,passthrough,SA_VSA_OGM,0.5,0.1,32768
1341,1.09801262456168,0.7468800849738263,42,cuda,True,None,renyi_normalize_cubic,1,1,1,passthrough,SA_VSA_OGM,0.5,0.1,32768
1342,0.5265178621450548,0.8433042656161737,42,cuda,True,None,renyi_normalize_cubic,1,3,1,passthrough,SA_VSA_OGM,0.5,0.1,32768
1343,0.6161505734614906,0.8541321140783233,42,cuda,True,None,renyi_normalize_cubic,1,5,1,passthrough,SA_VSA_OGM,0.5,0.1,32768
1344,0.6643647445084769,0.7594116895515204,42,cuda,True,None,renyi_normalize_cubic,3,1,1,passthrough,SA_VSA_OGM,0.5,0.1,32768
1345,0.5651570000093981,0.8150744499169029,42,cuda,True,None,renyi_normalize_cubic,3,3,1,passthrough,SA_VSA_OGM,0.5,0.1,32768
1346,0.480429526352504,0.8688956853813745,42,cuda,True,None,renyi_normalize_cubic,3,5,1,passthrough,SA_VSA_OGM,0.5,0.1,32768
1347,0.7026535572990866,0.6894154951163496,42,cuda,True,None,renyi_normalize_cubic,5,1,1,passthrough,SA_VSA_OGM,0.5,0.1,32768
1348,0.576096652739342,0.8015068679173891,42,cuda,True,None,renyi_normalize_cubic,5,3,1,passthrough,SA_VSA_OGM,0.5,0.1,32768
1349,0.5514021380426494,0.8059665330363678,42,cuda,True,None,renyi_normalize_cubic,5,5,1,passthrough,SA_VSA_OGM,0.5,0.1,32768
1350,0.5400281299493502,0.8356483579922419,42,cuda,True,None,renyi,1,1,1,passthrough,SA_VSA_OGM,0.5,0.2,32768
1351,0.5971024639762712,0.8686936107716225,42,cuda,True,None,renyi,1,3,1,passthrough,SA_VSA_OGM,0.5,0.2,32768
1352,0.5855270217026082,0.8790216331094483,42,cuda,True,None,renyi,1,5,1,passthrough,SA_VSA_OGM,0.5,0.2,32768
1353,0.6065526349593939,0.854048293494377,42,cuda,True,None,renyi,3,1,1,passthrough,SA_VSA_OGM,0.5,0.2,32768
1354,0.4683297931610893,0.935516136548392,42,cuda,True,None,renyi,3,3,1,passthrough,SA_VSA_OGM,0.5,0.2,32768
1355,0.4654924521028149,0.8686991145248895,42,cuda,True,None,renyi,3,5,1,passthrough,SA_VSA_OGM,0.5,0.2,32768
1356,0.5645475596877914,0.7925838130249909,42,cuda,True,None,renyi,5,1,1,passthrough,SA_VSA_OGM,0.5,0.2,32768
1357,0.5400548645339539,0.8901321073151987,42,cuda,True,None,renyi,5,3,1,passthrough,SA_VSA_OGM,0.5,0.2,32768
1358,0.5768589038859221,0.916395906018613,42,cuda,True,None,renyi,5,5,1,passthrough,SA_VSA_OGM,0.5,0.2,32768
1359,1.7738384006182184,0.6058463861371506,42,cuda,True,None,renyi_squaring,1,1,1,passthrough,SA_VSA_OGM,0.5,0.2,32768
1360,1.186555105449369,0.7726723035031937,42,cuda,True,None,renyi_squaring,1,3,1,passthrough,SA_VSA_OGM,0.5,0.2,32768
1361,0.8094777500456021,0.8309259022219052,42,cuda,True,None,renyi_squaring,1,5,1,passthrough,SA_VSA_OGM,0.5,0.2,32768
1362,0.9702756673304836,0.6332879376717429,42,cuda,True,None,renyi_squaring,3,1,1,passthrough,SA_VSA_OGM,0.5,0.2,32768
1363,0.7019102621789921,0.7894936399777729,42,cuda,True,None,renyi_squaring,3,3,1,passthrough,SA_VSA_OGM,0.5,0.2,32768
1364,0.6004048228118596,0.754137776958224,42,cuda,True,None,renyi_squaring,3,5,1,passthrough,SA_VSA_OGM,0.5,0.2,32768
1365,0.9258173772664045,0.5782069296014606,42,cuda,True,None,renyi_squaring,5,1,1,passthrough,SA_VSA_OGM,0.5,0.2,32768
1366,0.6919626998287873,0.7219614705373445,42,cuda,True,None,renyi_squaring,5,3,1,passthrough,SA_VSA_OGM,0.5,0.2,32768
1367,0.5453558573924788,0.87503387820737,42,cuda,True,None,renyi_squaring,5,5,1,passthrough,SA_VSA_OGM,0.5,0.2,32768
1368,18.018272353282075,0.5,42,cuda,True,None,renyi_cubic,1,1,1,passthrough,SA_VSA_OGM,0.5,0.2,32768
1369,18.01827494769176,0.5,42,cuda,True,None,renyi_cubic,1,3,1,passthrough,SA_VSA_OGM,0.5,0.2,32768
1370,18.018408988547936,0.5,42,cuda,True,None,renyi_cubic,1,5,1,passthrough,SA_VSA_OGM,0.5,0.2,32768
1371,18.0184114795873,0.5,42,cuda,True,None,renyi_cubic,3,1,1,passthrough,SA_VSA_OGM,0.5,0.2,32768
1372,15.818715306072558,0.5415828824765296,42,cuda,True,None,renyi_cubic,3,3,1,passthrough,SA_VSA_OGM,0.5,0.2,32768
1373,18.017891797900376,0.5,42,cuda,True,None,renyi_cubic,3,5,1,passthrough,SA_VSA_OGM,0.5,0.2,32768
1374,18.017763591812898,0.5,42,cuda,True,None,renyi_cubic,5,1,1,passthrough,SA_VSA_OGM,0.5,0.2,32768
1375,18.017504599493748,0.5,42,cuda,True,None,renyi_cubic,5,3,1,passthrough,SA_VSA_OGM,0.5,0.2,32768
1376,18.017507738270115,0.5,42,cuda,True,None,renyi_cubic,5,5,1,passthrough,SA_VSA_OGM,0.5,0.2,32768
1377,0.6637183821756151,0.5957467030395024,42,cuda,True,None,renyi_normalize,1,1,1,passthrough,SA_VSA_OGM,0.5,0.2,32768
1378,0.7864121931647844,0.7588307190759275,42,cuda,True,None,renyi_normalize,1,3,1,passthrough,SA_VSA_OGM,0.5,0.2,32768
1379,0.7970386158665018,0.8603561804274074,42,cuda,True,None,renyi_normalize,1,5,1,passthrough,SA_VSA_OGM,0.5,0.2,32768
1380,0.7399399900109492,0.6790818911517104,42,cuda,True,None,renyi_normalize,3,1,1,passthrough,SA_VSA_OGM,0.5,0.2,32768
1381,0.6024625564977176,0.7901664713899612,42,cuda,True,None,renyi_normalize,3,3,1,passthrough,SA_VSA_OGM,0.5,0.2,32768
1382,0.5514119017556391,0.8963298195732206,42,cuda,True,None,renyi_normalize,3,5,1,passthrough,SA_VSA_OGM,0.5,0.2,32768
1383,0.8597758428357071,0.5782906479951293,42,cuda,True,None,renyi_normalize,5,1,1,passthrough,SA_VSA_OGM,0.5,0.2,32768
1384,0.628616781111678,0.700441957258649,42,cuda,True,None,renyi_normalize,5,3,1,passthrough,SA_VSA_OGM,0.5,0.2,32768
1385,0.5881796506110576,0.8120308369357137,42,cuda,True,None,renyi_normalize,5,5,1,passthrough,SA_VSA_OGM,0.5,0.2,32768
1386,0.499362913475228,0.8641524197856767,42,cuda,True,None,renyi_normalize_squaring,1,1,1,passthrough,SA_VSA_OGM,0.5,0.2,32768
1387,0.4872780687672501,0.929286348896928,42,cuda,True,None,renyi_normalize_squaring,1,3,1,passthrough,SA_VSA_OGM,0.5,0.2,32768
1388,0.5523005426784828,0.9010732534213166,42,cuda,True,None,renyi_normalize_squaring,1,5,1,passthrough,SA_VSA_OGM,0.5,0.2,32768
1389,0.48650978663302735,0.8777290032202282,42,cuda,True,None,renyi_normalize_squaring,3,1,1,passthrough,SA_VSA_OGM,0.5,0.2,32768
1390,0.42119459552249405,0.9269695386029844,42,cuda,True,None,renyi_normalize_squaring,3,3,1,passthrough,SA_VSA_OGM,0.5,0.2,32768
1391,0.5498014927640417,0.8829437321503821,42,cuda,True,None,renyi_normalize_squaring,3,5,1,passthrough,SA_VSA_OGM,0.5,0.2,32768
1392,0.6073795290485254,0.7986576627373362,42,cuda,True,None,renyi_normalize_squaring,5,1,1,passthrough,SA_VSA_OGM,0.5,0.2,32768
1393,0.6218308547665662,0.9378515369243048,42,cuda,True,None,renyi_normalize_squaring,5,3,1,passthrough,SA_VSA_OGM,0.5,0.2,32768
1394,0.6692768753304057,0.9138452463377322,42,cuda,True,None,renyi_normalize_squaring,5,5,1,passthrough,SA_VSA_OGM,0.5,0.2,32768
1395,0.5118706624472509,0.9107221200465382,42,cuda,True,None,renyi_normalize_cubic,1,1,1,passthrough,SA_VSA_OGM,0.5,0.2,32768
1396,0.4077072808271088,0.93965916713813,42,cuda,True,None,renyi_normalize_cubic,1,3,1,passthrough,SA_VSA_OGM,0.5,0.2,32768
1397,0.5228027239031542,0.9087788608138836,42,cuda,True,None,renyi_normalize_cubic,1,5,1,passthrough,SA_VSA_OGM,0.5,0.2,32768
1398,0.5120482183060672,0.8305838814806329,42,cuda,True,None,renyi_normalize_cubic,3,1,1,passthrough,SA_VSA_OGM,0.5,0.2,32768
1399,0.4684494093520516,0.8870235887316428,42,cuda,True,None,renyi_normalize_cubic,3,3,1,passthrough,SA_VSA_OGM,0.5,0.2,32768
1400,0.4263118889464431,0.8975848646841361,42,cuda,True,None,renyi_normalize_cubic,3,5,1,passthrough,SA_VSA_OGM,0.5,0.2,32768
1401,0.6706292087807113,0.7863686917710948,42,cuda,True,None,renyi_normalize_cubic,5,1,1,passthrough,SA_VSA_OGM,0.5,0.2,32768
1402,0.447210894216984,0.8926955824028582,42,cuda,True,None,renyi_normalize_cubic,5,3,1,passthrough,SA_VSA_OGM,0.5,0.2,32768
1403,0.537099411586324,0.9253722208566264,42,cuda,True,None,renyi_normalize_cubic,5,5,1,passthrough,SA_VSA_OGM,0.5,0.2,32768
1404,0.6027401363201598,0.7301751127093474,42,cuda,True,None,renyi,1,1,1,passthrough,SA_VSA_OGM,0.5,0.5,32768
1405,0.7223563008937607,0.8824203511863364,42,cuda,True,None,renyi,1,3,1,passthrough,SA_VSA_OGM,0.5,0.5,32768
1406,0.7754822537528178,0.9112317422625876,42,cuda,True,None,renyi,1,5,1,passthrough,SA_VSA_OGM,0.5,0.5,32768
1407,0.6393147881779244,0.8168233516345212,42,cuda,True,None,renyi,3,1,1,passthrough,SA_VSA_OGM,0.5,0.5,32768
1408,0.4742480409979907,0.8894651513611833,42,cuda,True,None,renyi,3,3,1,passthrough,SA_VSA_OGM,0.5,0.5,32768
1409,0.4714421679872948,0.9013218402051836,42,cuda,True,None,renyi,3,5,1,passthrough,SA_VSA_OGM,0.5,0.5,32768
1410,0.7003351613343273,0.719955785365803,42,cuda,True,None,renyi,5,1,1,passthrough,SA_VSA_OGM,0.5,0.5,32768
1411,0.5159071008354174,0.8686663872739748,42,cuda,True,None,renyi,5,3,1,passthrough,SA_VSA_OGM,0.5,0.5,32768
1412,0.4942888498917716,0.9650727575522956,42,cuda,True,None,renyi,5,5,1,passthrough,SA_VSA_OGM,0.5,0.5,32768
1413,0.5051178669729074,0.9221705199536756,42,cuda,True,None,renyi_squaring,1,1,1,passthrough,SA_VSA_OGM,0.5,0.5,32768
1414,0.3725581822503384,0.9104222334128188,42,cuda,True,None,renyi_squaring,1,3,1,passthrough,SA_VSA_OGM,0.5,0.5,32768
1415,0.39153402611005855,0.9154314723830592,42,cuda,True,None,renyi_squaring,1,5,1,passthrough,SA_VSA_OGM,0.5,0.5,32768
1416,0.6152598932592578,0.8714471417191337,42,cuda,True,None,renyi_squaring,3,1,1,passthrough,SA_VSA_OGM,0.5,0.5,32768
1417,0.4349546310388869,0.8822022959806605,42,cuda,True,None,renyi_squaring,3,3,1,passthrough,SA_VSA_OGM,0.5,0.5,32768
1418,0.42865508243394984,0.8953566367691361,42,cuda,True,None,renyi_squaring,3,5,1,passthrough,SA_VSA_OGM,0.5,0.5,32768
1419,0.5546739830167582,0.8217122424332504,42,cuda,True,None,renyi_squaring,5,1,1,passthrough,SA_VSA_OGM,0.5,0.5,32768
1420,0.4975160497339555,0.8722615961703494,42,cuda,True,None,renyi_squaring,5,3,1,passthrough,SA_VSA_OGM,0.5,0.5,32768
1421,0.5177890230620384,0.874805467365307,42,cuda,True,None,renyi_squaring,5,5,1,passthrough,SA_VSA_OGM,0.5,0.5,32768
1422,1.880863776450826,0.6207672270182252,42,cuda,True,None,renyi_cubic,1,1,1,passthrough,SA_VSA_OGM,0.5,0.5,32768
1423,0.799607745408314,0.732905706485804,42,cuda,True,None,renyi_cubic,1,3,1,passthrough,SA_VSA_OGM,0.5,0.5,32768
1424,0.8582211738520272,0.7159611797834141,42,cuda,True,None,renyi_cubic,1,5,1,passthrough,SA_VSA_OGM,0.5,0.5,32768
1425,1.019313782023423,0.6869644120777947,42,cuda,True,None,renyi_cubic,3,1,1,passthrough,SA_VSA_OGM,0.5,0.5,32768
1426,0.7616280722694285,0.7148746726977554,42,cuda,True,None,renyi_cubic,3,3,1,passthrough,SA_VSA_OGM,0.5,0.5,32768
1427,1.2121696791095389,0.7009662757664001,42,cuda,True,None,renyi_cubic,3,5,1,passthrough,SA_VSA_OGM,0.5,0.5,32768
1428,1.436666508578725,0.6637395994662523,42,cuda,True,None,renyi_cubic,5,1,1,passthrough,SA_VSA_OGM,0.5,0.5,32768
1429,0.6575000677982804,0.7226127708010667,42,cuda,True,None,renyi_cubic,5,3,1,passthrough,SA_VSA_OGM,0.5,0.5,32768
1430,0.6317975079935292,0.6965366655530746,42,cuda,True,None,renyi_cubic,5,5,1,passthrough,SA_VSA_OGM,0.5,0.5,32768
1431,0.6816507913946384,0.5588929539134542,42,cuda,True,None,renyi_normalize,1,1,1,passthrough,SA_VSA_OGM,0.5,0.5,32768
1432,0.8797377053810478,0.7185381040062525,42,cuda,True,None,renyi_normalize,1,3,1,passthrough,SA_VSA_OGM,0.5,0.5,32768
1433,0.9520648367818833,0.8995761069978264,42,cuda,True,None,renyi_normalize,1,5,1,passthrough,SA_VSA_OGM,0.5,0.5,32768
1434,0.6855455934146599,0.7747547080752548,42,cuda,True,None,renyi_normalize,3,1,1,passthrough,SA_VSA_OGM,0.5,0.5,32768
1435,0.5632682963547903,0.8045057387422383,42,cuda,True,None,renyi_normalize,3,3,1,passthrough,SA_VSA_OGM,0.5,0.5,32768
1436,0.572480745016416,0.8790006545425186,42,cuda,True,None,renyi_normalize,3,5,1,passthrough,SA_VSA_OGM,0.5,0.5,32768
1437,0.942923468082612,0.6931325296630588,42,cuda,True,None,renyi_normalize,5,1,1,passthrough,SA_VSA_OGM,0.5,0.5,32768
1438,0.6032459777795426,0.7579483769608778,42,cuda,True,None,renyi_normalize,5,3,1,passthrough,SA_VSA_OGM,0.5,0.5,32768
1439,0.5253911671168859,0.8746155847473907,42,cuda,True,None,renyi_normalize,5,5,1,passthrough,SA_VSA_OGM,0.5,0.5,32768
1440,0.4392955048072292,0.9129435443633924,42,cuda,True,None,renyi_normalize_squaring,1,1,1,passthrough,SA_VSA_OGM,0.5,0.5,32768
1441,0.5562548547441446,0.9293242058302662,42,cuda,True,None,renyi_normalize_squaring,1,3,1,passthrough,SA_VSA_OGM,0.5,0.5,32768
1442,0.6605759203675661,0.930857669502564,42,cuda,True,None,renyi_normalize_squaring,1,5,1,passthrough,SA_VSA_OGM,0.5,0.5,32768
1443,0.5138875175911173,0.8964406420501467,42,cuda,True,None,renyi_normalize_squaring,3,1,1,passthrough,SA_VSA_OGM,0.5,0.5,32768
1444,0.3950049611157022,0.9203470522250308,42,cuda,True,None,renyi_normalize_squaring,3,3,1,passthrough,SA_VSA_OGM,0.5,0.5,32768
1445,0.4020051330183806,0.9171997021593526,42,cuda,True,None,renyi_normalize_squaring,3,5,1,passthrough,SA_VSA_OGM,0.5,0.5,32768
1446,0.5456242999594771,0.8233726472629237,42,cuda,True,None,renyi_normalize_squaring,5,1,1,passthrough,SA_VSA_OGM,0.5,0.5,32768
1447,0.4645841161851147,0.9202215817296912,42,cuda,True,None,renyi_normalize_squaring,5,3,1,passthrough,SA_VSA_OGM,0.5,0.5,32768
1448,0.44022661416377296,0.9306912651188558,42,cuda,True,None,renyi_normalize_squaring,5,5,1,passthrough,SA_VSA_OGM,0.5,0.5,32768
1449,0.4180915022000882,0.9245662219273696,42,cuda,True,None,renyi_normalize_cubic,1,1,1,passthrough,SA_VSA_OGM,0.5,0.5,32768
1450,0.4039187707160698,0.9319119179282938,42,cuda,True,None,renyi_normalize_cubic,1,3,1,passthrough,SA_VSA_OGM,0.5,0.5,32768
1451,0.41693415524638766,0.9269162902441118,42,cuda,True,None,renyi_normalize_cubic,1,5,1,passthrough,SA_VSA_OGM,0.5,0.5,32768
1452,0.38950685414097413,0.9074695450053116,42,cuda,True,None,renyi_normalize_cubic,3,1,1,passthrough,SA_VSA_OGM,0.5,0.5,32768
1453,0.38039929274270834,0.9276055294646156,42,cuda,True,None,renyi_normalize_cubic,3,3,1,passthrough,SA_VSA_OGM,0.5,0.5,32768
1454,0.36972250495563697,0.9179631523866684,42,cuda,True,None,renyi_normalize_cubic,3,5,1,passthrough,SA_VSA_OGM,0.5,0.5,32768
1455,0.44154630463146066,0.9100173486272032,42,cuda,True,None,renyi_normalize_cubic,5,1,1,passthrough,SA_VSA_OGM,0.5,0.5,32768
1456,0.5408178248828572,0.9184971588045356,42,cuda,True,None,renyi_normalize_cubic,5,3,1,passthrough,SA_VSA_OGM,0.5,0.5,32768
1457,0.6139037463332098,0.9317141670110692,42,cuda,True,None,renyi_normalize_cubic,5,5,1,passthrough,SA_VSA_OGM,0.5,0.5,32768
1458,0.6791341579798811,0.5814515844483769,42,cuda,True,None,renyi,1,1,1,passthrough,SA_VSA_OGM,0.5,1.0,32768
1459,1.180374121087321,0.6916813841084071,42,cuda,True,None,renyi,1,3,1,passthrough,SA_VSA_OGM,0.5,1.0,32768
1460,0.9880958530522052,0.8951377890943224,42,cuda,True,None,renyi,1,5,1,passthrough,SA_VSA_OGM,0.5,1.0,32768
1461,0.8851893106754614,0.7236174955776442,42,cuda,True,None,renyi,3,1,1,passthrough,SA_VSA_OGM,0.5,1.0,32768
1462,0.5466476212836753,0.8433379949793441,42,cuda,True,None,renyi,3,3,1,passthrough,SA_VSA_OGM,0.5,1.0,32768
1463,0.4949920383202202,0.9065458037094584,42,cuda,True,None,renyi,3,5,1,passthrough,SA_VSA_OGM,0.5,1.0,32768
1464,0.836579602134842,0.6398160612867144,42,cuda,True,None,renyi,5,1,1,passthrough,SA_VSA_OGM,0.5,1.0,32768
1465,0.5829966913554484,0.7811892525725374,42,cuda,True,None,renyi,5,3,1,passthrough,SA_VSA_OGM,0.5,1.0,32768
1466,0.5329502621563784,0.9126367055435564,42,cuda,True,None,renyi,5,5,1,passthrough,SA_VSA_OGM,0.5,1.0,32768
1467,0.3870455288120242,0.9234265486099312,42,cuda,True,None,renyi_squaring,1,1,1,passthrough,SA_VSA_OGM,0.5,1.0,32768
1468,0.3955264918962762,0.9245664754812852,42,cuda,True,None,renyi_squaring,1,3,1,passthrough,SA_VSA_OGM,0.5,1.0,32768
1469,0.3414392949122608,0.9250649457136256,42,cuda,True,None,renyi_squaring,1,5,1,passthrough,SA_VSA_OGM,0.5,1.0,32768
1470,0.4724178786399976,0.8797131797795257,42,cuda,True,None,renyi_squaring,3,1,1,passthrough,SA_VSA_OGM,0.5,1.0,32768
1471,0.3806419177812306,0.910435472253029,42,cuda,True,None,renyi_squaring,3,3,1,passthrough,SA_VSA_OGM,0.5,1.0,32768
1472,0.3932938009325509,0.9264606845199508,42,cuda,True,None,renyi_squaring,3,5,1,passthrough,SA_VSA_OGM,0.5,1.0,32768
1473,0.48694508111818874,0.853783576447892,42,cuda,True,None,renyi_squaring,5,1,1,passthrough,SA_VSA_OGM,0.5,1.0,32768
1474,0.4804161453818307,0.8979693157376788,42,cuda,True,None,renyi_squaring,5,3,1,passthrough,SA_VSA_OGM,0.5,1.0,32768
1475,0.4884775138724778,0.9307473657259766,42,cuda,True,None,renyi_squaring,5,5,1,passthrough,SA_VSA_OGM,0.5,1.0,32768
1476,0.5380596442037161,0.8779237830741854,42,cuda,True,None,renyi_cubic,1,1,1,passthrough,SA_VSA_OGM,0.5,1.0,32768
1477,0.45301059197382015,0.9013411652919344,42,cuda,True,None,renyi_cubic,1,3,1,passthrough,SA_VSA_OGM,0.5,1.0,32768
1478,0.4532958303906885,0.891873385371495,42,cuda,True,None,renyi_cubic,1,5,1,passthrough,SA_VSA_OGM,0.5,1.0,32768
1479,0.5435540752838628,0.8575299992254144,42,cuda,True,None,renyi_cubic,3,1,1,passthrough,SA_VSA_OGM,0.5,1.0,32768
1480,0.4511412891495375,0.8791753737345744,42,cuda,True,None,renyi_cubic,3,3,1,passthrough,SA_VSA_OGM,0.5,1.0,32768
1481,0.47055165680844313,0.852866424260807,42,cuda,True,None,renyi_cubic,3,5,1,passthrough,SA_VSA_OGM,0.5,1.0,32768
1482,0.5812920829459215,0.8143730022270816,42,cuda,True,None,renyi_cubic,5,1,1,passthrough,SA_VSA_OGM,0.5,1.0,32768
1483,0.5238651344292891,0.820988550539252,42,cuda,True,None,renyi_cubic,5,3,1,passthrough,SA_VSA_OGM,0.5,1.0,32768
1484,0.5708884046624332,0.763746711654731,42,cuda,True,None,renyi_cubic,5,5,1,passthrough,SA_VSA_OGM,0.5,1.0,32768
1485,0.7428753707318884,0.4681345395504948,42,cuda,True,None,renyi_normalize,1,1,1,passthrough,SA_VSA_OGM,0.5,1.0,32768
1486,1.0364185513006816,0.7636470248269707,42,cuda,True,None,renyi_normalize,1,3,1,passthrough,SA_VSA_OGM,0.5,1.0,32768
1487,1.1951579343870238,0.8376183535882349,42,cuda,True,None,renyi_normalize,1,5,1,passthrough,SA_VSA_OGM,0.5,1.0,32768
1488,0.8142205327439535,0.6563253456999936,42,cuda,True,None,renyi_normalize,3,1,1,passthrough,SA_VSA_OGM,0.5,1.0,32768
1489,0.696721047692626,0.6740240654727339,42,cuda,True,None,renyi_normalize,3,3,1,passthrough,SA_VSA_OGM,0.5,1.0,32768
1490,0.701446999185713,0.9143917103710048,42,cuda,True,None,renyi_normalize,3,5,1,passthrough,SA_VSA_OGM,0.5,1.0,32768
1491,1.093454211109958,0.5107983208967232,42,cuda,True,None,renyi_normalize,5,1,1,passthrough,SA_VSA_OGM,0.5,1.0,32768
1492,0.7373194058241799,0.626564346881529,42,cuda,True,None,renyi_normalize,5,3,1,passthrough,SA_VSA_OGM,0.5,1.0,32768
1493,0.6021047693473977,0.8403248358532254,42,cuda,True,None,renyi_normalize,5,5,1,passthrough,SA_VSA_OGM,0.5,1.0,32768
1494,0.5183147872593304,0.8598088033253324,42,cuda,True,None,renyi_normalize_squaring,1,1,1,passthrough,SA_VSA_OGM,0.5,1.0,32768
1495,0.6510867863635204,0.9334196571572556,42,cuda,True,None,renyi_normalize_squaring,1,3,1,passthrough,SA_VSA_OGM,0.5,1.0,32768
1496,0.7451371643021361,0.9413507553924344,42,cuda,True,None,renyi_normalize_squaring,1,5,1,passthrough,SA_VSA_OGM,0.5,1.0,32768
1497,0.665986844427715,0.8552947247071279,42,cuda,True,None,renyi_normalize_squaring,3,1,1,passthrough,SA_VSA_OGM,0.5,1.0,32768
1498,0.389764357129282,0.9213106448872956,42,cuda,True,None,renyi_normalize_squaring,3,3,1,passthrough,SA_VSA_OGM,0.5,1.0,32768
1499,0.36667099991369206,0.9250218756781844,42,cuda,True,None,renyi_normalize_squaring,3,5,1,passthrough,SA_VSA_OGM,0.5,1.0,32768
1500,0.7167798528193398,0.7168304712282326,42,cuda,True,None,renyi_normalize_squaring,5,1,1,passthrough,SA_VSA_OGM,0.5,1.0,32768
1501,0.4377501890536447,0.9234434005995096,42,cuda,True,None,renyi_normalize_squaring,5,3,1,passthrough,SA_VSA_OGM,0.5,1.0,32768
1502,0.4274280969973018,0.9079255398829528,42,cuda,True,None,renyi_normalize_squaring,5,5,1,passthrough,SA_VSA_OGM,0.5,1.0,32768
1503,0.36009894153541094,0.9261267336964164,42,cuda,True,None,renyi_normalize_cubic,1,1,1,passthrough,SA_VSA_OGM,0.5,1.0,32768
1504,0.4663747997793721,0.9556241371877704,42,cuda,True,None,renyi_normalize_cubic,1,3,1,passthrough,SA_VSA_OGM,0.5,1.0,32768
1505,0.49131697364359533,0.9320406926247912,42,cuda,True,None,renyi_normalize_cubic,1,5,1,passthrough,SA_VSA_OGM,0.5,1.0,32768
1506,0.5151872453220203,0.8760848274808954,42,cuda,True,None,renyi_normalize_cubic,3,1,1,passthrough,SA_VSA_OGM,0.5,1.0,32768
1507,0.36652699627979773,0.919578311811998,42,cuda,True,None,renyi_normalize_cubic,3,3,1,passthrough,SA_VSA_OGM,0.5,1.0,32768
1508,0.3671413391165718,0.9153988202914798,42,cuda,True,None,renyi_normalize_cubic,3,5,1,passthrough,SA_VSA_OGM,0.5,1.0,32768
1509,0.5499732410762675,0.8444011546232832,42,cuda,True,None,renyi_normalize_cubic,5,1,1,passthrough,SA_VSA_OGM,0.5,1.0,32768
1510,0.4324559455536451,0.9270522199044058,42,cuda,True,None,renyi_normalize_cubic,5,3,1,passthrough,SA_VSA_OGM,0.5,1.0,32768
1511,0.4364450018029529,0.9295046300215796,42,cuda,True,None,renyi_normalize_cubic,5,5,1,passthrough,SA_VSA_OGM,0.5,1.0,32768
1512,0.9204269495832864,0.6400061467510085,42,cuda,True,None,renyi,1,1,1,passthrough,SA_VSA_OGM,0.5,0.1,16384
1513,0.7153491593698114,0.6624510697255959,42,cuda,True,None,renyi,1,3,1,passthrough,SA_VSA_OGM,0.5,0.1,16384
1514,0.6516927524634755,0.7487757230792869,42,cuda,True,None,renyi,1,5,1,passthrough,SA_VSA_OGM,0.5,0.1,16384
1515,0.722281826845615,0.6335186709354389,42,cuda,True,None,renyi,3,1,1,passthrough,SA_VSA_OGM,0.5,0.1,16384
1516,0.5644906583016115,0.7968986868441301,42,cuda,True,None,renyi,3,3,1,passthrough,SA_VSA_OGM,0.5,0.1,16384
1517,0.6213953529746028,0.7281106593848281,42,cuda,True,None,renyi,3,5,1,passthrough,SA_VSA_OGM,0.5,0.1,16384
1518,0.708088306166039,0.6170027388139143,42,cuda,True,None,renyi,5,1,1,passthrough,SA_VSA_OGM,0.5,0.1,16384
1519,0.7412014760994057,0.5841261397371391,42,cuda,True,None,renyi,5,3,1,passthrough,SA_VSA_OGM,0.5,0.1,16384
1520,0.6220904494931613,0.7919212645493514,42,cuda,True,None,renyi,5,5,1,passthrough,SA_VSA_OGM,0.5,0.1,16384
1521,1.3555558795483449,0.5065347458765075,42,cuda,True,None,renyi_squaring,1,1,1,passthrough,SA_VSA_OGM,0.5,0.1,16384
1522,17.04571344174562,0.5269291311745906,42,cuda,True,None,renyi_squaring,1,3,1,passthrough,SA_VSA_OGM,0.5,0.1,16384
1523,2.1718336145120416,0.6156519628714137,42,cuda,True,None,renyi_squaring,1,5,1,passthrough,SA_VSA_OGM,0.5,0.1,16384
1524,0.8978788110594158,0.548395436590054,42,cuda,True,None,renyi_squaring,3,1,1,passthrough,SA_VSA_OGM,0.5,0.1,16384
1525,15.42489364000386,0.5337141319266969,42,cuda,True,None,renyi_squaring,3,3,1,passthrough,SA_VSA_OGM,0.5,0.1,16384
1526,1.357229401872049,0.654169888617498,42,cuda,True,None,renyi_squaring,3,5,1,passthrough,SA_VSA_OGM,0.5,0.1,16384
1527,17.655492966068394,0.5103238469087341,42,cuda,True,None,renyi_squaring,5,1,1,passthrough,SA_VSA_OGM,0.5,0.1,16384
1528,1.7479040631163378,0.4818394914148196,42,cuda,True,None,renyi_squaring,5,3,1,passthrough,SA_VSA_OGM,0.5,0.1,16384
1529,1.2582334124687704,0.640121421017603,42,cuda,True,None,renyi_squaring,5,5,1,passthrough,SA_VSA_OGM,0.5,0.1,16384
1530,18.01570562997257,0.5,42,cuda,True,None,renyi_cubic,1,1,1,passthrough,SA_VSA_OGM,0.5,0.1,16384
1531,18.015709625445535,0.5,42,cuda,True,None,renyi_cubic,1,3,1,passthrough,SA_VSA_OGM,0.5,0.1,16384
1532,18.015713615705884,0.5,42,cuda,True,None,renyi_cubic,1,5,1,passthrough,SA_VSA_OGM,0.5,0.1,16384
1533,18.015717600763807,0.5,42,cuda,True,None,renyi_cubic,3,1,1,passthrough,SA_VSA_OGM,0.5,0.1,16384
1534,18.015604174592372,0.5,42,cuda,True,None,renyi_cubic,3,3,1,passthrough,SA_VSA_OGM,0.5,0.1,16384
1535,18.015490896111267,0.5,42,cuda,True,None,renyi_cubic,3,5,1,passthrough,SA_VSA_OGM,0.5,0.1,16384
1536,18.01561227156045,0.5,42,cuda,True,None,renyi_cubic,5,1,1,passthrough,SA_VSA_OGM,0.5,0.1,16384
1537,18.015616312147575,0.5,42,cuda,True,None,renyi_cubic,5,3,1,passthrough,SA_VSA_OGM,0.5,0.1,16384
1538,18.01550324659557,0.5,42,cuda,True,None,renyi_cubic,5,5,1,passthrough,SA_VSA_OGM,0.5,0.1,16384
1539,0.7465837821757846,0.5631171989077506,42,cuda,True,None,renyi_normalize,1,1,1,passthrough,SA_VSA_OGM,0.5,0.1,16384
1540,0.730317449935687,0.5857729693982591,42,cuda,True,None,renyi_normalize,1,3,1,passthrough,SA_VSA_OGM,0.5,0.1,16384
1541,0.9133046243720144,0.5869720718571096,42,cuda,True,None,renyi_normalize,1,5,1,passthrough,SA_VSA_OGM,0.5,0.1,16384
1542,1.422379674272067,0.392720591392661,42,cuda,True,None,renyi_normalize,3,1,1,passthrough,SA_VSA_OGM,0.5,0.1,16384
1543,0.6785658961640189,0.6062117700529472,42,cuda,True,None,renyi_normalize,3,3,1,passthrough,SA_VSA_OGM,0.5,0.1,16384
1544,0.682698653658466,0.6969254053680332,42,cuda,True,None,renyi_normalize,3,5,1,passthrough,SA_VSA_OGM,0.5,0.1,16384
1545,0.8395279574551509,0.48615711139102225,42,cuda,True,None,renyi_normalize,5,1,1,passthrough,SA_VSA_OGM,0.5,0.1,16384
1546,0.7113890698276167,0.5950167210694299,42,cuda,True,None,renyi_normalize,5,3,1,passthrough,SA_VSA_OGM,0.5,0.1,16384
1547,0.6852601943747105,0.6833768286061841,42,cuda,True,None,renyi_normalize,5,5,1,passthrough,SA_VSA_OGM,0.5,0.1,16384
1548,0.6464087250167807,0.6862149483702424,42,cuda,True,None,renyi_normalize_squaring,1,1,1,passthrough,SA_VSA_OGM,0.5,0.1,16384
1549,0.7344048692574502,0.6920321796911737,42,cuda,True,None,renyi_normalize_squaring,1,3,1,passthrough,SA_VSA_OGM,0.5,0.1,16384
1550,0.693527239328004,0.7348959597705642,42,cuda,True,None,renyi_normalize_squaring,1,5,1,passthrough,SA_VSA_OGM,0.5,0.1,16384
1551,0.6787171936338663,0.6310211643503274,42,cuda,True,None,renyi_normalize_squaring,3,1,1,passthrough,SA_VSA_OGM,0.5,0.1,16384
1552,0.5832590819257684,0.807235403532722,42,cuda,True,None,renyi_normalize_squaring,3,3,1,passthrough,SA_VSA_OGM,0.5,0.1,16384
1553,0.6666946855550281,0.6455669092376777,42,cuda,True,None,renyi_normalize_squaring,3,5,1,passthrough,SA_VSA_OGM,0.5,0.1,16384
1554,0.6950832973333892,0.6286074497290791,42,cuda,True,None,renyi_normalize_squaring,5,1,1,passthrough,SA_VSA_OGM,0.5,0.1,16384
1555,0.6541769197395169,0.6485758181621637,42,cuda,True,None,renyi_normalize_squaring,5,3,1,passthrough,SA_VSA_OGM,0.5,0.1,16384
1556,0.5712865759463388,0.8107683847212462,42,cuda,True,None,renyi_normalize_squaring,5,5,1,passthrough,SA_VSA_OGM,0.5,0.1,16384
1557,0.6466945042468113,0.6961177851695292,42,cuda,True,None,renyi_normalize_cubic,1,1,1,passthrough,SA_VSA_OGM,0.5,0.1,16384
1558,0.7073758668508526,0.779630323232398,42,cuda,True,None,renyi_normalize_cubic,1,3,1,passthrough,SA_VSA_OGM,0.5,0.1,16384
1559,0.6247717282572675,0.733921949462274,42,cuda,True,None,renyi_normalize_cubic,1,5,1,passthrough,SA_VSA_OGM,0.5,0.1,16384
1560,0.6674150969692729,0.7074525901502193,42,cuda,True,None,renyi_normalize_cubic,3,1,1,passthrough,SA_VSA_OGM,0.5,0.1,16384
1561,0.6330986153919242,0.7197238405738071,42,cuda,True,None,renyi_normalize_cubic,3,3,1,passthrough,SA_VSA_OGM,0.5,0.1,16384
1562,0.5544766884624602,0.7960553278044656,42,cuda,True,None,renyi_normalize_cubic,3,5,1,passthrough,SA_VSA_OGM,0.5,0.1,16384
1563,0.7140618179404166,0.6354390024983263,42,cuda,True,None,renyi_normalize_cubic,5,1,1,passthrough,SA_VSA_OGM,0.5,0.1,16384
1564,0.6147910724346392,0.7753103027412728,42,cuda,True,None,renyi_normalize_cubic,5,3,1,passthrough,SA_VSA_OGM,0.5,0.1,16384
1565,0.6929057153100614,0.7372731033209383,42,cuda,True,None,renyi_normalize_cubic,5,5,1,passthrough,SA_VSA_OGM,0.5,0.1,16384
1566,0.6552592935097865,0.6414116646227862,42,cuda,True,None,renyi,1,1,1,passthrough,SA_VSA_OGM,0.5,0.2,16384
1567,0.5795163443711557,0.8836601560730877,42,cuda,True,None,renyi,1,3,1,passthrough,SA_VSA_OGM,0.5,0.2,16384
1568,0.6389405000371498,0.9065212674552175,42,cuda,True,None,renyi,1,5,1,passthrough,SA_VSA_OGM,0.5,0.2,16384
1569,0.5376973719008105,0.8398402840931217,42,cuda,True,None,renyi,3,1,1,passthrough,SA_VSA_OGM,0.5,0.2,16384
1570,0.4899744743707156,0.8649595148833406,42,cuda,True,None,renyi,3,3,1,passthrough,SA_VSA_OGM,0.5,0.2,16384
1571,0.48568030137091006,0.8698533118129714,42,cuda,True,None,renyi,3,5,1,passthrough,SA_VSA_OGM,0.5,0.2,16384
1572,0.622234362350418,0.7254482535631723,42,cuda,True,None,renyi,5,1,1,passthrough,SA_VSA_OGM,0.5,0.2,16384
1573,0.5159044047917336,0.8769591797611092,42,cuda,True,None,renyi,5,3,1,passthrough,SA_VSA_OGM,0.5,0.2,16384
1574,0.5329252075658429,0.8759660213178904,42,cuda,True,None,renyi,5,5,1,passthrough,SA_VSA_OGM,0.5,0.2,16384
1575,0.7454894284539243,0.6672922091736164,42,cuda,True,None,renyi_squaring,1,1,1,passthrough,SA_VSA_OGM,0.5,0.2,16384
1576,1.132648448026384,0.7950623713584856,42,cuda,True,None,renyi_squaring,1,3,1,passthrough,SA_VSA_OGM,0.5,0.2,16384
1577,0.7791147483403491,0.7858260820166668,42,cuda,True,None,renyi_squaring,1,5,1,passthrough,SA_VSA_OGM,0.5,0.2,16384
1578,0.981957419637843,0.6874680475171774,42,cuda,True,None,renyi_squaring,3,1,1,passthrough,SA_VSA_OGM,0.5,0.2,16384
1579,0.6169492916111898,0.7988828163179711,42,cuda,True,None,renyi_squaring,3,3,1,passthrough,SA_VSA_OGM,0.5,0.2,16384
1580,0.9076809008997172,0.7320034395774818,42,cuda,True,None,renyi_squaring,3,5,1,passthrough,SA_VSA_OGM,0.5,0.2,16384
1581,0.9905091652722888,0.5736485530224543,42,cuda,True,None,renyi_squaring,5,1,1,passthrough,SA_VSA_OGM,0.5,0.2,16384
1582,0.954842553940838,0.7165669521912998,42,cuda,True,None,renyi_squaring,5,3,1,passthrough,SA_VSA_OGM,0.5,0.2,16384
1583,0.6583766593431324,0.6621773284664629,42,cuda,True,None,renyi_squaring,5,5,1,passthrough,SA_VSA_OGM,0.5,0.2,16384
1584,18.015686766220995,0.5,42,cuda,True,None,renyi_cubic,1,1,1,passthrough,SA_VSA_OGM,0.5,0.2,16384
1585,18.015804268235673,0.5,42,cuda,True,None,renyi_cubic,1,3,1,passthrough,SA_VSA_OGM,0.5,0.2,16384
1586,18.015808063085277,0.5,42,cuda,True,None,renyi_cubic,1,5,1,passthrough,SA_VSA_OGM,0.5,0.2,16384
1587,18.01592534072912,0.5,42,cuda,True,None,renyi_cubic,3,1,1,passthrough,SA_VSA_OGM,0.5,0.2,16384
1588,18.015929054608183,0.5,42,cuda,True,None,renyi_cubic,3,3,1,passthrough,SA_VSA_OGM,0.5,0.2,16384
1589,18.015932763815695,0.5,42,cuda,True,None,renyi_cubic,3,5,1,passthrough,SA_VSA_OGM,0.5,0.2,16384
1590,18.01604974194121,0.5,42,cuda,True,None,renyi_cubic,5,1,1,passthrough,SA_VSA_OGM,0.5,0.2,16384
1591,18.01650618039623,0.5,42,cuda,True,None,renyi_cubic,5,3,1,passthrough,SA_VSA_OGM,0.5,0.2,16384
1592,18.01650952032979,0.5,42,cuda,True,None,renyi_cubic,5,5,1,passthrough,SA_VSA_OGM,0.5,0.2,16384
1593,0.6596801096233514,0.6031030643754524,42,cuda,True,None,renyi_normalize,1,1,1,passthrough,SA_VSA_OGM,0.5,0.2,16384
1594,0.6717369885331747,0.7724428536649351,42,cuda,True,None,renyi_normalize,1,3,1,passthrough,SA_VSA_OGM,0.5,0.2,16384
1595,0.820927071346204,0.8978901072313948,42,cuda,True,None,renyi_normalize,1,5,1,passthrough,SA_VSA_OGM,0.5,0.2,16384
1596,0.793585962419321,0.6877468116085627,42,cuda,True,None,renyi_normalize,3,1,1,passthrough,SA_VSA_OGM,0.5,0.2,16384
1597,0.5925125732791071,0.7790970759104365,42,cuda,True,None,renyi_normalize,3,3,1,passthrough,SA_VSA_OGM,0.5,0.2,16384
1598,0.5572888273003639,0.8448569567923095,42,cuda,True,None,renyi_normalize,3,5,1,passthrough,SA_VSA_OGM,0.5,0.2,16384
1599,0.7389119818494793,0.6909251613918403,42,cuda,True,None,renyi_normalize,5,1,1,passthrough,SA_VSA_OGM,0.5,0.2,16384
1600,0.6781196132309169,0.6872840054013761,42,cuda,True,None,renyi_normalize,5,3,1,passthrough,SA_VSA_OGM,0.5,0.2,16384
1601,0.5711851687439127,0.8265169629168253,42,cuda,True,None,renyi_normalize,5,5,1,passthrough,SA_VSA_OGM,0.5,0.2,16384
1602,0.5960585379692275,0.7956598165197506,42,cuda,True,None,renyi_normalize_squaring,1,1,1,passthrough,SA_VSA_OGM,0.5,0.2,16384
1603,0.5191977442833133,0.8911688886329716,42,cuda,True,None,renyi_normalize_squaring,1,3,1,passthrough,SA_VSA_OGM,0.5,0.2,16384
1604,0.586219821192919,0.8981128970515095,42,cuda,True,None,renyi_normalize_squaring,1,5,1,passthrough,SA_VSA_OGM,0.5,0.2,16384
1605,0.5573696208550997,0.8145072713893118,42,cuda,True,None,renyi_normalize_squaring,3,1,1,passthrough,SA_VSA_OGM,0.5,0.2,16384
1606,0.5204394019306477,0.9036203519137852,42,cuda,True,None,renyi_normalize_squaring,3,3,1,passthrough,SA_VSA_OGM,0.5,0.2,16384
1607,0.4721698405720559,0.9267977772355764,42,cuda,True,None,renyi_normalize_squaring,3,5,1,passthrough,SA_VSA_OGM,0.5,0.2,16384
1608,0.6553184648852146,0.6863990637444558,42,cuda,True,None,renyi_normalize_squaring,5,1,1,passthrough,SA_VSA_OGM,0.5,0.2,16384
1609,0.610908915201909,0.8788496763416911,42,cuda,True,None,renyi_normalize_squaring,5,3,1,passthrough,SA_VSA_OGM,0.5,0.2,16384
1610,0.5999400277407172,0.8459535952880649,42,cuda,True,None,renyi_normalize_squaring,5,5,1,passthrough,SA_VSA_OGM,0.5,0.2,16384
1611,0.5171390294295817,0.8896093447122282,42,cuda,True,None,renyi_normalize_cubic,1,1,1,passthrough,SA_VSA_OGM,0.5,0.2,16384
1612,0.4934569729183184,0.9032121614830884,42,cuda,True,None,renyi_normalize_cubic,1,3,1,passthrough,SA_VSA_OGM,0.5,0.2,16384
1613,0.5473181634802824,0.8935472542854573,42,cuda,True,None,renyi_normalize_cubic,1,5,1,passthrough,SA_VSA_OGM,0.5,0.2,16384
1614,0.5769588693520925,0.8387378757562787,42,cuda,True,None,renyi_normalize_cubic,3,1,1,passthrough,SA_VSA_OGM,0.5,0.2,16384
1615,0.5296492009511168,0.9277890955898196,42,cuda,True,None,renyi_normalize_cubic,3,3,1,passthrough,SA_VSA_OGM,0.5,0.2,16384
1616,0.4745241247745976,0.8971279356839613,42,cuda,True,None,renyi_normalize_cubic,3,5,1,passthrough,SA_VSA_OGM,0.5,0.2,16384
1617,0.5935931203595312,0.7610196449701848,42,cuda,True,None,renyi_normalize_cubic,5,1,1,passthrough,SA_VSA_OGM,0.5,0.2,16384
1618,0.4854892923484434,0.9052171322352864,42,cuda,True,None,renyi_normalize_cubic,5,3,1,passthrough,SA_VSA_OGM,0.5,0.2,16384
1619,0.5174137319949161,0.9181220413441332,42,cuda,True,None,renyi_normalize_cubic,5,5,1,passthrough,SA_VSA_OGM,0.5,0.2,16384
1620,0.6079547014096911,0.7117200983385469,42,cuda,True,None,renyi,1,1,1,passthrough,SA_VSA_OGM,0.5,0.5,16384
1621,0.7719790931893922,0.8890321457302036,42,cuda,True,None,renyi,1,3,1,passthrough,SA_VSA_OGM,0.5,0.5,16384
1622,0.8720484644257992,0.933972747043228,42,cuda,True,None,renyi,1,5,1,passthrough,SA_VSA_OGM,0.5,0.5,16384
1623,0.6660758973148591,0.8524898762188693,42,cuda,True,None,renyi,3,1,1,passthrough,SA_VSA_OGM,0.5,0.5,16384
1624,0.477348681833982,0.8887707162771175,42,cuda,True,None,renyi,3,3,1,passthrough,SA_VSA_OGM,0.5,0.5,16384
1625,0.4423707537903466,0.9116368280383568,42,cuda,True,None,renyi,3,5,1,passthrough,SA_VSA_OGM,0.5,0.5,16384
1626,0.7452568803939308,0.7195782777282744,42,cuda,True,None,renyi,5,1,1,passthrough,SA_VSA_OGM,0.5,0.5,16384
1627,0.5214027684247269,0.8712597153803475,42,cuda,True,None,renyi,5,3,1,passthrough,SA_VSA_OGM,0.5,0.5,16384
1628,0.5194602169909243,0.9043266521664624,42,cuda,True,None,renyi,5,5,1,passthrough,SA_VSA_OGM,0.5,0.5,16384
1629,0.4692987165014944,0.9191351934091416,42,cuda,True,None,renyi_squaring,1,1,1,passthrough,SA_VSA_OGM,0.5,0.5,16384
1630,0.4175673244316531,0.9266543443760388,42,cuda,True,None,renyi_squaring,1,3,1,passthrough,SA_VSA_OGM,0.5,0.5,16384
1631,0.4436382766521299,0.9037877900587544,42,cuda,True,None,renyi_squaring,1,5,1,passthrough,SA_VSA_OGM,0.5,0.5,16384
1632,0.5095118732775528,0.8868868178072228,42,cuda,True,None,renyi_squaring,3,1,1,passthrough,SA_VSA_OGM,0.5,0.5,16384
1633,0.41175371846483055,0.9154735764953452,42,cuda,True,None,renyi_squaring,3,3,1,passthrough,SA_VSA_OGM,0.5,0.5,16384
1634,0.4420753806911849,0.886106582780795,42,cuda,True,None,renyi_squaring,3,5,1,passthrough,SA_VSA_OGM,0.5,0.5,16384
1635,0.5055888165419026,0.854287330402075,42,cuda,True,None,renyi_squaring,5,1,1,passthrough,SA_VSA_OGM,0.5,0.5,16384
1636,0.500775454934342,0.8641868838682442,42,cuda,True,None,renyi_squaring,5,3,1,passthrough,SA_VSA_OGM,0.5,0.5,16384
1637,0.5148816380188552,0.8782942469228102,42,cuda,True,None,renyi_squaring,5,5,1,passthrough,SA_VSA_OGM,0.5,0.5,16384
1638,0.7990781000638274,0.6859195486904486,42,cuda,True,None,renyi_cubic,1,1,1,passthrough,SA_VSA_OGM,0.5,0.5,16384
1639,0.8366132471478838,0.6837086551174008,42,cuda,True,None,renyi_cubic,1,3,1,passthrough,SA_VSA_OGM,0.5,0.5,16384
1640,1.814282172418768,0.6833933000809089,42,cuda,True,None,renyi_cubic,1,5,1,passthrough,SA_VSA_OGM,0.5,0.5,16384
1641,0.8600114951844997,0.7574401269599815,42,cuda,True,None,renyi_cubic,3,1,1,passthrough,SA_VSA_OGM,0.5,0.5,16384
1642,1.5996239140547877,0.67646450382964,42,cuda,True,None,renyi_cubic,3,3,1,passthrough,SA_VSA_OGM,0.5,0.5,16384
1643,0.8479300445947178,0.7076958018507707,42,cuda,True,None,renyi_cubic,3,5,1,passthrough,SA_VSA_OGM,0.5,0.5,16384
1644,1.155067816156311,0.6425520492856414,42,cuda,True,None,renyi_cubic,5,1,1,passthrough,SA_VSA_OGM,0.5,0.5,16384
1645,0.7354997415767341,0.7023337099107337,42,cuda,True,None,renyi_cubic,5,3,1,passthrough,SA_VSA_OGM,0.5,0.5,16384
1646,0.6281485779760848,0.7240428609997385,42,cuda,True,None,renyi_cubic,5,5,1,passthrough,SA_VSA_OGM,0.5,0.5,16384
1647,0.6883360518981222,0.5442784565716706,42,cuda,True,None,renyi_normalize,1,1,1,passthrough,SA_VSA_OGM,0.5,0.5,16384
1648,0.756076223930751,0.748698307416251,42,cuda,True,None,renyi_normalize,1,3,1,passthrough,SA_VSA_OGM,0.5,0.5,16384
1649,0.8681473916367479,0.8832823324479496,42,cuda,True,None,renyi_normalize,1,5,1,passthrough,SA_VSA_OGM,0.5,0.5,16384
1650,0.6525507082528937,0.8129694103538301,42,cuda,True,None,renyi_normalize,3,1,1,passthrough,SA_VSA_OGM,0.5,0.5,16384
1651,0.6089208206090706,0.7849172785784186,42,cuda,True,None,renyi_normalize,3,3,1,passthrough,SA_VSA_OGM,0.5,0.5,16384
1652,0.5383638924497973,0.9186004803917148,42,cuda,True,None,renyi_normalize,3,5,1,passthrough,SA_VSA_OGM,0.5,0.5,16384
1653,0.8071130333909987,0.5972307185542142,42,cuda,True,None,renyi_normalize,5,1,1,passthrough,SA_VSA_OGM,0.5,0.5,16384
1654,0.5841512623682604,0.7819137213372553,42,cuda,True,None,renyi_normalize,5,3,1,passthrough,SA_VSA_OGM,0.5,0.5,16384
1655,0.5865391445947167,0.808924447704276,42,cuda,True,None,renyi_normalize,5,5,1,passthrough,SA_VSA_OGM,0.5,0.5,16384
1656,0.4902953093467015,0.8767619451912994,42,cuda,True,None,renyi_normalize_squaring,1,1,1,passthrough,SA_VSA_OGM,0.5,0.5,16384
1657,0.6589019090622056,0.9299065331959814,42,cuda,True,None,renyi_normalize_squaring,1,3,1,passthrough,SA_VSA_OGM,0.5,0.5,16384
1658,0.61238926765852,0.9365551527637244,42,cuda,True,None,renyi_normalize_squaring,1,5,1,passthrough,SA_VSA_OGM,0.5,0.5,16384
1659,0.5127047217946693,0.8916311171249942,42,cuda,True,None,renyi_normalize_squaring,3,1,1,passthrough,SA_VSA_OGM,0.5,0.5,16384
1660,0.3668968605950103,0.9460201323347388,42,cuda,True,None,renyi_normalize_squaring,3,3,1,passthrough,SA_VSA_OGM,0.5,0.5,16384
1661,0.38416109542127275,0.92444657712899,42,cuda,True,None,renyi_normalize_squaring,3,5,1,passthrough,SA_VSA_OGM,0.5,0.5,16384
1662,0.5444435615961218,0.8781841977721636,42,cuda,True,None,renyi_normalize_squaring,5,1,1,passthrough,SA_VSA_OGM,0.5,0.5,16384
1663,0.5337729701690026,0.8941900564586035,42,cuda,True,None,renyi_normalize_squaring,5,3,1,passthrough,SA_VSA_OGM,0.5,0.5,16384
1664,0.5464269004291885,0.9287114916135464,42,cuda,True,None,renyi_normalize_squaring,5,5,1,passthrough,SA_VSA_OGM,0.5,0.5,16384
1665,0.3794800355188262,0.9386082850238144,42,cuda,True,None,renyi_normalize_cubic,1,1,1,passthrough,SA_VSA_OGM,0.5,0.5,16384
1666,0.41519276939270294,0.9327821606263956,42,cuda,True,None,renyi_normalize_cubic,1,3,1,passthrough,SA_VSA_OGM,0.5,0.5,16384
1667,0.37514691995653127,0.9310811176834388,42,cuda,True,None,renyi_normalize_cubic,1,5,1,passthrough,SA_VSA_OGM,0.5,0.5,16384
1668,0.38951204936506206,0.9212882309705058,42,cuda,True,None,renyi_normalize_cubic,3,1,1,passthrough,SA_VSA_OGM,0.5,0.5,16384
1669,0.4278704078100909,0.9361033413137708,42,cuda,True,None,renyi_normalize_cubic,3,3,1,passthrough,SA_VSA_OGM,0.5,0.5,16384
1670,0.4125591678991267,0.9206130825363,42,cuda,True,None,renyi_normalize_cubic,3,5,1,passthrough,SA_VSA_OGM,0.5,0.5,16384
1671,0.4822634802326484,0.8555802336144733,42,cuda,True,None,renyi_normalize_cubic,5,1,1,passthrough,SA_VSA_OGM,0.5,0.5,16384
1672,0.5489000378726946,0.8942736527960011,42,cuda,True,None,renyi_normalize_cubic,5,3,1,passthrough,SA_VSA_OGM,0.5,0.5,16384
1673,0.5595507298760719,0.9508724145352097,42,cuda,True,None,renyi_normalize_cubic,5,5,1,passthrough,SA_VSA_OGM,0.5,0.5,16384
1674,0.8779610658341649,0.6117271870872932,42,cuda,True,None,renyi,1,1,1,passthrough,SA_VSA_OGM,0.5,1.0,16384
1675,0.8971788692501592,0.7291332557527321,42,cuda,True,None,renyi,1,3,1,passthrough,SA_VSA_OGM,0.5,1.0,16384
1676,1.154163251205289,0.8760310803149949,42,cuda,True,None,renyi,1,5,1,passthrough,SA_VSA_OGM,0.5,1.0,16384
1677,0.9012389003030004,0.6147720175993254,42,cuda,True,None,renyi,3,1,1,passthrough,SA_VSA_OGM,0.5,1.0,16384
1678,0.5561725180257341,0.849931308594337,42,cuda,True,None,renyi,3,3,1,passthrough,SA_VSA_OGM,0.5,1.0,16384
1679,0.5710987826705192,0.8851411913837502,42,cuda,True,None,renyi,3,5,1,passthrough,SA_VSA_OGM,0.5,1.0,16384
1680,0.9109684598481156,0.5779330862789493,42,cuda,True,None,renyi,5,1,1,passthrough,SA_VSA_OGM,0.5,1.0,16384
1681,0.5743456108485541,0.8191042459009177,42,cuda,True,None,renyi,5,3,1,passthrough,SA_VSA_OGM,0.5,1.0,16384
1682,0.5480912670350371,0.8606336377428365,42,cuda,True,None,renyi,5,5,1,passthrough,SA_VSA_OGM,0.5,1.0,16384
1683,0.37583985911782947,0.913252437854099,42,cuda,True,None,renyi_squaring,1,1,1,passthrough,SA_VSA_OGM,0.5,1.0,16384
1684,0.3583203664350356,0.9328676475230736,42,cuda,True,None,renyi_squaring,1,3,1,passthrough,SA_VSA_OGM,0.5,1.0,16384
1685,0.3421008629534988,0.926201809164682,42,cuda,True,None,renyi_squaring,1,5,1,passthrough,SA_VSA_OGM,0.5,1.0,16384
1686,0.5029284584106326,0.888883836541564,42,cuda,True,None,renyi_squaring,3,1,1,passthrough,SA_VSA_OGM,0.5,1.0,16384
1687,0.3789643170193237,0.913975037412292,42,cuda,True,None,renyi_squaring,3,3,1,passthrough,SA_VSA_OGM,0.5,1.0,16384
1688,0.3913517025164257,0.9133547011571748,42,cuda,True,None,renyi_squaring,3,5,1,passthrough,SA_VSA_OGM,0.5,1.0,16384
1689,0.5425037638672955,0.8076190089398252,42,cuda,True,None,renyi_squaring,5,1,1,passthrough,SA_VSA_OGM,0.5,1.0,16384
1690,0.46886786524082086,0.9267077329747886,42,cuda,True,None,renyi_squaring,5,3,1,passthrough,SA_VSA_OGM,0.5,1.0,16384
1691,0.5090938402575881,0.9221181614636776,42,cuda,True,None,renyi_squaring,5,5,1,passthrough,SA_VSA_OGM,0.5,1.0,16384
1692,0.6723441282157271,0.8831467602550869,42,cuda,True,None,renyi_cubic,1,1,1,passthrough,SA_VSA_OGM,0.5,1.0,16384
1693,0.46865097367802727,0.9128505097633048,42,cuda,True,None,renyi_cubic,1,3,1,passthrough,SA_VSA_OGM,0.5,1.0,16384
1694,0.4358725105162061,0.8886792311900547,42,cuda,True,None,renyi_cubic,1,5,1,passthrough,SA_VSA_OGM,0.5,1.0,16384
1695,0.5309873689132161,0.8582242740233444,42,cuda,True,None,renyi_cubic,3,1,1,passthrough,SA_VSA_OGM,0.5,1.0,16384
1696,0.45933091750278826,0.8715098130750054,42,cuda,True,None,renyi_cubic,3,3,1,passthrough,SA_VSA_OGM,0.5,1.0,16384
1697,0.4988833012124925,0.8190137799687329,42,cuda,True,None,renyi_cubic,3,5,1,passthrough,SA_VSA_OGM,0.5,1.0,16384
1698,0.6101405005732222,0.7872337455738982,42,cuda,True,None,renyi_cubic,5,1,1,passthrough,SA_VSA_OGM,0.5,1.0,16384
1699,0.4956428753668964,0.8562214365654571,42,cuda,True,None,renyi_cubic,5,3,1,passthrough,SA_VSA_OGM,0.5,1.0,16384
1700,0.5591982544305759,0.7842065712058666,42,cuda,True,None,renyi_cubic,5,5,1,passthrough,SA_VSA_OGM,0.5,1.0,16384
1701,0.7310147375050141,0.5399804170321841,42,cuda,True,None,renyi_normalize,1,1,1,passthrough,SA_VSA_OGM,0.5,1.0,16384
1702,0.9940448931491376,0.6634245462675121,42,cuda,True,None,renyi_normalize,1,3,1,passthrough,SA_VSA_OGM,0.5,1.0,16384
1703,1.1978409041427267,0.8583036692515472,42,cuda,True,None,renyi_normalize,1,5,1,passthrough,SA_VSA_OGM,0.5,1.0,16384
1704,0.8795381392234768,0.6557564662726778,42,cuda,True,None,renyi_normalize,3,1,1,passthrough,SA_VSA_OGM,0.5,1.0,16384
1705,0.7024175156629638,0.6161910905058644,42,cuda,True,None,renyi_normalize,3,3,1,passthrough,SA_VSA_OGM,0.5,1.0,16384
1706,0.6827458739939227,0.8858868913468505,42,cuda,True,None,renyi_normalize,3,5,1,passthrough,SA_VSA_OGM,0.5,1.0,16384
1707,1.030900667269067,0.5006957617596673,42,cuda,True,None,renyi_normalize,5,1,1,passthrough,SA_VSA_OGM,0.5,1.0,16384
1708,0.6524500280922036,0.6687576927074723,42,cuda,True,None,renyi_normalize,5,3,1,passthrough,SA_VSA_OGM,0.5,1.0,16384
1709,0.6090101863914036,0.874717325142176,42,cuda,True,None,renyi_normalize,5,5,1,passthrough,SA_VSA_OGM,0.5,1.0,16384
1710,0.5169973776190968,0.8480075472796742,42,cuda,True,None,renyi_normalize_squaring,1,1,1,passthrough,SA_VSA_OGM,0.5,1.0,16384
1711,0.7236039244996383,0.9298265721875474,42,cuda,True,None,renyi_normalize_squaring,1,3,1,passthrough,SA_VSA_OGM,0.5,1.0,16384
1712,0.738120712854839,0.9474675825240334,42,cuda,True,None,renyi_normalize_squaring,1,5,1,passthrough,SA_VSA_OGM,0.5,1.0,16384
1713,0.7429158311830181,0.8510574138897712,42,cuda,True,None,renyi_normalize_squaring,3,1,1,passthrough,SA_VSA_OGM,0.5,1.0,16384
1714,0.38848002849829866,0.9293103026061988,42,cuda,True,None,renyi_normalize_squaring,3,3,1,passthrough,SA_VSA_OGM,0.5,1.0,16384
1715,0.39148814164616746,0.9217504685706978,42,cuda,True,None,renyi_normalize_squaring,3,5,1,passthrough,SA_VSA_OGM,0.5,1.0,16384
1716,0.7470148381654462,0.7575559298619101,42,cuda,True,None,renyi_normalize_squaring,5,1,1,passthrough,SA_VSA_OGM,0.5,1.0,16384
1717,0.44990049311075614,0.91414802580864,42,cuda,True,None,renyi_normalize_squaring,5,3,1,passthrough,SA_VSA_OGM,0.5,1.0,16384
1718,0.4324041237400439,0.927752210551372,42,cuda,True,None,renyi_normalize_squaring,5,5,1,passthrough,SA_VSA_OGM,0.5,1.0,16384
1719,0.4096811371392208,0.9167611420719628,42,cuda,True,None,renyi_normalize_cubic,1,1,1,passthrough,SA_VSA_OGM,0.5,1.0,16384
1720,0.4816684563158882,0.940452911321593,42,cuda,True,None,renyi_normalize_cubic,1,3,1,passthrough,SA_VSA_OGM,0.5,1.0,16384
1721,0.4638621273611005,0.9484004032963388,42,cuda,True,None,renyi_normalize_cubic,1,5,1,passthrough,SA_VSA_OGM,0.5,1.0,16384
1722,0.5304771383381804,0.8928961775618992,42,cuda,True,None,renyi_normalize_cubic,3,1,1,passthrough,SA_VSA_OGM,0.5,1.0,16384
1723,0.32480913632479635,0.948818474472082,42,cuda,True,None,renyi_normalize_cubic,3,3,1,passthrough,SA_VSA_OGM,0.5,1.0,16384
1724,0.352882733594782,0.9264351093904812,42,cuda,True,None,renyi_normalize_cubic,3,5,1,passthrough,SA_VSA_OGM,0.5,1.0,16384
1725,0.6083844683248213,0.8184100418557373,42,cuda,True,None,renyi_normalize_cubic,5,1,1,passthrough,SA_VSA_OGM,0.5,1.0,16384
1726,0.40959686203510265,0.9324558763344432,42,cuda,True,None,renyi_normalize_cubic,5,3,1,passthrough,SA_VSA_OGM,0.5,1.0,16384
1727,0.4628873147129079,0.9386313719154492,42,cuda,True,None,renyi_normalize_cubic,5,5,1,passthrough,SA_VSA_OGM,0.5,1.0,16384
1728,0.6614279959291446,0.6402259103531384,42,cuda,True,None,renyi,1,1,1,passthrough,SA_VSA_OGM,0.5,0.1,8192
1729,0.7299345935787109,0.6949077059699197,42,cuda,True,None,renyi,1,3,1,passthrough,SA_VSA_OGM,0.5,0.1,8192
1730,0.7010515771201448,0.6418291565905208,42,cuda,True,None,renyi,1,5,1,passthrough,SA_VSA_OGM,0.5,0.1,8192
1731,0.8015405160008983,0.4336714347074525,42,cuda,True,None,renyi,3,1,1,passthrough,SA_VSA_OGM,0.5,0.1,8192
1732,0.6340327666685496,0.7021994227310767,42,cuda,True,None,renyi,3,3,1,passthrough,SA_VSA_OGM,0.5,0.1,8192
1733,0.5471142837749055,0.7991901159777743,42,cuda,True,None,renyi,3,5,1,passthrough,SA_VSA_OGM,0.5,0.1,8192
1734,0.7879814187366385,0.510649866075532,42,cuda,True,None,renyi,5,1,1,passthrough,SA_VSA_OGM,0.5,0.1,8192
1735,0.6075076139650972,0.7576570326404564,42,cuda,True,None,renyi,5,3,1,passthrough,SA_VSA_OGM,0.5,0.1,8192
1736,0.6016407810208098,0.7547754754663536,42,cuda,True,None,renyi,5,5,1,passthrough,SA_VSA_OGM,0.5,0.1,8192
1737,16.946634974214053,0.5296775629404723,42,cuda,True,None,renyi_squaring,1,1,1,passthrough,SA_VSA_OGM,0.5,0.1,8192
1738,1.5013661229832345,0.5720811266782778,42,cuda,True,None,renyi_squaring,1,3,1,passthrough,SA_VSA_OGM,0.5,0.1,8192
1739,1.1441701279142844,0.8304707489991895,42,cuda,True,None,renyi_squaring,1,5,1,passthrough,SA_VSA_OGM,0.5,0.1,8192
1740,1.3878855990907508,0.5524281194510791,42,cuda,True,None,renyi_squaring,3,1,1,passthrough,SA_VSA_OGM,0.5,0.1,8192
1741,0.7205606896535062,0.614739104757943,42,cuda,True,None,renyi_squaring,3,3,1,passthrough,SA_VSA_OGM,0.5,0.1,8192
1742,0.865078283964597,0.5674204487913918,42,cuda,True,None,renyi_squaring,3,5,1,passthrough,SA_VSA_OGM,0.5,0.1,8192
1743,0.8901035602344483,0.5502016467133166,42,cuda,True,None,renyi_squaring,5,1,1,passthrough,SA_VSA_OGM,0.5,0.1,8192
1744,3.1068425249131675,0.627748222518535,42,cuda,True,None,renyi_squaring,5,3,1,passthrough,SA_VSA_OGM,0.5,0.1,8192
1745,0.8150606213441267,0.536618957272161,42,cuda,True,None,renyi_squaring,5,5,1,passthrough,SA_VSA_OGM,0.5,0.1,8192
1746,18.016152965490452,0.5,42,cuda,True,None,renyi_cubic,1,1,1,passthrough,SA_VSA_OGM,0.5,0.1,8192
1747,18.016362410720976,0.5,42,cuda,True,None,renyi_cubic,1,3,1,passthrough,SA_VSA_OGM,0.5,0.1,8192
1748,18.01636553495416,0.5,42,cuda,True,None,renyi_cubic,1,5,1,passthrough,SA_VSA_OGM,0.5,0.1,8192
1749,18.01647163748362,0.5,42,cuda,True,None,renyi_cubic,3,1,1,passthrough,SA_VSA_OGM,0.5,0.1,8192
1750,18.016577618822296,0.5,42,cuda,True,None,renyi_cubic,3,3,1,passthrough,SA_VSA_OGM,0.5,0.1,8192
1751,18.016580614870087,0.5,42,cuda,True,None,renyi_cubic,3,5,1,passthrough,SA_VSA_OGM,0.5,0.1,8192
1752,18.016480801871083,0.5,42,cuda,True,None,renyi_cubic,5,1,1,passthrough,SA_VSA_OGM,0.5,0.1,8192
1753,18.01627835566743,0.5,42,cuda,True,None,renyi_cubic,5,3,1,passthrough,SA_VSA_OGM,0.5,0.1,8192
1754,18.0161788286429,0.5,42,cuda,True,None,renyi_cubic,5,5,1,passthrough,SA_VSA_OGM,0.5,0.1,8192
1755,0.7969926996566778,0.4825051242332829,42,cuda,True,None,renyi_normalize,1,1,1,passthrough,SA_VSA_OGM,0.5,0.1,8192
1756,0.7076747086166237,0.6521583437892453,42,cuda,True,None,renyi_normalize,1,3,1,passthrough,SA_VSA_OGM,0.5,0.1,8192
1757,0.7760225794916087,0.621373739667842,42,cuda,True,None,renyi_normalize,1,5,1,passthrough,SA_VSA_OGM,0.5,0.1,8192
1758,0.7035908194420045,0.5652865236920401,42,cuda,True,None,renyi_normalize,3,1,1,passthrough,SA_VSA_OGM,0.5,0.1,8192
1759,0.6333753866599162,0.6838415884564573,42,cuda,True,None,renyi_normalize,3,3,1,passthrough,SA_VSA_OGM,0.5,0.1,8192
1760,0.7002686450708526,0.6043023588527621,42,cuda,True,None,renyi_normalize,3,5,1,passthrough,SA_VSA_OGM,0.5,0.1,8192
1761,1.0054201795380115,0.522187749821905,42,cuda,True,None,renyi_normalize,5,1,1,passthrough,SA_VSA_OGM,0.5,0.1,8192
1762,0.6635142412291386,0.6397723153951432,42,cuda,True,None,renyi_normalize,5,3,1,passthrough,SA_VSA_OGM,0.5,0.1,8192
1763,0.7122852093265923,0.5529266916163669,42,cuda,True,None,renyi_normalize,5,5,1,passthrough,SA_VSA_OGM,0.5,0.1,8192
1764,0.6911924933704315,0.6002246533173209,42,cuda,True,None,renyi_normalize_squaring,1,1,1,passthrough,SA_VSA_OGM,0.5,0.1,8192
1765,0.6910534187354167,0.7003185947922542,42,cuda,True,None,renyi_normalize_squaring,1,3,1,passthrough,SA_VSA_OGM,0.5,0.1,8192
1766,0.6242527516055276,0.7862633874881456,42,cuda,True,None,renyi_normalize_squaring,1,5,1,passthrough,SA_VSA_OGM,0.5,0.1,8192
1767,0.7933936407220916,0.5000316762107955,42,cuda,True,None,renyi_normalize_squaring,3,1,1,passthrough,SA_VSA_OGM,0.5,0.1,8192
1768,0.7345597399409373,0.7087224171369878,42,cuda,True,None,renyi_normalize_squaring,3,3,1,passthrough,SA_VSA_OGM,0.5,0.1,8192
1769,0.6129172583892446,0.7658079171910317,42,cuda,True,None,renyi_normalize_squaring,3,5,1,passthrough,SA_VSA_OGM,0.5,0.1,8192
1770,0.7243744394038272,0.6249969953361116,42,cuda,True,None,renyi_normalize_squaring,5,1,1,passthrough,SA_VSA_OGM,0.5,0.1,8192
1771,0.728660930843526,0.5711345853232459,42,cuda,True,None,renyi_normalize_squaring,5,3,1,passthrough,SA_VSA_OGM,0.5,0.1,8192
1772,0.5500370432051401,0.8363344095678682,42,cuda,True,None,renyi_normalize_squaring,5,5,1,passthrough,SA_VSA_OGM,0.5,0.1,8192
1773,0.6878373054861358,0.7074026547313992,42,cuda,True,None,renyi_normalize_cubic,1,1,1,passthrough,SA_VSA_OGM,0.5,0.1,8192
1774,0.6754759841412493,0.7231670176029127,42,cuda,True,None,renyi_normalize_cubic,1,3,1,passthrough,SA_VSA_OGM,0.5,0.1,8192
1775,0.7459819963310075,0.7344055831252253,42,cuda,True,None,renyi_normalize_cubic,1,5,1,passthrough,SA_VSA_OGM,0.5,0.1,8192
1776,0.6892442697618557,0.6456577638322588,42,cuda,True,None,renyi_normalize_cubic,3,1,1,passthrough,SA_VSA_OGM,0.5,0.1,8192
1777,0.6835261003132954,0.6903272969424256,42,cuda,True,None,renyi_normalize_cubic,3,3,1,passthrough,SA_VSA_OGM,0.5,0.1,8192
1778,0.662166882569646,0.7601934036114486,42,cuda,True,None,renyi_normalize_cubic,3,5,1,passthrough,SA_VSA_OGM,0.5,0.1,8192
1779,0.7316337908085275,0.5732682763739192,42,cuda,True,None,renyi_normalize_cubic,5,1,1,passthrough,SA_VSA_OGM,0.5,0.1,8192
1780,0.6498044507665884,0.6858542160851026,42,cuda,True,None,renyi_normalize_cubic,5,3,1,passthrough,SA_VSA_OGM,0.5,0.1,8192
1781,0.6189545438604255,0.7748229447680501,42,cuda,True,None,renyi_normalize_cubic,5,5,1,passthrough,SA_VSA_OGM,0.5,0.1,8192
1782,0.692211359080735,0.6126339401039383,42,cuda,True,None,renyi,1,1,1,passthrough,SA_VSA_OGM,0.5,0.2,8192
1783,0.6255021030994817,0.833616593374205,42,cuda,True,None,renyi,1,3,1,passthrough,SA_VSA_OGM,0.5,0.2,8192
1784,0.5899221123196804,0.8770534043896999,42,cuda,True,None,renyi,1,5,1,passthrough,SA_VSA_OGM,0.5,0.2,8192
1785,0.6244371171317998,0.7245417311279541,42,cuda,True,None,renyi,3,1,1,passthrough,SA_VSA_OGM,0.5,0.2,8192
1786,0.5183745402786423,0.8406286086489907,42,cuda,True,None,renyi,3,3,1,passthrough,SA_VSA_OGM,0.5,0.2,8192
1787,0.48069333663478736,0.8777982155168678,42,cuda,True,None,renyi,3,5,1,passthrough,SA_VSA_OGM,0.5,0.2,8192
1788,0.6424189838561934,0.6786825798911267,42,cuda,True,None,renyi,5,1,1,passthrough,SA_VSA_OGM,0.5,0.2,8192
1789,0.5797744465581621,0.7971250693689413,42,cuda,True,None,renyi,5,3,1,passthrough,SA_VSA_OGM,0.5,0.2,8192
1790,0.5147056994245732,0.848877785262506,42,cuda,True,None,renyi,5,5,1,passthrough,SA_VSA_OGM,0.5,0.2,8192
1791,0.7519029301017297,0.6547347493788593,42,cuda,True,None,renyi_squaring,1,1,1,passthrough,SA_VSA_OGM,0.5,0.2,8192
1792,0.7876822081281177,0.7822592709487953,42,cuda,True,None,renyi_squaring,1,3,1,passthrough,SA_VSA_OGM,0.5,0.2,8192
1793,0.7627283089251862,0.784229186461281,42,cuda,True,None,renyi_squaring,1,5,1,passthrough,SA_VSA_OGM,0.5,0.2,8192
1794,0.8486397137431265,0.6421401025256888,42,cuda,True,None,renyi_squaring,3,1,1,passthrough,SA_VSA_OGM,0.5,0.2,8192
1795,0.7035464429497191,0.7378700132196244,42,cuda,True,None,renyi_squaring,3,3,1,passthrough,SA_VSA_OGM,0.5,0.2,8192
1796,0.6888113793952344,0.7481062681821902,42,cuda,True,None,renyi_squaring,3,5,1,passthrough,SA_VSA_OGM,0.5,0.2,8192
1797,1.312541680379256,0.6069653157498776,42,cuda,True,None,renyi_squaring,5,1,1,passthrough,SA_VSA_OGM,0.5,0.2,8192
1798,0.6031855526624139,0.7515010159712489,42,cuda,True,None,renyi_squaring,5,3,1,passthrough,SA_VSA_OGM,0.5,0.2,8192
1799,0.67875644441643,0.667365857595696,42,cuda,True,None,renyi_squaring,5,5,1,passthrough,SA_VSA_OGM,0.5,0.2,8192
1800,18.01602288585072,0.5,42,cuda,True,None,renyi_cubic,1,1,1,passthrough,SA_VSA_OGM,0.5,0.2,8192
1801,18.01612611674731,0.5,42,cuda,True,None,renyi_cubic,1,3,1,passthrough,SA_VSA_OGM,0.5,0.2,8192
1802,18.016129278465453,0.5,42,cuda,True,None,renyi_cubic,1,5,1,passthrough,SA_VSA_OGM,0.5,0.2,8192
1803,18.01613243667836,0.5,42,cuda,True,None,renyi_cubic,3,1,1,passthrough,SA_VSA_OGM,0.5,0.2,8192
1804,18.016534967052692,0.5,42,cuda,True,None,renyi_cubic,3,3,1,passthrough,SA_VSA_OGM,0.5,0.2,8192
1805,18.016637685765012,0.5,42,cuda,True,None,renyi_cubic,3,5,1,passthrough,SA_VSA_OGM,0.5,0.2,8192
1806,18.016740290787556,0.5,42,cuda,True,None,renyi_cubic,5,1,1,passthrough,SA_VSA_OGM,0.5,0.2,8192
1807,18.016543747574,0.5,42,cuda,True,None,renyi_cubic,5,3,1,passthrough,SA_VSA_OGM,0.5,0.2,8192
1808,18.01674591423009,0.5,42,cuda,True,None,renyi_cubic,5,5,1,passthrough,SA_VSA_OGM,0.5,0.2,8192
1809,0.6797677192900812,0.552772576521823,42,cuda,True,None,renyi_normalize,1,1,1,passthrough,SA_VSA_OGM,0.5,0.2,8192
1810,0.73494351042048,0.6047171671856514,42,cuda,True,None,renyi_normalize,1,3,1,passthrough,SA_VSA_OGM,0.5,0.2,8192
1811,0.7850183212545471,0.7975106475996139,42,cuda,True,None,renyi_normalize,1,5,1,passthrough,SA_VSA_OGM,0.5,0.2,8192
1812,0.7770357729041685,0.6414276166756985,42,cuda,True,None,renyi_normalize,3,1,1,passthrough,SA_VSA_OGM,0.5,0.2,8192
1813,0.7038426953399585,0.5996744991561824,42,cuda,True,None,renyi_normalize,3,3,1,passthrough,SA_VSA_OGM,0.5,0.2,8192
1814,0.6098208611346404,0.7992607550380404,42,cuda,True,None,renyi_normalize,3,5,1,passthrough,SA_VSA_OGM,0.5,0.2,8192
1815,0.9151459338885056,0.5898019569230704,42,cuda,True,None,renyi_normalize,5,1,1,passthrough,SA_VSA_OGM,0.5,0.2,8192
1816,0.688412722665673,0.6680793056785808,42,cuda,True,None,renyi_normalize,5,3,1,passthrough,SA_VSA_OGM,0.5,0.2,8192
1817,0.6563030888817938,0.6756701115515773,42,cuda,True,None,renyi_normalize,5,5,1,passthrough,SA_VSA_OGM,0.5,0.2,8192
1818,0.5944383939818447,0.7528785002787632,42,cuda,True,None,renyi_normalize_squaring,1,1,1,passthrough,SA_VSA_OGM,0.5,0.2,8192
1819,0.6689801902818391,0.8150029102868444,42,cuda,True,None,renyi_normalize_squaring,1,3,1,passthrough,SA_VSA_OGM,0.5,0.2,8192
1820,0.6516676443573387,0.8405653834236775,42,cuda,True,None,renyi_normalize_squaring,1,5,1,passthrough,SA_VSA_OGM,0.5,0.2,8192
1821,0.6335360325891286,0.688305211142573,42,cuda,True,None,renyi_normalize_squaring,3,1,1,passthrough,SA_VSA_OGM,0.5,0.2,8192
1822,0.49511810071396944,0.8651932289435169,42,cuda,True,None,renyi_normalize_squaring,3,3,1,passthrough,SA_VSA_OGM,0.5,0.2,8192
1823,0.5285107996685317,0.8694946978232118,42,cuda,True,None,renyi_normalize_squaring,3,5,1,passthrough,SA_VSA_OGM,0.5,0.2,8192
1824,0.5824741525326834,0.7741064645377154,42,cuda,True,None,renyi_normalize_squaring,5,1,1,passthrough,SA_VSA_OGM,0.5,0.2,8192
1825,0.6786227692159115,0.8571384244347291,42,cuda,True,None,renyi_normalize_squaring,5,3,1,passthrough,SA_VSA_OGM,0.5,0.2,8192
1826,0.698343704686617,0.8057497598041041,42,cuda,True,None,renyi_normalize_squaring,5,5,1,passthrough,SA_VSA_OGM,0.5,0.2,8192
1827,0.9894941082670096,0.8200185591538119,42,cuda,True,None,renyi_normalize_cubic,1,1,1,passthrough,SA_VSA_OGM,0.5,0.2,8192
1828,0.5677467358976379,0.883893266907187,42,cuda,True,None,renyi_normalize_cubic,1,3,1,passthrough,SA_VSA_OGM,0.5,0.2,8192
1829,0.6066769978491707,0.8561664608394335,42,cuda,True,None,renyi_normalize_cubic,1,5,1,passthrough,SA_VSA_OGM,0.5,0.2,8192
1830,0.5566305009163222,0.8238867877533249,42,cuda,True,None,renyi_normalize_cubic,3,1,1,passthrough,SA_VSA_OGM,0.5,0.2,8192
1831,0.4576818340620687,0.9268988831442132,42,cuda,True,None,renyi_normalize_cubic,3,3,1,passthrough,SA_VSA_OGM,0.5,0.2,8192
1832,0.5153507633746651,0.8666668291710538,42,cuda,True,None,renyi_normalize_cubic,3,5,1,passthrough,SA_VSA_OGM,0.5,0.2,8192
1833,0.6600433139748371,0.7030320859565262,42,cuda,True,None,renyi_normalize_cubic,5,1,1,passthrough,SA_VSA_OGM,0.5,0.2,8192
1834,0.5613258963060435,0.8686391873587456,42,cuda,True,None,renyi_normalize_cubic,5,3,1,passthrough,SA_VSA_OGM,0.5,0.2,8192
1835,0.8345233838089492,0.9082104510348844,42,cuda,True,None,renyi_normalize_cubic,5,5,1,passthrough,SA_VSA_OGM,0.5,0.2,8192
1836,0.6093919729189947,0.7246676610095101,42,cuda,True,None,renyi,1,1,1,passthrough,SA_VSA_OGM,0.5,0.5,8192
1837,0.77494003280588,0.8909475116116157,42,cuda,True,None,renyi,1,3,1,passthrough,SA_VSA_OGM,0.5,0.5,8192
1838,0.8230016181834138,0.9122231456545516,42,cuda,True,None,renyi,1,5,1,passthrough,SA_VSA_OGM,0.5,0.5,8192
1839,0.6126430840481234,0.8283389738627942,42,cuda,True,None,renyi,3,1,1,passthrough,SA_VSA_OGM,0.5,0.5,8192
1840,0.4905878233875175,0.8755083008456386,42,cuda,True,None,renyi,3,3,1,passthrough,SA_VSA_OGM,0.5,0.5,8192
1841,0.4589415931051914,0.9272480816177744,42,cuda,True,None,renyi,3,5,1,passthrough,SA_VSA_OGM,0.5,0.5,8192
1842,0.705928991300983,0.7537308953220785,42,cuda,True,None,renyi,5,1,1,passthrough,SA_VSA_OGM,0.5,0.5,8192
1843,0.5273450733410664,0.8802913447570679,42,cuda,True,None,renyi,5,3,1,passthrough,SA_VSA_OGM,0.5,0.5,8192
1844,0.5313793587748447,0.8490917415940785,42,cuda,True,None,renyi,5,5,1,passthrough,SA_VSA_OGM,0.5,0.5,8192
1845,0.4483621428972056,0.9212080457717348,42,cuda,True,None,renyi_squaring,1,1,1,passthrough,SA_VSA_OGM,0.5,0.5,8192
1846,0.4130834120464554,0.9095090568701883,42,cuda,True,None,renyi_squaring,1,3,1,passthrough,SA_VSA_OGM,0.5,0.5,8192
1847,0.33845426633941034,0.9203337284553444,42,cuda,True,None,renyi_squaring,1,5,1,passthrough,SA_VSA_OGM,0.5,0.5,8192
1848,0.4652054109306344,0.8787651011403357,42,cuda,True,None,renyi_squaring,3,1,1,passthrough,SA_VSA_OGM,0.5,0.5,8192
1849,0.4020907422775182,0.9213981968736012,42,cuda,True,None,renyi_squaring,3,3,1,passthrough,SA_VSA_OGM,0.5,0.5,8192
1850,0.4498242591128317,0.8730077002085728,42,cuda,True,None,renyi_squaring,3,5,1,passthrough,SA_VSA_OGM,0.5,0.5,8192
1851,0.5151285853710058,0.8549840891590785,42,cuda,True,None,renyi_squaring,5,1,1,passthrough,SA_VSA_OGM,0.5,0.5,8192
1852,0.48483860766324216,0.913371199130058,42,cuda,True,None,renyi_squaring,5,3,1,passthrough,SA_VSA_OGM,0.5,0.5,8192
1853,0.5014263795777126,0.9183855408511876,42,cuda,True,None,renyi_squaring,5,5,1,passthrough,SA_VSA_OGM,0.5,0.5,8192
1854,1.4729106502473346,0.6551869155251964,42,cuda,True,None,renyi_cubic,1,1,1,passthrough,SA_VSA_OGM,0.5,0.5,8192
1855,0.7822344746507002,0.7072177051223191,42,cuda,True,None,renyi_cubic,1,3,1,passthrough,SA_VSA_OGM,0.5,0.5,8192
1856,1.0472891753874645,0.7204934544996756,42,cuda,True,None,renyi_cubic,1,5,1,passthrough,SA_VSA_OGM,0.5,0.5,8192
1857,0.8859721209883732,0.7224505475491868,42,cuda,True,None,renyi_cubic,3,1,1,passthrough,SA_VSA_OGM,0.5,0.5,8192
1858,0.6253170037798368,0.7215462460048291,42,cuda,True,None,renyi_cubic,3,3,1,passthrough,SA_VSA_OGM,0.5,0.5,8192
1859,0.9496481094128852,0.7215833592449884,42,cuda,True,None,renyi_cubic,3,5,1,passthrough,SA_VSA_OGM,0.5,0.5,8192
1860,1.1053826972148848,0.6043081188338432,42,cuda,True,None,renyi_cubic,5,1,1,passthrough,SA_VSA_OGM,0.5,0.5,8192
1861,0.6846167443609165,0.6447193058206218,42,cuda,True,None,renyi_cubic,5,3,1,passthrough,SA_VSA_OGM,0.5,0.5,8192
1862,0.6785624329734141,0.6838390949873291,42,cuda,True,None,renyi_cubic,5,5,1,passthrough,SA_VSA_OGM,0.5,0.5,8192
1863,0.6867913589304073,0.5452778432855063,42,cuda,True,None,renyi_normalize,1,1,1,passthrough,SA_VSA_OGM,0.5,0.5,8192
1864,0.8642012020005053,0.771058774255373,42,cuda,True,None,renyi_normalize,1,3,1,passthrough,SA_VSA_OGM,0.5,0.5,8192
1865,1.0375255284616005,0.8314240076983859,42,cuda,True,None,renyi_normalize,1,5,1,passthrough,SA_VSA_OGM,0.5,0.5,8192
1866,0.7729295565544501,0.6621694718220015,42,cuda,True,None,renyi_normalize,3,1,1,passthrough,SA_VSA_OGM,0.5,0.5,8192
1867,0.5939102635898269,0.7591200705996064,42,cuda,True,None,renyi_normalize,3,3,1,passthrough,SA_VSA_OGM,0.5,0.5,8192
1868,0.596504556492546,0.8800215867378566,42,cuda,True,None,renyi_normalize,3,5,1,passthrough,SA_VSA_OGM,0.5,0.5,8192
1869,0.8359027795244782,0.5914292299894423,42,cuda,True,None,renyi_normalize,5,1,1,passthrough,SA_VSA_OGM,0.5,0.5,8192
1870,0.6288751095756876,0.6980676075951695,42,cuda,True,None,renyi_normalize,5,3,1,passthrough,SA_VSA_OGM,0.5,0.5,8192
1871,0.5496030120773582,0.8778223745764022,42,cuda,True,None,renyi_normalize,5,5,1,passthrough,SA_VSA_OGM,0.5,0.5,8192
1872,0.45958522015168474,0.9055231413143924,42,cuda,True,None,renyi_normalize_squaring,1,1,1,passthrough,SA_VSA_OGM,0.5,0.5,8192
1873,0.5986201768686397,0.9437705653039864,42,cuda,True,None,renyi_normalize_squaring,1,3,1,passthrough,SA_VSA_OGM,0.5,0.5,8192
1874,0.6296320156311039,0.9400203103649089,42,cuda,True,None,renyi_normalize_squaring,1,5,1,passthrough,SA_VSA_OGM,0.5,0.5,8192
1875,0.5378448100779792,0.870335445464222,42,cuda,True,None,renyi_normalize_squaring,3,1,1,passthrough,SA_VSA_OGM,0.5,0.5,8192
1876,0.4001037280127968,0.9287422135160536,42,cuda,True,None,renyi_normalize_squaring,3,3,1,passthrough,SA_VSA_OGM,0.5,0.5,8192
1877,0.44905933671332215,0.9378477413721628,42,cuda,True,None,renyi_normalize_squaring,3,5,1,passthrough,SA_VSA_OGM,0.5,0.5,8192
1878,0.5684875311049972,0.8097989750511069,42,cuda,True,None,renyi_normalize_squaring,5,1,1,passthrough,SA_VSA_OGM,0.5,0.5,8192
1879,0.5056188696881619,0.9334518511587454,42,cuda,True,None,renyi_normalize_squaring,5,3,1,passthrough,SA_VSA_OGM,0.5,0.5,8192
1880,0.519249460305117,0.9175202564063148,42,cuda,True,None,renyi_normalize_squaring,5,5,1,passthrough,SA_VSA_OGM,0.5,0.5,8192
1881,0.4065090133251257,0.9335224140232872,42,cuda,True,None,renyi_normalize_cubic,1,1,1,passthrough,SA_VSA_OGM,0.5,0.5,8192
1882,0.4138707900637444,0.9413705208971402,42,cuda,True,None,renyi_normalize_cubic,1,3,1,passthrough,SA_VSA_OGM,0.5,0.5,8192
1883,0.35617190879213406,0.929132264659718,42,cuda,True,None,renyi_normalize_cubic,1,5,1,passthrough,SA_VSA_OGM,0.5,0.5,8192
1884,0.3914263687598444,0.9280372397041932,42,cuda,True,None,renyi_normalize_cubic,3,1,1,passthrough,SA_VSA_OGM,0.5,0.5,8192
1885,0.41538098410797414,0.9218349390511388,42,cuda,True,None,renyi_normalize_cubic,3,3,1,passthrough,SA_VSA_OGM,0.5,0.5,8192
1886,0.43158787150037575,0.8981474847882505,42,cuda,True,None,renyi_normalize_cubic,3,5,1,passthrough,SA_VSA_OGM,0.5,0.5,8192
1887,0.4476500483401734,0.9009132635525904,42,cuda,True,None,renyi_normalize_cubic,5,1,1,passthrough,SA_VSA_OGM,0.5,0.5,8192
1888,0.5755887195397311,0.928748341688954,42,cuda,True,None,renyi_normalize_cubic,5,3,1,passthrough,SA_VSA_OGM,0.5,0.5,8192
1889,0.5525507238412516,0.9291363180746024,42,cuda,True,None,renyi_normalize_cubic,5,5,1,passthrough,SA_VSA_OGM,0.5,0.5,8192
1890,0.7060971438984351,0.5576357184109915,42,cuda,True,None,renyi,1,1,1,passthrough,SA_VSA_OGM,0.5,1.0,8192
1891,0.9997318547537316,0.7335458314498804,42,cuda,True,None,renyi,1,3,1,passthrough,SA_VSA_OGM,0.5,1.0,8192
1892,1.035769534598162,0.8618607421983353,42,cuda,True,None,renyi,1,5,1,passthrough,SA_VSA_OGM,0.5,1.0,8192
1893,0.9399783043962826,0.6387193832035584,42,cuda,True,None,renyi,3,1,1,passthrough,SA_VSA_OGM,0.5,1.0,8192
1894,0.6117481059711634,0.721491503742646,42,cuda,True,None,renyi,3,3,1,passthrough,SA_VSA_OGM,0.5,1.0,8192
1895,0.5820566710009827,0.914293897946965,42,cuda,True,None,renyi,3,5,1,passthrough,SA_VSA_OGM,0.5,1.0,8192
1896,1.0431782646750554,0.5641408458502285,42,cuda,True,None,renyi,5,1,1,passthrough,SA_VSA_OGM,0.5,1.0,8192
1897,0.5843235739679882,0.8050301407346413,42,cuda,True,None,renyi,5,3,1,passthrough,SA_VSA_OGM,0.5,1.0,8192
1898,0.5589656288745912,0.8541114211776701,42,cuda,True,None,renyi,5,5,1,passthrough,SA_VSA_OGM,0.5,1.0,8192
1899,0.4456345610180442,0.9237505959948528,42,cuda,True,None,renyi_squaring,1,1,1,passthrough,SA_VSA_OGM,0.5,1.0,8192
1900,0.3645464504430614,0.9384156512455716,42,cuda,True,None,renyi_squaring,1,3,1,passthrough,SA_VSA_OGM,0.5,1.0,8192
1901,0.3720144281329787,0.9306825789705402,42,cuda,True,None,renyi_squaring,1,5,1,passthrough,SA_VSA_OGM,0.5,1.0,8192
1902,0.47708018164759813,0.9065903247011056,42,cuda,True,None,renyi_squaring,3,1,1,passthrough,SA_VSA_OGM,0.5,1.0,8192
1903,0.3866964784013735,0.908588431646715,42,cuda,True,None,renyi_squaring,3,3,1,passthrough,SA_VSA_OGM,0.5,1.0,8192
1904,0.4014218217381404,0.8955361861163844,42,cuda,True,None,renyi_squaring,3,5,1,passthrough,SA_VSA_OGM,0.5,1.0,8192
1905,0.5308845413056963,0.8485832647927003,42,cuda,True,None,renyi_squaring,5,1,1,passthrough,SA_VSA_OGM,0.5,1.0,8192
1906,0.44948015793783,0.9104635400622858,42,cuda,True,None,renyi_squaring,5,3,1,passthrough,SA_VSA_OGM,0.5,1.0,8192
1907,0.4807989762202829,0.8977629921241321,42,cuda,True,None,renyi_squaring,5,5,1,passthrough,SA_VSA_OGM,0.5,1.0,8192
1908,0.513396930818327,0.8607205060874922,42,cuda,True,None,renyi_cubic,1,1,1,passthrough,SA_VSA_OGM,0.5,1.0,8192
1909,0.4378553761078752,0.8973025942503302,42,cuda,True,None,renyi_cubic,1,3,1,passthrough,SA_VSA_OGM,0.5,1.0,8192
1910,0.3967482080347689,0.8976324202532387,42,cuda,True,None,renyi_cubic,1,5,1,passthrough,SA_VSA_OGM,0.5,1.0,8192
1911,0.576898352607373,0.8539951633036514,42,cuda,True,None,renyi_cubic,3,1,1,passthrough,SA_VSA_OGM,0.5,1.0,8192
1912,0.47157705772942454,0.8637242793858406,42,cuda,True,None,renyi_cubic,3,3,1,passthrough,SA_VSA_OGM,0.5,1.0,8192
1913,0.4957705384538752,0.8350657525695951,42,cuda,True,None,renyi_cubic,3,5,1,passthrough,SA_VSA_OGM,0.5,1.0,8192
1914,0.6211347044882,0.7791872904850958,42,cuda,True,None,renyi_cubic,5,1,1,passthrough,SA_VSA_OGM,0.5,1.0,8192
1915,0.45965324818346337,0.91791043239919,42,cuda,True,None,renyi_cubic,5,3,1,passthrough,SA_VSA_OGM,0.5,1.0,8192
1916,0.5411963032051498,0.8413286110636372,42,cuda,True,None,renyi_cubic,5,5,1,passthrough,SA_VSA_OGM,0.5,1.0,8192
1917,0.6933786960714847,0.5221940953404308,42,cuda,True,None,renyi_normalize,1,1,1,passthrough,SA_VSA_OGM,0.5,1.0,8192
1918,0.971053345616392,0.691044288881092,42,cuda,True,None,renyi_normalize,1,3,1,passthrough,SA_VSA_OGM,0.5,1.0,8192
1919,1.2289893113154813,0.834180417108329,42,cuda,True,None,renyi_normalize,1,5,1,passthrough,SA_VSA_OGM,0.5,1.0,8192
1920,0.7577375659399332,0.6365216083739913,42,cuda,True,None,renyi_normalize,3,1,1,passthrough,SA_VSA_OGM,0.5,1.0,8192
1921,0.7149700933994382,0.7300215767158685,42,cuda,True,None,renyi_normalize,3,3,1,passthrough,SA_VSA_OGM,0.5,1.0,8192
1922,0.6258891351734817,0.8875773256606854,42,cuda,True,None,renyi_normalize,3,5,1,passthrough,SA_VSA_OGM,0.5,1.0,8192
1923,0.9724916351334864,0.5603405061958423,42,cuda,True,None,renyi_normalize,5,1,1,passthrough,SA_VSA_OGM,0.5,1.0,8192
1924,0.6796526345914389,0.5662975381205708,42,cuda,True,None,renyi_normalize,5,3,1,passthrough,SA_VSA_OGM,0.5,1.0,8192
1925,0.6027831968932815,0.8443707492826186,42,cuda,True,None,renyi_normalize,5,5,1,passthrough,SA_VSA_OGM,0.5,1.0,8192
1926,0.5057940075796138,0.8687615906314057,42,cuda,True,None,renyi_normalize_squaring,1,1,1,passthrough,SA_VSA_OGM,0.5,1.0,8192
1927,0.6938361130195856,0.9242487533089035,42,cuda,True,None,renyi_normalize_squaring,1,3,1,passthrough,SA_VSA_OGM,0.5,1.0,8192
1928,0.83554020168084,0.9459955254288585,42,cuda,True,None,renyi_normalize_squaring,1,5,1,passthrough,SA_VSA_OGM,0.5,1.0,8192
1929,0.7231663815614602,0.869618406285405,42,cuda,True,None,renyi_normalize_squaring,3,1,1,passthrough,SA_VSA_OGM,0.5,1.0,8192
1930,0.3979913440958548,0.9325339687374774,42,cuda,True,None,renyi_normalize_squaring,3,3,1,passthrough,SA_VSA_OGM,0.5,1.0,8192
1931,0.38190571100867354,0.9312996616215076,42,cuda,True,None,renyi_normalize_squaring,3,5,1,passthrough,SA_VSA_OGM,0.5,1.0,8192
1932,0.9808613559039476,0.7417350180970697,42,cuda,True,None,renyi_normalize_squaring,5,1,1,passthrough,SA_VSA_OGM,0.5,1.0,8192
1933,0.4551769544661278,0.907048042624948,42,cuda,True,None,renyi_normalize_squaring,5,3,1,passthrough,SA_VSA_OGM,0.5,1.0,8192
1934,0.46530549421177175,0.8836635591097424,42,cuda,True,None,renyi_normalize_squaring,5,5,1,passthrough,SA_VSA_OGM,0.5,1.0,8192
1935,0.4061805240539592,0.9118031793155688,42,cuda,True,None,renyi_normalize_cubic,1,1,1,passthrough,SA_VSA_OGM,0.5,1.0,8192
1936,0.4958317501078145,0.942396840905127,42,cuda,True,None,renyi_normalize_cubic,1,3,1,passthrough,SA_VSA_OGM,0.5,1.0,8192
1937,0.5330292278986439,0.9327595183206744,42,cuda,True,None,renyi_normalize_cubic,1,5,1,passthrough,SA_VSA_OGM,0.5,1.0,8192
1938,0.5273131242365332,0.8790307592026507,42,cuda,True,None,renyi_normalize_cubic,3,1,1,passthrough,SA_VSA_OGM,0.5,1.0,8192
1939,0.3648845253179725,0.9218711533372236,42,cuda,True,None,renyi_normalize_cubic,3,3,1,passthrough,SA_VSA_OGM,0.5,1.0,8192
1940,0.3848585081720599,0.8965476028513228,42,cuda,True,None,renyi_normalize_cubic,3,5,1,passthrough,SA_VSA_OGM,0.5,1.0,8192
1941,0.6094206162578384,0.8085300677883631,42,cuda,True,None,renyi_normalize_cubic,5,1,1,passthrough,SA_VSA_OGM,0.5,1.0,8192
1942,0.4285705805638604,0.9337053076396654,42,cuda,True,None,renyi_normalize_cubic,5,3,1,passthrough,SA_VSA_OGM,0.5,1.0,8192
1943,0.4663874353383403,0.9044450643582154,42,cuda,True,None,renyi_normalize_cubic,5,5,1,passthrough,SA_VSA_OGM,0.5,1.0,8192
