,test_nll,test_auc,seed,device,verbose,decoding_alpha,decoding_method,decoding_disk_radii_1,decoding_disk_radii_2,num_tiles,data_filter,mapping_type,axis_resolution,vector_length_scale,vector_dimensionality
0,0.3916377789275544,0.9191381971384476,42,cuda,True,None,renyi,3,3,1,passthrough,SA_VSA_OGM,1,2.0,32768
1,0.4197390007023082,0.8886872731823301,42,cuda,True,None,renyi,3,5,1,passthrough,SA_VSA_OGM,1,2.0,32768
2,0.4034309227145081,0.8973011304384099,42,cuda,True,None,renyi,3,7,1,passthrough,SA_VSA_OGM,1,2.0,32768
3,0.4268144249004771,0.8988236766362157,42,cuda,True,None,renyi,3,9,1,passthrough,SA_VSA_OGM,1,2.0,32768
4,0.4043418648680508,0.898177115922079,42,cuda,True,None,renyi,3,11,1,passthrough,SA_VSA_OGM,1,2.0,32768
5,0.38508147091859246,0.9050181454135904,42,cuda,True,None,renyi,5,3,1,passthrough,SA_VSA_OGM,1,2.0,32768
6,0.3972136169168802,0.8928586326283736,42,cuda,True,None,renyi,5,5,1,passthrough,SA_VSA_OGM,1,2.0,32768
7,0.3932453478926282,0.8806156926542359,42,cuda,True,None,renyi,5,7,1,passthrough,SA_VSA_OGM,1,2.0,32768
8,0.3815250153679759,0.8843282025612148,42,cuda,True,None,renyi,5,9,1,passthrough,SA_VSA_OGM,1,2.0,32768
9,0.4047843517916072,0.8867893046343803,42,cuda,True,None,renyi,5,11,1,passthrough,SA_VSA_OGM,1,2.0,32768
10,0.3959762282092696,0.894714887581863,42,cuda,True,None,renyi,7,3,1,passthrough,SA_VSA_OGM,1,2.0,32768
11,0.40532358584012046,0.8826805155800275,42,cuda,True,None,renyi,7,5,1,passthrough,SA_VSA_OGM,1,2.0,32768
12,0.3957350526649597,0.8829099403495598,42,cuda,True,None,renyi,7,7,1,passthrough,SA_VSA_OGM,1,2.0,32768
13,0.4001215192231618,0.8845159137362866,42,cuda,True,None,renyi,7,9,1,passthrough,SA_VSA_OGM,1,2.0,32768
14,0.4068467588882424,0.8753180661577609,42,cuda,True,None,renyi,7,11,1,passthrough,SA_VSA_OGM,1,2.0,32768
15,0.41014709378616093,0.8816168189212865,42,cuda,True,None,renyi,9,3,1,passthrough,SA_VSA_OGM,1,2.0,32768
16,0.4149574613684862,0.8790097192675093,42,cuda,True,None,renyi,9,5,1,passthrough,SA_VSA_OGM,1,2.0,32768
17,0.412417064036042,0.8771117507195595,42,cuda,True,None,renyi,9,7,1,passthrough,SA_VSA_OGM,1,2.0,32768
18,0.42476195659491095,0.8664330705376883,42,cuda,True,None,renyi,9,9,1,passthrough,SA_VSA_OGM,1,2.0,32768
19,0.4522223065486348,0.8632628373586951,42,cuda,True,None,renyi,9,11,1,passthrough,SA_VSA_OGM,1,2.0,32768
20,0.4116051268452711,0.8919617903474742,42,cuda,True,None,renyi,11,3,1,passthrough,SA_VSA_OGM,1,2.0,32768
21,0.4140273099606221,0.8790305760647394,42,cuda,True,None,renyi,11,5,1,passthrough,SA_VSA_OGM,1,2.0,32768
22,0.4122865932745391,0.871501272264631,42,cuda,True,None,renyi,11,7,1,passthrough,SA_VSA_OGM,1,2.0,32768
23,0.4297951256763657,0.867747048763192,42,cuda,True,None,renyi,11,9,1,passthrough,SA_VSA_OGM,1,2.0,32768
24,0.4343632120255599,0.8682893254911775,42,cuda,True,None,renyi,11,11,1,passthrough,SA_VSA_OGM,1,2.0,32768
25,0.5650046097308394,0.7731093313310808,42,cuda,True,None,renyi_squaring,3,3,1,passthrough,SA_VSA_OGM,1,2.0,32768
26,0.5752085309910688,0.7937992741834564,42,cuda,True,None,renyi_squaring,3,5,1,passthrough,SA_VSA_OGM,1,2.0,32768
27,0.5926052372333618,0.8160951904225585,42,cuda,True,None,renyi_squaring,3,7,1,passthrough,SA_VSA_OGM,1,2.0,32768
28,0.6166222015764419,0.8220810912276311,42,cuda,True,None,renyi_squaring,3,9,1,passthrough,SA_VSA_OGM,1,2.0,32768
29,0.6634895006257159,0.8141450798815334,42,cuda,True,None,renyi_squaring,3,11,1,passthrough,SA_VSA_OGM,1,2.0,32768
30,0.5709388649576091,0.7613148124973931,42,cuda,True,None,renyi_squaring,5,3,1,passthrough,SA_VSA_OGM,1,2.0,32768
31,0.5871679603972944,0.7872502398531681,42,cuda,True,None,renyi_squaring,5,5,1,passthrough,SA_VSA_OGM,1,2.0,32768
32,0.5824223877077234,0.8183060109289617,42,cuda,True,None,renyi_squaring,5,7,1,passthrough,SA_VSA_OGM,1,2.0,32768
33,0.6156328850868967,0.8116631210111375,42,cuda,True,None,renyi_squaring,5,9,1,passthrough,SA_VSA_OGM,1,2.0,32768
34,0.6377469938794162,0.8129145288449505,42,cuda,True,None,renyi_squaring,5,11,1,passthrough,SA_VSA_OGM,1,2.0,32768
35,0.5856870803582692,0.746266633295791,42,cuda,True,None,renyi_squaring,7,3,1,passthrough,SA_VSA_OGM,1,2.0,32768
36,0.584007461070416,0.7819734701539232,42,cuda,True,None,renyi_squaring,7,5,1,passthrough,SA_VSA_OGM,1,2.0,32768
37,0.585179120498128,0.7991594710716222,42,cuda,True,None,renyi_squaring,7,7,1,passthrough,SA_VSA_OGM,1,2.0,32768
38,0.6153272562917109,0.8106724231427022,42,cuda,True,None,renyi_squaring,7,9,1,passthrough,SA_VSA_OGM,1,2.0,32768
39,0.6301870718510046,0.7978037792516581,42,cuda,True,None,renyi_squaring,7,11,1,passthrough,SA_VSA_OGM,1,2.0,32768
40,0.5848621099681746,0.7583635756893171,42,cuda,True,None,renyi_squaring,9,3,1,passthrough,SA_VSA_OGM,1,2.0,32768
41,0.5727837739258722,0.7658094523005047,42,cuda,True,None,renyi_squaring,9,5,1,passthrough,SA_VSA_OGM,1,2.0,32768
42,0.5880007626978991,0.7905456138155424,42,cuda,True,None,renyi_squaring,9,7,1,passthrough,SA_VSA_OGM,1,2.0,32768
43,0.5842796385904856,0.8130083844324866,42,cuda,True,None,renyi_squaring,9,9,1,passthrough,SA_VSA_OGM,1,2.0,32768
44,0.5947204966837364,0.8146664998122888,42,cuda,True,None,renyi_squaring,9,11,1,passthrough,SA_VSA_OGM,1,2.0,32768
45,0.6453687164812372,0.7788658073666208,42,cuda,True,None,renyi_squaring,11,3,1,passthrough,SA_VSA_OGM,1,2.0,32768
46,0.5705288649607997,0.7737767488424476,42,cuda,True,None,renyi_squaring,11,5,1,passthrough,SA_VSA_OGM,1,2.0,32768
47,0.5550511750413606,0.8281608476202393,42,cuda,True,None,renyi_squaring,11,7,1,passthrough,SA_VSA_OGM,1,2.0,32768
48,0.569891869641057,0.7985337671547157,42,cuda,True,None,renyi_squaring,11,9,1,passthrough,SA_VSA_OGM,1,2.0,32768
49,0.5874381834436954,0.8261377382889085,42,cuda,True,None,renyi_squaring,11,11,1,passthrough,SA_VSA_OGM,1,2.0,32768
50,21.22120716392965,0.5,42,cuda,True,None,renyi_cubic,3,3,1,passthrough,SA_VSA_OGM,1,2.0,32768
51,21.22120716392965,0.5,42,cuda,True,None,renyi_cubic,3,5,1,passthrough,SA_VSA_OGM,1,2.0,32768
52,21.221207163929645,0.5,42,cuda,True,None,renyi_cubic,3,7,1,passthrough,SA_VSA_OGM,1,2.0,32768
53,21.22120716392965,0.5,42,cuda,True,None,renyi_cubic,3,9,1,passthrough,SA_VSA_OGM,1,2.0,32768
54,21.22120716392965,0.5,42,cuda,True,None,renyi_cubic,3,11,1,passthrough,SA_VSA_OGM,1,2.0,32768
55,21.221207163929645,0.5,42,cuda,True,None,renyi_cubic,5,3,1,passthrough,SA_VSA_OGM,1,2.0,32768
56,21.22120716392965,0.5,42,cuda,True,None,renyi_cubic,5,5,1,passthrough,SA_VSA_OGM,1,2.0,32768
57,21.221207163929645,0.5,42,cuda,True,None,renyi_cubic,5,7,1,passthrough,SA_VSA_OGM,1,2.0,32768
58,21.221207163929645,0.5,42,cuda,True,None,renyi_cubic,5,9,1,passthrough,SA_VSA_OGM,1,2.0,32768
59,21.22120716392965,0.5,42,cuda,True,None,renyi_cubic,5,11,1,passthrough,SA_VSA_OGM,1,2.0,32768
60,21.221207163929645,0.5,42,cuda,True,None,renyi_cubic,7,3,1,passthrough,SA_VSA_OGM,1,2.0,32768
61,21.221207163929645,0.5,42,cuda,True,None,renyi_cubic,7,5,1,passthrough,SA_VSA_OGM,1,2.0,32768
62,21.22120716392965,0.5,42,cuda,True,None,renyi_cubic,7,7,1,passthrough,SA_VSA_OGM,1,2.0,32768
63,21.221207163929645,0.5,42,cuda,True,None,renyi_cubic,7,9,1,passthrough,SA_VSA_OGM,1,2.0,32768
64,21.221207163929645,0.5,42,cuda,True,None,renyi_cubic,7,11,1,passthrough,SA_VSA_OGM,1,2.0,32768
65,21.22120716392965,0.5,42,cuda,True,None,renyi_cubic,9,3,1,passthrough,SA_VSA_OGM,1,2.0,32768
66,21.221207163929645,0.5,42,cuda,True,None,renyi_cubic,9,5,1,passthrough,SA_VSA_OGM,1,2.0,32768
67,21.221207163929645,0.5,42,cuda,True,None,renyi_cubic,9,7,1,passthrough,SA_VSA_OGM,1,2.0,32768
68,21.22120716392965,0.5,42,cuda,True,None,renyi_cubic,9,9,1,passthrough,SA_VSA_OGM,1,2.0,32768
69,21.22120716392965,0.5,42,cuda,True,None,renyi_cubic,9,11,1,passthrough,SA_VSA_OGM,1,2.0,32768
70,21.221207163929645,0.5,42,cuda,True,None,renyi_cubic,11,3,1,passthrough,SA_VSA_OGM,1,2.0,32768
71,21.221207163929645,0.5,42,cuda,True,None,renyi_cubic,11,5,1,passthrough,SA_VSA_OGM,1,2.0,32768
72,21.221207163929645,0.5,42,cuda,True,None,renyi_cubic,11,7,1,passthrough,SA_VSA_OGM,1,2.0,32768
73,21.22120716392965,0.5,42,cuda,True,None,renyi_cubic,11,9,1,passthrough,SA_VSA_OGM,1,2.0,32768
74,21.221207163929645,0.5,42,cuda,True,None,renyi_cubic,11,11,1,passthrough,SA_VSA_OGM,1,2.0,32768
75,0.5464808082130952,0.8372231260167687,42,cuda,True,None,renyi_normalize,3,3,1,passthrough,SA_VSA_OGM,1,2.0,32768
76,0.5833404423056846,0.869770158094523,42,cuda,True,None,renyi_normalize,3,5,1,passthrough,SA_VSA_OGM,1,2.0,32768
77,0.5597574690359419,0.8415717682392692,42,cuda,True,None,renyi_normalize,3,7,1,passthrough,SA_VSA_OGM,1,2.0,32768
78,0.5930594083820283,0.8131022400200225,42,cuda,True,None,renyi_normalize,3,9,1,passthrough,SA_VSA_OGM,1,2.0,32768
79,0.5950327230118335,0.783777583114337,42,cuda,True,None,renyi_normalize,3,11,1,passthrough,SA_VSA_OGM,1,2.0,32768
80,0.46074823990436736,0.8881449964543444,42,cuda,True,None,renyi_normalize,5,3,1,passthrough,SA_VSA_OGM,1,2.0,32768
81,0.45486243663622605,0.882722229174488,42,cuda,True,None,renyi_normalize,5,5,1,passthrough,SA_VSA_OGM,1,2.0,32768
82,0.4879115991947964,0.8481416593667876,42,cuda,True,None,renyi_normalize,5,7,1,passthrough,SA_VSA_OGM,1,2.0,32768
83,0.4838385232357523,0.837900971926751,42,cuda,True,None,renyi_normalize,5,9,1,passthrough,SA_VSA_OGM,1,2.0,32768
84,0.49993093196591065,0.8278897092562467,42,cuda,True,None,renyi_normalize,5,11,1,passthrough,SA_VSA_OGM,1,2.0,32768
85,0.4845138339887679,0.8837442122387686,42,cuda,True,None,renyi_normalize,7,3,1,passthrough,SA_VSA_OGM,1,2.0,32768
86,0.45103847716312206,0.8863721686897759,42,cuda,True,None,renyi_normalize,7,5,1,passthrough,SA_VSA_OGM,1,2.0,32768
87,0.4427761965619071,0.867455053601969,42,cuda,True,None,renyi_normalize,7,7,1,passthrough,SA_VSA_OGM,1,2.0,32768
88,0.45024969220446903,0.8571100821757811,42,cuda,True,None,renyi_normalize,7,9,1,passthrough,SA_VSA_OGM,1,2.0,32768
89,0.553341762514686,0.8382138238852043,42,cuda,True,None,renyi_normalize,7,11,1,passthrough,SA_VSA_OGM,1,2.0,32768
90,0.506930128628955,0.8867267342426898,42,cuda,True,None,renyi_normalize,9,3,1,passthrough,SA_VSA_OGM,1,2.0,32768
91,0.41561474194854503,0.8921495015225462,42,cuda,True,None,renyi_normalize,9,5,1,passthrough,SA_VSA_OGM,1,2.0,32768
92,0.42274133338465647,0.8778000250281567,42,cuda,True,None,renyi_normalize,9,7,1,passthrough,SA_VSA_OGM,1,2.0,32768
93,0.4325788047794829,0.8631794101697744,42,cuda,True,None,renyi_normalize,9,9,1,passthrough,SA_VSA_OGM,1,2.0,32768
94,0.448879706682657,0.8564009510699537,42,cuda,True,None,renyi_normalize,9,11,1,passthrough,SA_VSA_OGM,1,2.0,32768
95,0.5009467110003125,0.89634171776582,42,cuda,True,None,renyi_normalize,11,3,1,passthrough,SA_VSA_OGM,1,2.0,32768
96,0.41759389556760135,0.8898761106244524,42,cuda,True,None,renyi_normalize,11,5,1,passthrough,SA_VSA_OGM,1,2.0,32768
97,0.40739863967309226,0.8794894256038043,42,cuda,True,None,renyi_normalize,11,7,1,passthrough,SA_VSA_OGM,1,2.0,32768
98,0.4188110561170941,0.8752137821716097,42,cuda,True,None,renyi_normalize,11,9,1,passthrough,SA_VSA_OGM,1,2.0,32768
99,0.434676900713929,0.8703541484169691,42,cuda,True,None,renyi_normalize,11,11,1,passthrough,SA_VSA_OGM,1,2.0,32768
100,0.3198430065031124,0.9419555333083052,42,cuda,True,None,renyi_normalize_squaring,3,3,1,passthrough,SA_VSA_OGM,1,2.0,32768
101,0.35765885229438976,0.9229758478288074,42,cuda,True,None,renyi_normalize_squaring,3,5,1,passthrough,SA_VSA_OGM,1,2.0,32768
102,0.3821139185894811,0.9268343553163976,42,cuda,True,None,renyi_normalize_squaring,3,7,1,passthrough,SA_VSA_OGM,1,2.0,32768
103,0.34124444325990366,0.9419555333083052,42,cuda,True,None,renyi_normalize_squaring,3,9,1,passthrough,SA_VSA_OGM,1,2.0,32768
104,0.3848152224952679,0.9128394443749218,42,cuda,True,None,renyi_normalize_squaring,3,11,1,passthrough,SA_VSA_OGM,1,2.0,32768
105,0.3364560531348343,0.9151336920702458,42,cuda,True,None,renyi_normalize_squaring,5,3,1,passthrough,SA_VSA_OGM,1,2.0,32768
106,0.3638107227096082,0.9219121511700664,42,cuda,True,None,renyi_normalize_squaring,5,5,1,passthrough,SA_VSA_OGM,1,2.0,32768
107,0.3599323920544989,0.9132774371167564,42,cuda,True,None,renyi_normalize_squaring,5,7,1,passthrough,SA_VSA_OGM,1,2.0,32768
108,0.46112428402605976,0.9016393442622952,42,cuda,True,None,renyi_normalize_squaring,5,9,1,passthrough,SA_VSA_OGM,1,2.0,32768
109,0.4214467674433042,0.8978434071663954,42,cuda,True,None,renyi_normalize_squaring,5,11,1,passthrough,SA_VSA_OGM,1,2.0,32768
110,0.37980991701345507,0.8935677637342009,42,cuda,True,None,renyi_normalize_squaring,7,3,1,passthrough,SA_VSA_OGM,1,2.0,32768
111,0.4030506397489825,0.8869770158094523,42,cuda,True,None,renyi_normalize_squaring,7,5,1,passthrough,SA_VSA_OGM,1,2.0,32768
112,0.4091956115987535,0.8907938097025822,42,cuda,True,None,renyi_normalize_squaring,7,7,1,passthrough,SA_VSA_OGM,1,2.0,32768
113,0.43934247666814247,0.8864347390814666,42,cuda,True,None,renyi_normalize_squaring,7,9,1,passthrough,SA_VSA_OGM,1,2.0,32768
114,0.4353017442284819,0.882242522838193,42,cuda,True,None,renyi_normalize_squaring,7,11,1,passthrough,SA_VSA_OGM,1,2.0,32768
115,0.35757383346260974,0.8986985358528344,42,cuda,True,None,renyi_normalize_squaring,9,3,1,passthrough,SA_VSA_OGM,1,2.0,32768
116,0.39530703257657746,0.8906269553247403,42,cuda,True,None,renyi_normalize_squaring,9,5,1,passthrough,SA_VSA_OGM,1,2.0,32768
117,0.4146304376616166,0.8826388019855671,42,cuda,True,None,renyi_normalize_squaring,9,7,1,passthrough,SA_VSA_OGM,1,2.0,32768
118,0.43370617056648536,0.872648396112293,42,cuda,True,None,renyi_normalize_squaring,9,9,1,passthrough,SA_VSA_OGM,1,2.0,32768
119,0.45437747906656767,0.8752972093605306,42,cuda,True,None,renyi_normalize_squaring,9,11,1,passthrough,SA_VSA_OGM,1,2.0,32768
120,0.4073335740050856,0.8839527802110708,42,cuda,True,None,renyi_normalize_squaring,11,3,1,passthrough,SA_VSA_OGM,1,2.0,32768
121,0.43377060384018307,0.8771326075167897,42,cuda,True,None,renyi_normalize_squaring,11,5,1,passthrough,SA_VSA_OGM,1,2.0,32768
122,0.4427687555647112,0.8804905518708547,42,cuda,True,None,renyi_normalize_squaring,11,7,1,passthrough,SA_VSA_OGM,1,2.0,32768
123,0.42536067089845225,0.8730655320568973,42,cuda,True,None,renyi_normalize_squaring,11,9,1,passthrough,SA_VSA_OGM,1,2.0,32768
124,0.603883770976569,0.8753180661577609,42,cuda,True,None,renyi_normalize_squaring,11,11,1,passthrough,SA_VSA_OGM,1,2.0,32768
125,0.2872999113931029,0.9477954365327662,42,cuda,True,None,renyi_normalize_cubic,3,3,1,passthrough,SA_VSA_OGM,1,2.0,32768
126,0.3126991188880523,0.93520835940433,42,cuda,True,None,renyi_normalize_cubic,3,5,1,passthrough,SA_VSA_OGM,1,2.0,32768
127,0.32279704227780137,0.9324656905685562,42,cuda,True,None,renyi_normalize_cubic,3,7,1,passthrough,SA_VSA_OGM,1,2.0,32768
128,0.3235371132921498,0.9239769740958578,42,cuda,True,None,renyi_normalize_cubic,3,9,1,passthrough,SA_VSA_OGM,1,2.0,32768
129,0.34042354945927517,0.9349685062361824,42,cuda,True,None,renyi_normalize_cubic,3,11,1,passthrough,SA_VSA_OGM,1,2.0,32768
130,0.32833034612361534,0.9257706586576564,42,cuda,True,None,renyi_normalize_cubic,5,3,1,passthrough,SA_VSA_OGM,1,2.0,32768
131,0.36580632213637393,0.9100863471405332,42,cuda,True,None,renyi_normalize_cubic,5,5,1,passthrough,SA_VSA_OGM,1,2.0,32768
132,0.3555073858980677,0.910357485504526,42,cuda,True,None,renyi_normalize_cubic,5,7,1,passthrough,SA_VSA_OGM,1,2.0,32768
133,0.36245250862658906,0.9109623326242022,42,cuda,True,None,renyi_normalize_cubic,5,9,1,passthrough,SA_VSA_OGM,1,2.0,32768
134,0.39155822077452074,0.9078129562424394,42,cuda,True,None,renyi_normalize_cubic,5,11,1,passthrough,SA_VSA_OGM,1,2.0,32768
135,0.3790674323073579,0.9002627956451006,42,cuda,True,None,renyi_normalize_cubic,7,3,1,passthrough,SA_VSA_OGM,1,2.0,32768
136,0.4006383285423835,0.8887915571684812,42,cuda,True,None,renyi_normalize_cubic,7,5,1,passthrough,SA_VSA_OGM,1,2.0,32768
137,0.40767199470347526,0.8835565010636967,42,cuda,True,None,renyi_normalize_cubic,7,7,1,passthrough,SA_VSA_OGM,1,2.0,32768
138,0.5004397511524783,0.8870604429983732,42,cuda,True,None,renyi_normalize_cubic,7,9,1,passthrough,SA_VSA_OGM,1,2.0,32768
139,0.4382672247475709,0.8917532223751721,42,cuda,True,None,renyi_normalize_cubic,7,11,1,passthrough,SA_VSA_OGM,1,2.0,32768
140,0.4213318456316196,0.8867371626413049,42,cuda,True,None,renyi_normalize_cubic,9,3,1,passthrough,SA_VSA_OGM,1,2.0,32768
141,0.41697097426691226,0.8732115296375088,42,cuda,True,None,renyi_normalize_cubic,9,5,1,passthrough,SA_VSA_OGM,1,2.0,32768
142,0.4168404653170958,0.8798857047511786,42,cuda,True,None,renyi_normalize_cubic,9,7,1,passthrough,SA_VSA_OGM,1,2.0,32768
143,0.43746792876806256,0.8743377966879405,42,cuda,True,None,renyi_normalize_cubic,9,9,1,passthrough,SA_VSA_OGM,1,2.0,32768
144,0.45079308119157224,0.8764026196137321,42,cuda,True,None,renyi_normalize_cubic,9,11,1,passthrough,SA_VSA_OGM,1,2.0,32768
145,0.3952111449239611,0.8870395862011429,42,cuda,True,None,renyi_normalize_cubic,11,3,1,passthrough,SA_VSA_OGM,1,2.0,32768
146,0.4315638657307781,0.8806365494514663,42,cuda,True,None,renyi_normalize_cubic,11,5,1,passthrough,SA_VSA_OGM,1,2.0,32768
147,0.4246765216746285,0.8834939306720061,42,cuda,True,None,renyi_normalize_cubic,11,7,1,passthrough,SA_VSA_OGM,1,2.0,32768
148,0.4435084375230815,0.8733992408125809,42,cuda,True,None,renyi_normalize_cubic,11,9,1,passthrough,SA_VSA_OGM,1,2.0,32768
149,0.4649451789782368,0.8781128769866099,42,cuda,True,None,renyi_normalize_cubic,11,11,1,passthrough,SA_VSA_OGM,1,2.0,32768
150,0.37890146393302426,0.9218495807783756,42,cuda,True,None,renyi,3,3,1,passthrough,SA_VSA_OGM,1,1.5,32768
151,0.3847351508440378,0.9127768739832312,42,cuda,True,None,renyi,3,5,1,passthrough,SA_VSA_OGM,1,1.5,32768
152,0.38976158394575944,0.9077920994452092,42,cuda,True,None,renyi,3,7,1,passthrough,SA_VSA_OGM,1,1.5,32768
153,0.38711675708856536,0.9066866891920076,42,cuda,True,None,renyi,3,9,1,passthrough,SA_VSA_OGM,1,1.5,32768
154,0.41069425145245264,0.9071663955283028,42,cuda,True,None,renyi,3,11,1,passthrough,SA_VSA_OGM,1,1.5,32768
155,0.3729878572596564,0.9258540858465774,42,cuda,True,None,renyi,5,3,1,passthrough,SA_VSA_OGM,1,1.5,32768
156,0.3929649074243,0.9013056355066116,42,cuda,True,None,renyi,5,5,1,passthrough,SA_VSA_OGM,1,1.5,32768
157,0.39126957444333954,0.8951528803236974,42,cuda,True,None,renyi,5,7,1,passthrough,SA_VSA_OGM,1,1.5,32768
158,0.384671689956326,0.8943603220289492,42,cuda,True,None,renyi,5,9,1,passthrough,SA_VSA_OGM,1,1.5,32768
159,0.38298198594412775,0.8913569432277979,42,cuda,True,None,renyi,5,11,1,passthrough,SA_VSA_OGM,1,1.5,32768
160,0.40610669660383697,0.8977182663830142,42,cuda,True,None,renyi,7,3,1,passthrough,SA_VSA_OGM,1,1.5,32768
161,0.3805790887371696,0.9024736161515036,42,cuda,True,None,renyi,7,5,1,passthrough,SA_VSA_OGM,1,1.5,32768
162,0.38775484513068936,0.8863721686897759,42,cuda,True,None,renyi,7,7,1,passthrough,SA_VSA_OGM,1,1.5,32768
163,0.4177868204880883,0.8799274183456388,42,cuda,True,None,renyi,7,9,1,passthrough,SA_VSA_OGM,1,1.5,32768
164,0.4304966380279148,0.876778041963876,42,cuda,True,None,renyi,7,11,1,passthrough,SA_VSA_OGM,1,1.5,32768
165,0.4103108808547694,0.8995119509448128,42,cuda,True,None,renyi,9,3,1,passthrough,SA_VSA_OGM,1,1.5,32768
166,0.4199406333588762,0.8847661953030492,42,cuda,True,None,renyi,9,5,1,passthrough,SA_VSA_OGM,1,1.5,32768
167,0.4151652968111671,0.8816793893129771,42,cuda,True,None,renyi,9,7,1,passthrough,SA_VSA_OGM,1,1.5,32768
168,0.42987507518484946,0.871688983439703,42,cuda,True,None,renyi,9,9,1,passthrough,SA_VSA_OGM,1,1.5,32768
169,0.4423904424599759,0.86851875026071,42,cuda,True,None,renyi,9,11,1,passthrough,SA_VSA_OGM,1,1.5,32768
170,0.4182927668174063,0.886184457514704,42,cuda,True,None,renyi,11,3,1,passthrough,SA_VSA_OGM,1,1.5,32768
171,0.412324601948524,0.8824928044049556,42,cuda,True,None,renyi,11,5,1,passthrough,SA_VSA_OGM,1,1.5,32768
172,0.4283717081868191,0.8767571851666458,42,cuda,True,None,renyi,11,7,1,passthrough,SA_VSA_OGM,1,1.5,32768
173,0.4324176020323447,0.8735869519876527,42,cuda,True,None,renyi,11,9,1,passthrough,SA_VSA_OGM,1,1.5,32768
174,0.4435011399201173,0.8739206607433363,42,cuda,True,None,renyi,11,11,1,passthrough,SA_VSA_OGM,1,1.5,32768
175,0.6275253724928389,0.6720998623451383,42,cuda,True,None,renyi_squaring,3,3,1,passthrough,SA_VSA_OGM,1,1.5,32768
176,0.6773348589584699,0.7139490259875693,42,cuda,True,None,renyi_squaring,3,5,1,passthrough,SA_VSA_OGM,1,1.5,32768
177,0.7704650235360492,0.702874066658324,42,cuda,True,None,renyi_squaring,3,7,1,passthrough,SA_VSA_OGM,1,1.5,32768
178,0.8447285975599461,0.7455262169941184,42,cuda,True,None,renyi_squaring,3,9,1,passthrough,SA_VSA_OGM,1,1.5,32768
179,0.906801462107825,0.7632023526467275,42,cuda,True,None,renyi_squaring,3,11,1,passthrough,SA_VSA_OGM,1,1.5,32768
180,0.6161364081636931,0.6696491886705878,42,cuda,True,None,renyi_squaring,5,3,1,passthrough,SA_VSA_OGM,1,1.5,32768
181,0.6546814077727259,0.6939577858424061,42,cuda,True,None,renyi_squaring,5,5,1,passthrough,SA_VSA_OGM,1,1.5,32768
182,0.724065179631449,0.7068785717265257,42,cuda,True,None,renyi_squaring,5,7,1,passthrough,SA_VSA_OGM,1,1.5,32768
183,0.7640790529507184,0.7544737830058815,42,cuda,True,None,renyi_squaring,5,9,1,passthrough,SA_VSA_OGM,1,1.5,32768
184,0.802624404022288,0.7444625203353773,42,cuda,True,None,renyi_squaring,5,11,1,passthrough,SA_VSA_OGM,1,1.5,32768
185,0.611806287990922,0.7013828056563635,42,cuda,True,None,renyi_squaring,7,3,1,passthrough,SA_VSA_OGM,1,1.5,32768
186,0.6162831400158869,0.7155132857798356,42,cuda,True,None,renyi_squaring,7,5,1,passthrough,SA_VSA_OGM,1,1.5,32768
187,0.6682052316289572,0.7423038418220497,42,cuda,True,None,renyi_squaring,7,7,1,passthrough,SA_VSA_OGM,1,1.5,32768
188,0.6771016929966657,0.7669565761481666,42,cuda,True,None,renyi_squaring,7,9,1,passthrough,SA_VSA_OGM,1,1.5,32768
189,0.7207214930257818,0.7709923664122138,42,cuda,True,None,renyi_squaring,7,11,1,passthrough,SA_VSA_OGM,1,1.5,32768
190,0.6127963355285211,0.7266091019063114,42,cuda,True,None,renyi_squaring,9,3,1,passthrough,SA_VSA_OGM,1,1.5,32768
191,0.5835782658240011,0.7539106494806658,42,cuda,True,None,renyi_squaring,9,5,1,passthrough,SA_VSA_OGM,1,1.5,32768
192,0.6259081878275974,0.7578108705627163,42,cuda,True,None,renyi_squaring,9,7,1,passthrough,SA_VSA_OGM,1,1.5,32768
193,0.6467495741641603,0.7510636966587412,42,cuda,True,None,renyi_squaring,9,9,1,passthrough,SA_VSA_OGM,1,1.5,32768
194,0.6858235975422065,0.7702936637050014,42,cuda,True,None,renyi_squaring,9,11,1,passthrough,SA_VSA_OGM,1,1.5,32768
195,0.6130690758574351,0.734367830475952,42,cuda,True,None,renyi_squaring,11,3,1,passthrough,SA_VSA_OGM,1,1.5,32768
196,0.5961586158065838,0.7663308722312601,42,cuda,True,None,renyi_squaring,11,5,1,passthrough,SA_VSA_OGM,1,1.5,32768
197,0.6165849527968607,0.7744545947524297,42,cuda,True,None,renyi_squaring,11,7,1,passthrough,SA_VSA_OGM,1,1.5,32768
198,0.6801374216957219,0.7680202728069079,42,cuda,True,None,renyi_squaring,11,9,1,passthrough,SA_VSA_OGM,1,1.5,32768
199,0.7163041361213875,0.7589371376131482,42,cuda,True,None,renyi_squaring,11,11,1,passthrough,SA_VSA_OGM,1,1.5,32768
200,21.22120716392965,0.5,42,cuda,True,None,renyi_cubic,3,3,1,passthrough,SA_VSA_OGM,1,1.5,32768
201,21.22120716392965,0.5,42,cuda,True,None,renyi_cubic,3,5,1,passthrough,SA_VSA_OGM,1,1.5,32768
202,21.22120716392965,0.5,42,cuda,True,None,renyi_cubic,3,7,1,passthrough,SA_VSA_OGM,1,1.5,32768
203,21.22120716392965,0.5,42,cuda,True,None,renyi_cubic,3,9,1,passthrough,SA_VSA_OGM,1,1.5,32768
204,21.22120716392965,0.5,42,cuda,True,None,renyi_cubic,3,11,1,passthrough,SA_VSA_OGM,1,1.5,32768
205,21.221207163929645,0.5,42,cuda,True,None,renyi_cubic,5,3,1,passthrough,SA_VSA_OGM,1,1.5,32768
206,21.22120716392965,0.5,42,cuda,True,None,renyi_cubic,5,5,1,passthrough,SA_VSA_OGM,1,1.5,32768
207,21.22120716392965,0.5,42,cuda,True,None,renyi_cubic,5,7,1,passthrough,SA_VSA_OGM,1,1.5,32768
208,21.22120716392965,0.5,42,cuda,True,None,renyi_cubic,5,9,1,passthrough,SA_VSA_OGM,1,1.5,32768
209,21.22120716392965,0.5,42,cuda,True,None,renyi_cubic,5,11,1,passthrough,SA_VSA_OGM,1,1.5,32768
210,21.22120716392965,0.5,42,cuda,True,None,renyi_cubic,7,3,1,passthrough,SA_VSA_OGM,1,1.5,32768
211,21.221207163929645,0.5,42,cuda,True,None,renyi_cubic,7,5,1,passthrough,SA_VSA_OGM,1,1.5,32768
212,21.22120716392965,0.5,42,cuda,True,None,renyi_cubic,7,7,1,passthrough,SA_VSA_OGM,1,1.5,32768
213,21.22120716392965,0.5,42,cuda,True,None,renyi_cubic,7,9,1,passthrough,SA_VSA_OGM,1,1.5,32768
214,21.22120716392965,0.5,42,cuda,True,None,renyi_cubic,7,11,1,passthrough,SA_VSA_OGM,1,1.5,32768
215,21.22120716392965,0.5,42,cuda,True,None,renyi_cubic,9,3,1,passthrough,SA_VSA_OGM,1,1.5,32768
216,21.22120716392965,0.5,42,cuda,True,None,renyi_cubic,9,5,1,passthrough,SA_VSA_OGM,1,1.5,32768
217,21.22120716392965,0.5,42,cuda,True,None,renyi_cubic,9,7,1,passthrough,SA_VSA_OGM,1,1.5,32768
218,21.221207163929645,0.5,42,cuda,True,None,renyi_cubic,9,9,1,passthrough,SA_VSA_OGM,1,1.5,32768
219,21.22120716392965,0.5,42,cuda,True,None,renyi_cubic,9,11,1,passthrough,SA_VSA_OGM,1,1.5,32768
220,21.22120716392965,0.5,42,cuda,True,None,renyi_cubic,11,3,1,passthrough,SA_VSA_OGM,1,1.5,32768
221,21.22120716392965,0.5,42,cuda,True,None,renyi_cubic,11,5,1,passthrough,SA_VSA_OGM,1,1.5,32768
222,21.221207163929645,0.5,42,cuda,True,None,renyi_cubic,11,7,1,passthrough,SA_VSA_OGM,1,1.5,32768
223,21.221207163929645,0.5,42,cuda,True,None,renyi_cubic,11,9,1,passthrough,SA_VSA_OGM,1,1.5,32768
224,21.221207163929645,0.5,42,cuda,True,None,renyi_cubic,11,11,1,passthrough,SA_VSA_OGM,1,1.5,32768
225,0.5477282059746501,0.8341676052225421,42,cuda,True,None,renyi_normalize,3,3,1,passthrough,SA_VSA_OGM,1,1.5,32768
226,0.5732076537983329,0.8775080298669337,42,cuda,True,None,renyi_normalize,3,5,1,passthrough,SA_VSA_OGM,1,1.5,32768
227,0.611052539891225,0.8318316439327578,42,cuda,True,None,renyi_normalize,3,7,1,passthrough,SA_VSA_OGM,1,1.5,32768
228,0.6225566769885084,0.7926208651399491,42,cuda,True,None,renyi_normalize,3,9,1,passthrough,SA_VSA_OGM,1,1.5,32768
229,0.591488263581213,0.7936428482042298,42,cuda,True,None,renyi_normalize,3,11,1,passthrough,SA_VSA_OGM,1,1.5,32768
230,0.5193247851924778,0.8673716264130481,42,cuda,True,None,renyi_normalize,5,3,1,passthrough,SA_VSA_OGM,1,1.5,32768
231,0.4547860493299839,0.9004087932257123,42,cuda,True,None,renyi_normalize,5,5,1,passthrough,SA_VSA_OGM,1,1.5,32768
232,0.4565011254613731,0.8680390439244149,42,cuda,True,None,renyi_normalize,5,7,1,passthrough,SA_VSA_OGM,1,1.5,32768
233,0.5112852349635237,0.8465982563717516,42,cuda,True,None,renyi_normalize,5,9,1,passthrough,SA_VSA_OGM,1,1.5,32768
234,0.56452288254988,0.8150419221624328,42,cuda,True,None,renyi_normalize,5,11,1,passthrough,SA_VSA_OGM,1,1.5,32768
235,0.47571742305499864,0.8809494014099195,42,cuda,True,None,renyi_normalize,7,3,1,passthrough,SA_VSA_OGM,1,1.5,32768
236,0.434129016954224,0.8940266132732657,42,cuda,True,None,renyi_normalize,7,5,1,passthrough,SA_VSA_OGM,1,1.5,32768
237,0.43388235996975383,0.8770074667334085,42,cuda,True,None,renyi_normalize,7,7,1,passthrough,SA_VSA_OGM,1,1.5,32768
238,0.46205661472949816,0.8664539273349184,42,cuda,True,None,renyi_normalize,7,9,1,passthrough,SA_VSA_OGM,1,1.5,32768
239,0.489366781553987,0.8507070454261045,42,cuda,True,None,renyi_normalize,7,11,1,passthrough,SA_VSA_OGM,1,1.5,32768
240,0.5029875849556705,0.8815333917323656,42,cuda,True,None,renyi_normalize,9,3,1,passthrough,SA_VSA_OGM,1,1.5,32768
241,0.41729653282624113,0.9019521962207484,42,cuda,True,None,renyi_normalize,9,5,1,passthrough,SA_VSA_OGM,1,1.5,32768
242,0.4142878814220375,0.8909606640804238,42,cuda,True,None,renyi_normalize,9,7,1,passthrough,SA_VSA_OGM,1,1.5,32768
243,0.4442526743729611,0.8667459224961416,42,cuda,True,None,renyi_normalize,9,9,1,passthrough,SA_VSA_OGM,1,1.5,32768
244,0.46674628171514454,0.8464314019939098,42,cuda,True,None,renyi_normalize,9,11,1,passthrough,SA_VSA_OGM,1,1.5,32768
245,0.4576605046082981,0.9051432861969716,42,cuda,True,None,renyi_normalize,11,3,1,passthrough,SA_VSA_OGM,1,1.5,32768
246,0.4316851550593238,0.8940683268677262,42,cuda,True,None,renyi_normalize,11,5,1,passthrough,SA_VSA_OGM,1,1.5,32768
247,0.404747526720629,0.8983648270971509,42,cuda,True,None,renyi_normalize,11,7,1,passthrough,SA_VSA_OGM,1,1.5,32768
248,0.4210402646640985,0.8792391440370417,42,cuda,True,None,renyi_normalize,11,9,1,passthrough,SA_VSA_OGM,1,1.5,32768
249,0.4287981599723946,0.8648270971509615,42,cuda,True,None,renyi_normalize,11,11,1,passthrough,SA_VSA_OGM,1,1.5,32768
250,0.3122208780004078,0.9387853001293122,42,cuda,True,None,renyi_normalize_squaring,3,3,1,passthrough,SA_VSA_OGM,1,1.5,32768
251,0.3427185025785032,0.9230801318149584,42,cuda,True,None,renyi_normalize_squaring,3,5,1,passthrough,SA_VSA_OGM,1,1.5,32768
252,0.35708795056672554,0.9300045884953906,42,cuda,True,None,renyi_normalize_squaring,3,7,1,passthrough,SA_VSA_OGM,1,1.5,32768
253,0.40219611594856625,0.9386810161431612,42,cuda,True,None,renyi_normalize_squaring,3,9,1,passthrough,SA_VSA_OGM,1,1.5,32768
254,0.3780588858721375,0.9198056146498144,42,cuda,True,None,renyi_normalize_squaring,3,11,1,passthrough,SA_VSA_OGM,1,1.5,32768
255,0.3235234175770646,0.9361573436783048,42,cuda,True,None,renyi_normalize_squaring,5,3,1,passthrough,SA_VSA_OGM,1,1.5,32768
256,0.3715841818253875,0.9052267133858924,42,cuda,True,None,renyi_normalize_squaring,5,5,1,passthrough,SA_VSA_OGM,1,1.5,32768
257,0.4487612946911029,0.9090852208734828,42,cuda,True,None,renyi_normalize_squaring,5,7,1,passthrough,SA_VSA_OGM,1,1.5,32768
258,0.40200231125874153,0.8959037250239853,42,cuda,True,None,renyi_normalize_squaring,5,9,1,passthrough,SA_VSA_OGM,1,1.5,32768
259,0.4049552622720088,0.9109831894214324,42,cuda,True,None,renyi_normalize_squaring,5,11,1,passthrough,SA_VSA_OGM,1,1.5,32768
260,0.3748597585167364,0.8920869311308556,42,cuda,True,None,renyi_normalize_squaring,7,3,1,passthrough,SA_VSA_OGM,1,1.5,32768
261,0.3726838246617059,0.899824802903266,42,cuda,True,None,renyi_normalize_squaring,7,5,1,passthrough,SA_VSA_OGM,1,1.5,32768
262,0.421128546317624,0.8929212030200643,42,cuda,True,None,renyi_normalize_squaring,7,7,1,passthrough,SA_VSA_OGM,1,1.5,32768
263,0.4403316807864732,0.8738580903516456,42,cuda,True,None,renyi_normalize_squaring,7,9,1,passthrough,SA_VSA_OGM,1,1.5,32768
264,0.42641218205237696,0.8822425228381928,42,cuda,True,None,renyi_normalize_squaring,7,11,1,passthrough,SA_VSA_OGM,1,1.5,32768
265,0.3920323096193093,0.8959662954156761,42,cuda,True,None,renyi_normalize_squaring,9,3,1,passthrough,SA_VSA_OGM,1,1.5,32768
266,0.41609563405832584,0.8886455595878697,42,cuda,True,None,renyi_normalize_squaring,9,5,1,passthrough,SA_VSA_OGM,1,1.5,32768
267,0.4245899067020633,0.8812205397739122,42,cuda,True,None,renyi_normalize_squaring,9,7,1,passthrough,SA_VSA_OGM,1,1.5,32768
268,0.42559591210019193,0.8714804154674007,42,cuda,True,None,renyi_normalize_squaring,9,9,1,passthrough,SA_VSA_OGM,1,1.5,32768
269,0.5909201284982829,0.8701664372418971,42,cuda,True,None,renyi_normalize_squaring,9,11,1,passthrough,SA_VSA_OGM,1,1.5,32768
270,0.39085288891805553,0.8887081299795604,42,cuda,True,None,renyi_normalize_squaring,11,3,1,passthrough,SA_VSA_OGM,1,1.5,32768
271,0.4081894620861275,0.8887289867767906,42,cuda,True,None,renyi_normalize_squaring,11,5,1,passthrough,SA_VSA_OGM,1,1.5,32768
272,0.4013121291182017,0.8849956200725816,42,cuda,True,None,renyi_normalize_squaring,11,7,1,passthrough,SA_VSA_OGM,1,1.5,32768
273,0.42912014946639027,0.8751303549826889,42,cuda,True,None,renyi_normalize_squaring,11,9,1,passthrough,SA_VSA_OGM,1,1.5,32768
274,0.4639687458589633,0.8772994618946315,42,cuda,True,None,renyi_normalize_squaring,11,11,1,passthrough,SA_VSA_OGM,1,1.5,32768
275,0.2889518197982147,0.9467004546781796,42,cuda,True,None,renyi_normalize_cubic,3,3,1,passthrough,SA_VSA_OGM,1,1.5,32768
276,0.2971167345021865,0.9444792057731616,42,cuda,True,None,renyi_normalize_cubic,3,5,1,passthrough,SA_VSA_OGM,1,1.5,32768
277,0.30212114652175287,0.9526759270846368,42,cuda,True,None,renyi_normalize_cubic,3,7,1,passthrough,SA_VSA_OGM,1,1.5,32768
278,0.31919210526802977,0.9346973678721896,42,cuda,True,None,renyi_normalize_cubic,3,9,1,passthrough,SA_VSA_OGM,1,1.5,32768
279,0.3070600694631354,0.9378467442539524,42,cuda,True,None,renyi_normalize_cubic,3,11,1,passthrough,SA_VSA_OGM,1,1.5,32768
280,0.3446783646538662,0.9173027989821884,42,cuda,True,None,renyi_normalize_cubic,5,3,1,passthrough,SA_VSA_OGM,1,1.5,32768
281,0.33772012831638315,0.9249363867684478,42,cuda,True,None,renyi_normalize_cubic,5,5,1,passthrough,SA_VSA_OGM,1,1.5,32768
282,0.35220515587222967,0.913444291494598,42,cuda,True,None,renyi_normalize_cubic,5,7,1,passthrough,SA_VSA_OGM,1,1.5,32768
283,0.3592995425859702,0.9052892837775832,42,cuda,True,None,renyi_normalize_cubic,5,9,1,passthrough,SA_VSA_OGM,1,1.5,32768
284,0.3948110184798114,0.9038084511742376,42,cuda,True,None,renyi_normalize_cubic,5,11,1,passthrough,SA_VSA_OGM,1,1.5,32768
285,0.38337532260700585,0.886559879864848,42,cuda,True,None,renyi_normalize_cubic,7,3,1,passthrough,SA_VSA_OGM,1,1.5,32768
286,0.3734806555245136,0.9044967254828348,42,cuda,True,None,renyi_normalize_cubic,7,5,1,passthrough,SA_VSA_OGM,1,1.5,32768
287,0.38038599026499115,0.8963208609685895,42,cuda,True,None,renyi_normalize_cubic,7,7,1,passthrough,SA_VSA_OGM,1,1.5,32768
288,0.4013819060166608,0.8935260501397405,42,cuda,True,None,renyi_normalize_cubic,7,9,1,passthrough,SA_VSA_OGM,1,1.5,32768
289,0.42641591083489794,0.8904392441496684,42,cuda,True,None,renyi_normalize_cubic,7,11,1,passthrough,SA_VSA_OGM,1,1.5,32768
290,0.4073370249214576,0.8790931464564302,42,cuda,True,None,renyi_normalize_cubic,9,3,1,passthrough,SA_VSA_OGM,1,1.5,32768
291,0.4127303820277205,0.8779043090143077,42,cuda,True,None,renyi_normalize_cubic,9,5,1,passthrough,SA_VSA_OGM,1,1.5,32768
292,0.44151420341480846,0.8743377966879406,42,cuda,True,None,renyi_normalize_cubic,9,7,1,passthrough,SA_VSA_OGM,1,1.5,32768
293,0.4401099947032539,0.8765903307888041,42,cuda,True,None,renyi_normalize_cubic,9,9,1,passthrough,SA_VSA_OGM,1,1.5,32768
294,0.4330678506381117,0.8724815417344512,42,cuda,True,None,renyi_normalize_cubic,9,11,1,passthrough,SA_VSA_OGM,1,1.5,32768
295,0.3928077256579453,0.8889166979518626,42,cuda,True,None,renyi_normalize_cubic,11,3,1,passthrough,SA_VSA_OGM,1,1.5,32768
296,0.4059572040030576,0.8803862678847036,42,cuda,True,None,renyi_normalize_cubic,11,5,1,passthrough,SA_VSA_OGM,1,1.5,32768
297,0.4022609281850321,0.891169232052726,42,cuda,True,None,renyi_normalize_cubic,11,7,1,passthrough,SA_VSA_OGM,1,1.5,32768
298,0.4271885013791058,0.8757352021023652,42,cuda,True,None,renyi_normalize_cubic,11,9,1,passthrough,SA_VSA_OGM,1,1.5,32768
299,0.4289491222243547,0.8764651900054228,42,cuda,True,None,renyi_normalize_cubic,11,11,1,passthrough,SA_VSA_OGM,1,1.5,32768
300,0.7615146179841188,0.4800817586451424,42,cuda,True,None,renyi,3,3,1,passthrough,SA_VSA_OGM,1,0.1,32768
301,0.7632324698443917,0.4452300504734493,42,cuda,True,None,renyi,3,5,1,passthrough,SA_VSA_OGM,1,0.1,32768
302,0.7234839796241189,0.5137446293747132,42,cuda,True,None,renyi,3,7,1,passthrough,SA_VSA_OGM,1,0.1,32768
303,0.7133766152319434,0.5352271305218371,42,cuda,True,None,renyi,3,9,1,passthrough,SA_VSA_OGM,1,0.1,32768
304,0.7540923519011937,0.46963250323280353,42,cuda,True,None,renyi,3,11,1,passthrough,SA_VSA_OGM,1,0.1,32768
305,0.7493620671416751,0.5344971426187795,42,cuda,True,None,renyi,5,3,1,passthrough,SA_VSA_OGM,1,0.1,32768
306,0.7487101633074382,0.4773078046135235,42,cuda,True,None,renyi,5,5,1,passthrough,SA_VSA_OGM,1,0.1,32768
307,0.7539330175141407,0.5362699703833479,42,cuda,True,None,renyi,5,7,1,passthrough,SA_VSA_OGM,1,0.1,32768
308,0.7358345993099933,0.4416009677553915,42,cuda,True,None,renyi,5,9,1,passthrough,SA_VSA_OGM,1,0.1,32768
309,0.7329360188083864,0.47138447420014185,42,cuda,True,None,renyi,5,11,1,passthrough,SA_VSA_OGM,1,0.1,32768
310,0.705116314353772,0.5539148208401118,42,cuda,True,None,renyi,7,3,1,passthrough,SA_VSA_OGM,1,0.1,32768
311,0.7057920849763151,0.5711008217578109,42,cuda,True,None,renyi,7,5,1,passthrough,SA_VSA_OGM,1,0.1,32768
312,0.7110047159375315,0.5720185208359405,42,cuda,True,None,renyi,7,7,1,passthrough,SA_VSA_OGM,1,0.1,32768
313,0.6864638980170638,0.6147540983606558,42,cuda,True,None,renyi,7,9,1,passthrough,SA_VSA_OGM,1,0.1,32768
314,0.7433502406163774,0.5635923747549326,42,cuda,True,None,renyi,7,11,1,passthrough,SA_VSA_OGM,1,0.1,32768
315,0.7540846009780428,0.480519751386977,42,cuda,True,None,renyi,9,3,1,passthrough,SA_VSA_OGM,1,0.1,32768
316,0.7948887012217102,0.4242481124598506,42,cuda,True,None,renyi,9,5,1,passthrough,SA_VSA_OGM,1,0.1,32768
317,0.7247202255003704,0.5464272306344637,42,cuda,True,None,renyi,9,7,1,passthrough,SA_VSA_OGM,1,0.1,32768
318,0.7419986378573981,0.5186042631293539,42,cuda,True,None,renyi,9,9,1,passthrough,SA_VSA_OGM,1,0.1,32768
319,0.7390755742256433,0.5459266675009385,42,cuda,True,None,renyi,9,11,1,passthrough,SA_VSA_OGM,1,0.1,32768
320,0.7279293310503225,0.4989988737329496,42,cuda,True,None,renyi,11,3,1,passthrough,SA_VSA_OGM,1,0.1,32768
321,0.8073466201801028,0.4812288824928044,42,cuda,True,None,renyi,11,5,1,passthrough,SA_VSA_OGM,1,0.1,32768
322,0.7036265543964817,0.5923330413381721,42,cuda,True,None,renyi,11,7,1,passthrough,SA_VSA_OGM,1,0.1,32768
323,0.8042674071120549,0.4214115880365411,42,cuda,True,None,renyi,11,9,1,passthrough,SA_VSA_OGM,1,0.1,32768
324,0.7349012497252032,0.527927251491261,42,cuda,True,None,renyi,11,11,1,passthrough,SA_VSA_OGM,1,0.1,32768
325,21.22120716392965,0.5,42,cuda,True,None,renyi_squaring,3,3,1,passthrough,SA_VSA_OGM,1,0.1,32768
326,21.22120716392965,0.5,42,cuda,True,None,renyi_squaring,3,5,1,passthrough,SA_VSA_OGM,1,0.1,32768
327,21.221207163929652,0.5,42,cuda,True,None,renyi_squaring,3,7,1,passthrough,SA_VSA_OGM,1,0.1,32768
328,21.221207163929652,0.5,42,cuda,True,None,renyi_squaring,3,9,1,passthrough,SA_VSA_OGM,1,0.1,32768
329,21.22120716392965,0.5,42,cuda,True,None,renyi_squaring,3,11,1,passthrough,SA_VSA_OGM,1,0.1,32768
330,21.22120716392965,0.5,42,cuda,True,None,renyi_squaring,5,3,1,passthrough,SA_VSA_OGM,1,0.1,32768
331,21.22120716392965,0.5,42,cuda,True,None,renyi_squaring,5,5,1,passthrough,SA_VSA_OGM,1,0.1,32768
332,21.22120716392965,0.5,42,cuda,True,None,renyi_squaring,5,7,1,passthrough,SA_VSA_OGM,1,0.1,32768
333,21.22120716392965,0.5,42,cuda,True,None,renyi_squaring,5,9,1,passthrough,SA_VSA_OGM,1,0.1,32768
334,21.22120716392965,0.5,42,cuda,True,None,renyi_squaring,5,11,1,passthrough,SA_VSA_OGM,1,0.1,32768
335,21.221207163929645,0.5,42,cuda,True,None,renyi_squaring,7,3,1,passthrough,SA_VSA_OGM,1,0.1,32768
336,21.221207163929645,0.5,42,cuda,True,None,renyi_squaring,7,5,1,passthrough,SA_VSA_OGM,1,0.1,32768
337,21.221207163929645,0.5,42,cuda,True,None,renyi_squaring,7,7,1,passthrough,SA_VSA_OGM,1,0.1,32768
338,21.22120716392965,0.5,42,cuda,True,None,renyi_squaring,7,9,1,passthrough,SA_VSA_OGM,1,0.1,32768
339,21.22120716392965,0.5,42,cuda,True,None,renyi_squaring,7,11,1,passthrough,SA_VSA_OGM,1,0.1,32768
340,21.22120716392965,0.5,42,cuda,True,None,renyi_squaring,9,3,1,passthrough,SA_VSA_OGM,1,0.1,32768
341,21.22120716392965,0.5,42,cuda,True,None,renyi_squaring,9,5,1,passthrough,SA_VSA_OGM,1,0.1,32768
342,21.22120716392965,0.5,42,cuda,True,None,renyi_squaring,9,7,1,passthrough,SA_VSA_OGM,1,0.1,32768
343,21.22120716392965,0.5,42,cuda,True,None,renyi_squaring,9,9,1,passthrough,SA_VSA_OGM,1,0.1,32768
344,21.22120716392965,0.5,42,cuda,True,None,renyi_squaring,9,11,1,passthrough,SA_VSA_OGM,1,0.1,32768
345,21.22120716392965,0.5,42,cuda,True,None,renyi_squaring,11,3,1,passthrough,SA_VSA_OGM,1,0.1,32768
346,21.22120716392965,0.5,42,cuda,True,None,renyi_squaring,11,5,1,passthrough,SA_VSA_OGM,1,0.1,32768
347,21.221207163929645,0.5,42,cuda,True,None,renyi_squaring,11,7,1,passthrough,SA_VSA_OGM,1,0.1,32768
348,21.221207163929645,0.5,42,cuda,True,None,renyi_squaring,11,9,1,passthrough,SA_VSA_OGM,1,0.1,32768
349,21.221207163929645,0.5,42,cuda,True,None,renyi_squaring,11,11,1,passthrough,SA_VSA_OGM,1,0.1,32768
350,21.22120716392965,0.5,42,cuda,True,None,renyi_cubic,3,3,1,passthrough,SA_VSA_OGM,1,0.1,32768
351,21.22120716392965,0.5,42,cuda,True,None,renyi_cubic,3,5,1,passthrough,SA_VSA_OGM,1,0.1,32768
352,21.22120716392965,0.5,42,cuda,True,None,renyi_cubic,3,7,1,passthrough,SA_VSA_OGM,1,0.1,32768
353,21.22120716392965,0.5,42,cuda,True,None,renyi_cubic,3,9,1,passthrough,SA_VSA_OGM,1,0.1,32768
354,21.22120716392965,0.5,42,cuda,True,None,renyi_cubic,3,11,1,passthrough,SA_VSA_OGM,1,0.1,32768
355,21.22120716392965,0.5,42,cuda,True,None,renyi_cubic,5,3,1,passthrough,SA_VSA_OGM,1,0.1,32768
356,21.22120716392965,0.5,42,cuda,True,None,renyi_cubic,5,5,1,passthrough,SA_VSA_OGM,1,0.1,32768
357,21.22120716392965,0.5,42,cuda,True,None,renyi_cubic,5,7,1,passthrough,SA_VSA_OGM,1,0.1,32768
358,21.22120716392965,0.5,42,cuda,True,None,renyi_cubic,5,9,1,passthrough,SA_VSA_OGM,1,0.1,32768
359,21.22120716392965,0.5,42,cuda,True,None,renyi_cubic,5,11,1,passthrough,SA_VSA_OGM,1,0.1,32768
360,21.221207163929645,0.5,42,cuda,True,None,renyi_cubic,7,3,1,passthrough,SA_VSA_OGM,1,0.1,32768
361,21.221207163929645,0.5,42,cuda,True,None,renyi_cubic,7,5,1,passthrough,SA_VSA_OGM,1,0.1,32768
362,21.221207163929645,0.5,42,cuda,True,None,renyi_cubic,7,7,1,passthrough,SA_VSA_OGM,1,0.1,32768
363,21.22120716392965,0.5,42,cuda,True,None,renyi_cubic,7,9,1,passthrough,SA_VSA_OGM,1,0.1,32768
364,21.22120716392965,0.5,42,cuda,True,None,renyi_cubic,7,11,1,passthrough,SA_VSA_OGM,1,0.1,32768
365,21.22120716392965,0.5,42,cuda,True,None,renyi_cubic,9,3,1,passthrough,SA_VSA_OGM,1,0.1,32768
366,21.22120716392965,0.5,42,cuda,True,None,renyi_cubic,9,5,1,passthrough,SA_VSA_OGM,1,0.1,32768
367,21.22120716392965,0.5,42,cuda,True,None,renyi_cubic,9,7,1,passthrough,SA_VSA_OGM,1,0.1,32768
368,21.22120716392965,0.5,42,cuda,True,None,renyi_cubic,9,9,1,passthrough,SA_VSA_OGM,1,0.1,32768
369,21.221207163929645,0.5,42,cuda,True,None,renyi_cubic,9,11,1,passthrough,SA_VSA_OGM,1,0.1,32768
370,21.221207163929645,0.5,42,cuda,True,None,renyi_cubic,11,3,1,passthrough,SA_VSA_OGM,1,0.1,32768
371,21.221207163929645,0.5,42,cuda,True,None,renyi_cubic,11,5,1,passthrough,SA_VSA_OGM,1,0.1,32768
372,21.221207163929645,0.5,42,cuda,True,None,renyi_cubic,11,7,1,passthrough,SA_VSA_OGM,1,0.1,32768
373,21.221207163929645,0.5,42,cuda,True,None,renyi_cubic,11,9,1,passthrough,SA_VSA_OGM,1,0.1,32768
374,21.221207163929645,0.5,42,cuda,True,None,renyi_cubic,11,11,1,passthrough,SA_VSA_OGM,1,0.1,32768
375,0.8542362063049564,0.4772035206273724,42,cuda,True,None,renyi_normalize,3,3,1,passthrough,SA_VSA_OGM,1,0.1,32768
376,0.7468530126654715,0.5345597130104701,42,cuda,True,None,renyi_normalize,3,5,1,passthrough,SA_VSA_OGM,1,0.1,32768
377,0.8538333823979959,0.5493367538480791,42,cuda,True,None,renyi_normalize,3,7,1,passthrough,SA_VSA_OGM,1,0.1,32768
378,0.8259115659686868,0.4124848788220081,42,cuda,True,None,renyi_normalize,3,9,1,passthrough,SA_VSA_OGM,1,0.1,32768
379,0.9080430686614576,0.3502064822925792,42,cuda,True,None,renyi_normalize,3,11,1,passthrough,SA_VSA_OGM,1,0.1,32768
380,0.8059255695106187,0.30516622867392484,42,cuda,True,None,renyi_normalize,5,3,1,passthrough,SA_VSA_OGM,1,0.1,32768
381,0.7485586234704096,0.44585575439035574,42,cuda,True,None,renyi_normalize,5,5,1,passthrough,SA_VSA_OGM,1,0.1,32768
382,0.8000785049320731,0.4186584908021524,42,cuda,True,None,renyi_normalize,5,7,1,passthrough,SA_VSA_OGM,1,0.1,32768
383,0.8453528783133097,0.3059692153672882,42,cuda,True,None,renyi_normalize,5,9,1,passthrough,SA_VSA_OGM,1,0.1,32768
384,0.9039245000294104,0.2417094231009886,42,cuda,True,None,renyi_normalize,5,11,1,passthrough,SA_VSA_OGM,1,0.1,32768
385,0.7381659914976698,0.45523088474533846,42,cuda,True,None,renyi_normalize,7,3,1,passthrough,SA_VSA_OGM,1,0.1,32768
386,0.7002390263066566,0.5504525924998958,42,cuda,True,None,renyi_normalize,7,5,1,passthrough,SA_VSA_OGM,1,0.1,32768
387,0.8203312076633117,0.36066616610353314,42,cuda,True,None,renyi_normalize,7,7,1,passthrough,SA_VSA_OGM,1,0.1,32768
388,0.7571473785456092,0.38845784841279773,42,cuda,True,None,renyi_normalize,7,9,1,passthrough,SA_VSA_OGM,1,0.1,32768
389,0.8593725095516109,0.28886664163851,42,cuda,True,None,renyi_normalize,7,11,1,passthrough,SA_VSA_OGM,1,0.1,32768
390,0.7024455808003214,0.47995661786176114,42,cuda,True,None,renyi_normalize,9,3,1,passthrough,SA_VSA_OGM,1,0.1,32768
391,0.6809817249330333,0.5792349726775956,42,cuda,True,None,renyi_normalize,9,5,1,passthrough,SA_VSA_OGM,1,0.1,32768
392,0.7018395329023408,0.5491803278688525,42,cuda,True,None,renyi_normalize,9,7,1,passthrough,SA_VSA_OGM,1,0.1,32768
393,0.750559059216389,0.4675468235097819,42,cuda,True,None,renyi_normalize,9,9,1,passthrough,SA_VSA_OGM,1,0.1,32768
394,0.8082434107404928,0.3071163392149502,42,cuda,True,None,renyi_normalize,9,11,1,passthrough,SA_VSA_OGM,1,0.1,32768
395,0.6620992254201334,0.6100404621866267,42,cuda,True,None,renyi_normalize,11,3,1,passthrough,SA_VSA_OGM,1,0.1,32768
396,0.6345243700822332,0.6697951862511993,42,cuda,True,None,renyi_normalize,11,5,1,passthrough,SA_VSA_OGM,1,0.1,32768
397,0.6915917552941617,0.5488257623159387,42,cuda,True,None,renyi_normalize,11,7,1,passthrough,SA_VSA_OGM,1,0.1,32768
398,0.720691857098452,0.525236724648563,42,cuda,True,None,renyi_normalize,11,9,1,passthrough,SA_VSA_OGM,1,0.1,32768
399,0.8480730765134497,0.4679013890626956,42,cuda,True,None,renyi_normalize,11,11,1,passthrough,SA_VSA_OGM,1,0.1,32768
400,0.7993920684583735,0.3815542485295958,42,cuda,True,None,renyi_normalize_squaring,3,3,1,passthrough,SA_VSA_OGM,1,0.1,32768
401,0.8359689512894396,0.464209735952947,42,cuda,True,None,renyi_normalize_squaring,3,5,1,passthrough,SA_VSA_OGM,1,0.1,32768
402,0.7960321140884511,0.4146331289367205,42,cuda,True,None,renyi_normalize_squaring,3,7,1,passthrough,SA_VSA_OGM,1,0.1,32768
403,0.8181835913810952,0.4095232136153173,42,cuda,True,None,renyi_normalize_squaring,3,9,1,passthrough,SA_VSA_OGM,1,0.1,32768
404,0.7564366846371002,0.45192508238434903,42,cuda,True,None,renyi_normalize_squaring,3,11,1,passthrough,SA_VSA_OGM,1,0.1,32768
405,0.7632309650208018,0.4499436866474784,42,cuda,True,None,renyi_normalize_squaring,5,3,1,passthrough,SA_VSA_OGM,1,0.1,32768
406,0.7451220569979009,0.4807283193592792,42,cuda,True,None,renyi_normalize_squaring,5,5,1,passthrough,SA_VSA_OGM,1,0.1,32768
407,0.8386516897718458,0.45125766487298213,42,cuda,True,None,renyi_normalize_squaring,5,7,1,passthrough,SA_VSA_OGM,1,0.1,32768
408,0.7858752114499312,0.3857881783673299,42,cuda,True,None,renyi_normalize_squaring,5,9,1,passthrough,SA_VSA_OGM,1,0.1,32768
409,0.7800592842781312,0.45230050473449296,42,cuda,True,None,renyi_normalize_squaring,5,11,1,passthrough,SA_VSA_OGM,1,0.1,32768
410,0.7627204789502352,0.45371876694614777,42,cuda,True,None,renyi_normalize_squaring,7,3,1,passthrough,SA_VSA_OGM,1,0.1,32768
411,0.7378163156679859,0.5333291619738874,42,cuda,True,None,renyi_normalize_squaring,7,5,1,passthrough,SA_VSA_OGM,1,0.1,32768
412,0.7287773087113152,0.5127852167021232,42,cuda,True,None,renyi_normalize_squaring,7,7,1,passthrough,SA_VSA_OGM,1,0.1,32768
413,0.749420922302401,0.4732615859508614,42,cuda,True,None,renyi_normalize_squaring,7,9,1,passthrough,SA_VSA_OGM,1,0.1,32768
414,0.781440771663007,0.43048429483168565,42,cuda,True,None,renyi_normalize_squaring,7,11,1,passthrough,SA_VSA_OGM,1,0.1,32768
415,0.6943178664881179,0.5675968798231343,42,cuda,True,None,renyi_normalize_squaring,9,3,1,passthrough,SA_VSA_OGM,1,0.1,32768
416,0.7248243166911235,0.49755975472406455,42,cuda,True,None,renyi_normalize_squaring,9,5,1,passthrough,SA_VSA_OGM,1,0.1,32768
417,0.8072989631995056,0.38741500855128685,42,cuda,True,None,renyi_normalize_squaring,9,7,1,passthrough,SA_VSA_OGM,1,0.1,32768
418,0.710141924055334,0.5153297459642098,42,cuda,True,None,renyi_normalize_squaring,9,9,1,passthrough,SA_VSA_OGM,1,0.1,32768
419,0.7971964029136045,0.413152296333375,42,cuda,True,None,renyi_normalize_squaring,9,11,1,passthrough,SA_VSA_OGM,1,0.1,32768
420,0.7185190293865323,0.5313477662370166,42,cuda,True,None,renyi_normalize_squaring,11,3,1,passthrough,SA_VSA_OGM,1,0.1,32768
421,0.802992471025621,0.4106911942602094,42,cuda,True,None,renyi_normalize_squaring,11,5,1,passthrough,SA_VSA_OGM,1,0.1,32768
422,0.8345176310405,0.37100070913110583,42,cuda,True,None,renyi_normalize_squaring,11,7,1,passthrough,SA_VSA_OGM,1,0.1,32768
423,0.7743243573774224,0.45027739540316186,42,cuda,True,None,renyi_normalize_squaring,11,9,1,passthrough,SA_VSA_OGM,1,0.1,32768
424,0.7727427785072178,0.4535936261627664,42,cuda,True,None,renyi_normalize_squaring,11,11,1,passthrough,SA_VSA_OGM,1,0.1,32768
425,0.792791675293715,0.48211529637508865,42,cuda,True,None,renyi_normalize_cubic,3,3,1,passthrough,SA_VSA_OGM,1,0.1,32768
426,0.8066065617702648,0.42700120969423927,42,cuda,True,None,renyi_normalize_cubic,3,5,1,passthrough,SA_VSA_OGM,1,0.1,32768
427,0.9164441592393188,0.4811663121011137,42,cuda,True,None,renyi_normalize_cubic,3,7,1,passthrough,SA_VSA_OGM,1,0.1,32768
428,0.7757058552365627,0.4591832478204647,42,cuda,True,None,renyi_normalize_cubic,3,9,1,passthrough,SA_VSA_OGM,1,0.1,32768
429,0.7765497422247791,0.4808951737371209,42,cuda,True,None,renyi_normalize_cubic,3,11,1,passthrough,SA_VSA_OGM,1,0.1,32768
430,0.7753220991076839,0.5018353981562591,42,cuda,True,None,renyi_normalize_cubic,5,3,1,passthrough,SA_VSA_OGM,1,0.1,32768
431,0.8045999157863878,0.48216743836816417,42,cuda,True,None,renyi_normalize_cubic,5,5,1,passthrough,SA_VSA_OGM,1,0.1,32768
432,0.8079509419724002,0.43271597213531887,42,cuda,True,None,renyi_normalize_cubic,5,7,1,passthrough,SA_VSA_OGM,1,0.1,32768
433,0.7270317580487058,0.5154966003420515,42,cuda,True,None,renyi_normalize_cubic,5,9,1,passthrough,SA_VSA_OGM,1,0.1,32768
434,0.8880914784354415,0.3535227130521837,42,cuda,True,None,renyi_normalize_cubic,5,11,1,passthrough,SA_VSA_OGM,1,0.1,32768
435,0.7219006350908923,0.564009510699537,42,cuda,True,None,renyi_normalize_cubic,7,3,1,passthrough,SA_VSA_OGM,1,0.1,32768
436,0.7823698293971956,0.4570349977057523,42,cuda,True,None,renyi_normalize_cubic,7,5,1,passthrough,SA_VSA_OGM,1,0.1,32768
437,0.6593775231188105,0.6452884495056939,42,cuda,True,None,renyi_normalize_cubic,7,7,1,passthrough,SA_VSA_OGM,1,0.1,32768
438,0.7536966468148076,0.4597672381429107,42,cuda,True,None,renyi_normalize_cubic,7,9,1,passthrough,SA_VSA_OGM,1,0.1,32768
439,0.8050404245485332,0.40991949276269135,42,cuda,True,None,renyi_normalize_cubic,7,11,1,passthrough,SA_VSA_OGM,1,0.1,32768
440,0.8215159487383218,0.4875902056480207,42,cuda,True,None,renyi_normalize_cubic,9,3,1,passthrough,SA_VSA_OGM,1,0.1,32768
441,0.7944572777657289,0.4444374921787011,42,cuda,True,None,renyi_normalize_cubic,9,5,1,passthrough,SA_VSA_OGM,1,0.1,32768
442,0.7581581174978699,0.4508613857256081,42,cuda,True,None,renyi_normalize_cubic,9,7,1,passthrough,SA_VSA_OGM,1,0.1,32768
443,1.0076319767395605,0.4037875943770075,42,cuda,True,None,renyi_normalize_cubic,9,9,1,passthrough,SA_VSA_OGM,1,0.1,32768
444,0.7655516268568673,0.46293747132190377,42,cuda,True,None,renyi_normalize_cubic,9,11,1,passthrough,SA_VSA_OGM,1,0.1,32768
445,0.7540277771874516,0.5460518082843199,42,cuda,True,None,renyi_normalize_cubic,11,3,1,passthrough,SA_VSA_OGM,1,0.1,32768
446,0.7252077369228405,0.5435907062111542,42,cuda,True,None,renyi_normalize_cubic,11,5,1,passthrough,SA_VSA_OGM,1,0.1,32768
447,0.7513821705066485,0.4512993784674425,42,cuda,True,None,renyi_normalize_cubic,11,7,1,passthrough,SA_VSA_OGM,1,0.1,32768
448,0.7621873718292955,0.5217536395111166,42,cuda,True,None,renyi_normalize_cubic,11,9,1,passthrough,SA_VSA_OGM,1,0.1,32768
449,0.7588234276489927,0.5047136361740292,42,cuda,True,None,renyi_normalize_cubic,11,11,1,passthrough,SA_VSA_OGM,1,0.1,32768
450,0.7153612754275452,0.5643849330496808,42,cuda,True,None,renyi,3,3,1,passthrough,SA_VSA_OGM,1,0.2,32768
451,0.7179514707096748,0.5470320777541401,42,cuda,True,None,renyi,3,5,1,passthrough,SA_VSA_OGM,1,0.2,32768
452,0.7160279361092101,0.5526008426146081,42,cuda,True,None,renyi,3,7,1,passthrough,SA_VSA_OGM,1,0.2,32768
453,0.712364228804631,0.5569599132357235,42,cuda,True,None,renyi,3,9,1,passthrough,SA_VSA_OGM,1,0.2,32768
454,0.6972766481414071,0.5503065949192841,42,cuda,True,None,renyi,3,11,1,passthrough,SA_VSA_OGM,1,0.2,32768
455,0.7619588131307719,0.4645643015058608,42,cuda,True,None,renyi,5,3,1,passthrough,SA_VSA_OGM,1,0.2,32768
456,0.7238239141470795,0.6014057481333166,42,cuda,True,None,renyi,5,5,1,passthrough,SA_VSA_OGM,1,0.2,32768
457,0.6981139014655965,0.5330997372043549,42,cuda,True,None,renyi,5,7,1,passthrough,SA_VSA_OGM,1,0.2,32768
458,0.7175743159823084,0.5400033370875568,42,cuda,True,None,renyi,5,9,1,passthrough,SA_VSA_OGM,1,0.2,32768
459,0.7815556057171756,0.4612480707462562,42,cuda,True,None,renyi,5,11,1,passthrough,SA_VSA_OGM,1,0.2,32768
460,0.7436900957497963,0.5530805489509032,42,cuda,True,None,renyi,7,3,1,passthrough,SA_VSA_OGM,1,0.2,32768
461,0.6782048519743559,0.5907479247486755,42,cuda,True,None,renyi,7,5,1,passthrough,SA_VSA_OGM,1,0.2,32768
462,0.6781351231522561,0.5999874859216618,42,cuda,True,None,renyi,7,7,1,passthrough,SA_VSA_OGM,1,0.2,32768
463,0.7953681103726804,0.5613606974512994,42,cuda,True,None,renyi,7,9,1,passthrough,SA_VSA_OGM,1,0.2,32768
464,0.6807732550466136,0.6172152004338214,42,cuda,True,None,renyi,7,11,1,passthrough,SA_VSA_OGM,1,0.2,32768
465,0.8541751950872272,0.4769532390606098,42,cuda,True,None,renyi,9,3,1,passthrough,SA_VSA_OGM,1,0.2,32768
466,0.6995155674729726,0.6199265840737496,42,cuda,True,None,renyi,9,5,1,passthrough,SA_VSA_OGM,1,0.2,32768
467,0.6653513034152857,0.6811412839444375,42,cuda,True,None,renyi,9,7,1,passthrough,SA_VSA_OGM,1,0.2,32768
468,0.8072282002040484,0.5165394402035624,42,cuda,True,None,renyi,9,9,1,passthrough,SA_VSA_OGM,1,0.2,32768
469,0.598877344799247,0.7323655779418512,42,cuda,True,None,renyi,9,11,1,passthrough,SA_VSA_OGM,1,0.2,32768
470,0.7300850374831712,0.5743961957201852,42,cuda,True,None,renyi,11,3,1,passthrough,SA_VSA_OGM,1,0.2,32768
471,0.641308987606541,0.6778667667792934,42,cuda,True,None,renyi,11,5,1,passthrough,SA_VSA_OGM,1,0.2,32768
472,0.6449113206283135,0.6865849080215243,42,cuda,True,None,renyi,11,7,1,passthrough,SA_VSA_OGM,1,0.2,32768
473,0.6901130292046705,0.6020940224419139,42,cuda,True,None,renyi,11,9,1,passthrough,SA_VSA_OGM,1,0.2,32768
474,0.7122033614621736,0.5580027530972345,42,cuda,True,None,renyi,11,11,1,passthrough,SA_VSA_OGM,1,0.2,32768
475,21.221207163929645,0.5,42,cuda,True,None,renyi_squaring,3,3,1,passthrough,SA_VSA_OGM,1,0.2,32768
476,21.221207163929645,0.5,42,cuda,True,None,renyi_squaring,3,5,1,passthrough,SA_VSA_OGM,1,0.2,32768
477,21.22120716392965,0.5,42,cuda,True,None,renyi_squaring,3,7,1,passthrough,SA_VSA_OGM,1,0.2,32768
478,21.221207163929645,0.5,42,cuda,True,None,renyi_squaring,3,9,1,passthrough,SA_VSA_OGM,1,0.2,32768
479,21.22120716392965,0.5,42,cuda,True,None,renyi_squaring,3,11,1,passthrough,SA_VSA_OGM,1,0.2,32768
480,21.221207163929645,0.5,42,cuda,True,None,renyi_squaring,5,3,1,passthrough,SA_VSA_OGM,1,0.2,32768
481,21.22120716392965,0.5,42,cuda,True,None,renyi_squaring,5,5,1,passthrough,SA_VSA_OGM,1,0.2,32768
482,21.221207163929645,0.5,42,cuda,True,None,renyi_squaring,5,7,1,passthrough,SA_VSA_OGM,1,0.2,32768
483,21.22120716392965,0.5,42,cuda,True,None,renyi_squaring,5,9,1,passthrough,SA_VSA_OGM,1,0.2,32768
484,21.221207163929645,0.5,42,cuda,True,None,renyi_squaring,5,11,1,passthrough,SA_VSA_OGM,1,0.2,32768
485,21.221207163929645,0.5,42,cuda,True,None,renyi_squaring,7,3,1,passthrough,SA_VSA_OGM,1,0.2,32768
486,21.221207163929645,0.5,42,cuda,True,None,renyi_squaring,7,5,1,passthrough,SA_VSA_OGM,1,0.2,32768
487,21.221207163929645,0.5,42,cuda,True,None,renyi_squaring,7,7,1,passthrough,SA_VSA_OGM,1,0.2,32768
488,21.22120716392965,0.5,42,cuda,True,None,renyi_squaring,7,9,1,passthrough,SA_VSA_OGM,1,0.2,32768
489,21.221207163929645,0.5,42,cuda,True,None,renyi_squaring,7,11,1,passthrough,SA_VSA_OGM,1,0.2,32768
490,21.22120716392965,0.5,42,cuda,True,None,renyi_squaring,9,3,1,passthrough,SA_VSA_OGM,1,0.2,32768
491,21.221207163929645,0.5,42,cuda,True,None,renyi_squaring,9,5,1,passthrough,SA_VSA_OGM,1,0.2,32768
492,21.22120716392965,0.5,42,cuda,True,None,renyi_squaring,9,7,1,passthrough,SA_VSA_OGM,1,0.2,32768
493,21.221207163929645,0.5,42,cuda,True,None,renyi_squaring,9,9,1,passthrough,SA_VSA_OGM,1,0.2,32768
494,21.22120716392965,0.5,42,cuda,True,None,renyi_squaring,9,11,1,passthrough,SA_VSA_OGM,1,0.2,32768
495,21.221207163929645,0.5,42,cuda,True,None,renyi_squaring,11,3,1,passthrough,SA_VSA_OGM,1,0.2,32768
496,21.22120716392965,0.5,42,cuda,True,None,renyi_squaring,11,5,1,passthrough,SA_VSA_OGM,1,0.2,32768
497,21.221207163929645,0.5,42,cuda,True,None,renyi_squaring,11,7,1,passthrough,SA_VSA_OGM,1,0.2,32768
498,21.221207163929645,0.5,42,cuda,True,None,renyi_squaring,11,9,1,passthrough,SA_VSA_OGM,1,0.2,32768
499,21.221207163929645,0.5,42,cuda,True,None,renyi_squaring,11,11,1,passthrough,SA_VSA_OGM,1,0.2,32768
500,21.221207163929645,0.5,42,cuda,True,None,renyi_cubic,3,3,1,passthrough,SA_VSA_OGM,1,0.2,32768
501,21.22120716392965,0.5,42,cuda,True,None,renyi_cubic,3,5,1,passthrough,SA_VSA_OGM,1,0.2,32768
502,21.221207163929645,0.5,42,cuda,True,None,renyi_cubic,3,7,1,passthrough,SA_VSA_OGM,1,0.2,32768
503,21.22120716392965,0.5,42,cuda,True,None,renyi_cubic,3,9,1,passthrough,SA_VSA_OGM,1,0.2,32768
504,21.221207163929645,0.5,42,cuda,True,None,renyi_cubic,3,11,1,passthrough,SA_VSA_OGM,1,0.2,32768
505,21.22120716392965,0.5,42,cuda,True,None,renyi_cubic,5,3,1,passthrough,SA_VSA_OGM,1,0.2,32768
506,21.221207163929645,0.5,42,cuda,True,None,renyi_cubic,5,5,1,passthrough,SA_VSA_OGM,1,0.2,32768
507,21.221207163929645,0.5,42,cuda,True,None,renyi_cubic,5,7,1,passthrough,SA_VSA_OGM,1,0.2,32768
508,21.221207163929645,0.5,42,cuda,True,None,renyi_cubic,5,9,1,passthrough,SA_VSA_OGM,1,0.2,32768
509,21.221207163929645,0.5,42,cuda,True,None,renyi_cubic,5,11,1,passthrough,SA_VSA_OGM,1,0.2,32768
510,21.221207163929645,0.5,42,cuda,True,None,renyi_cubic,7,3,1,passthrough,SA_VSA_OGM,1,0.2,32768
511,21.221207163929645,0.5,42,cuda,True,None,renyi_cubic,7,5,1,passthrough,SA_VSA_OGM,1,0.2,32768
512,21.221207163929645,0.5,42,cuda,True,None,renyi_cubic,7,7,1,passthrough,SA_VSA_OGM,1,0.2,32768
513,21.221207163929645,0.5,42,cuda,True,None,renyi_cubic,7,9,1,passthrough,SA_VSA_OGM,1,0.2,32768
514,21.22120716392965,0.5,42,cuda,True,None,renyi_cubic,7,11,1,passthrough,SA_VSA_OGM,1,0.2,32768
515,21.221207163929645,0.5,42,cuda,True,None,renyi_cubic,9,3,1,passthrough,SA_VSA_OGM,1,0.2,32768
516,21.221207163929645,0.5,42,cuda,True,None,renyi_cubic,9,5,1,passthrough,SA_VSA_OGM,1,0.2,32768
517,21.221207163929645,0.5,42,cuda,True,None,renyi_cubic,9,7,1,passthrough,SA_VSA_OGM,1,0.2,32768
518,21.221207163929645,0.5,42,cuda,True,None,renyi_cubic,9,9,1,passthrough,SA_VSA_OGM,1,0.2,32768
519,21.221207163929645,0.5,42,cuda,True,None,renyi_cubic,9,11,1,passthrough,SA_VSA_OGM,1,0.2,32768
520,21.221207163929645,0.5,42,cuda,True,None,renyi_cubic,11,3,1,passthrough,SA_VSA_OGM,1,0.2,32768
521,21.22120716392964,0.5,42,cuda,True,None,renyi_cubic,11,5,1,passthrough,SA_VSA_OGM,1,0.2,32768
522,21.221207163929645,0.5,42,cuda,True,None,renyi_cubic,11,7,1,passthrough,SA_VSA_OGM,1,0.2,32768
523,21.22120716392964,0.5,42,cuda,True,None,renyi_cubic,11,9,1,passthrough,SA_VSA_OGM,1,0.2,32768
524,21.221207163929645,0.5,42,cuda,True,None,renyi_cubic,11,11,1,passthrough,SA_VSA_OGM,1,0.2,32768
525,0.7333249970940757,0.4799149042673008,42,cuda,True,None,renyi_normalize,3,3,1,passthrough,SA_VSA_OGM,1,0.2,32768
526,0.707434737884951,0.5655320568973429,42,cuda,True,None,renyi_normalize,3,5,1,passthrough,SA_VSA_OGM,1,0.2,32768
527,0.7771836827721509,0.542892003503942,42,cuda,True,None,renyi_normalize,3,7,1,passthrough,SA_VSA_OGM,1,0.2,32768
528,0.8158477221042585,0.4808638885412756,42,cuda,True,None,renyi_normalize,3,9,1,passthrough,SA_VSA_OGM,1,0.2,32768
529,0.8521227464500645,0.3406332123639094,42,cuda,True,None,renyi_normalize,3,11,1,passthrough,SA_VSA_OGM,1,0.2,32768
530,0.7386455751920543,0.4599758061152129,42,cuda,True,None,renyi_normalize,5,3,1,passthrough,SA_VSA_OGM,1,0.2,32768
531,0.7305518946853152,0.5045572101948025,42,cuda,True,None,renyi_normalize,5,5,1,passthrough,SA_VSA_OGM,1,0.2,32768
532,0.770467979218664,0.41665623826805154,42,cuda,True,None,renyi_normalize,5,7,1,passthrough,SA_VSA_OGM,1,0.2,32768
533,0.8988912164346042,0.30323697493012974,42,cuda,True,None,renyi_normalize,5,9,1,passthrough,SA_VSA_OGM,1,0.2,32768
534,0.8468698296414872,0.24483794268552125,42,cuda,True,None,renyi_normalize,5,11,1,passthrough,SA_VSA_OGM,1,0.2,32768
535,0.7540247295338296,0.4256038042798148,42,cuda,True,None,renyi_normalize,7,3,1,passthrough,SA_VSA_OGM,1,0.2,32768
536,0.7300858481611165,0.520731656446836,42,cuda,True,None,renyi_normalize,7,5,1,passthrough,SA_VSA_OGM,1,0.2,32768
537,0.7039409151102517,0.543767988987611,42,cuda,True,None,renyi_normalize,7,7,1,passthrough,SA_VSA_OGM,1,0.2,32768
538,0.9326353458219016,0.4004087932257123,42,cuda,True,None,renyi_normalize,7,9,1,passthrough,SA_VSA_OGM,1,0.2,32768
539,0.8686475921824955,0.2847161389896967,42,cuda,True,None,renyi_normalize,7,11,1,passthrough,SA_VSA_OGM,1,0.2,32768
540,0.7295533376088156,0.47591039919909894,42,cuda,True,None,renyi_normalize,9,3,1,passthrough,SA_VSA_OGM,1,0.2,32768
541,0.6444045614419133,0.65738539189922,42,cuda,True,None,renyi_normalize,9,5,1,passthrough,SA_VSA_OGM,1,0.2,32768
542,0.65778895274773,0.6473949860259458,42,cuda,True,None,renyi_normalize,9,7,1,passthrough,SA_VSA_OGM,1,0.2,32768
543,0.8208585991178214,0.3167730363325408,42,cuda,True,None,renyi_normalize,9,9,1,passthrough,SA_VSA_OGM,1,0.2,32768
544,0.8305159475155348,0.3886872731823301,42,cuda,True,None,renyi_normalize,9,11,1,passthrough,SA_VSA_OGM,1,0.2,32768
545,0.7126022028859988,0.5164560130146414,42,cuda,True,None,renyi_normalize,11,3,1,passthrough,SA_VSA_OGM,1,0.2,32768
546,0.6143492900469527,0.7561214699870689,42,cuda,True,None,renyi_normalize,11,5,1,passthrough,SA_VSA_OGM,1,0.2,32768
547,0.5996835696229387,0.7427522629624995,42,cuda,True,None,renyi_normalize,11,7,1,passthrough,SA_VSA_OGM,1,0.2,32768
548,0.7540496585766218,0.4881116255787761,42,cuda,True,None,renyi_normalize,11,9,1,passthrough,SA_VSA_OGM,1,0.2,32768
549,0.727407986476821,0.5437575605889959,42,cuda,True,None,renyi_normalize,11,11,1,passthrough,SA_VSA_OGM,1,0.2,32768
550,0.7680302608736743,0.4479727193092229,42,cuda,True,None,renyi_normalize_squaring,3,3,1,passthrough,SA_VSA_OGM,1,0.2,32768
551,0.7968916852833081,0.43770074667334086,42,cuda,True,None,renyi_normalize_squaring,3,5,1,passthrough,SA_VSA_OGM,1,0.2,32768
552,0.7379802387094231,0.47355358111208445,42,cuda,True,None,renyi_normalize_squaring,3,7,1,passthrough,SA_VSA_OGM,1,0.2,32768
553,0.8013882402299496,0.42739748884161344,42,cuda,True,None,renyi_normalize_squaring,3,9,1,passthrough,SA_VSA_OGM,1,0.2,32768
554,0.7177895742581614,0.5131189254578068,42,cuda,True,None,renyi_normalize_squaring,3,11,1,passthrough,SA_VSA_OGM,1,0.2,32768
555,0.7128507062996783,0.5685980060901847,42,cuda,True,None,renyi_normalize_squaring,5,3,1,passthrough,SA_VSA_OGM,1,0.2,32768
556,0.7045808241629622,0.5410044633546073,42,cuda,True,None,renyi_normalize_squaring,5,5,1,passthrough,SA_VSA_OGM,1,0.2,32768
557,0.904619386113613,0.36678763609060183,42,cuda,True,None,renyi_normalize_squaring,5,7,1,passthrough,SA_VSA_OGM,1,0.2,32768
558,0.7320298584929877,0.5239853168147499,42,cuda,True,None,renyi_normalize_squaring,5,9,1,passthrough,SA_VSA_OGM,1,0.2,32768
559,0.7339764522922961,0.5201268093271597,42,cuda,True,None,renyi_normalize_squaring,5,11,1,passthrough,SA_VSA_OGM,1,0.2,32768
560,0.7531646753609849,0.464105451966796,42,cuda,True,None,renyi_normalize_squaring,7,3,1,passthrough,SA_VSA_OGM,1,0.2,32768
561,0.7314561442697105,0.5012305510365829,42,cuda,True,None,renyi_normalize_squaring,7,5,1,passthrough,SA_VSA_OGM,1,0.2,32768
562,0.7377454960161235,0.5600050056313353,42,cuda,True,None,renyi_normalize_squaring,7,7,1,passthrough,SA_VSA_OGM,1,0.2,32768
563,0.7274093705025981,0.5109706753430944,42,cuda,True,None,renyi_normalize_squaring,7,9,1,passthrough,SA_VSA_OGM,1,0.2,32768
564,0.7580426214119729,0.455178742752263,42,cuda,True,None,renyi_normalize_squaring,7,11,1,passthrough,SA_VSA_OGM,1,0.2,32768
565,0.7326846782292977,0.5302214991865849,42,cuda,True,None,renyi_normalize_squaring,9,3,1,passthrough,SA_VSA_OGM,1,0.2,32768
566,0.6799221159765437,0.6094564718641805,42,cuda,True,None,renyi_normalize_squaring,9,5,1,passthrough,SA_VSA_OGM,1,0.2,32768
567,0.7746324368308336,0.4679222458599257,42,cuda,True,None,renyi_normalize_squaring,9,7,1,passthrough,SA_VSA_OGM,1,0.2,32768
568,0.7560479721201541,0.5241104575981312,42,cuda,True,None,renyi_normalize_squaring,9,9,1,passthrough,SA_VSA_OGM,1,0.2,32768
569,0.6963982769897127,0.570913110582739,42,cuda,True,None,renyi_normalize_squaring,9,11,1,passthrough,SA_VSA_OGM,1,0.2,32768
570,0.6747877866264147,0.600383765069036,42,cuda,True,None,renyi_normalize_squaring,11,3,1,passthrough,SA_VSA_OGM,1,0.2,32768
571,0.6849077366986392,0.5872022692195387,42,cuda,True,None,renyi_normalize_squaring,11,5,1,passthrough,SA_VSA_OGM,1,0.2,32768
572,0.7466674922868946,0.6234930964001167,42,cuda,True,None,renyi_normalize_squaring,11,7,1,passthrough,SA_VSA_OGM,1,0.2,32768
573,0.7872848303880163,0.4413715429858591,42,cuda,True,None,renyi_normalize_squaring,11,9,1,passthrough,SA_VSA_OGM,1,0.2,32768
574,0.8071330899904147,0.40981520877654026,42,cuda,True,None,renyi_normalize_squaring,11,11,1,passthrough,SA_VSA_OGM,1,0.2,32768
575,0.7320813602612932,0.5638322279230802,42,cuda,True,None,renyi_normalize_cubic,3,3,1,passthrough,SA_VSA_OGM,1,0.2,32768
576,0.6864899786734738,0.6034497142618779,42,cuda,True,None,renyi_normalize_cubic,3,5,1,passthrough,SA_VSA_OGM,1,0.2,32768
577,0.7635577831103244,0.5141200517248571,42,cuda,True,None,renyi_normalize_cubic,3,7,1,passthrough,SA_VSA_OGM,1,0.2,32768
578,0.7557818151126221,0.5003128519584533,42,cuda,True,None,renyi_normalize_cubic,3,9,1,passthrough,SA_VSA_OGM,1,0.2,32768
579,0.7756464439797146,0.4763901055353939,42,cuda,True,None,renyi_normalize_cubic,3,11,1,passthrough,SA_VSA_OGM,1,0.2,32768
580,0.7150275261167373,0.5916864806240354,42,cuda,True,None,renyi_normalize_cubic,5,3,1,passthrough,SA_VSA_OGM,1,0.2,32768
581,0.6998251732436636,0.5443624077086722,42,cuda,True,None,renyi_normalize_cubic,5,5,1,passthrough,SA_VSA_OGM,1,0.2,32768
582,0.7078699836303493,0.5660534768280983,42,cuda,True,None,renyi_normalize_cubic,5,7,1,passthrough,SA_VSA_OGM,1,0.2,32768
583,0.7585323267153583,0.4944312351395321,42,cuda,True,None,renyi_normalize_cubic,5,9,1,passthrough,SA_VSA_OGM,1,0.2,32768
584,0.7514946374259878,0.4756809744295666,42,cuda,True,None,renyi_normalize_cubic,5,11,1,passthrough,SA_VSA_OGM,1,0.2,32768
585,0.7702336647789475,0.4729695907896383,42,cuda,True,None,renyi_normalize_cubic,7,3,1,passthrough,SA_VSA_OGM,1,0.2,32768
586,0.7359109062196326,0.5022525341008635,42,cuda,True,None,renyi_normalize_cubic,7,5,1,passthrough,SA_VSA_OGM,1,0.2,32768
587,0.7654311276560853,0.5054019104826264,42,cuda,True,None,renyi_normalize_cubic,7,7,1,passthrough,SA_VSA_OGM,1,0.2,32768
588,0.7536771538242718,0.4524673591123347,42,cuda,True,None,renyi_normalize_cubic,7,9,1,passthrough,SA_VSA_OGM,1,0.2,32768
589,0.7170598618742503,0.5819463563175239,42,cuda,True,None,renyi_normalize_cubic,7,11,1,passthrough,SA_VSA_OGM,1,0.2,32768
590,0.7227173484731865,0.5602344304008676,42,cuda,True,None,renyi_normalize_cubic,9,3,1,passthrough,SA_VSA_OGM,1,0.2,32768
591,0.761355805834905,0.5255078630125558,42,cuda,True,None,renyi_normalize_cubic,9,5,1,passthrough,SA_VSA_OGM,1,0.2,32768
592,0.6686954868586682,0.6397822550369165,42,cuda,True,None,renyi_normalize_cubic,9,7,1,passthrough,SA_VSA_OGM,1,0.2,32768
593,0.6370781494361725,0.6593667876360906,42,cuda,True,None,renyi_normalize_cubic,9,9,1,passthrough,SA_VSA_OGM,1,0.2,32768
594,0.7869097963383962,0.4521545071538815,42,cuda,True,None,renyi_normalize_cubic,9,11,1,passthrough,SA_VSA_OGM,1,0.2,32768
595,0.8600244289641853,0.5288449505693906,42,cuda,True,None,renyi_normalize_cubic,11,3,1,passthrough,SA_VSA_OGM,1,0.2,32768
596,0.7390309328764667,0.5071955950444249,42,cuda,True,None,renyi_normalize_cubic,11,5,1,passthrough,SA_VSA_OGM,1,0.2,32768
597,0.6857790319767815,0.6090393359195763,42,cuda,True,None,renyi_normalize_cubic,11,7,1,passthrough,SA_VSA_OGM,1,0.2,32768
598,0.7601046855466428,0.4710924790389188,42,cuda,True,None,renyi_normalize_cubic,11,9,1,passthrough,SA_VSA_OGM,1,0.2,32768
599,0.6684006052545773,0.628978434071664,42,cuda,True,None,renyi_normalize_cubic,11,11,1,passthrough,SA_VSA_OGM,1,0.2,32768
600,0.5502286472798219,0.7946856880657407,42,cuda,True,None,renyi,3,3,1,passthrough,SA_VSA_OGM,1,0.5,32768
601,0.5107378634851466,0.8536895674300254,42,cuda,True,None,renyi,3,5,1,passthrough,SA_VSA_OGM,1,0.5,32768
602,0.5471720636091627,0.8313102240020023,42,cuda,True,None,renyi,3,7,1,passthrough,SA_VSA_OGM,1,0.5,32768
603,0.5257250695014276,0.8464939723856004,42,cuda,True,None,renyi,3,9,1,passthrough,SA_VSA_OGM,1,0.5,32768
604,0.5353272942836103,0.8202144078755267,42,cuda,True,None,renyi,3,11,1,passthrough,SA_VSA_OGM,1,0.5,32768
605,0.5388886802799302,0.8125391064948067,42,cuda,True,None,renyi,5,3,1,passthrough,SA_VSA_OGM,1,0.5,32768
606,0.5325591497693212,0.8560255287198097,42,cuda,True,None,renyi,5,5,1,passthrough,SA_VSA_OGM,1,0.5,32768
607,0.4892845996320279,0.8566095190422558,42,cuda,True,None,renyi,5,7,1,passthrough,SA_VSA_OGM,1,0.5,32768
608,0.524460408165898,0.8537104242272556,42,cuda,True,None,renyi,5,9,1,passthrough,SA_VSA_OGM,1,0.5,32768
609,0.5514557847173517,0.8222792308013182,42,cuda,True,None,renyi,5,11,1,passthrough,SA_VSA_OGM,1,0.5,32768
610,0.5587962023047238,0.8163559003879364,42,cuda,True,None,renyi,7,3,1,passthrough,SA_VSA_OGM,1,0.5,32768
611,0.5466888944212338,0.8466816835606724,42,cuda,True,None,renyi,7,5,1,passthrough,SA_VSA_OGM,1,0.5,32768
612,0.5186420252366354,0.8391106661661035,42,cuda,True,None,renyi,7,7,1,passthrough,SA_VSA_OGM,1,0.5,32768
613,0.5537029825145253,0.8367329912818587,42,cuda,True,None,renyi,7,9,1,passthrough,SA_VSA_OGM,1,0.5,32768
614,0.5584702471682564,0.8173987402494473,42,cuda,True,None,renyi,7,11,1,passthrough,SA_VSA_OGM,1,0.5,32768
615,0.5241478052757772,0.8446585742293413,42,cuda,True,None,renyi,9,3,1,passthrough,SA_VSA_OGM,1,0.5,32768
616,0.5537642122219604,0.8064072081091228,42,cuda,True,None,renyi,9,5,1,passthrough,SA_VSA_OGM,1,0.5,32768
617,0.5489731179696824,0.819859842322613,42,cuda,True,None,renyi,9,7,1,passthrough,SA_VSA_OGM,1,0.5,32768
618,0.5432512942397957,0.8339590372502399,42,cuda,True,None,renyi,9,9,1,passthrough,SA_VSA_OGM,1,0.5,32768
619,0.5108203768258079,0.8509781837900974,42,cuda,True,None,renyi,9,11,1,passthrough,SA_VSA_OGM,1,0.5,32768
620,0.522688986412462,0.8483293705418596,42,cuda,True,None,renyi,11,3,1,passthrough,SA_VSA_OGM,1,0.5,32768
621,0.5133900385414225,0.8516873148959245,42,cuda,True,None,renyi,11,5,1,passthrough,SA_VSA_OGM,1,0.5,32768
622,0.5441464863358274,0.8251574688190881,42,cuda,True,None,renyi,11,7,1,passthrough,SA_VSA_OGM,1,0.5,32768
623,0.5337309291613869,0.8474950986526509,42,cuda,True,None,renyi,11,9,1,passthrough,SA_VSA_OGM,1,0.5,32768
624,0.6323576071181091,0.8378384015350603,42,cuda,True,None,renyi,11,11,1,passthrough,SA_VSA_OGM,1,0.5,32768
625,21.221207163929645,0.5,42,cuda,True,None,renyi_squaring,3,3,1,passthrough,SA_VSA_OGM,1,0.5,32768
626,21.221207163929645,0.5,42,cuda,True,None,renyi_squaring,3,5,1,passthrough,SA_VSA_OGM,1,0.5,32768
627,21.22120716392965,0.5,42,cuda,True,None,renyi_squaring,3,7,1,passthrough,SA_VSA_OGM,1,0.5,32768
628,21.221207163929645,0.5,42,cuda,True,None,renyi_squaring,3,9,1,passthrough,SA_VSA_OGM,1,0.5,32768
629,21.22120716392965,0.5,42,cuda,True,None,renyi_squaring,3,11,1,passthrough,SA_VSA_OGM,1,0.5,32768
630,21.221207163929645,0.5,42,cuda,True,None,renyi_squaring,5,3,1,passthrough,SA_VSA_OGM,1,0.5,32768
631,20.983131161574615,0.5003232803570684,42,cuda,True,None,renyi_squaring,5,5,1,passthrough,SA_VSA_OGM,1,0.5,32768
632,21.221207163929645,0.5,42,cuda,True,None,renyi_squaring,5,7,1,passthrough,SA_VSA_OGM,1,0.5,32768
633,21.221207163929645,0.5,42,cuda,True,None,renyi_squaring,5,9,1,passthrough,SA_VSA_OGM,1,0.5,32768
634,21.221207163929645,0.5,42,cuda,True,None,renyi_squaring,5,11,1,passthrough,SA_VSA_OGM,1,0.5,32768
635,21.221207163929645,0.5,42,cuda,True,None,renyi_squaring,7,3,1,passthrough,SA_VSA_OGM,1,0.5,32768
636,21.221207163929645,0.5,42,cuda,True,None,renyi_squaring,7,5,1,passthrough,SA_VSA_OGM,1,0.5,32768
637,21.221207163929645,0.5,42,cuda,True,None,renyi_squaring,7,7,1,passthrough,SA_VSA_OGM,1,0.5,32768
638,21.22120716392965,0.5,42,cuda,True,None,renyi_squaring,7,9,1,passthrough,SA_VSA_OGM,1,0.5,32768
639,21.221207163929645,0.5,42,cuda,True,None,renyi_squaring,7,11,1,passthrough,SA_VSA_OGM,1,0.5,32768
640,21.22120716392965,0.5,42,cuda,True,None,renyi_squaring,9,3,1,passthrough,SA_VSA_OGM,1,0.5,32768
641,21.221207163929645,0.5,42,cuda,True,None,renyi_squaring,9,5,1,passthrough,SA_VSA_OGM,1,0.5,32768
642,21.22120716392965,0.5,42,cuda,True,None,renyi_squaring,9,7,1,passthrough,SA_VSA_OGM,1,0.5,32768
643,21.221207163929645,0.5,42,cuda,True,None,renyi_squaring,9,9,1,passthrough,SA_VSA_OGM,1,0.5,32768
644,21.22120716392965,0.5,42,cuda,True,None,renyi_squaring,9,11,1,passthrough,SA_VSA_OGM,1,0.5,32768
645,21.221207163929645,0.5,42,cuda,True,None,renyi_squaring,11,3,1,passthrough,SA_VSA_OGM,1,0.5,32768
646,19.712564215650623,0.5284695282192466,42,cuda,True,None,renyi_squaring,11,5,1,passthrough,SA_VSA_OGM,1,0.5,32768
647,21.221207163929645,0.5,42,cuda,True,None,renyi_squaring,11,7,1,passthrough,SA_VSA_OGM,1,0.5,32768
648,21.221207163929645,0.5,42,cuda,True,None,renyi_squaring,11,9,1,passthrough,SA_VSA_OGM,1,0.5,32768
649,21.221207163929645,0.5,42,cuda,True,None,renyi_squaring,11,11,1,passthrough,SA_VSA_OGM,1,0.5,32768
650,21.221207163929645,0.5,42,cuda,True,None,renyi_cubic,3,3,1,passthrough,SA_VSA_OGM,1,0.5,32768
651,21.22120716392965,0.5,42,cuda,True,None,renyi_cubic,3,5,1,passthrough,SA_VSA_OGM,1,0.5,32768
652,21.221207163929645,0.5,42,cuda,True,None,renyi_cubic,3,7,1,passthrough,SA_VSA_OGM,1,0.5,32768
653,21.22120716392965,0.5,42,cuda,True,None,renyi_cubic,3,9,1,passthrough,SA_VSA_OGM,1,0.5,32768
654,21.221207163929645,0.5,42,cuda,True,None,renyi_cubic,3,11,1,passthrough,SA_VSA_OGM,1,0.5,32768
655,21.22120716392965,0.5,42,cuda,True,None,renyi_cubic,5,3,1,passthrough,SA_VSA_OGM,1,0.5,32768
656,21.221207163929645,0.5,42,cuda,True,None,renyi_cubic,5,5,1,passthrough,SA_VSA_OGM,1,0.5,32768
657,21.221207163929645,0.5,42,cuda,True,None,renyi_cubic,5,7,1,passthrough,SA_VSA_OGM,1,0.5,32768
658,21.221207163929645,0.5,42,cuda,True,None,renyi_cubic,5,9,1,passthrough,SA_VSA_OGM,1,0.5,32768
659,21.221207163929645,0.5,42,cuda,True,None,renyi_cubic,5,11,1,passthrough,SA_VSA_OGM,1,0.5,32768
660,21.221207163929645,0.5,42,cuda,True,None,renyi_cubic,7,3,1,passthrough,SA_VSA_OGM,1,0.5,32768
661,21.221207163929645,0.5,42,cuda,True,None,renyi_cubic,7,5,1,passthrough,SA_VSA_OGM,1,0.5,32768
662,21.221207163929645,0.5,42,cuda,True,None,renyi_cubic,7,7,1,passthrough,SA_VSA_OGM,1,0.5,32768
663,21.221207163929645,0.5,42,cuda,True,None,renyi_cubic,7,9,1,passthrough,SA_VSA_OGM,1,0.5,32768
664,21.22120716392965,0.5,42,cuda,True,None,renyi_cubic,7,11,1,passthrough,SA_VSA_OGM,1,0.5,32768
665,21.221207163929645,0.5,42,cuda,True,None,renyi_cubic,9,3,1,passthrough,SA_VSA_OGM,1,0.5,32768
666,21.221207163929645,0.5,42,cuda,True,None,renyi_cubic,9,5,1,passthrough,SA_VSA_OGM,1,0.5,32768
667,21.221207163929645,0.5,42,cuda,True,None,renyi_cubic,9,7,1,passthrough,SA_VSA_OGM,1,0.5,32768
668,21.221207163929645,0.5,42,cuda,True,None,renyi_cubic,9,9,1,passthrough,SA_VSA_OGM,1,0.5,32768
669,21.221207163929645,0.5,42,cuda,True,None,renyi_cubic,9,11,1,passthrough,SA_VSA_OGM,1,0.5,32768
670,21.221207163929645,0.5,42,cuda,True,None,renyi_cubic,11,3,1,passthrough,SA_VSA_OGM,1,0.5,32768
671,21.221207163929645,0.5,42,cuda,True,None,renyi_cubic,11,5,1,passthrough,SA_VSA_OGM,1,0.5,32768
672,21.221207163929645,0.5,42,cuda,True,None,renyi_cubic,11,7,1,passthrough,SA_VSA_OGM,1,0.5,32768
673,21.221207163929645,0.5,42,cuda,True,None,renyi_cubic,11,9,1,passthrough,SA_VSA_OGM,1,0.5,32768
674,21.221207163929645,0.5,42,cuda,True,None,renyi_cubic,11,11,1,passthrough,SA_VSA_OGM,1,0.5,32768
675,0.6467891052151643,0.6495849497351186,42,cuda,True,None,renyi_normalize,3,3,1,passthrough,SA_VSA_OGM,1,0.5,32768
676,0.6459131045306533,0.7191110833020482,42,cuda,True,None,renyi_normalize,3,5,1,passthrough,SA_VSA_OGM,1,0.5,32768
677,0.7417899477607854,0.7001418262211655,42,cuda,True,None,renyi_normalize,3,7,1,passthrough,SA_VSA_OGM,1,0.5,32768
678,0.787834652593361,0.6695657614816668,42,cuda,True,None,renyi_normalize,3,9,1,passthrough,SA_VSA_OGM,1,0.5,32768
679,0.7757161985625758,0.6336086430567722,42,cuda,True,None,renyi_normalize,3,11,1,passthrough,SA_VSA_OGM,1,0.5,32768
680,0.5908260343113647,0.7704292328869979,42,cuda,True,None,renyi_normalize,5,3,1,passthrough,SA_VSA_OGM,1,0.5,32768
681,0.6295508281668645,0.7088599674633964,42,cuda,True,None,renyi_normalize,5,5,1,passthrough,SA_VSA_OGM,1,0.5,32768
682,0.6489890075645998,0.7100696617027489,42,cuda,True,None,renyi_normalize,5,7,1,passthrough,SA_VSA_OGM,1,0.5,32768
683,0.6425406671724851,0.7502189963709172,42,cuda,True,None,renyi_normalize,5,9,1,passthrough,SA_VSA_OGM,1,0.5,32768
684,0.6812630457499224,0.6863137696575314,42,cuda,True,None,renyi_normalize,5,11,1,passthrough,SA_VSA_OGM,1,0.5,32768
685,0.5825100320683625,0.7726609101906312,42,cuda,True,None,renyi_normalize,7,3,1,passthrough,SA_VSA_OGM,1,0.5,32768
686,0.5243116144077559,0.8377758311433695,42,cuda,True,None,renyi_normalize,7,5,1,passthrough,SA_VSA_OGM,1,0.5,32768
687,0.5539455879967286,0.8325824886330454,42,cuda,True,None,renyi_normalize,7,7,1,passthrough,SA_VSA_OGM,1,0.5,32768
688,0.5946314710405091,0.7550577733283277,42,cuda,True,None,renyi_normalize,7,9,1,passthrough,SA_VSA_OGM,1,0.5,32768
689,0.6667930649481103,0.7334084178033621,42,cuda,True,None,renyi_normalize,7,11,1,passthrough,SA_VSA_OGM,1,0.5,32768
690,0.5327678510273085,0.8285154131731531,42,cuda,True,None,renyi_normalize,9,3,1,passthrough,SA_VSA_OGM,1,0.5,32768
691,0.5027958342605512,0.8608225920827599,42,cuda,True,None,renyi_normalize,9,5,1,passthrough,SA_VSA_OGM,1,0.5,32768
692,0.5255052978414962,0.8523964460017519,42,cuda,True,None,renyi_normalize,9,7,1,passthrough,SA_VSA_OGM,1,0.5,32768
693,0.5408620545668469,0.8134150919784758,42,cuda,True,None,renyi_normalize,9,9,1,passthrough,SA_VSA_OGM,1,0.5,32768
694,0.5871628609546772,0.7564968923372127,42,cuda,True,None,renyi_normalize,9,11,1,passthrough,SA_VSA_OGM,1,0.5,32768
695,0.5498182608300931,0.8283485587953114,42,cuda,True,None,renyi_normalize,11,3,1,passthrough,SA_VSA_OGM,1,0.5,32768
696,0.5259703956664575,0.8373169816043048,42,cuda,True,None,renyi_normalize,11,5,1,passthrough,SA_VSA_OGM,1,0.5,32768
697,0.4944616362343093,0.874859216618696,42,cuda,True,None,renyi_normalize,11,7,1,passthrough,SA_VSA_OGM,1,0.5,32768
698,0.5992832153608837,0.8524590163934427,42,cuda,True,None,renyi_normalize,11,9,1,passthrough,SA_VSA_OGM,1,0.5,32768
699,0.4950758394922309,0.8520627372460684,42,cuda,True,None,renyi_normalize,11,11,1,passthrough,SA_VSA_OGM,1,0.5,32768
700,0.4975290887384962,0.8513118925457807,42,cuda,True,None,renyi_normalize_squaring,3,3,1,passthrough,SA_VSA_OGM,1,0.5,32768
701,0.5896143641641709,0.8434280231927586,42,cuda,True,None,renyi_normalize_squaring,3,5,1,passthrough,SA_VSA_OGM,1,0.5,32768
702,0.5626744789639545,0.8210695365619656,42,cuda,True,None,renyi_normalize_squaring,3,7,1,passthrough,SA_VSA_OGM,1,0.5,32768
703,0.6085572414583366,0.8384432486547365,42,cuda,True,None,renyi_normalize_squaring,3,9,1,passthrough,SA_VSA_OGM,1,0.5,32768
704,0.6342133700786001,0.8204229758478289,42,cuda,True,None,renyi_normalize_squaring,3,11,1,passthrough,SA_VSA_OGM,1,0.5,32768
705,0.5867423740819809,0.7503232803570684,42,cuda,True,None,renyi_normalize_squaring,5,3,1,passthrough,SA_VSA_OGM,1,0.5,32768
706,0.5358115415086673,0.8350435907062111,42,cuda,True,None,renyi_normalize_squaring,5,5,1,passthrough,SA_VSA_OGM,1,0.5,32768
707,0.5423716021354121,0.819088140825095,42,cuda,True,None,renyi_normalize_squaring,5,7,1,passthrough,SA_VSA_OGM,1,0.5,32768
708,0.5827462555040128,0.8225295123680807,42,cuda,True,None,renyi_normalize_squaring,5,9,1,passthrough,SA_VSA_OGM,1,0.5,32768
709,0.5505759965937742,0.8197347015392317,42,cuda,True,None,renyi_normalize_squaring,5,11,1,passthrough,SA_VSA_OGM,1,0.5,32768
710,0.5715493018100363,0.7805447795436533,42,cuda,True,None,renyi_normalize_squaring,7,3,1,passthrough,SA_VSA_OGM,1,0.5,32768
711,0.5418815211338628,0.8131856672089434,42,cuda,True,None,renyi_normalize_squaring,7,5,1,passthrough,SA_VSA_OGM,1,0.5,32768
712,0.5148967052092464,0.8224252283819298,42,cuda,True,None,renyi_normalize_squaring,7,7,1,passthrough,SA_VSA_OGM,1,0.5,32768
713,0.5484175215969245,0.84261460810078,42,cuda,True,None,renyi_normalize_squaring,7,9,1,passthrough,SA_VSA_OGM,1,0.5,32768
714,0.5826902218245766,0.8005464480874317,42,cuda,True,None,renyi_normalize_squaring,7,11,1,passthrough,SA_VSA_OGM,1,0.5,32768
715,0.5243144066360144,0.8198598423226129,42,cuda,True,None,renyi_normalize_squaring,9,3,1,passthrough,SA_VSA_OGM,1,0.5,32768
716,0.5360599131246212,0.8445542902431903,42,cuda,True,None,renyi_normalize_squaring,9,5,1,passthrough,SA_VSA_OGM,1,0.5,32768
717,0.5347604330671677,0.8297251074125057,42,cuda,True,None,renyi_normalize_squaring,9,7,1,passthrough,SA_VSA_OGM,1,0.5,32768
718,0.5680477379686293,0.8454302757268595,42,cuda,True,None,renyi_normalize_squaring,9,9,1,passthrough,SA_VSA_OGM,1,0.5,32768
719,0.5800251614578628,0.8297042506152756,42,cuda,True,None,renyi_normalize_squaring,9,11,1,passthrough,SA_VSA_OGM,1,0.5,32768
720,0.5012198739469335,0.8437408751512118,42,cuda,True,None,renyi_normalize_squaring,11,3,1,passthrough,SA_VSA_OGM,1,0.5,32768
721,0.4905485934467823,0.859404329871105,42,cuda,True,None,renyi_normalize_squaring,11,5,1,passthrough,SA_VSA_OGM,1,0.5,32768
722,0.5339258517854535,0.8432194552204564,42,cuda,True,None,renyi_normalize_squaring,11,7,1,passthrough,SA_VSA_OGM,1,0.5,32768
723,0.6079512131706982,0.8328119134025779,42,cuda,True,None,renyi_normalize_squaring,11,9,1,passthrough,SA_VSA_OGM,1,0.5,32768
724,0.6087672145059833,0.840216076419305,42,cuda,True,None,renyi_normalize_squaring,11,11,1,passthrough,SA_VSA_OGM,1,0.5,32768
725,0.5357186367563734,0.8318107871355274,42,cuda,True,None,renyi_normalize_cubic,3,3,1,passthrough,SA_VSA_OGM,1,0.5,32768
726,0.5054680190599625,0.862856129812706,42,cuda,True,None,renyi_normalize_cubic,3,5,1,passthrough,SA_VSA_OGM,1,0.5,32768
727,0.5006289424055766,0.8535018562549535,42,cuda,True,None,renyi_normalize_cubic,3,7,1,passthrough,SA_VSA_OGM,1,0.5,32768
728,0.5340817754799476,0.8299128185875777,42,cuda,True,None,renyi_normalize_cubic,3,9,1,passthrough,SA_VSA_OGM,1,0.5,32768
729,0.6425563572264359,0.8375881199682976,42,cuda,True,None,renyi_normalize_cubic,3,11,1,passthrough,SA_VSA_OGM,1,0.5,32768
730,0.5466936976520155,0.8158866224502566,42,cuda,True,None,renyi_normalize_cubic,5,3,1,passthrough,SA_VSA_OGM,1,0.5,32768
731,0.5387362176564873,0.866224502565386,42,cuda,True,None,renyi_normalize_cubic,5,5,1,passthrough,SA_VSA_OGM,1,0.5,32768
732,0.5275171759648254,0.8181912985441956,42,cuda,True,None,renyi_normalize_cubic,5,7,1,passthrough,SA_VSA_OGM,1,0.5,32768
733,0.5054567992528063,0.8456388436991615,42,cuda,True,None,renyi_normalize_cubic,5,9,1,passthrough,SA_VSA_OGM,1,0.5,32768
734,0.5733818083892486,0.8428857464647729,42,cuda,True,None,renyi_normalize_cubic,5,11,1,passthrough,SA_VSA_OGM,1,0.5,32768
735,0.5749943560214845,0.8129145288449505,42,cuda,True,None,renyi_normalize_cubic,7,3,1,passthrough,SA_VSA_OGM,1,0.5,32768
736,0.5874191148756133,0.8463479748049889,42,cuda,True,None,renyi_normalize_cubic,7,5,1,passthrough,SA_VSA_OGM,1,0.5,32768
737,0.5395072222164743,0.8531055771075794,42,cuda,True,None,renyi_normalize_cubic,7,7,1,passthrough,SA_VSA_OGM,1,0.5,32768
738,0.6558052025566155,0.8499144871313562,42,cuda,True,None,renyi_normalize_cubic,7,9,1,passthrough,SA_VSA_OGM,1,0.5,32768
739,0.6458357666074988,0.835502440245276,42,cuda,True,None,renyi_normalize_cubic,7,11,1,passthrough,SA_VSA_OGM,1,0.5,32768
740,0.5401351164479502,0.8296208234263546,42,cuda,True,None,renyi_normalize_cubic,9,3,1,passthrough,SA_VSA_OGM,1,0.5,32768
741,0.595023619888697,0.8202352646727569,42,cuda,True,None,renyi_normalize_cubic,9,5,1,passthrough,SA_VSA_OGM,1,0.5,32768
742,0.5741423033451357,0.817857589788512,42,cuda,True,None,renyi_normalize_cubic,9,7,1,passthrough,SA_VSA_OGM,1,0.5,32768
743,0.58195164712997,0.8190464272306346,42,cuda,True,None,renyi_normalize_cubic,9,9,1,passthrough,SA_VSA_OGM,1,0.5,32768
744,0.6064033383024169,0.8385475326408877,42,cuda,True,None,renyi_normalize_cubic,9,11,1,passthrough,SA_VSA_OGM,1,0.5,32768
745,0.4942512431677871,0.8494139239978309,42,cuda,True,None,renyi_normalize_cubic,11,3,1,passthrough,SA_VSA_OGM,1,0.5,32768
746,0.5544133981469167,0.8235723522295916,42,cuda,True,None,renyi_normalize_cubic,11,5,1,passthrough,SA_VSA_OGM,1,0.5,32768
747,0.5510630691055719,0.838672673424269,42,cuda,True,None,renyi_normalize_cubic,11,7,1,passthrough,SA_VSA_OGM,1,0.5,32768
748,0.5240566804812584,0.8448879989988736,42,cuda,True,None,renyi_normalize_cubic,11,9,1,passthrough,SA_VSA_OGM,1,0.5,32768
749,0.6418188176043238,0.8542527009552414,42,cuda,True,None,renyi_normalize_cubic,11,11,1,passthrough,SA_VSA_OGM,1,0.5,32768
750,0.4073204313327121,0.9239144037041672,42,cuda,True,None,renyi,3,3,1,passthrough,SA_VSA_OGM,1,1.0,32768
751,0.3943090421837692,0.9102532015183746,42,cuda,True,None,renyi,3,5,1,passthrough,SA_VSA_OGM,1,1.0,32768
752,0.3886948206309318,0.9190547699495264,42,cuda,True,None,renyi,3,7,1,passthrough,SA_VSA_OGM,1,1.0,32768
753,0.38124317625367193,0.9242898260543112,42,cuda,True,None,renyi,3,9,1,passthrough,SA_VSA_OGM,1,1.0,32768
754,0.409140467425327,0.9105034830851376,42,cuda,True,None,renyi,3,11,1,passthrough,SA_VSA_OGM,1,1.0,32768
755,0.39611106799982126,0.9121511700663246,42,cuda,True,None,renyi,5,3,1,passthrough,SA_VSA_OGM,1,1.0,32768
756,0.42598619411368,0.8907520961081216,42,cuda,True,None,renyi,5,5,1,passthrough,SA_VSA_OGM,1,1.0,32768
757,0.42545905924473376,0.8904809577441289,42,cuda,True,None,renyi,5,7,1,passthrough,SA_VSA_OGM,1,1.0,32768
758,0.43276338754583543,0.8883952780211071,42,cuda,True,None,renyi,5,9,1,passthrough,SA_VSA_OGM,1,1.0,32768
759,0.4296554129996595,0.8853084720310349,42,cuda,True,None,renyi,5,11,1,passthrough,SA_VSA_OGM,1,1.0,32768
760,0.42650276642746304,0.9013890626955324,42,cuda,True,None,renyi,7,3,1,passthrough,SA_VSA_OGM,1,1.0,32768
761,0.456250057826292,0.8800734159262504,42,cuda,True,None,renyi,7,5,1,passthrough,SA_VSA_OGM,1,1.0,32768
762,0.4370552106792684,0.8761314812497393,42,cuda,True,None,renyi,7,7,1,passthrough,SA_VSA_OGM,1,1.0,32768
763,0.43818245577507686,0.8723981145455304,42,cuda,True,None,renyi,7,9,1,passthrough,SA_VSA_OGM,1,1.0,32768
764,0.47199372857682886,0.8729195344762858,42,cuda,True,None,renyi,7,11,1,passthrough,SA_VSA_OGM,1,1.0,32768
765,0.4465272645976258,0.8794268552121136,42,cuda,True,None,renyi,9,3,1,passthrough,SA_VSA_OGM,1,1.0,32768
766,0.4392244840813784,0.880511408668085,42,cuda,True,None,renyi,9,5,1,passthrough,SA_VSA_OGM,1,1.0,32768
767,0.4531682343968205,0.8697075877028323,42,cuda,True,None,renyi,9,7,1,passthrough,SA_VSA_OGM,1,1.0,32768
768,0.44851018337071497,0.8729612480707463,42,cuda,True,None,renyi,9,9,1,passthrough,SA_VSA_OGM,1,1.0,32768
769,0.4580978632473775,0.8662036457681558,42,cuda,True,None,renyi,9,11,1,passthrough,SA_VSA_OGM,1,1.0,32768
770,0.4580446021617646,0.8880824260626539,42,cuda,True,None,renyi,11,3,1,passthrough,SA_VSA_OGM,1,1.0,32768
771,0.4435618726164858,0.8780920201893797,42,cuda,True,None,renyi,11,5,1,passthrough,SA_VSA_OGM,1,1.0,32768
772,0.4772436325311244,0.868039043924415,42,cuda,True,None,renyi,11,7,1,passthrough,SA_VSA_OGM,1,1.0,32768
773,0.4483647643782307,0.8706878571726525,42,cuda,True,None,renyi,11,9,1,passthrough,SA_VSA_OGM,1,1.0,32768
774,0.47752877538456207,0.864305677220206,42,cuda,True,None,renyi,11,11,1,passthrough,SA_VSA_OGM,1,1.0,32768
775,0.8770312023776373,0.6026988695615901,42,cuda,True,None,renyi_squaring,3,3,1,passthrough,SA_VSA_OGM,1,1.0,32768
776,1.2763835554725422,0.5962332624202227,42,cuda,True,None,renyi_squaring,3,5,1,passthrough,SA_VSA_OGM,1,1.0,32768
777,1.144321449238726,0.614691527968965,42,cuda,True,None,renyi_squaring,3,7,1,passthrough,SA_VSA_OGM,1,1.0,32768
778,1.6121168035594151,0.5912380594835858,42,cuda,True,None,renyi_squaring,3,9,1,passthrough,SA_VSA_OGM,1,1.0,32768
779,1.5994128662978233,0.633212363909398,42,cuda,True,None,renyi_squaring,3,11,1,passthrough,SA_VSA_OGM,1,1.0,32768
780,0.7970366683766648,0.5847515955449882,42,cuda,True,None,renyi_squaring,5,3,1,passthrough,SA_VSA_OGM,1,1.0,32768
781,0.972458056946414,0.6251616401785342,42,cuda,True,None,renyi_squaring,5,5,1,passthrough,SA_VSA_OGM,1,1.0,32768
782,1.1400614037225232,0.629843991156718,42,cuda,True,None,renyi_squaring,5,7,1,passthrough,SA_VSA_OGM,1,1.0,32768
783,1.0503923300959974,0.6503045092395612,42,cuda,True,None,renyi_squaring,5,9,1,passthrough,SA_VSA_OGM,1,1.0,32768
784,1.537172117922674,0.6377695741042005,42,cuda,True,None,renyi_squaring,5,11,1,passthrough,SA_VSA_OGM,1,1.0,32768
785,0.7028468798893648,0.6284361573436783,42,cuda,True,None,renyi_squaring,7,3,1,passthrough,SA_VSA_OGM,1,1.0,32768
786,0.8403064381443263,0.6488549618320612,42,cuda,True,None,renyi_squaring,7,5,1,passthrough,SA_VSA_OGM,1,1.0,32768
787,0.8012598335236091,0.6612438993868102,42,cuda,True,None,renyi_squaring,7,7,1,passthrough,SA_VSA_OGM,1,1.0,32768
788,1.2093931971967826,0.6497830893088057,42,cuda,True,None,renyi_squaring,7,9,1,passthrough,SA_VSA_OGM,1,1.0,32768
789,1.3146695509753603,0.6400012514078338,42,cuda,True,None,renyi_squaring,7,11,1,passthrough,SA_VSA_OGM,1,1.0,32768
790,0.6739482443119065,0.6488028198389855,42,cuda,True,None,renyi_squaring,9,3,1,passthrough,SA_VSA_OGM,1,1.0,32768
791,0.8458232487970446,0.655758561715263,42,cuda,True,None,renyi_squaring,9,5,1,passthrough,SA_VSA_OGM,1,1.0,32768
792,0.7117929214755176,0.6725378550869727,42,cuda,True,None,renyi_squaring,9,7,1,passthrough,SA_VSA_OGM,1,1.0,32768
793,1.122360807753793,0.6624327368289327,42,cuda,True,None,renyi_squaring,9,9,1,passthrough,SA_VSA_OGM,1,1.0,32768
794,1.1914822884654517,0.7031556334209319,42,cuda,True,None,renyi_squaring,9,11,1,passthrough,SA_VSA_OGM,1,1.0,32768
795,0.6212231858078338,0.6869394735744379,42,cuda,True,None,renyi_squaring,11,3,1,passthrough,SA_VSA_OGM,1,1.0,32768
796,0.7412458822644183,0.7092562466107705,42,cuda,True,None,renyi_squaring,11,5,1,passthrough,SA_VSA_OGM,1,1.0,32768
797,0.7058582576742589,0.7080048387769574,42,cuda,True,None,renyi_squaring,11,7,1,passthrough,SA_VSA_OGM,1,1.0,32768
798,0.9238625944423826,0.697503441371543,42,cuda,True,None,renyi_squaring,11,9,1,passthrough,SA_VSA_OGM,1,1.0,32768
799,1.063660136276659,0.7210403370458432,42,cuda,True,None,renyi_squaring,11,11,1,passthrough,SA_VSA_OGM,1,1.0,32768
800,21.22120716392965,0.5,42,cuda,True,None,renyi_cubic,3,3,1,passthrough,SA_VSA_OGM,1,1.0,32768
801,21.22120716392965,0.5,42,cuda,True,None,renyi_cubic,3,5,1,passthrough,SA_VSA_OGM,1,1.0,32768
802,21.221207163929645,0.5,42,cuda,True,None,renyi_cubic,3,7,1,passthrough,SA_VSA_OGM,1,1.0,32768
803,21.22120716392965,0.5,42,cuda,True,None,renyi_cubic,3,9,1,passthrough,SA_VSA_OGM,1,1.0,32768
804,21.221207163929645,0.5,42,cuda,True,None,renyi_cubic,3,11,1,passthrough,SA_VSA_OGM,1,1.0,32768
805,21.22120716392965,0.5,42,cuda,True,None,renyi_cubic,5,3,1,passthrough,SA_VSA_OGM,1,1.0,32768
806,21.221207163929645,0.5,42,cuda,True,None,renyi_cubic,5,5,1,passthrough,SA_VSA_OGM,1,1.0,32768
807,21.22120716392965,0.5,42,cuda,True,None,renyi_cubic,5,7,1,passthrough,SA_VSA_OGM,1,1.0,32768
808,21.221207163929645,0.5,42,cuda,True,None,renyi_cubic,5,9,1,passthrough,SA_VSA_OGM,1,1.0,32768
809,21.221207163929645,0.5,42,cuda,True,None,renyi_cubic,5,11,1,passthrough,SA_VSA_OGM,1,1.0,32768
810,21.221207163929645,0.5,42,cuda,True,None,renyi_cubic,7,3,1,passthrough,SA_VSA_OGM,1,1.0,32768
811,21.221207163929645,0.5,42,cuda,True,None,renyi_cubic,7,5,1,passthrough,SA_VSA_OGM,1,1.0,32768
812,21.221207163929645,0.5,42,cuda,True,None,renyi_cubic,7,7,1,passthrough,SA_VSA_OGM,1,1.0,32768
813,21.221207163929645,0.5,42,cuda,True,None,renyi_cubic,7,9,1,passthrough,SA_VSA_OGM,1,1.0,32768
814,21.22120716392965,0.5,42,cuda,True,None,renyi_cubic,7,11,1,passthrough,SA_VSA_OGM,1,1.0,32768
815,21.221207163929645,0.5,42,cuda,True,None,renyi_cubic,9,3,1,passthrough,SA_VSA_OGM,1,1.0,32768
816,21.22120716392965,0.5,42,cuda,True,None,renyi_cubic,9,5,1,passthrough,SA_VSA_OGM,1,1.0,32768
817,21.221207163929645,0.5,42,cuda,True,None,renyi_cubic,9,7,1,passthrough,SA_VSA_OGM,1,1.0,32768
818,21.221207163929645,0.5,42,cuda,True,None,renyi_cubic,9,9,1,passthrough,SA_VSA_OGM,1,1.0,32768
819,21.221207163929645,0.5,42,cuda,True,None,renyi_cubic,9,11,1,passthrough,SA_VSA_OGM,1,1.0,32768
820,21.221207163929645,0.5,42,cuda,True,None,renyi_cubic,11,3,1,passthrough,SA_VSA_OGM,1,1.0,32768
821,21.221207163929645,0.5,42,cuda,True,None,renyi_cubic,11,5,1,passthrough,SA_VSA_OGM,1,1.0,32768
822,21.221207163929645,0.5,42,cuda,True,None,renyi_cubic,11,7,1,passthrough,SA_VSA_OGM,1,1.0,32768
823,21.221207163929645,0.5,42,cuda,True,None,renyi_cubic,11,9,1,passthrough,SA_VSA_OGM,1,1.0,32768
824,21.221207163929645,0.5,42,cuda,True,None,renyi_cubic,11,11,1,passthrough,SA_VSA_OGM,1,1.0,32768
825,0.5377289177366266,0.8537625662203312,42,cuda,True,None,renyi_normalize,3,3,1,passthrough,SA_VSA_OGM,1,1.0,32768
826,0.5555371856826756,0.8412797730780461,42,cuda,True,None,renyi_normalize,3,5,1,passthrough,SA_VSA_OGM,1,1.0,32768
827,0.5600442243722817,0.8445125766487299,42,cuda,True,None,renyi_normalize,3,7,1,passthrough,SA_VSA_OGM,1,1.0,32768
828,0.6400252813515447,0.8059275017728278,42,cuda,True,None,renyi_normalize,3,9,1,passthrough,SA_VSA_OGM,1,1.0,32768
829,0.6242613801953554,0.7913903141033664,42,cuda,True,None,renyi_normalize,3,11,1,passthrough,SA_VSA_OGM,1,1.0,32768
830,0.5166077886892979,0.8474846702540358,42,cuda,True,None,renyi_normalize,5,3,1,passthrough,SA_VSA_OGM,1,1.0,32768
831,0.4695910897015553,0.8739832311350269,42,cuda,True,None,renyi_normalize,5,5,1,passthrough,SA_VSA_OGM,1,1.0,32768
832,0.5203788176113039,0.8363367121344846,42,cuda,True,None,renyi_normalize,5,7,1,passthrough,SA_VSA_OGM,1,1.0,32768
833,0.5407149902954456,0.8334584741167146,42,cuda,True,None,renyi_normalize,5,9,1,passthrough,SA_VSA_OGM,1,1.0,32768
834,0.5397498741438385,0.8284319859842323,42,cuda,True,None,renyi_normalize,5,11,1,passthrough,SA_VSA_OGM,1,1.0,32768
835,0.4878870263955978,0.8636174029116089,42,cuda,True,None,renyi_normalize,7,3,1,passthrough,SA_VSA_OGM,1,1.0,32768
836,0.4499176877763377,0.8809076878154589,42,cuda,True,None,renyi_normalize,7,5,1,passthrough,SA_VSA_OGM,1,1.0,32768
837,0.439625761729772,0.8896049722604598,42,cuda,True,None,renyi_normalize,7,7,1,passthrough,SA_VSA_OGM,1,1.0,32768
838,0.48242279434184066,0.855003545655529,42,cuda,True,None,renyi_normalize,7,9,1,passthrough,SA_VSA_OGM,1,1.0,32768
839,0.5114035457252559,0.841175489091895,42,cuda,True,None,renyi_normalize,7,11,1,passthrough,SA_VSA_OGM,1,1.0,32768
840,0.44557080657353754,0.8979476911525466,42,cuda,True,None,renyi_normalize,9,3,1,passthrough,SA_VSA_OGM,1,1.0,32768
841,0.42666993602163333,0.90691611396154,42,cuda,True,None,renyi_normalize,9,5,1,passthrough,SA_VSA_OGM,1,1.0,32768
842,0.4566066037427419,0.8861010303257831,42,cuda,True,None,renyi_normalize,9,7,1,passthrough,SA_VSA_OGM,1,1.0,32768
843,0.45395885711045914,0.8703750052141992,42,cuda,True,None,renyi_normalize,9,9,1,passthrough,SA_VSA_OGM,1,1.0,32768
844,0.4720232821033028,0.8504567638593418,42,cuda,True,None,renyi_normalize,9,11,1,passthrough,SA_VSA_OGM,1,1.0,32768
845,0.46184305866415815,0.8998665164977265,42,cuda,True,None,renyi_normalize,11,3,1,passthrough,SA_VSA_OGM,1,1.0,32768
846,0.4372354813820695,0.9105243398823676,42,cuda,True,None,renyi_normalize,11,5,1,passthrough,SA_VSA_OGM,1,1.0,32768
847,0.4198504833966493,0.8976348391940934,42,cuda,True,None,renyi_normalize,11,7,1,passthrough,SA_VSA_OGM,1,1.0,32768
848,0.4428414090470956,0.880699119843157,42,cuda,True,None,renyi_normalize,11,9,1,passthrough,SA_VSA_OGM,1,1.0,32768
849,0.4561711677227291,0.8748383598214657,42,cuda,True,None,renyi_normalize,11,11,1,passthrough,SA_VSA_OGM,1,1.0,32768
850,0.34636663223565833,0.9297960205230884,42,cuda,True,None,renyi_normalize_squaring,3,3,1,passthrough,SA_VSA_OGM,1,1.0,32768
851,0.40269569190834703,0.9383473073874776,42,cuda,True,None,renyi_normalize_squaring,3,5,1,passthrough,SA_VSA_OGM,1,1.0,32768
852,0.3897458698728693,0.9200350394193468,42,cuda,True,None,renyi_normalize_squaring,3,7,1,passthrough,SA_VSA_OGM,1,1.0,32768
853,0.48122755235398673,0.9059358444917198,42,cuda,True,None,renyi_normalize_squaring,3,9,1,passthrough,SA_VSA_OGM,1,1.0,32768
854,0.4892941661682874,0.8946523171901724,42,cuda,True,None,renyi_normalize_squaring,3,11,1,passthrough,SA_VSA_OGM,1,1.0,32768
855,0.42677406902919407,0.8941726108538772,42,cuda,True,None,renyi_normalize_squaring,5,3,1,passthrough,SA_VSA_OGM,1,1.0,32768
856,0.4553457848327934,0.8908146664998122,42,cuda,True,None,renyi_normalize_squaring,5,5,1,passthrough,SA_VSA_OGM,1,1.0,32768
857,0.4637180709748209,0.8890418387352438,42,cuda,True,None,renyi_normalize_squaring,5,7,1,passthrough,SA_VSA_OGM,1,1.0,32768
858,0.4682058576950012,0.8893129770992367,42,cuda,True,None,renyi_normalize_squaring,5,9,1,passthrough,SA_VSA_OGM,1,1.0,32768
859,0.4703482021473184,0.8847870521002794,42,cuda,True,None,renyi_normalize_squaring,5,11,1,passthrough,SA_VSA_OGM,1,1.0,32768
860,0.426253718841964,0.8943811788261794,42,cuda,True,None,renyi_normalize_squaring,7,3,1,passthrough,SA_VSA_OGM,1,1.0,32768
861,0.44087668123687745,0.8799899887373296,42,cuda,True,None,renyi_normalize_squaring,7,5,1,passthrough,SA_VSA_OGM,1,1.0,32768
862,0.5002702250746193,0.8831393651190924,42,cuda,True,None,renyi_normalize_squaring,7,7,1,passthrough,SA_VSA_OGM,1,1.0,32768
863,0.497306434093453,0.8800108455345598,42,cuda,True,None,renyi_normalize_squaring,7,9,1,passthrough,SA_VSA_OGM,1,1.0,32768
864,0.5324454447459281,0.8697075877028323,42,cuda,True,None,renyi_normalize_squaring,7,11,1,passthrough,SA_VSA_OGM,1,1.0,32768
865,0.4321956128000507,0.8936303341258915,42,cuda,True,None,renyi_normalize_squaring,9,3,1,passthrough,SA_VSA_OGM,1,1.0,32768
866,0.459440858227392,0.891252659241647,42,cuda,True,None,renyi_normalize_squaring,9,5,1,passthrough,SA_VSA_OGM,1,1.0,32768
867,0.4743083073984652,0.8823468068243441,42,cuda,True,None,renyi_normalize_squaring,9,7,1,passthrough,SA_VSA_OGM,1,1.0,32768
868,0.5548735581081413,0.8703958620114296,42,cuda,True,None,renyi_normalize_squaring,9,9,1,passthrough,SA_VSA_OGM,1,1.0,32768
869,0.5012270121004218,0.8735869519876527,42,cuda,True,None,renyi_normalize_squaring,9,11,1,passthrough,SA_VSA_OGM,1,1.0,32768
870,0.4307067610864128,0.899616234930964,42,cuda,True,None,renyi_normalize_squaring,11,3,1,passthrough,SA_VSA_OGM,1,1.0,32768
871,0.5288712664335778,0.8763191924248112,42,cuda,True,None,renyi_normalize_squaring,11,5,1,passthrough,SA_VSA_OGM,1,1.0,32768
872,0.48515638991469345,0.873607808784883,42,cuda,True,None,renyi_normalize_squaring,11,7,1,passthrough,SA_VSA_OGM,1,1.0,32768
873,0.4837799600495712,0.8755474909272931,42,cuda,True,None,renyi_normalize_squaring,11,9,1,passthrough,SA_VSA_OGM,1,1.0,32768
874,0.5909665975226281,0.86659992491553,42,cuda,True,None,renyi_normalize_squaring,11,11,1,passthrough,SA_VSA_OGM,1,1.0,32768
875,0.32125487054696683,0.946815167062946,42,cuda,True,None,renyi_normalize_cubic,3,3,1,passthrough,SA_VSA_OGM,1,1.0,32768
876,0.3848495161984175,0.9343845159137364,42,cuda,True,None,renyi_normalize_cubic,3,5,1,passthrough,SA_VSA_OGM,1,1.0,32768
877,0.3540571069684984,0.9271263504776208,42,cuda,True,None,renyi_normalize_cubic,3,7,1,passthrough,SA_VSA_OGM,1,1.0,32768
878,0.35524465117271253,0.9353335001877112,42,cuda,True,None,renyi_normalize_cubic,3,9,1,passthrough,SA_VSA_OGM,1,1.0,32768
879,0.39343436439259816,0.9172193717932674,42,cuda,True,None,renyi_normalize_cubic,3,11,1,passthrough,SA_VSA_OGM,1,1.0,32768
880,0.4062168746063511,0.900294080840946,42,cuda,True,None,renyi_normalize_cubic,5,3,1,passthrough,SA_VSA_OGM,1,1.0,32768
881,0.4022715227870448,0.9025361865431945,42,cuda,True,None,renyi_normalize_cubic,5,5,1,passthrough,SA_VSA_OGM,1,1.0,32768
882,0.444091063995568,0.912276310849706,42,cuda,True,None,renyi_normalize_cubic,5,7,1,passthrough,SA_VSA_OGM,1,1.0,32768
883,0.4579556440093224,0.902598756934885,42,cuda,True,None,renyi_normalize_cubic,5,9,1,passthrough,SA_VSA_OGM,1,1.0,32768
884,0.44971088817901583,0.9086889417261084,42,cuda,True,None,renyi_normalize_cubic,5,11,1,passthrough,SA_VSA_OGM,1,1.0,32768
885,0.4458038164077243,0.8969048512910357,42,cuda,True,None,renyi_normalize_cubic,7,3,1,passthrough,SA_VSA_OGM,1,1.0,32768
886,0.49766229819330926,0.8767363283694155,42,cuda,True,None,renyi_normalize_cubic,7,5,1,passthrough,SA_VSA_OGM,1,1.0,32768
887,0.4999168690209203,0.8936094773286614,42,cuda,True,None,renyi_normalize_cubic,7,7,1,passthrough,SA_VSA_OGM,1,1.0,32768
888,0.49876761446354345,0.87811287698661,42,cuda,True,None,renyi_normalize_cubic,7,9,1,passthrough,SA_VSA_OGM,1,1.0,32768
889,0.5174101105864615,0.8742960830934801,42,cuda,True,None,renyi_normalize_cubic,7,11,1,passthrough,SA_VSA_OGM,1,1.0,32768
890,0.4315375535229901,0.8822842364326534,42,cuda,True,None,renyi_normalize_cubic,9,3,1,passthrough,SA_VSA_OGM,1,1.0,32768
891,0.4334591150364489,0.8876861469152797,42,cuda,True,None,renyi_normalize_cubic,9,5,1,passthrough,SA_VSA_OGM,1,1.0,32768
892,0.4930352146756961,0.8574855045259251,42,cuda,True,None,renyi_normalize_cubic,9,7,1,passthrough,SA_VSA_OGM,1,1.0,32768
893,0.5267981037575845,0.8734826680015016,42,cuda,True,None,renyi_normalize_cubic,9,9,1,passthrough,SA_VSA_OGM,1,1.0,32768
894,0.5145638394551638,0.8713344178867893,42,cuda,True,None,renyi_normalize_cubic,9,11,1,passthrough,SA_VSA_OGM,1,1.0,32768
895,0.42963624850803855,0.8788220080924373,42,cuda,True,None,renyi_normalize_cubic,11,3,1,passthrough,SA_VSA_OGM,1,1.0,32768
896,0.4942060444318858,0.88293079714679,42,cuda,True,None,renyi_normalize_cubic,11,5,1,passthrough,SA_VSA_OGM,1,1.0,32768
897,0.4734896682924654,0.8813248237600634,42,cuda,True,None,renyi_normalize_cubic,11,7,1,passthrough,SA_VSA_OGM,1,1.0,32768
898,0.4811832705485816,0.8640762524506737,42,cuda,True,None,renyi_normalize_cubic,11,9,1,passthrough,SA_VSA_OGM,1,1.0,32768
899,0.5054578405277106,0.8678930463438034,42,cuda,True,None,renyi_normalize_cubic,11,11,1,passthrough,SA_VSA_OGM,1,1.0,32768
900,0.4178461888911736,0.9023380469695074,42,cuda,True,None,renyi,3,3,1,passthrough,SA_VSA_OGM,1,2.0,16384
901,0.4021273165251911,0.9108163350435908,42,cuda,True,None,renyi,3,5,1,passthrough,SA_VSA_OGM,1,2.0,16384
902,0.4320453046775456,0.8828265131606391,42,cuda,True,None,renyi,3,7,1,passthrough,SA_VSA_OGM,1,2.0,16384
903,0.45912275117282,0.8808242606265382,42,cuda,True,None,renyi,3,9,1,passthrough,SA_VSA_OGM,1,2.0,16384
904,0.4500209169709682,0.8718975514120052,42,cuda,True,None,renyi,3,11,1,passthrough,SA_VSA_OGM,1,2.0,16384
905,0.4080699912348035,0.9029950360822592,42,cuda,True,None,renyi,5,3,1,passthrough,SA_VSA_OGM,1,2.0,16384
906,0.3861814388546614,0.9037041671880864,42,cuda,True,None,renyi,5,5,1,passthrough,SA_VSA_OGM,1,2.0,16384
907,0.4004287318694582,0.8891252659241647,42,cuda,True,None,renyi,5,7,1,passthrough,SA_VSA_OGM,1,2.0,16384
908,0.40352064296346374,0.886851875026071,42,cuda,True,None,renyi,5,9,1,passthrough,SA_VSA_OGM,1,2.0,16384
909,0.4323400175035993,0.8805322654653152,42,cuda,True,None,renyi,5,11,1,passthrough,SA_VSA_OGM,1,2.0,16384
910,0.4134259184850028,0.905080715805281,42,cuda,True,None,renyi,7,3,1,passthrough,SA_VSA_OGM,1,2.0,16384
911,0.4235642469579231,0.8796145663871855,42,cuda,True,None,renyi,7,5,1,passthrough,SA_VSA_OGM,1,2.0,16384
912,0.4184569177612263,0.8778625954198475,42,cuda,True,None,renyi,7,7,1,passthrough,SA_VSA_OGM,1,2.0,16384
913,0.4227852581247124,0.8696033037166813,42,cuda,True,None,renyi,7,9,1,passthrough,SA_VSA_OGM,1,2.0,16384
914,0.428869292009609,0.8732741000291995,42,cuda,True,None,renyi,7,11,1,passthrough,SA_VSA_OGM,1,2.0,16384
915,0.44241694098482925,0.8825345179994161,42,cuda,True,None,renyi,9,3,1,passthrough,SA_VSA_OGM,1,2.0,16384
916,0.4331747490201496,0.8797397071705668,42,cuda,True,None,renyi,9,5,1,passthrough,SA_VSA_OGM,1,2.0,16384
917,0.42582830385468223,0.8730446752596671,42,cuda,True,None,renyi,9,7,1,passthrough,SA_VSA_OGM,1,2.0,16384
918,0.4331779548360139,0.8725649689233722,42,cuda,True,None,renyi,9,9,1,passthrough,SA_VSA_OGM,1,2.0,16384
919,0.44474936050437186,0.8546698368998457,42,cuda,True,None,renyi,9,11,1,passthrough,SA_VSA_OGM,1,2.0,16384
920,0.44326557332425714,0.8749635006048471,42,cuda,True,None,renyi,11,3,1,passthrough,SA_VSA_OGM,1,2.0,16384
921,0.43006480620374055,0.8792182872398114,42,cuda,True,None,renyi,11,5,1,passthrough,SA_VSA_OGM,1,2.0,16384
922,0.42444868987780193,0.8711467067117175,42,cuda,True,None,renyi,11,7,1,passthrough,SA_VSA_OGM,1,2.0,16384
923,0.4523106454605253,0.863825970883911,42,cuda,True,None,renyi,11,9,1,passthrough,SA_VSA_OGM,1,2.0,16384
924,0.448216184400912,0.8648896675426521,42,cuda,True,None,renyi,11,11,1,passthrough,SA_VSA_OGM,1,2.0,16384
925,0.5595967876335181,0.7764151336920703,42,cuda,True,None,renyi_squaring,3,3,1,passthrough,SA_VSA_OGM,1,2.0,16384
926,0.5686477735818647,0.8014015767738706,42,cuda,True,None,renyi_squaring,3,5,1,passthrough,SA_VSA_OGM,1,2.0,16384
927,0.5931559913709419,0.8023609894464605,42,cuda,True,None,renyi_squaring,3,7,1,passthrough,SA_VSA_OGM,1,2.0,16384
928,0.6005640142813764,0.8394965169148625,42,cuda,True,None,renyi_squaring,3,9,1,passthrough,SA_VSA_OGM,1,2.0,16384
929,0.6130663922759578,0.8226025111583866,42,cuda,True,None,renyi_squaring,3,11,1,passthrough,SA_VSA_OGM,1,2.0,16384
930,0.576183585131712,0.7687606891085806,42,cuda,True,None,renyi_squaring,5,3,1,passthrough,SA_VSA_OGM,1,2.0,16384
931,0.5692369979889378,0.808253034663997,42,cuda,True,None,renyi_squaring,5,5,1,passthrough,SA_VSA_OGM,1,2.0,16384
932,0.5970124447573282,0.7815459058107036,42,cuda,True,None,renyi_squaring,5,7,1,passthrough,SA_VSA_OGM,1,2.0,16384
933,0.6134846667404532,0.8196512743503108,42,cuda,True,None,renyi_squaring,5,9,1,passthrough,SA_VSA_OGM,1,2.0,16384
934,0.63096077434121,0.8182434405372712,42,cuda,True,None,renyi_squaring,5,11,1,passthrough,SA_VSA_OGM,1,2.0,16384
935,0.5718308220583255,0.766132732657573,42,cuda,True,None,renyi_squaring,7,3,1,passthrough,SA_VSA_OGM,1,2.0,16384
936,0.5709277918043204,0.8041546740082592,42,cuda,True,None,renyi_squaring,7,5,1,passthrough,SA_VSA_OGM,1,2.0,16384
937,0.5660504581116268,0.8270450089684228,42,cuda,True,None,renyi_squaring,7,7,1,passthrough,SA_VSA_OGM,1,2.0,16384
938,0.5986099296631107,0.8041025320151838,42,cuda,True,None,renyi_squaring,7,9,1,passthrough,SA_VSA_OGM,1,2.0,16384
939,0.6198845215346218,0.8192654236015517,42,cuda,True,None,renyi_squaring,7,11,1,passthrough,SA_VSA_OGM,1,2.0,16384
940,0.580954096750906,0.7523881032828598,42,cuda,True,None,renyi_squaring,9,3,1,passthrough,SA_VSA_OGM,1,2.0,16384
941,0.5721233233902866,0.7780523922746423,42,cuda,True,None,renyi_squaring,9,5,1,passthrough,SA_VSA_OGM,1,2.0,16384
942,0.5761350544647768,0.7903787594377006,42,cuda,True,None,renyi_squaring,9,7,1,passthrough,SA_VSA_OGM,1,2.0,16384
943,0.5880598874889205,0.7965627998164602,42,cuda,True,None,renyi_squaring,9,9,1,passthrough,SA_VSA_OGM,1,2.0,16384
944,0.5853025188569313,0.8165331831643933,42,cuda,True,None,renyi_squaring,9,11,1,passthrough,SA_VSA_OGM,1,2.0,16384
945,0.5795786315875986,0.7648187544320695,42,cuda,True,None,renyi_squaring,11,3,1,passthrough,SA_VSA_OGM,1,2.0,16384
946,0.5560681715047989,0.8171276018854544,42,cuda,True,None,renyi_squaring,11,5,1,passthrough,SA_VSA_OGM,1,2.0,16384
947,0.5570139658413442,0.8220915196262462,42,cuda,True,None,renyi_squaring,11,7,1,passthrough,SA_VSA_OGM,1,2.0,16384
948,0.5659795583307718,0.8321653526884412,42,cuda,True,None,renyi_squaring,11,9,1,passthrough,SA_VSA_OGM,1,2.0,16384
949,0.5694257243165576,0.8312997956033871,42,cuda,True,None,renyi_squaring,11,11,1,passthrough,SA_VSA_OGM,1,2.0,16384
950,21.22120716392965,0.5,42,cuda,True,None,renyi_cubic,3,3,1,passthrough,SA_VSA_OGM,1,2.0,16384
951,21.221207163929645,0.5,42,cuda,True,None,renyi_cubic,3,5,1,passthrough,SA_VSA_OGM,1,2.0,16384
952,21.22120716392965,0.5,42,cuda,True,None,renyi_cubic,3,7,1,passthrough,SA_VSA_OGM,1,2.0,16384
953,21.22120716392965,0.5,42,cuda,True,None,renyi_cubic,3,9,1,passthrough,SA_VSA_OGM,1,2.0,16384
954,21.22120716392965,0.5,42,cuda,True,None,renyi_cubic,3,11,1,passthrough,SA_VSA_OGM,1,2.0,16384
955,21.22120716392965,0.5,42,cuda,True,None,renyi_cubic,5,3,1,passthrough,SA_VSA_OGM,1,2.0,16384
956,21.22120716392965,0.5,42,cuda,True,None,renyi_cubic,5,5,1,passthrough,SA_VSA_OGM,1,2.0,16384
957,21.22120716392965,0.5,42,cuda,True,None,renyi_cubic,5,7,1,passthrough,SA_VSA_OGM,1,2.0,16384
958,21.221207163929645,0.5,42,cuda,True,None,renyi_cubic,5,9,1,passthrough,SA_VSA_OGM,1,2.0,16384
959,21.22120716392965,0.5,42,cuda,True,None,renyi_cubic,5,11,1,passthrough,SA_VSA_OGM,1,2.0,16384
960,21.22120716392965,0.5,42,cuda,True,None,renyi_cubic,7,3,1,passthrough,SA_VSA_OGM,1,2.0,16384
961,21.22120716392965,0.5,42,cuda,True,None,renyi_cubic,7,5,1,passthrough,SA_VSA_OGM,1,2.0,16384
962,21.221207163929645,0.5,42,cuda,True,None,renyi_cubic,7,7,1,passthrough,SA_VSA_OGM,1,2.0,16384
963,21.22120716392965,0.5,42,cuda,True,None,renyi_cubic,7,9,1,passthrough,SA_VSA_OGM,1,2.0,16384
964,21.22120716392965,0.5,42,cuda,True,None,renyi_cubic,7,11,1,passthrough,SA_VSA_OGM,1,2.0,16384
965,21.22120716392965,0.5,42,cuda,True,None,renyi_cubic,9,3,1,passthrough,SA_VSA_OGM,1,2.0,16384
966,21.22120716392965,0.5,42,cuda,True,None,renyi_cubic,9,5,1,passthrough,SA_VSA_OGM,1,2.0,16384
967,21.22120716392965,0.5,42,cuda,True,None,renyi_cubic,9,7,1,passthrough,SA_VSA_OGM,1,2.0,16384
968,21.22120716392965,0.5,42,cuda,True,None,renyi_cubic,9,9,1,passthrough,SA_VSA_OGM,1,2.0,16384
969,21.221207163929645,0.5,42,cuda,True,None,renyi_cubic,9,11,1,passthrough,SA_VSA_OGM,1,2.0,16384
970,21.22120716392965,0.5,42,cuda,True,None,renyi_cubic,11,3,1,passthrough,SA_VSA_OGM,1,2.0,16384
971,21.22120716392965,0.5,42,cuda,True,None,renyi_cubic,11,5,1,passthrough,SA_VSA_OGM,1,2.0,16384
972,21.22120716392965,0.5,42,cuda,True,None,renyi_cubic,11,7,1,passthrough,SA_VSA_OGM,1,2.0,16384
973,21.221207163929645,0.5,42,cuda,True,None,renyi_cubic,11,9,1,passthrough,SA_VSA_OGM,1,2.0,16384
974,21.22120716392965,0.5,42,cuda,True,None,renyi_cubic,11,11,1,passthrough,SA_VSA_OGM,1,2.0,16384
975,0.5654107493708839,0.8192028532098612,42,cuda,True,None,renyi_normalize,3,3,1,passthrough,SA_VSA_OGM,1,2.0,16384
976,0.5515728096953783,0.8500813415091978,42,cuda,True,None,renyi_normalize,3,5,1,passthrough,SA_VSA_OGM,1,2.0,16384
977,0.5777910088704137,0.845013139782255,42,cuda,True,None,renyi_normalize,3,7,1,passthrough,SA_VSA_OGM,1,2.0,16384
978,0.578679606174401,0.8080340382930797,42,cuda,True,None,renyi_normalize,3,9,1,passthrough,SA_VSA_OGM,1,2.0,16384
979,0.6463412788147995,0.7597296959078964,42,cuda,True,None,renyi_normalize,3,11,1,passthrough,SA_VSA_OGM,1,2.0,16384
980,0.5223468792449409,0.8510720393776332,42,cuda,True,None,renyi_normalize,5,3,1,passthrough,SA_VSA_OGM,1,2.0,16384
981,0.4593932323656786,0.8803445542902432,42,cuda,True,None,renyi_normalize,5,5,1,passthrough,SA_VSA_OGM,1,2.0,16384
982,0.4890988516513902,0.8796979935761065,42,cuda,True,None,renyi_normalize,5,7,1,passthrough,SA_VSA_OGM,1,2.0,16384
983,0.511740268938558,0.8296416802235849,42,cuda,True,None,renyi_normalize,5,9,1,passthrough,SA_VSA_OGM,1,2.0,16384
984,0.5413278692972071,0.8193592791890878,42,cuda,True,None,renyi_normalize,5,11,1,passthrough,SA_VSA_OGM,1,2.0,16384
985,0.5370344490537229,0.8725023985316815,42,cuda,True,None,renyi_normalize,7,3,1,passthrough,SA_VSA_OGM,1,2.0,16384
986,0.4666961588762021,0.8704167188086598,42,cuda,True,None,renyi_normalize,7,5,1,passthrough,SA_VSA_OGM,1,2.0,16384
987,0.4629360050167447,0.8611563008384433,42,cuda,True,None,renyi_normalize,7,7,1,passthrough,SA_VSA_OGM,1,2.0,16384
988,0.44638979773528814,0.845013139782255,42,cuda,True,None,renyi_normalize,7,9,1,passthrough,SA_VSA_OGM,1,2.0,16384
989,0.48477959201496046,0.8285154131731531,42,cuda,True,None,renyi_normalize,7,11,1,passthrough,SA_VSA_OGM,1,2.0,16384
990,0.4862152834360848,0.8911900888499562,42,cuda,True,None,renyi_normalize,9,3,1,passthrough,SA_VSA_OGM,1,2.0,16384
991,0.4293027762558113,0.8924414966837693,42,cuda,True,None,renyi_normalize,9,5,1,passthrough,SA_VSA_OGM,1,2.0,16384
992,0.453609943154316,0.8714387018729405,42,cuda,True,None,renyi_normalize,9,7,1,passthrough,SA_VSA_OGM,1,2.0,16384
993,0.4538087890171525,0.8616360071747383,42,cuda,True,None,renyi_normalize,9,9,1,passthrough,SA_VSA_OGM,1,2.0,16384
994,0.46625152842743595,0.8471822466941976,42,cuda,True,None,renyi_normalize,9,11,1,passthrough,SA_VSA_OGM,1,2.0,16384
995,0.4932370164073431,0.8825345179994161,42,cuda,True,None,renyi_normalize,11,3,1,passthrough,SA_VSA_OGM,1,2.0,16384
996,0.43091496652238487,0.897885120760856,42,cuda,True,None,renyi_normalize,11,5,1,passthrough,SA_VSA_OGM,1,2.0,16384
997,0.42634958931931377,0.8913569432277979,42,cuda,True,None,renyi_normalize,11,7,1,passthrough,SA_VSA_OGM,1,2.0,16384
998,0.5156913593766214,0.8634088349393069,42,cuda,True,None,renyi_normalize,11,9,1,passthrough,SA_VSA_OGM,1,2.0,16384
999,0.4483693342923829,0.8556292495724357,42,cuda,True,None,renyi_normalize,11,11,1,passthrough,SA_VSA_OGM,1,2.0,16384
1000,0.41018571171637214,0.9348850790472616,42,cuda,True,None,renyi_normalize_squaring,3,3,1,passthrough,SA_VSA_OGM,1,2.0,16384
1001,0.369427154771477,0.9085220873482668,42,cuda,True,None,renyi_normalize_squaring,3,5,1,passthrough,SA_VSA_OGM,1,2.0,16384
1002,0.34624939958984596,0.9558253034663996,42,cuda,True,None,renyi_normalize_squaring,3,7,1,passthrough,SA_VSA_OGM,1,2.0,16384
1003,0.5164778136995486,0.9173027989821884,42,cuda,True,None,renyi_normalize_squaring,3,9,1,passthrough,SA_VSA_OGM,1,2.0,16384
1004,0.49390464973545567,0.9147374129228716,42,cuda,True,None,renyi_normalize_squaring,3,11,1,passthrough,SA_VSA_OGM,1,2.0,16384
1005,0.36959608946458,0.9155925416093104,42,cuda,True,None,renyi_normalize_squaring,5,3,1,passthrough,SA_VSA_OGM,1,2.0,16384
1006,0.3860176447785547,0.8991573853918993,42,cuda,True,None,renyi_normalize_squaring,5,5,1,passthrough,SA_VSA_OGM,1,2.0,16384
1007,0.43424278010544054,0.9018896258290576,42,cuda,True,None,renyi_normalize_squaring,5,7,1,passthrough,SA_VSA_OGM,1,2.0,16384
1008,0.3629438498864254,0.9063738372335544,42,cuda,True,None,renyi_normalize_squaring,5,9,1,passthrough,SA_VSA_OGM,1,2.0,16384
1009,0.5110382114282838,0.8956951570516832,42,cuda,True,None,renyi_normalize_squaring,5,11,1,passthrough,SA_VSA_OGM,1,2.0,16384
1010,0.3723528499951309,0.902974179285029,42,cuda,True,None,renyi_normalize_squaring,7,3,1,passthrough,SA_VSA_OGM,1,2.0,16384
1011,0.3914208668154197,0.8813039669628332,42,cuda,True,None,renyi_normalize_squaring,7,5,1,passthrough,SA_VSA_OGM,1,2.0,16384
1012,0.42430995661067034,0.8857673215700997,42,cuda,True,None,renyi_normalize_squaring,7,7,1,passthrough,SA_VSA_OGM,1,2.0,16384
1013,0.45466954570537454,0.8644725315980479,42,cuda,True,None,renyi_normalize_squaring,7,9,1,passthrough,SA_VSA_OGM,1,2.0,16384
1014,0.491008726325883,0.8698118716889834,42,cuda,True,None,renyi_normalize_squaring,7,11,1,passthrough,SA_VSA_OGM,1,2.0,16384
1015,0.3926094842450312,0.8921703583197764,42,cuda,True,None,renyi_normalize_squaring,9,3,1,passthrough,SA_VSA_OGM,1,2.0,16384
1016,0.4137223414906512,0.879364284820423,42,cuda,True,None,renyi_normalize_squaring,9,5,1,passthrough,SA_VSA_OGM,1,2.0,16384
1017,0.42831964897509034,0.8740666583239478,42,cuda,True,None,renyi_normalize_squaring,9,7,1,passthrough,SA_VSA_OGM,1,2.0,16384
1018,0.5444957286423812,0.8817002461102074,42,cuda,True,None,renyi_normalize_squaring,9,9,1,passthrough,SA_VSA_OGM,1,2.0,16384
1019,0.6337200589410841,0.8609894464606016,42,cuda,True,None,renyi_normalize_squaring,9,11,1,passthrough,SA_VSA_OGM,1,2.0,16384
1020,0.38560462460431066,0.8966754265215033,42,cuda,True,None,renyi_normalize_squaring,11,3,1,passthrough,SA_VSA_OGM,1,2.0,16384
1021,0.4961829777637125,0.866891920076753,42,cuda,True,None,renyi_normalize_squaring,11,5,1,passthrough,SA_VSA_OGM,1,2.0,16384
1022,0.435916509931257,0.8637634004922204,42,cuda,True,None,renyi_normalize_squaring,11,7,1,passthrough,SA_VSA_OGM,1,2.0,16384
1023,0.4676941971299003,0.8789262920785884,42,cuda,True,None,renyi_normalize_squaring,11,9,1,passthrough,SA_VSA_OGM,1,2.0,16384
1024,0.5141340380054064,0.8662662161598466,42,cuda,True,None,renyi_normalize_squaring,11,11,1,passthrough,SA_VSA_OGM,1,2.0,16384
1025,0.2957116102732325,0.946554457097568,42,cuda,True,None,renyi_normalize_cubic,3,3,1,passthrough,SA_VSA_OGM,1,2.0,16384
1026,0.30366366910669834,0.9494014099194928,42,cuda,True,None,renyi_normalize_cubic,3,5,1,passthrough,SA_VSA_OGM,1,2.0,16384
1027,0.3504435098154115,0.921703583197764,42,cuda,True,None,renyi_normalize_cubic,3,7,1,passthrough,SA_VSA_OGM,1,2.0,16384
1028,0.3623882028659903,0.941267258999708,42,cuda,True,None,renyi_normalize_cubic,3,9,1,passthrough,SA_VSA_OGM,1,2.0,16384
1029,0.34564886080133306,0.9256663746715056,42,cuda,True,None,renyi_normalize_cubic,3,11,1,passthrough,SA_VSA_OGM,1,2.0,16384
1030,0.3774183551085074,0.9052475701831229,42,cuda,True,None,renyi_normalize_cubic,5,3,1,passthrough,SA_VSA_OGM,1,2.0,16384
1031,0.3877512265596972,0.914215992992116,42,cuda,True,None,renyi_normalize_cubic,5,5,1,passthrough,SA_VSA_OGM,1,2.0,16384
1032,0.3521798236477754,0.9060401284778712,42,cuda,True,None,renyi_normalize_cubic,5,7,1,passthrough,SA_VSA_OGM,1,2.0,16384
1033,0.38262396701962487,0.902473616151504,42,cuda,True,None,renyi_normalize_cubic,5,9,1,passthrough,SA_VSA_OGM,1,2.0,16384
1034,0.3572948435211081,0.908063237809202,42,cuda,True,None,renyi_normalize_cubic,5,11,1,passthrough,SA_VSA_OGM,1,2.0,16384
1035,0.3874412801427003,0.8887289867767906,42,cuda,True,None,renyi_normalize_cubic,7,3,1,passthrough,SA_VSA_OGM,1,2.0,16384
1036,0.3987800773367157,0.8864347390814666,42,cuda,True,None,renyi_normalize_cubic,7,5,1,passthrough,SA_VSA_OGM,1,2.0,16384
1037,0.4658011949758024,0.8967171401159637,42,cuda,True,None,renyi_normalize_cubic,7,7,1,passthrough,SA_VSA_OGM,1,2.0,16384
1038,0.4257190679380431,0.8859967463396321,42,cuda,True,None,renyi_normalize_cubic,7,9,1,passthrough,SA_VSA_OGM,1,2.0,16384
1039,0.4352416022656192,0.8783631585533724,42,cuda,True,None,renyi_normalize_cubic,7,11,1,passthrough,SA_VSA_OGM,1,2.0,16384
1040,0.40313507728144776,0.8795311391982648,42,cuda,True,None,renyi_normalize_cubic,9,3,1,passthrough,SA_VSA_OGM,1,2.0,16384
1041,0.4120893103825632,0.88005255912902,42,cuda,True,None,renyi_normalize_cubic,9,5,1,passthrough,SA_VSA_OGM,1,2.0,16384
1042,0.46553435580604086,0.8670170608601344,42,cuda,True,None,renyi_normalize_cubic,9,7,1,passthrough,SA_VSA_OGM,1,2.0,16384
1043,0.5621210571132366,0.8747757894297752,42,cuda,True,None,renyi_normalize_cubic,9,9,1,passthrough,SA_VSA_OGM,1,2.0,16384
1044,0.4625367955212094,0.8713552746840196,42,cuda,True,None,renyi_normalize_cubic,9,11,1,passthrough,SA_VSA_OGM,1,2.0,16384
1045,0.4329388771147345,0.8847661953030492,42,cuda,True,None,renyi_normalize_cubic,11,3,1,passthrough,SA_VSA_OGM,1,2.0,16384
1046,0.5093743793516994,0.8866850206482293,42,cuda,True,None,renyi_normalize_cubic,11,5,1,passthrough,SA_VSA_OGM,1,2.0,16384
1047,0.43922040738070334,0.8709172819421849,42,cuda,True,None,renyi_normalize_cubic,11,7,1,passthrough,SA_VSA_OGM,1,2.0,16384
1048,0.43827098105180345,0.8728569640845951,42,cuda,True,None,renyi_normalize_cubic,11,9,1,passthrough,SA_VSA_OGM,1,2.0,16384
1049,0.49904634553447474,0.8690193133942351,42,cuda,True,None,renyi_normalize_cubic,11,11,1,passthrough,SA_VSA_OGM,1,2.0,16384
1050,0.4051408292649026,0.9210883076794728,42,cuda,True,None,renyi,3,3,1,passthrough,SA_VSA_OGM,1,1.5,16384
1051,0.4298119150522955,0.8896049722604598,42,cuda,True,None,renyi,3,5,1,passthrough,SA_VSA_OGM,1,1.5,16384
1052,0.4350577410244454,0.8779460226087682,42,cuda,True,None,renyi,3,7,1,passthrough,SA_VSA_OGM,1,1.5,16384
1053,0.4611738063320673,0.8757560588995955,42,cuda,True,None,renyi,3,9,1,passthrough,SA_VSA_OGM,1,1.5,16384
1054,0.4267948210969723,0.9025153297459642,42,cuda,True,None,renyi,3,11,1,passthrough,SA_VSA_OGM,1,1.5,16384
1055,0.4388199637002962,0.895111166729237,42,cuda,True,None,renyi,5,3,1,passthrough,SA_VSA_OGM,1,1.5,16384
1056,0.4075980208247441,0.9057898469111084,42,cuda,True,None,renyi,5,5,1,passthrough,SA_VSA_OGM,1,1.5,16384
1057,0.4177642369106062,0.9020356234096693,42,cuda,True,None,renyi,5,7,1,passthrough,SA_VSA_OGM,1,1.5,16384
1058,0.4122467782494803,0.8822842364326534,42,cuda,True,None,renyi,5,9,1,passthrough,SA_VSA_OGM,1,1.5,16384
1059,0.4150837774990204,0.8823050932298837,42,cuda,True,None,renyi,5,11,1,passthrough,SA_VSA_OGM,1,1.5,16384
1060,0.4319923785117009,0.8959662954156759,42,cuda,True,None,renyi,7,3,1,passthrough,SA_VSA_OGM,1,1.5,16384
1061,0.4420538082275012,0.8789888624702791,42,cuda,True,None,renyi,7,5,1,passthrough,SA_VSA_OGM,1,1.5,16384
1062,0.4074941972907632,0.8918157927668626,42,cuda,True,None,renyi,7,7,1,passthrough,SA_VSA_OGM,1,1.5,16384
1063,0.4385896141812574,0.8787594377007466,42,cuda,True,None,renyi,7,9,1,passthrough,SA_VSA_OGM,1,1.5,16384
1064,0.4304283190720439,0.8786342969173654,42,cuda,True,None,renyi,7,11,1,passthrough,SA_VSA_OGM,1,1.5,16384
1065,0.4192087045955315,0.9075209610812164,42,cuda,True,None,renyi,9,3,1,passthrough,SA_VSA_OGM,1,1.5,16384
1066,0.4316810963516915,0.8743586534851708,42,cuda,True,None,renyi,9,5,1,passthrough,SA_VSA_OGM,1,1.5,16384
1067,0.4544987581907383,0.8610937304467526,42,cuda,True,None,renyi,9,7,1,passthrough,SA_VSA_OGM,1,1.5,16384
1068,0.4236950256333237,0.8751720685771494,42,cuda,True,None,renyi,9,9,1,passthrough,SA_VSA_OGM,1,1.5,16384
1069,0.44107874582101786,0.8715012722646311,42,cuda,True,None,renyi,9,11,1,passthrough,SA_VSA_OGM,1,1.5,16384
1070,0.451114150632907,0.9017019146539856,42,cuda,True,None,renyi,11,3,1,passthrough,SA_VSA_OGM,1,1.5,16384
1071,0.4315739288211752,0.8852041880448838,42,cuda,True,None,renyi,11,5,1,passthrough,SA_VSA_OGM,1,1.5,16384
1072,0.43488160620438504,0.8763400492220415,42,cuda,True,None,renyi,11,7,1,passthrough,SA_VSA_OGM,1,1.5,16384
1073,0.43527395822668696,0.8687273182330122,42,cuda,True,None,renyi,11,9,1,passthrough,SA_VSA_OGM,1,1.5,16384
1074,0.4538104821327134,0.8607183080966087,42,cuda,True,None,renyi,11,11,1,passthrough,SA_VSA_OGM,1,1.5,16384
1075,0.6228281846334277,0.702582071497101,42,cuda,True,None,renyi_squaring,3,3,1,passthrough,SA_VSA_OGM,1,1.5,16384
1076,0.7042334698759012,0.7359425186668335,42,cuda,True,None,renyi_squaring,3,5,1,passthrough,SA_VSA_OGM,1,1.5,16384
1077,0.7362742800468081,0.7385600467192258,42,cuda,True,None,renyi_squaring,3,7,1,passthrough,SA_VSA_OGM,1,1.5,16384
1078,0.8627157544842204,0.795394819171568,42,cuda,True,None,renyi_squaring,3,9,1,passthrough,SA_VSA_OGM,1,1.5,16384
1079,0.7794456508001508,0.7574354482125724,42,cuda,True,None,renyi_squaring,3,11,1,passthrough,SA_VSA_OGM,1,1.5,16384
1080,0.6158747235831158,0.7023213615317232,42,cuda,True,None,renyi_squaring,5,3,1,passthrough,SA_VSA_OGM,1,1.5,16384
1081,0.6554567647277052,0.720247778751095,42,cuda,True,None,renyi_squaring,5,5,1,passthrough,SA_VSA_OGM,1,1.5,16384
1082,0.6608807672286703,0.7499165728110792,42,cuda,True,None,renyi_squaring,5,7,1,passthrough,SA_VSA_OGM,1,1.5,16384
1083,0.716896447143319,0.7623159387644433,42,cuda,True,None,renyi_squaring,5,9,1,passthrough,SA_VSA_OGM,1,1.5,16384
1084,0.8120255739167864,0.7683539815625913,42,cuda,True,None,renyi_squaring,5,11,1,passthrough,SA_VSA_OGM,1,1.5,16384
1085,0.613963695808028,0.7060338714387018,42,cuda,True,None,renyi_squaring,7,3,1,passthrough,SA_VSA_OGM,1,1.5,16384
1086,0.6528160317320016,0.7351499603720852,42,cuda,True,None,renyi_squaring,7,5,1,passthrough,SA_VSA_OGM,1,1.5,16384
1087,0.6748067381944998,0.7306657489675885,42,cuda,True,None,renyi_squaring,7,7,1,passthrough,SA_VSA_OGM,1,1.5,16384
1088,0.7293623744969426,0.7733491844992284,42,cuda,True,None,renyi_squaring,7,9,1,passthrough,SA_VSA_OGM,1,1.5,16384
1089,0.7583541712785096,0.782828598840362,42,cuda,True,None,renyi_squaring,7,11,1,passthrough,SA_VSA_OGM,1,1.5,16384
1090,0.6068274611094778,0.7261815375630918,42,cuda,True,None,renyi_squaring,9,3,1,passthrough,SA_VSA_OGM,1,1.5,16384
1091,0.614234178050712,0.7359320902682184,42,cuda,True,None,renyi_squaring,9,5,1,passthrough,SA_VSA_OGM,1,1.5,16384
1092,0.6006346578343262,0.7756642889917824,42,cuda,True,None,renyi_squaring,9,7,1,passthrough,SA_VSA_OGM,1,1.5,16384
1093,0.7183551318425346,0.7641721937179328,42,cuda,True,None,renyi_squaring,9,9,1,passthrough,SA_VSA_OGM,1,1.5,16384
1094,0.6801312849207405,0.7684895507445876,42,cuda,True,None,renyi_squaring,9,11,1,passthrough,SA_VSA_OGM,1,1.5,16384
1095,0.6072654112958278,0.7202269219538647,42,cuda,True,None,renyi_squaring,11,3,1,passthrough,SA_VSA_OGM,1,1.5,16384
1096,0.6080502055125229,0.7397905977558086,42,cuda,True,None,renyi_squaring,11,5,1,passthrough,SA_VSA_OGM,1,1.5,16384
1097,0.6167457024302931,0.7639531973470154,42,cuda,True,None,renyi_squaring,11,7,1,passthrough,SA_VSA_OGM,1,1.5,16384
1098,0.6675372597855281,0.8014850039627914,42,cuda,True,None,renyi_squaring,11,9,1,passthrough,SA_VSA_OGM,1,1.5,16384
1099,0.6468633421642693,0.7749343010887247,42,cuda,True,None,renyi_squaring,11,11,1,passthrough,SA_VSA_OGM,1,1.5,16384
1100,21.22120716392965,0.5,42,cuda,True,None,renyi_cubic,3,3,1,passthrough,SA_VSA_OGM,1,1.5,16384
1101,21.22120716392965,0.5,42,cuda,True,None,renyi_cubic,3,5,1,passthrough,SA_VSA_OGM,1,1.5,16384
1102,21.22120716392965,0.5,42,cuda,True,None,renyi_cubic,3,7,1,passthrough,SA_VSA_OGM,1,1.5,16384
1103,21.22120716392965,0.5,42,cuda,True,None,renyi_cubic,3,9,1,passthrough,SA_VSA_OGM,1,1.5,16384
1104,21.221207163929652,0.5,42,cuda,True,None,renyi_cubic,3,11,1,passthrough,SA_VSA_OGM,1,1.5,16384
1105,21.22120716392965,0.5,42,cuda,True,None,renyi_cubic,5,3,1,passthrough,SA_VSA_OGM,1,1.5,16384
1106,21.22120716392965,0.5,42,cuda,True,None,renyi_cubic,5,5,1,passthrough,SA_VSA_OGM,1,1.5,16384
1107,21.221207163929652,0.5,42,cuda,True,None,renyi_cubic,5,7,1,passthrough,SA_VSA_OGM,1,1.5,16384
1108,21.221207163929652,0.5,42,cuda,True,None,renyi_cubic,5,9,1,passthrough,SA_VSA_OGM,1,1.5,16384
1109,21.22120716392965,0.5,42,cuda,True,None,renyi_cubic,5,11,1,passthrough,SA_VSA_OGM,1,1.5,16384
1110,21.22120716392965,0.5,42,cuda,True,None,renyi_cubic,7,3,1,passthrough,SA_VSA_OGM,1,1.5,16384
1111,21.221207163929652,0.5,42,cuda,True,None,renyi_cubic,7,5,1,passthrough,SA_VSA_OGM,1,1.5,16384
1112,21.22120716392965,0.5,42,cuda,True,None,renyi_cubic,7,7,1,passthrough,SA_VSA_OGM,1,1.5,16384
1113,21.22120716392965,0.5,42,cuda,True,None,renyi_cubic,7,9,1,passthrough,SA_VSA_OGM,1,1.5,16384
1114,21.221207163929652,0.5,42,cuda,True,None,renyi_cubic,7,11,1,passthrough,SA_VSA_OGM,1,1.5,16384
1115,21.221207163929652,0.5,42,cuda,True,None,renyi_cubic,9,3,1,passthrough,SA_VSA_OGM,1,1.5,16384
1116,21.22120716392965,0.5,42,cuda,True,None,renyi_cubic,9,5,1,passthrough,SA_VSA_OGM,1,1.5,16384
1117,21.22120716392965,0.5,42,cuda,True,None,renyi_cubic,9,7,1,passthrough,SA_VSA_OGM,1,1.5,16384
1118,21.221207163929652,0.5,42,cuda,True,None,renyi_cubic,9,9,1,passthrough,SA_VSA_OGM,1,1.5,16384
1119,21.221207163929652,0.5,42,cuda,True,None,renyi_cubic,9,11,1,passthrough,SA_VSA_OGM,1,1.5,16384
1120,21.22120716392965,0.5,42,cuda,True,None,renyi_cubic,11,3,1,passthrough,SA_VSA_OGM,1,1.5,16384
1121,21.22120716392965,0.5,42,cuda,True,None,renyi_cubic,11,5,1,passthrough,SA_VSA_OGM,1,1.5,16384
1122,21.22120716392965,0.5,42,cuda,True,None,renyi_cubic,11,7,1,passthrough,SA_VSA_OGM,1,1.5,16384
1123,21.22120716392965,0.5,42,cuda,True,None,renyi_cubic,11,9,1,passthrough,SA_VSA_OGM,1,1.5,16384
1124,21.22120716392965,0.5,42,cuda,True,None,renyi_cubic,11,11,1,passthrough,SA_VSA_OGM,1,1.5,16384
1125,0.5595976094014888,0.8136236599507779,42,cuda,True,None,renyi_normalize,3,3,1,passthrough,SA_VSA_OGM,1,1.5,16384
1126,0.5395331064137205,0.8538147082134067,42,cuda,True,None,renyi_normalize,3,5,1,passthrough,SA_VSA_OGM,1,1.5,16384
1127,0.6272580466892969,0.8335627581028657,42,cuda,True,None,renyi_normalize,3,7,1,passthrough,SA_VSA_OGM,1,1.5,16384
1128,0.607759539515162,0.7859049764318192,42,cuda,True,None,renyi_normalize,3,9,1,passthrough,SA_VSA_OGM,1,1.5,16384
1129,0.6712604534182766,0.7859466900262796,42,cuda,True,None,renyi_normalize,3,11,1,passthrough,SA_VSA_OGM,1,1.5,16384
1130,0.5483681050084459,0.8184832937054187,42,cuda,True,None,renyi_normalize,5,3,1,passthrough,SA_VSA_OGM,1,1.5,16384
1131,0.4680177718820175,0.8805531222625453,42,cuda,True,None,renyi_normalize,5,5,1,passthrough,SA_VSA_OGM,1,1.5,16384
1132,0.5081863949337566,0.8415926250364995,42,cuda,True,None,renyi_normalize,5,7,1,passthrough,SA_VSA_OGM,1,1.5,16384
1133,0.5527821575284442,0.8018395695157052,42,cuda,True,None,renyi_normalize,5,9,1,passthrough,SA_VSA_OGM,1,1.5,16384
1134,0.575500943117148,0.8130605264255621,42,cuda,True,None,renyi_normalize,5,11,1,passthrough,SA_VSA_OGM,1,1.5,16384
1135,0.4874641993953971,0.8787594377007467,42,cuda,True,None,renyi_normalize,7,3,1,passthrough,SA_VSA_OGM,1,1.5,16384
1136,0.4852153054158311,0.880219413506862,42,cuda,True,None,renyi_normalize,7,5,1,passthrough,SA_VSA_OGM,1,1.5,16384
1137,0.44936020776248714,0.8769866099361782,42,cuda,True,None,renyi_normalize,7,7,1,passthrough,SA_VSA_OGM,1,1.5,16384
1138,0.5076000285366438,0.8454511325240897,42,cuda,True,None,renyi_normalize,7,9,1,passthrough,SA_VSA_OGM,1,1.5,16384
1139,0.5002579313317279,0.8313936511909231,42,cuda,True,None,renyi_normalize,7,11,1,passthrough,SA_VSA_OGM,1,1.5,16384
1140,0.4848364199716177,0.8655987986484794,42,cuda,True,None,renyi_normalize,9,3,1,passthrough,SA_VSA_OGM,1,1.5,16384
1141,0.4361016424866735,0.8954657322821509,42,cuda,True,None,renyi_normalize,9,5,1,passthrough,SA_VSA_OGM,1,1.5,16384
1142,0.4805541953008024,0.8745463646602428,42,cuda,True,None,renyi_normalize,9,7,1,passthrough,SA_VSA_OGM,1,1.5,16384
1143,0.4658928814390273,0.8511450381679388,42,cuda,True,None,renyi_normalize,9,9,1,passthrough,SA_VSA_OGM,1,1.5,16384
1144,0.482301146876687,0.8568180870145581,42,cuda,True,None,renyi_normalize,9,11,1,passthrough,SA_VSA_OGM,1,1.5,16384
1145,0.4734002281603017,0.8975514120051725,42,cuda,True,None,renyi_normalize,11,3,1,passthrough,SA_VSA_OGM,1,1.5,16384
1146,0.4315986221748416,0.9202853209861094,42,cuda,True,None,renyi_normalize,11,5,1,passthrough,SA_VSA_OGM,1,1.5,16384
1147,0.43941356497929784,0.8852459016393442,42,cuda,True,None,renyi_normalize,11,7,1,passthrough,SA_VSA_OGM,1,1.5,16384
1148,0.4232990250239201,0.8784882993367538,42,cuda,True,None,renyi_normalize,11,9,1,passthrough,SA_VSA_OGM,1,1.5,16384
1149,0.4695508706809883,0.8581529220372919,42,cuda,True,None,renyi_normalize,11,11,1,passthrough,SA_VSA_OGM,1,1.5,16384
1150,0.3599441024142741,0.92226671672298,42,cuda,True,None,renyi_normalize_squaring,3,3,1,passthrough,SA_VSA_OGM,1,1.5,16384
1151,0.3826774378835884,0.9254786634964334,42,cuda,True,None,renyi_normalize_squaring,3,5,1,passthrough,SA_VSA_OGM,1,1.5,16384
1152,0.3232936506238994,0.9450631960956076,42,cuda,True,None,renyi_normalize_squaring,3,7,1,passthrough,SA_VSA_OGM,1,1.5,16384
1153,0.4328961142478822,0.896154006590748,42,cuda,True,None,renyi_normalize_squaring,3,9,1,passthrough,SA_VSA_OGM,1,1.5,16384
1154,0.563744247282126,0.9238935469069368,42,cuda,True,None,renyi_normalize_squaring,3,11,1,passthrough,SA_VSA_OGM,1,1.5,16384
1155,0.3594977126421376,0.933571100821758,42,cuda,True,None,renyi_normalize_squaring,5,3,1,passthrough,SA_VSA_OGM,1,1.5,16384
1156,0.37111089953896587,0.908647228131648,42,cuda,True,None,renyi_normalize_squaring,5,5,1,passthrough,SA_VSA_OGM,1,1.5,16384
1157,0.4521714564090423,0.9068952571643096,42,cuda,True,None,renyi_normalize_squaring,5,7,1,passthrough,SA_VSA_OGM,1,1.5,16384
1158,0.3984098560166635,0.8960497226045968,42,cuda,True,None,renyi_normalize_squaring,5,9,1,passthrough,SA_VSA_OGM,1,1.5,16384
1159,0.4067101421641932,0.8824928044049556,42,cuda,True,None,renyi_normalize_squaring,5,11,1,passthrough,SA_VSA_OGM,1,1.5,16384
1160,0.40818729953687033,0.8996370917281943,42,cuda,True,None,renyi_normalize_squaring,7,3,1,passthrough,SA_VSA_OGM,1,1.5,16384
1161,0.4196180309915716,0.8952780211070789,42,cuda,True,None,renyi_normalize_squaring,7,5,1,passthrough,SA_VSA_OGM,1,1.5,16384
1162,0.5294755319941099,0.8852250448421142,42,cuda,True,None,renyi_normalize_squaring,7,7,1,passthrough,SA_VSA_OGM,1,1.5,16384
1163,0.4136497993089388,0.8763191924248112,42,cuda,True,None,renyi_normalize_squaring,7,9,1,passthrough,SA_VSA_OGM,1,1.5,16384
1164,0.41328596182094074,0.8832645059024736,42,cuda,True,None,renyi_normalize_squaring,7,11,1,passthrough,SA_VSA_OGM,1,1.5,16384
1165,0.3939911479697092,0.8906686689192007,42,cuda,True,None,renyi_normalize_squaring,9,3,1,passthrough,SA_VSA_OGM,1,1.5,16384
1166,0.4355037024802919,0.8715221290618612,42,cuda,True,None,renyi_normalize_squaring,9,5,1,passthrough,SA_VSA_OGM,1,1.5,16384
1167,0.4572197481763192,0.8849539064781212,42,cuda,True,None,renyi_normalize_squaring,9,7,1,passthrough,SA_VSA_OGM,1,1.5,16384
1168,0.4499289514601056,0.8663913569432279,42,cuda,True,None,renyi_normalize_squaring,9,9,1,passthrough,SA_VSA_OGM,1,1.5,16384
1169,0.4925215462124464,0.8729612480707464,42,cuda,True,None,renyi_normalize_squaring,9,11,1,passthrough,SA_VSA_OGM,1,1.5,16384
1170,0.3904490386413668,0.8923789262920785,42,cuda,True,None,renyi_normalize_squaring,11,3,1,passthrough,SA_VSA_OGM,1,1.5,16384
1171,0.4398035052757128,0.885517040003337,42,cuda,True,None,renyi_normalize_squaring,11,5,1,passthrough,SA_VSA_OGM,1,1.5,16384
1172,0.4569074957977104,0.8765694739915739,42,cuda,True,None,renyi_normalize_squaring,11,7,1,passthrough,SA_VSA_OGM,1,1.5,16384
1173,0.5038758840492986,0.8694155925416093,42,cuda,True,None,renyi_normalize_squaring,11,9,1,passthrough,SA_VSA_OGM,1,1.5,16384
1174,0.47884293556790686,0.8717932674258541,42,cuda,True,None,renyi_normalize_squaring,11,11,1,passthrough,SA_VSA_OGM,1,1.5,16384
1175,0.3365301474263624,0.9337588119968298,42,cuda,True,None,renyi_normalize_cubic,3,3,1,passthrough,SA_VSA_OGM,1,1.5,16384
1176,0.331182764153552,0.9341968047386644,42,cuda,True,None,renyi_normalize_cubic,3,5,1,passthrough,SA_VSA_OGM,1,1.5,16384
1177,0.3245930001794363,0.9378884578484128,42,cuda,True,None,renyi_normalize_cubic,3,7,1,passthrough,SA_VSA_OGM,1,1.5,16384
1178,0.3476052827503204,0.9244358236349226,42,cuda,True,None,renyi_normalize_cubic,3,9,1,passthrough,SA_VSA_OGM,1,1.5,16384
1179,0.3586811809342934,0.9340299503608226,42,cuda,True,None,renyi_normalize_cubic,3,11,1,passthrough,SA_VSA_OGM,1,1.5,16384
1180,0.35829280308334893,0.9081258082008928,42,cuda,True,None,renyi_normalize_cubic,5,3,1,passthrough,SA_VSA_OGM,1,1.5,16384
1181,0.3775857905997787,0.9108997622325116,42,cuda,True,None,renyi_normalize_cubic,5,5,1,passthrough,SA_VSA_OGM,1,1.5,16384
1182,0.389370841836378,0.9106911942602092,42,cuda,True,None,renyi_normalize_cubic,5,7,1,passthrough,SA_VSA_OGM,1,1.5,16384
1183,0.37380760143923875,0.9128811579693824,42,cuda,True,None,renyi_normalize_cubic,5,9,1,passthrough,SA_VSA_OGM,1,1.5,16384
1184,0.388421688713342,0.9081049514036624,42,cuda,True,None,renyi_normalize_cubic,5,11,1,passthrough,SA_VSA_OGM,1,1.5,16384
1185,0.4059987459085267,0.9077295290535186,42,cuda,True,None,renyi_normalize_cubic,7,3,1,passthrough,SA_VSA_OGM,1,1.5,16384
1186,0.37564306155188154,0.9012847787093814,42,cuda,True,None,renyi_normalize_cubic,7,5,1,passthrough,SA_VSA_OGM,1,1.5,16384
1187,0.3684041114142596,0.9082718057815042,42,cuda,True,None,renyi_normalize_cubic,7,7,1,passthrough,SA_VSA_OGM,1,1.5,16384
1188,0.5015525619218233,0.8819296708797396,42,cuda,True,None,renyi_normalize_cubic,7,9,1,passthrough,SA_VSA_OGM,1,1.5,16384
1189,0.4628665343138562,0.8820756684603512,42,cuda,True,None,renyi_normalize_cubic,7,11,1,passthrough,SA_VSA_OGM,1,1.5,16384
1190,0.4022087679763385,0.8963000041713595,42,cuda,True,None,renyi_normalize_cubic,9,3,1,passthrough,SA_VSA_OGM,1,1.5,16384
1191,0.45938750341143136,0.8725441121261419,42,cuda,True,None,renyi_normalize_cubic,9,5,1,passthrough,SA_VSA_OGM,1,1.5,16384
1192,0.4334360593865554,0.871876694614775,42,cuda,True,None,renyi_normalize_cubic,9,7,1,passthrough,SA_VSA_OGM,1,1.5,16384
1193,0.4936749311170058,0.8599257498018604,42,cuda,True,None,renyi_normalize_cubic,9,9,1,passthrough,SA_VSA_OGM,1,1.5,16384
1194,0.5220699368221708,0.8691444541776165,42,cuda,True,None,renyi_normalize_cubic,9,11,1,passthrough,SA_VSA_OGM,1,1.5,16384
1195,0.40401125043186464,0.8846201977224377,42,cuda,True,None,renyi_normalize_cubic,11,3,1,passthrough,SA_VSA_OGM,1,1.5,16384
1196,0.41489701540362295,0.8840987777916822,42,cuda,True,None,renyi_normalize_cubic,11,5,1,passthrough,SA_VSA_OGM,1,1.5,16384
1197,0.425153407459936,0.8767363283694156,42,cuda,True,None,renyi_normalize_cubic,11,7,1,passthrough,SA_VSA_OGM,1,1.5,16384
1198,0.4283769817066694,0.8756309181162141,42,cuda,True,None,renyi_normalize_cubic,11,9,1,passthrough,SA_VSA_OGM,1,1.5,16384
1199,0.519704767117773,0.8712092771034079,42,cuda,True,None,renyi_normalize_cubic,11,11,1,passthrough,SA_VSA_OGM,1,1.5,16384
1200,0.7598599098429208,0.49541150460935224,42,cuda,True,None,renyi,3,3,1,passthrough,SA_VSA_OGM,1,0.1,16384
1201,0.7572165085284376,0.493951528803237,42,cuda,True,None,renyi,3,5,1,passthrough,SA_VSA_OGM,1,0.1,16384
1202,0.7134470193761752,0.5145371876694615,42,cuda,True,None,renyi,3,7,1,passthrough,SA_VSA_OGM,1,0.1,16384
1203,0.7391773594651675,0.47324072915363113,42,cuda,True,None,renyi,3,9,1,passthrough,SA_VSA_OGM,1,0.1,16384
1204,0.7561141932101624,0.5042965002294247,42,cuda,True,None,renyi,3,11,1,passthrough,SA_VSA_OGM,1,0.1,16384
1205,0.7735735874386223,0.4942226671672298,42,cuda,True,None,renyi,5,3,1,passthrough,SA_VSA_OGM,1,0.1,16384
1206,0.8294144197886432,0.4605806532348893,42,cuda,True,None,renyi,5,5,1,passthrough,SA_VSA_OGM,1,0.1,16384
1207,0.746900908334372,0.4816877320318691,42,cuda,True,None,renyi,5,7,1,passthrough,SA_VSA_OGM,1,0.1,16384
1208,0.7326138599107225,0.5083427188920869,42,cuda,True,None,renyi,5,9,1,passthrough,SA_VSA_OGM,1,0.1,16384
1209,0.8218048368702675,0.4657739957452134,42,cuda,True,None,renyi,5,11,1,passthrough,SA_VSA_OGM,1,0.1,16384
1210,0.7678950294438374,0.5022733908980938,42,cuda,True,None,renyi,7,3,1,passthrough,SA_VSA_OGM,1,0.1,16384
1211,0.7675901340744978,0.48327284862136577,42,cuda,True,None,renyi,7,5,1,passthrough,SA_VSA_OGM,1,0.1,16384
1212,0.7341013415436978,0.5162683018395695,42,cuda,True,None,renyi,7,7,1,passthrough,SA_VSA_OGM,1,0.1,16384
1213,0.7732263867881605,0.48412797730780466,42,cuda,True,None,renyi,7,9,1,passthrough,SA_VSA_OGM,1,0.1,16384
1214,0.7605909285180348,0.49881116255787766,42,cuda,True,None,renyi,7,11,1,passthrough,SA_VSA_OGM,1,0.1,16384
1215,0.7463907664298834,0.554311099987486,42,cuda,True,None,renyi,9,3,1,passthrough,SA_VSA_OGM,1,0.1,16384
1216,0.74712561473078,0.526675843657448,42,cuda,True,None,renyi,9,5,1,passthrough,SA_VSA_OGM,1,0.1,16384
1217,0.7836782514461699,0.49755975472406455,42,cuda,True,None,renyi,9,7,1,passthrough,SA_VSA_OGM,1,0.1,16384
1218,0.7316652613284687,0.5333083051766571,42,cuda,True,None,renyi,9,9,1,passthrough,SA_VSA_OGM,1,0.1,16384
1219,0.7322787117152,0.5053393400909356,42,cuda,True,None,renyi,9,11,1,passthrough,SA_VSA_OGM,1,0.1,16384
1220,0.6981492501120232,0.5858674341968046,42,cuda,True,None,renyi,11,3,1,passthrough,SA_VSA_OGM,1,0.1,16384
1221,0.7443935432028828,0.5200225253410087,42,cuda,True,None,renyi,11,5,1,passthrough,SA_VSA_OGM,1,0.1,16384
1222,0.7659186035602011,0.5142243357110081,42,cuda,True,None,renyi,11,7,1,passthrough,SA_VSA_OGM,1,0.1,16384
1223,0.7394968800669175,0.5689108580486381,42,cuda,True,None,renyi,11,9,1,passthrough,SA_VSA_OGM,1,0.1,16384
1224,0.6966569046996965,0.5706628290159763,42,cuda,True,None,renyi,11,11,1,passthrough,SA_VSA_OGM,1,0.1,16384
1225,21.22120716392965,0.5,42,cuda,True,None,renyi_squaring,3,3,1,passthrough,SA_VSA_OGM,1,0.1,16384
1226,21.22120716392965,0.5,42,cuda,True,None,renyi_squaring,3,5,1,passthrough,SA_VSA_OGM,1,0.1,16384
1227,21.22120716392965,0.5,42,cuda,True,None,renyi_squaring,3,7,1,passthrough,SA_VSA_OGM,1,0.1,16384
1228,21.22120716392965,0.5,42,cuda,True,None,renyi_squaring,3,9,1,passthrough,SA_VSA_OGM,1,0.1,16384
1229,21.221207163929652,0.5,42,cuda,True,None,renyi_squaring,3,11,1,passthrough,SA_VSA_OGM,1,0.1,16384
1230,21.22120716392965,0.5,42,cuda,True,None,renyi_squaring,5,3,1,passthrough,SA_VSA_OGM,1,0.1,16384
1231,21.22120716392965,0.5,42,cuda,True,None,renyi_squaring,5,5,1,passthrough,SA_VSA_OGM,1,0.1,16384
1232,21.22120716392965,0.5,42,cuda,True,None,renyi_squaring,5,7,1,passthrough,SA_VSA_OGM,1,0.1,16384
1233,21.22120716392965,0.5,42,cuda,True,None,renyi_squaring,5,9,1,passthrough,SA_VSA_OGM,1,0.1,16384
1234,21.22120716392965,0.5,42,cuda,True,None,renyi_squaring,5,11,1,passthrough,SA_VSA_OGM,1,0.1,16384
1235,21.22120716392965,0.5,42,cuda,True,None,renyi_squaring,7,3,1,passthrough,SA_VSA_OGM,1,0.1,16384
1236,21.22120716392965,0.5,42,cuda,True,None,renyi_squaring,7,5,1,passthrough,SA_VSA_OGM,1,0.1,16384
1237,21.22120716392965,0.5,42,cuda,True,None,renyi_squaring,7,7,1,passthrough,SA_VSA_OGM,1,0.1,16384
1238,21.22120716392965,0.5,42,cuda,True,None,renyi_squaring,7,9,1,passthrough,SA_VSA_OGM,1,0.1,16384
1239,21.22120716392965,0.5,42,cuda,True,None,renyi_squaring,7,11,1,passthrough,SA_VSA_OGM,1,0.1,16384
1240,21.22120716392965,0.5,42,cuda,True,None,renyi_squaring,9,3,1,passthrough,SA_VSA_OGM,1,0.1,16384
1241,21.22120716392965,0.5,42,cuda,True,None,renyi_squaring,9,5,1,passthrough,SA_VSA_OGM,1,0.1,16384
1242,21.22120716392965,0.5,42,cuda,True,None,renyi_squaring,9,7,1,passthrough,SA_VSA_OGM,1,0.1,16384
1243,21.22120716392965,0.5,42,cuda,True,None,renyi_squaring,9,9,1,passthrough,SA_VSA_OGM,1,0.1,16384
1244,21.221207163929652,0.5,42,cuda,True,None,renyi_squaring,9,11,1,passthrough,SA_VSA_OGM,1,0.1,16384
1245,21.22120716392965,0.5,42,cuda,True,None,renyi_squaring,11,3,1,passthrough,SA_VSA_OGM,1,0.1,16384
1246,21.22120716392965,0.5,42,cuda,True,None,renyi_squaring,11,5,1,passthrough,SA_VSA_OGM,1,0.1,16384
1247,21.22120716392965,0.5,42,cuda,True,None,renyi_squaring,11,7,1,passthrough,SA_VSA_OGM,1,0.1,16384
1248,21.22120716392965,0.5,42,cuda,True,None,renyi_squaring,11,9,1,passthrough,SA_VSA_OGM,1,0.1,16384
1249,21.22120716392965,0.5,42,cuda,True,None,renyi_squaring,11,11,1,passthrough,SA_VSA_OGM,1,0.1,16384
1250,21.22120716392965,0.5,42,cuda,True,None,renyi_cubic,3,3,1,passthrough,SA_VSA_OGM,1,0.1,16384
1251,21.22120716392965,0.5,42,cuda,True,None,renyi_cubic,3,5,1,passthrough,SA_VSA_OGM,1,0.1,16384
1252,21.22120716392965,0.5,42,cuda,True,None,renyi_cubic,3,7,1,passthrough,SA_VSA_OGM,1,0.1,16384
1253,21.22120716392965,0.5,42,cuda,True,None,renyi_cubic,3,9,1,passthrough,SA_VSA_OGM,1,0.1,16384
1254,21.22120716392965,0.5,42,cuda,True,None,renyi_cubic,3,11,1,passthrough,SA_VSA_OGM,1,0.1,16384
1255,21.22120716392965,0.5,42,cuda,True,None,renyi_cubic,5,3,1,passthrough,SA_VSA_OGM,1,0.1,16384
1256,21.22120716392965,0.5,42,cuda,True,None,renyi_cubic,5,5,1,passthrough,SA_VSA_OGM,1,0.1,16384
1257,21.22120716392965,0.5,42,cuda,True,None,renyi_cubic,5,7,1,passthrough,SA_VSA_OGM,1,0.1,16384
1258,21.22120716392965,0.5,42,cuda,True,None,renyi_cubic,5,9,1,passthrough,SA_VSA_OGM,1,0.1,16384
1259,21.221207163929652,0.5,42,cuda,True,None,renyi_cubic,5,11,1,passthrough,SA_VSA_OGM,1,0.1,16384
1260,21.22120716392965,0.5,42,cuda,True,None,renyi_cubic,7,3,1,passthrough,SA_VSA_OGM,1,0.1,16384
1261,21.22120716392965,0.5,42,cuda,True,None,renyi_cubic,7,5,1,passthrough,SA_VSA_OGM,1,0.1,16384
1262,21.22120716392965,0.5,42,cuda,True,None,renyi_cubic,7,7,1,passthrough,SA_VSA_OGM,1,0.1,16384
1263,21.22120716392965,0.5,42,cuda,True,None,renyi_cubic,7,9,1,passthrough,SA_VSA_OGM,1,0.1,16384
1264,21.22120716392965,0.5,42,cuda,True,None,renyi_cubic,7,11,1,passthrough,SA_VSA_OGM,1,0.1,16384
1265,21.22120716392965,0.5,42,cuda,True,None,renyi_cubic,9,3,1,passthrough,SA_VSA_OGM,1,0.1,16384
1266,21.22120716392965,0.5,42,cuda,True,None,renyi_cubic,9,5,1,passthrough,SA_VSA_OGM,1,0.1,16384
1267,21.22120716392965,0.5,42,cuda,True,None,renyi_cubic,9,7,1,passthrough,SA_VSA_OGM,1,0.1,16384
1268,21.22120716392965,0.5,42,cuda,True,None,renyi_cubic,9,9,1,passthrough,SA_VSA_OGM,1,0.1,16384
1269,21.22120716392965,0.5,42,cuda,True,None,renyi_cubic,9,11,1,passthrough,SA_VSA_OGM,1,0.1,16384
1270,21.22120716392965,0.5,42,cuda,True,None,renyi_cubic,11,3,1,passthrough,SA_VSA_OGM,1,0.1,16384
1271,21.22120716392965,0.5,42,cuda,True,None,renyi_cubic,11,5,1,passthrough,SA_VSA_OGM,1,0.1,16384
1272,21.22120716392965,0.5,42,cuda,True,None,renyi_cubic,11,7,1,passthrough,SA_VSA_OGM,1,0.1,16384
1273,21.221207163929645,0.5,42,cuda,True,None,renyi_cubic,11,9,1,passthrough,SA_VSA_OGM,1,0.1,16384
1274,21.22120716392965,0.5,42,cuda,True,None,renyi_cubic,11,11,1,passthrough,SA_VSA_OGM,1,0.1,16384
1275,0.7152979530143472,0.5114712384766196,42,cuda,True,None,renyi_normalize,3,3,1,passthrough,SA_VSA_OGM,1,0.1,16384
1276,0.7271233680580457,0.5784736995786928,42,cuda,True,None,renyi_normalize,3,5,1,passthrough,SA_VSA_OGM,1,0.1,16384
1277,0.8280409897053435,0.5273432611688149,42,cuda,True,None,renyi_normalize,3,7,1,passthrough,SA_VSA_OGM,1,0.1,16384
1278,0.8635850241433575,0.43058857881783674,42,cuda,True,None,renyi_normalize,3,9,1,passthrough,SA_VSA_OGM,1,0.1,16384
1279,0.8621738572385723,0.4229132774371168,42,cuda,True,None,renyi_normalize,3,11,1,passthrough,SA_VSA_OGM,1,0.1,16384
1280,0.7386949771352239,0.4377424602678013,42,cuda,True,None,renyi_normalize,5,3,1,passthrough,SA_VSA_OGM,1,0.1,16384
1281,0.7361165625416466,0.5311079130688692,42,cuda,True,None,renyi_normalize,5,5,1,passthrough,SA_VSA_OGM,1,0.1,16384
1282,0.7994488332136316,0.39400575647603553,42,cuda,True,None,renyi_normalize,5,7,1,passthrough,SA_VSA_OGM,1,0.1,16384
1283,0.8554833796059033,0.3516456013014641,42,cuda,True,None,renyi_normalize,5,9,1,passthrough,SA_VSA_OGM,1,0.1,16384
1284,0.8743582115120913,0.3104742835690152,42,cuda,True,None,renyi_normalize,5,11,1,passthrough,SA_VSA_OGM,1,0.1,16384
1285,0.7625709627862024,0.4096379260000834,42,cuda,True,None,renyi_normalize,7,3,1,passthrough,SA_VSA_OGM,1,0.1,16384
1286,0.7146673505829183,0.5338088683101823,42,cuda,True,None,renyi_normalize,7,5,1,passthrough,SA_VSA_OGM,1,0.1,16384
1287,0.7740112920219808,0.4887373294956826,42,cuda,True,None,renyi_normalize,7,7,1,passthrough,SA_VSA_OGM,1,0.1,16384
1288,0.8073345567728314,0.425812372252117,42,cuda,True,None,renyi_normalize,7,9,1,passthrough,SA_VSA_OGM,1,0.1,16384
1289,0.8856207645754459,0.19590789638343137,42,cuda,True,None,renyi_normalize,7,11,1,passthrough,SA_VSA_OGM,1,0.1,16384
1290,0.7032344079447092,0.47732866141075375,42,cuda,True,None,renyi_normalize,9,3,1,passthrough,SA_VSA_OGM,1,0.1,16384
1291,0.6391613089308457,0.6483335419013057,42,cuda,True,None,renyi_normalize,9,5,1,passthrough,SA_VSA_OGM,1,0.1,16384
1292,0.6967615929062688,0.5856380094272724,42,cuda,True,None,renyi_normalize,9,7,1,passthrough,SA_VSA_OGM,1,0.1,16384
1293,0.7558183693731775,0.38741500855128685,42,cuda,True,None,renyi_normalize,9,9,1,passthrough,SA_VSA_OGM,1,0.1,16384
1294,0.8066608315871466,0.3779251658115379,42,cuda,True,None,renyi_normalize,9,11,1,passthrough,SA_VSA_OGM,1,0.1,16384
1295,0.6659655862262801,0.5975889542401869,42,cuda,True,None,renyi_normalize,11,3,1,passthrough,SA_VSA_OGM,1,0.1,16384
1296,0.6115079925648749,0.7110499311725691,42,cuda,True,None,renyi_normalize,11,5,1,passthrough,SA_VSA_OGM,1,0.1,16384
1297,0.7184733760332787,0.6779919075626747,42,cuda,True,None,renyi_normalize,11,7,1,passthrough,SA_VSA_OGM,1,0.1,16384
1298,0.7197832004776802,0.5201893797188504,42,cuda,True,None,renyi_normalize,11,9,1,passthrough,SA_VSA_OGM,1,0.1,16384
1299,0.7429419883892526,0.4965377716597839,42,cuda,True,None,renyi_normalize,11,11,1,passthrough,SA_VSA_OGM,1,0.1,16384
1300,0.7262475039387515,0.5011366954490468,42,cuda,True,None,renyi_normalize_squaring,3,3,1,passthrough,SA_VSA_OGM,1,0.1,16384
1301,0.7892805288560757,0.5008134150919785,42,cuda,True,None,renyi_normalize_squaring,3,5,1,passthrough,SA_VSA_OGM,1,0.1,16384
1302,0.8849872605192208,0.4957869269594961,42,cuda,True,None,renyi_normalize_squaring,3,7,1,passthrough,SA_VSA_OGM,1,0.1,16384
1303,0.7768659789708505,0.4484419972469028,42,cuda,True,None,renyi_normalize_squaring,3,9,1,passthrough,SA_VSA_OGM,1,0.1,16384
1304,0.8066264703515303,0.39713427606056817,42,cuda,True,None,renyi_normalize_squaring,3,11,1,passthrough,SA_VSA_OGM,1,0.1,16384
1305,0.7276460699659484,0.5074250198139574,42,cuda,True,None,renyi_normalize_squaring,5,3,1,passthrough,SA_VSA_OGM,1,0.1,16384
1306,0.7197811322285625,0.4903224460851792,42,cuda,True,None,renyi_normalize_squaring,5,5,1,passthrough,SA_VSA_OGM,1,0.1,16384
1307,0.7929990378939518,0.387227297376215,42,cuda,True,None,renyi_normalize_squaring,5,7,1,passthrough,SA_VSA_OGM,1,0.1,16384
1308,0.8103861472261348,0.3905435281358195,42,cuda,True,None,renyi_normalize_squaring,5,9,1,passthrough,SA_VSA_OGM,1,0.1,16384
1309,0.8550857227742539,0.37819630417553074,42,cuda,True,None,renyi_normalize_squaring,5,11,1,passthrough,SA_VSA_OGM,1,0.1,16384
1310,0.7958608018782605,0.4335293872272974,42,cuda,True,None,renyi_normalize_squaring,7,3,1,passthrough,SA_VSA_OGM,1,0.1,16384
1311,0.749452026228722,0.5064864639385975,42,cuda,True,None,renyi_normalize_squaring,7,5,1,passthrough,SA_VSA_OGM,1,0.1,16384
1312,0.7397479496812949,0.5483877695741042,42,cuda,True,None,renyi_normalize_squaring,7,7,1,passthrough,SA_VSA_OGM,1,0.1,16384
1313,0.7631550529900505,0.42168272640053395,42,cuda,True,None,renyi_normalize_squaring,7,9,1,passthrough,SA_VSA_OGM,1,0.1,16384
1314,0.8672598675682136,0.43473908146665,42,cuda,True,None,renyi_normalize_squaring,7,11,1,passthrough,SA_VSA_OGM,1,0.1,16384
1315,0.730968296656227,0.5010428398615109,42,cuda,True,None,renyi_normalize_squaring,9,3,1,passthrough,SA_VSA_OGM,1,0.1,16384
1316,0.7350723097623862,0.5281566762607934,42,cuda,True,None,renyi_normalize_squaring,9,5,1,passthrough,SA_VSA_OGM,1,0.1,16384
1317,0.7014405663144467,0.578984691110833,42,cuda,True,None,renyi_normalize_squaring,9,7,1,passthrough,SA_VSA_OGM,1,0.1,16384
1318,0.7784003839768046,0.40943978642639633,42,cuda,True,None,renyi_normalize_squaring,9,9,1,passthrough,SA_VSA_OGM,1,0.1,16384
1319,0.8466544738169262,0.33404246443916075,42,cuda,True,None,renyi_normalize_squaring,9,11,1,passthrough,SA_VSA_OGM,1,0.1,16384
1320,0.6637113253941405,0.6263087640261962,42,cuda,True,None,renyi_normalize_squaring,11,3,1,passthrough,SA_VSA_OGM,1,0.1,16384
1321,0.7505080271267384,0.48698535852834435,42,cuda,True,None,renyi_normalize_squaring,11,5,1,passthrough,SA_VSA_OGM,1,0.1,16384
1322,0.6365708651777457,0.6590539356776374,42,cuda,True,None,renyi_normalize_squaring,11,7,1,passthrough,SA_VSA_OGM,1,0.1,16384
1323,0.7838981553345875,0.5030868059900722,42,cuda,True,None,renyi_normalize_squaring,11,9,1,passthrough,SA_VSA_OGM,1,0.1,16384
1324,0.8020244240485905,0.3851416176531932,42,cuda,True,None,renyi_normalize_squaring,11,11,1,passthrough,SA_VSA_OGM,1,0.1,16384
1325,0.7819799629523426,0.5001355691819964,42,cuda,True,None,renyi_normalize_cubic,3,3,1,passthrough,SA_VSA_OGM,1,0.1,16384
1326,0.7587108333700529,0.5139323405497851,42,cuda,True,None,renyi_normalize_cubic,3,5,1,passthrough,SA_VSA_OGM,1,0.1,16384
1327,0.8194066514933467,0.46969507362449425,42,cuda,True,None,renyi_normalize_cubic,3,7,1,passthrough,SA_VSA_OGM,1,0.1,16384
1328,0.8427089005417071,0.3733575272181204,42,cuda,True,None,renyi_normalize_cubic,3,9,1,passthrough,SA_VSA_OGM,1,0.1,16384
1329,0.814195303994836,0.4141742793976557,42,cuda,True,None,renyi_normalize_cubic,3,11,1,passthrough,SA_VSA_OGM,1,0.1,16384
1330,0.7648350963713111,0.4870687857172653,42,cuda,True,None,renyi_normalize_cubic,5,3,1,passthrough,SA_VSA_OGM,1,0.1,16384
1331,0.7644631200829529,0.49117757477161805,42,cuda,True,None,renyi_normalize_cubic,5,5,1,passthrough,SA_VSA_OGM,1,0.1,16384
1332,0.757791286665118,0.5225253410086347,42,cuda,True,None,renyi_normalize_cubic,5,7,1,passthrough,SA_VSA_OGM,1,0.1,16384
1333,0.8037342245610092,0.3733366704208902,42,cuda,True,None,renyi_normalize_cubic,5,9,1,passthrough,SA_VSA_OGM,1,0.1,16384
1334,0.7713004875471012,0.5231927585200017,42,cuda,True,None,renyi_normalize_cubic,5,11,1,passthrough,SA_VSA_OGM,1,0.1,16384
1335,0.7358606421283026,0.5198556709631669,42,cuda,True,None,renyi_normalize_cubic,7,3,1,passthrough,SA_VSA_OGM,1,0.1,16384
1336,0.7737574185295837,0.47774579735535816,42,cuda,True,None,renyi_normalize_cubic,7,5,1,passthrough,SA_VSA_OGM,1,0.1,16384
1337,0.7406015191867233,0.5236724648562967,42,cuda,True,None,renyi_normalize_cubic,7,7,1,passthrough,SA_VSA_OGM,1,0.1,16384
1338,0.7409655537328049,0.5156008843282025,42,cuda,True,None,renyi_normalize_cubic,7,9,1,passthrough,SA_VSA_OGM,1,0.1,16384
1339,0.7750565739481676,0.44654402869895304,42,cuda,True,None,renyi_normalize_cubic,7,11,1,passthrough,SA_VSA_OGM,1,0.1,16384
1340,0.670197933732155,0.6138989696742168,42,cuda,True,None,renyi_normalize_cubic,9,3,1,passthrough,SA_VSA_OGM,1,0.1,16384
1341,0.7372653635256439,0.5182914111709005,42,cuda,True,None,renyi_normalize_cubic,9,5,1,passthrough,SA_VSA_OGM,1,0.1,16384
1342,0.7298410854226314,0.525612146998707,42,cuda,True,None,renyi_normalize_cubic,9,7,1,passthrough,SA_VSA_OGM,1,0.1,16384
1343,0.7556936138915463,0.4899887373294957,42,cuda,True,None,renyi_normalize_cubic,9,9,1,passthrough,SA_VSA_OGM,1,0.1,16384
1344,0.7733263339980586,0.4757644016184875,42,cuda,True,None,renyi_normalize_cubic,9,11,1,passthrough,SA_VSA_OGM,1,0.1,16384
1345,0.7543930869032954,0.5055061944687773,42,cuda,True,None,renyi_normalize_cubic,11,3,1,passthrough,SA_VSA_OGM,1,0.1,16384
1346,0.705109353959592,0.5750218996370917,42,cuda,True,None,renyi_normalize_cubic,11,5,1,passthrough,SA_VSA_OGM,1,0.1,16384
1347,0.6832085270972317,0.5858048638051141,42,cuda,True,None,renyi_normalize_cubic,11,7,1,passthrough,SA_VSA_OGM,1,0.1,16384
1348,0.7347124930944008,0.4782463604888833,42,cuda,True,None,renyi_normalize_cubic,11,9,1,passthrough,SA_VSA_OGM,1,0.1,16384
1349,0.7386499412426563,0.5098026946982022,42,cuda,True,None,renyi_normalize_cubic,11,11,1,passthrough,SA_VSA_OGM,1,0.1,16384
1350,0.7221334931542406,0.5281358194635631,42,cuda,True,None,renyi,3,3,1,passthrough,SA_VSA_OGM,1,0.2,16384
1351,0.7505166601254881,0.4892587494264381,42,cuda,True,None,renyi,3,5,1,passthrough,SA_VSA_OGM,1,0.2,16384
1352,0.7038516623227055,0.5562924957243566,42,cuda,True,None,renyi,3,7,1,passthrough,SA_VSA_OGM,1,0.2,16384
1353,0.6974158569478993,0.548554623951946,42,cuda,True,None,renyi,3,9,1,passthrough,SA_VSA_OGM,1,0.2,16384
1354,0.7795200673972276,0.5393359195761899,42,cuda,True,None,renyi,3,11,1,passthrough,SA_VSA_OGM,1,0.2,16384
1355,0.7536296605734611,0.5357276936553623,42,cuda,True,None,renyi,5,3,1,passthrough,SA_VSA_OGM,1,0.2,16384
1356,0.7063833908026754,0.5293872272973762,42,cuda,True,None,renyi,5,5,1,passthrough,SA_VSA_OGM,1,0.2,16384
1357,0.7453147920784723,0.5474492136987444,42,cuda,True,None,renyi,5,7,1,passthrough,SA_VSA_OGM,1,0.2,16384
1358,0.7188900321861327,0.5256955741876277,42,cuda,True,None,renyi,5,9,1,passthrough,SA_VSA_OGM,1,0.2,16384
1359,0.7281180766125752,0.4962666332957911,42,cuda,True,None,renyi,5,11,1,passthrough,SA_VSA_OGM,1,0.2,16384
1360,0.743248162744588,0.5245067367455054,42,cuda,True,None,renyi,7,3,1,passthrough,SA_VSA_OGM,1,0.2,16384
1361,0.7249441538989922,0.6105827389146123,42,cuda,True,None,renyi,7,5,1,passthrough,SA_VSA_OGM,1,0.2,16384
1362,0.7475978753756904,0.5582113210695365,42,cuda,True,None,renyi,7,7,1,passthrough,SA_VSA_OGM,1,0.2,16384
1363,0.7823796792710799,0.47390814666499814,42,cuda,True,None,renyi,7,9,1,passthrough,SA_VSA_OGM,1,0.2,16384
1364,0.7366906911080671,0.4382638801985567,42,cuda,True,None,renyi,7,11,1,passthrough,SA_VSA_OGM,1,0.2,16384
1365,0.7108145063508142,0.5886205314311934,42,cuda,True,None,renyi,9,3,1,passthrough,SA_VSA_OGM,1,0.2,16384
1366,0.7333727590483907,0.5216702123221958,42,cuda,True,None,renyi,9,5,1,passthrough,SA_VSA_OGM,1,0.2,16384
1367,0.6791785322726048,0.6382597088391107,42,cuda,True,None,renyi,9,7,1,passthrough,SA_VSA_OGM,1,0.2,16384
1368,0.7717440066417223,0.5130354982688858,42,cuda,True,None,renyi,9,9,1,passthrough,SA_VSA_OGM,1,0.2,16384
1369,0.6824966842446567,0.577545572101948,42,cuda,True,None,renyi,9,11,1,passthrough,SA_VSA_OGM,1,0.2,16384
1370,0.7655439308804498,0.5391690651983482,42,cuda,True,None,renyi,11,3,1,passthrough,SA_VSA_OGM,1,0.2,16384
1371,0.7697770260529995,0.6239519459391816,42,cuda,True,None,renyi,11,5,1,passthrough,SA_VSA_OGM,1,0.2,16384
1372,0.7456481787553033,0.5758353147290702,42,cuda,True,None,renyi,11,7,1,passthrough,SA_VSA_OGM,1,0.2,16384
1373,0.7595212821746451,0.4739290034622283,42,cuda,True,None,renyi,11,9,1,passthrough,SA_VSA_OGM,1,0.2,16384
1374,0.704024876511362,0.5686605764818755,42,cuda,True,None,renyi,11,11,1,passthrough,SA_VSA_OGM,1,0.2,16384
1375,21.22120716392965,0.5,42,cuda,True,None,renyi_squaring,3,3,1,passthrough,SA_VSA_OGM,1,0.2,16384
1376,21.22120716392965,0.5,42,cuda,True,None,renyi_squaring,3,5,1,passthrough,SA_VSA_OGM,1,0.2,16384
1377,21.22120716392965,0.5,42,cuda,True,None,renyi_squaring,3,7,1,passthrough,SA_VSA_OGM,1,0.2,16384
1378,21.22120716392965,0.5,42,cuda,True,None,renyi_squaring,3,9,1,passthrough,SA_VSA_OGM,1,0.2,16384
1379,21.22120716392965,0.5,42,cuda,True,None,renyi_squaring,3,11,1,passthrough,SA_VSA_OGM,1,0.2,16384
1380,21.22120716392965,0.5,42,cuda,True,None,renyi_squaring,5,3,1,passthrough,SA_VSA_OGM,1,0.2,16384
1381,21.22120716392965,0.5,42,cuda,True,None,renyi_squaring,5,5,1,passthrough,SA_VSA_OGM,1,0.2,16384
1382,21.221207163929652,0.5,42,cuda,True,None,renyi_squaring,5,7,1,passthrough,SA_VSA_OGM,1,0.2,16384
1383,21.22120716392965,0.5,42,cuda,True,None,renyi_squaring,5,9,1,passthrough,SA_VSA_OGM,1,0.2,16384
1384,21.22120716392965,0.5,42,cuda,True,None,renyi_squaring,5,11,1,passthrough,SA_VSA_OGM,1,0.2,16384
1385,21.22120716392965,0.5,42,cuda,True,None,renyi_squaring,7,3,1,passthrough,SA_VSA_OGM,1,0.2,16384
1386,21.221207163929652,0.5,42,cuda,True,None,renyi_squaring,7,5,1,passthrough,SA_VSA_OGM,1,0.2,16384
1387,21.22120716392965,0.5,42,cuda,True,None,renyi_squaring,7,7,1,passthrough,SA_VSA_OGM,1,0.2,16384
1388,21.22120716392965,0.5,42,cuda,True,None,renyi_squaring,7,9,1,passthrough,SA_VSA_OGM,1,0.2,16384
1389,21.221207163929652,0.5,42,cuda,True,None,renyi_squaring,7,11,1,passthrough,SA_VSA_OGM,1,0.2,16384
1390,21.22120716392965,0.5,42,cuda,True,None,renyi_squaring,9,3,1,passthrough,SA_VSA_OGM,1,0.2,16384
1391,21.22120716392965,0.5,42,cuda,True,None,renyi_squaring,9,5,1,passthrough,SA_VSA_OGM,1,0.2,16384
1392,21.22120716392965,0.5,42,cuda,True,None,renyi_squaring,9,7,1,passthrough,SA_VSA_OGM,1,0.2,16384
1393,21.221207163929652,0.5,42,cuda,True,None,renyi_squaring,9,9,1,passthrough,SA_VSA_OGM,1,0.2,16384
1394,21.22120716392965,0.5,42,cuda,True,None,renyi_squaring,9,11,1,passthrough,SA_VSA_OGM,1,0.2,16384
1395,21.22120716392965,0.5,42,cuda,True,None,renyi_squaring,11,3,1,passthrough,SA_VSA_OGM,1,0.2,16384
1396,21.22120716392965,0.5,42,cuda,True,None,renyi_squaring,11,5,1,passthrough,SA_VSA_OGM,1,0.2,16384
1397,21.221207163929652,0.5,42,cuda,True,None,renyi_squaring,11,7,1,passthrough,SA_VSA_OGM,1,0.2,16384
1398,21.22120716392965,0.5,42,cuda,True,None,renyi_squaring,11,9,1,passthrough,SA_VSA_OGM,1,0.2,16384
1399,21.22120716392965,0.5,42,cuda,True,None,renyi_squaring,11,11,1,passthrough,SA_VSA_OGM,1,0.2,16384
1400,21.221207163929652,0.5,42,cuda,True,None,renyi_cubic,3,3,1,passthrough,SA_VSA_OGM,1,0.2,16384
1401,21.221207163929652,0.5,42,cuda,True,None,renyi_cubic,3,5,1,passthrough,SA_VSA_OGM,1,0.2,16384
1402,21.22120716392965,0.5,42,cuda,True,None,renyi_cubic,3,7,1,passthrough,SA_VSA_OGM,1,0.2,16384
1403,21.22120716392965,0.5,42,cuda,True,None,renyi_cubic,3,9,1,passthrough,SA_VSA_OGM,1,0.2,16384
1404,21.221207163929652,0.5,42,cuda,True,None,renyi_cubic,3,11,1,passthrough,SA_VSA_OGM,1,0.2,16384
1405,21.221207163929652,0.5,42,cuda,True,None,renyi_cubic,5,3,1,passthrough,SA_VSA_OGM,1,0.2,16384
1406,21.22120716392965,0.5,42,cuda,True,None,renyi_cubic,5,5,1,passthrough,SA_VSA_OGM,1,0.2,16384
1407,21.22120716392965,0.5,42,cuda,True,None,renyi_cubic,5,7,1,passthrough,SA_VSA_OGM,1,0.2,16384
1408,21.221207163929652,0.5,42,cuda,True,None,renyi_cubic,5,9,1,passthrough,SA_VSA_OGM,1,0.2,16384
1409,21.22120716392965,0.5,42,cuda,True,None,renyi_cubic,5,11,1,passthrough,SA_VSA_OGM,1,0.2,16384
1410,21.22120716392965,0.5,42,cuda,True,None,renyi_cubic,7,3,1,passthrough,SA_VSA_OGM,1,0.2,16384
1411,21.22120716392965,0.5,42,cuda,True,None,renyi_cubic,7,5,1,passthrough,SA_VSA_OGM,1,0.2,16384
1412,21.221207163929652,0.5,42,cuda,True,None,renyi_cubic,7,7,1,passthrough,SA_VSA_OGM,1,0.2,16384
1413,21.22120716392965,0.5,42,cuda,True,None,renyi_cubic,7,9,1,passthrough,SA_VSA_OGM,1,0.2,16384
1414,21.22120716392965,0.5,42,cuda,True,None,renyi_cubic,7,11,1,passthrough,SA_VSA_OGM,1,0.2,16384
1415,21.221207163929652,0.5,42,cuda,True,None,renyi_cubic,9,3,1,passthrough,SA_VSA_OGM,1,0.2,16384
1416,21.221207163929652,0.5,42,cuda,True,None,renyi_cubic,9,5,1,passthrough,SA_VSA_OGM,1,0.2,16384
1417,21.221207163929652,0.5,42,cuda,True,None,renyi_cubic,9,7,1,passthrough,SA_VSA_OGM,1,0.2,16384
1418,21.22120716392965,0.5,42,cuda,True,None,renyi_cubic,9,9,1,passthrough,SA_VSA_OGM,1,0.2,16384
1419,21.221207163929652,0.5,42,cuda,True,None,renyi_cubic,9,11,1,passthrough,SA_VSA_OGM,1,0.2,16384
1420,21.221207163929652,0.5,42,cuda,True,None,renyi_cubic,11,3,1,passthrough,SA_VSA_OGM,1,0.2,16384
1421,21.22120716392965,0.5,42,cuda,True,None,renyi_cubic,11,5,1,passthrough,SA_VSA_OGM,1,0.2,16384
1422,21.22120716392965,0.5,42,cuda,True,None,renyi_cubic,11,7,1,passthrough,SA_VSA_OGM,1,0.2,16384
1423,21.221207163929652,0.5,42,cuda,True,None,renyi_cubic,11,9,1,passthrough,SA_VSA_OGM,1,0.2,16384
1424,21.221207163929652,0.5,42,cuda,True,None,renyi_cubic,11,11,1,passthrough,SA_VSA_OGM,1,0.2,16384
1425,0.7401718125275905,0.4672652567471739,42,cuda,True,None,renyi_normalize,3,3,1,passthrough,SA_VSA_OGM,1,0.2,16384
1426,0.7730784177930079,0.5459892378926292,42,cuda,True,None,renyi_normalize,3,5,1,passthrough,SA_VSA_OGM,1,0.2,16384
1427,0.7618668481932325,0.4789972051891711,42,cuda,True,None,renyi_normalize,3,7,1,passthrough,SA_VSA_OGM,1,0.2,16384
1428,0.9481905754997416,0.4676093939014725,42,cuda,True,None,renyi_normalize,3,9,1,passthrough,SA_VSA_OGM,1,0.2,16384
1429,0.8822989473320269,0.4355524965586285,42,cuda,True,None,renyi_normalize,3,11,1,passthrough,SA_VSA_OGM,1,0.2,16384
1430,0.7230327960954316,0.4501731114170108,42,cuda,True,None,renyi_normalize,5,3,1,passthrough,SA_VSA_OGM,1,0.2,16384
1431,0.7253943130465602,0.5126183623242815,42,cuda,True,None,renyi_normalize,5,5,1,passthrough,SA_VSA_OGM,1,0.2,16384
1432,0.7904744173910855,0.3825762315938765,42,cuda,True,None,renyi_normalize,5,7,1,passthrough,SA_VSA_OGM,1,0.2,16384
1433,0.8263076191037355,0.316126475618404,42,cuda,True,None,renyi_normalize,5,9,1,passthrough,SA_VSA_OGM,1,0.2,16384
1434,0.9045521132621404,0.30669920327034583,42,cuda,True,None,renyi_normalize,5,11,1,passthrough,SA_VSA_OGM,1,0.2,16384
1435,0.7245010062216095,0.47556626204480046,42,cuda,True,None,renyi_normalize,7,3,1,passthrough,SA_VSA_OGM,1,0.2,16384
1436,0.7011349121847054,0.5287198097860093,42,cuda,True,None,renyi_normalize,7,5,1,passthrough,SA_VSA_OGM,1,0.2,16384
1437,0.6801027609034282,0.5841258916280816,42,cuda,True,None,renyi_normalize,7,7,1,passthrough,SA_VSA_OGM,1,0.2,16384
1438,0.8260799546797162,0.32325950027113837,42,cuda,True,None,renyi_normalize,7,9,1,passthrough,SA_VSA_OGM,1,0.2,16384
1439,0.8321247456255015,0.2895966295415676,42,cuda,True,None,renyi_normalize,7,11,1,passthrough,SA_VSA_OGM,1,0.2,16384
1440,0.7194076212694844,0.5330580236098945,42,cuda,True,None,renyi_normalize,9,3,1,passthrough,SA_VSA_OGM,1,0.2,16384
1441,0.6660162038835199,0.5941267258999708,42,cuda,True,None,renyi_normalize,9,5,1,passthrough,SA_VSA_OGM,1,0.2,16384
1442,0.7076409337122244,0.564009510699537,42,cuda,True,None,renyi_normalize,9,7,1,passthrough,SA_VSA_OGM,1,0.2,16384
1443,0.7583571177570803,0.4758686856046385,42,cuda,True,None,renyi_normalize,9,9,1,passthrough,SA_VSA_OGM,1,0.2,16384
1444,0.8149210139087899,0.35174988528761525,42,cuda,True,None,renyi_normalize,9,11,1,passthrough,SA_VSA_OGM,1,0.2,16384
1445,0.6479058071811222,0.63435948775706,42,cuda,True,None,renyi_normalize,11,3,1,passthrough,SA_VSA_OGM,1,0.2,16384
1446,0.6339927474154138,0.660743336253285,42,cuda,True,None,renyi_normalize,11,5,1,passthrough,SA_VSA_OGM,1,0.2,16384
1447,0.6740821578340201,0.6313978225503691,42,cuda,True,None,renyi_normalize,11,7,1,passthrough,SA_VSA_OGM,1,0.2,16384
1448,0.6792486192725314,0.5937513035498269,42,cuda,True,None,renyi_normalize,11,9,1,passthrough,SA_VSA_OGM,1,0.2,16384
1449,0.9326353082565844,0.4409544070412547,42,cuda,True,None,renyi_normalize,11,11,1,passthrough,SA_VSA_OGM,1,0.2,16384
1450,0.7586232337681337,0.4719997497184332,42,cuda,True,None,renyi_normalize_squaring,3,3,1,passthrough,SA_VSA_OGM,1,0.2,16384
1451,0.7942558993447885,0.4126517331998498,42,cuda,True,None,renyi_normalize_squaring,3,5,1,passthrough,SA_VSA_OGM,1,0.2,16384
1452,0.7967079596137248,0.37886372168689775,42,cuda,True,None,renyi_normalize_squaring,3,7,1,passthrough,SA_VSA_OGM,1,0.2,16384
1453,0.8457915310511464,0.37500521419930755,42,cuda,True,None,renyi_normalize_squaring,3,9,1,passthrough,SA_VSA_OGM,1,0.2,16384
1454,0.8209578095650608,0.3832227923080131,42,cuda,True,None,renyi_normalize_squaring,3,11,1,passthrough,SA_VSA_OGM,1,0.2,16384
1455,0.8058373126959798,0.377737454636466,42,cuda,True,None,renyi_normalize_squaring,5,3,1,passthrough,SA_VSA_OGM,1,0.2,16384
1456,0.8193717101127856,0.4261460810078005,42,cuda,True,None,renyi_normalize_squaring,5,5,1,passthrough,SA_VSA_OGM,1,0.2,16384
1457,0.9628472642487468,0.45367705335168734,42,cuda,True,None,renyi_normalize_squaring,5,7,1,passthrough,SA_VSA_OGM,1,0.2,16384
1458,0.8054579152097996,0.4312977099236641,42,cuda,True,None,renyi_normalize_squaring,5,9,1,passthrough,SA_VSA_OGM,1,0.2,16384
1459,0.85377590322673,0.4084178033621157,42,cuda,True,None,renyi_normalize_squaring,5,11,1,passthrough,SA_VSA_OGM,1,0.2,16384
1460,0.7362531661494616,0.4996454344470863,42,cuda,True,None,renyi_normalize_squaring,7,3,1,passthrough,SA_VSA_OGM,1,0.2,16384
1461,0.7384610867433289,0.49720518917115086,42,cuda,True,None,renyi_normalize_squaring,7,5,1,passthrough,SA_VSA_OGM,1,0.2,16384
1462,0.7048239779472814,0.5395027739540316,42,cuda,True,None,renyi_normalize_squaring,7,7,1,passthrough,SA_VSA_OGM,1,0.2,16384
1463,0.7459510079458854,0.526196137321153,42,cuda,True,None,renyi_normalize_squaring,7,9,1,passthrough,SA_VSA_OGM,1,0.2,16384
1464,0.7331562024057293,0.5172902849038502,42,cuda,True,None,renyi_normalize_squaring,7,11,1,passthrough,SA_VSA_OGM,1,0.2,16384
1465,0.7242128157030415,0.5183539815625913,42,cuda,True,None,renyi_normalize_squaring,9,3,1,passthrough,SA_VSA_OGM,1,0.2,16384
1466,0.7298103863575831,0.5232761857089225,42,cuda,True,None,renyi_normalize_squaring,9,5,1,passthrough,SA_VSA_OGM,1,0.2,16384
1467,0.6758925860151915,0.6022817336169858,42,cuda,True,None,renyi_normalize_squaring,9,7,1,passthrough,SA_VSA_OGM,1,0.2,16384
1468,0.7918341100511825,0.5739373461811204,42,cuda,True,None,renyi_normalize_squaring,9,9,1,passthrough,SA_VSA_OGM,1,0.2,16384
1469,0.8979808651741106,0.3621157135110333,42,cuda,True,None,renyi_normalize_squaring,9,11,1,passthrough,SA_VSA_OGM,1,0.2,16384
1470,0.7917514953888202,0.4511325240896008,42,cuda,True,None,renyi_normalize_squaring,11,3,1,passthrough,SA_VSA_OGM,1,0.2,16384
1471,0.7395918711395622,0.5339131522963334,42,cuda,True,None,renyi_normalize_squaring,11,5,1,passthrough,SA_VSA_OGM,1,0.2,16384
1472,0.6828851699380095,0.5816335043590706,42,cuda,True,None,renyi_normalize_squaring,11,7,1,passthrough,SA_VSA_OGM,1,0.2,16384
1473,0.6720298693221922,0.6031994326951153,42,cuda,True,None,renyi_normalize_squaring,11,9,1,passthrough,SA_VSA_OGM,1,0.2,16384
1474,0.678757794702088,0.6099570349977057,42,cuda,True,None,renyi_normalize_squaring,11,11,1,passthrough,SA_VSA_OGM,1,0.2,16384
1475,0.7714192253410681,0.4725837400408794,42,cuda,True,None,renyi_normalize_cubic,3,3,1,passthrough,SA_VSA_OGM,1,0.2,16384
1476,0.7194610074348923,0.5472406457264423,42,cuda,True,None,renyi_normalize_cubic,3,5,1,passthrough,SA_VSA_OGM,1,0.2,16384
1477,0.7819863902378137,0.49048930046302097,42,cuda,True,None,renyi_normalize_cubic,3,7,1,passthrough,SA_VSA_OGM,1,0.2,16384
1478,0.7531728617861576,0.49916572811079135,42,cuda,True,None,renyi_normalize_cubic,3,9,1,passthrough,SA_VSA_OGM,1,0.2,16384
1479,0.7479916313863534,0.4877779168230927,42,cuda,True,None,renyi_normalize_cubic,3,11,1,passthrough,SA_VSA_OGM,1,0.2,16384
1480,0.7451170297024226,0.5437992741834563,42,cuda,True,None,renyi_normalize_cubic,5,3,1,passthrough,SA_VSA_OGM,1,0.2,16384
1481,0.9009430354671444,0.4130271555499937,42,cuda,True,None,renyi_normalize_cubic,5,5,1,passthrough,SA_VSA_OGM,1,0.2,16384
1482,0.7459797784206617,0.5224210570224836,42,cuda,True,None,renyi_normalize_cubic,5,7,1,passthrough,SA_VSA_OGM,1,0.2,16384
1483,0.7709751502072546,0.44320694114211817,42,cuda,True,None,renyi_normalize_cubic,5,9,1,passthrough,SA_VSA_OGM,1,0.2,16384
1484,0.7694841353115759,0.48617194343636594,42,cuda,True,None,renyi_normalize_cubic,5,11,1,passthrough,SA_VSA_OGM,1,0.2,16384
1485,0.7982830539445402,0.4543653276602845,42,cuda,True,None,renyi_normalize_cubic,7,3,1,passthrough,SA_VSA_OGM,1,0.2,16384
1486,0.716474649909,0.5270095524131314,42,cuda,True,None,renyi_normalize_cubic,7,5,1,passthrough,SA_VSA_OGM,1,0.2,16384
1487,0.8172534898577254,0.5379385141617654,42,cuda,True,None,renyi_normalize_cubic,7,7,1,passthrough,SA_VSA_OGM,1,0.2,16384
1488,0.742905758899536,0.5114712384766196,42,cuda,True,None,renyi_normalize_cubic,7,9,1,passthrough,SA_VSA_OGM,1,0.2,16384
1489,0.7076440353389526,0.5393984899678805,42,cuda,True,None,renyi_normalize_cubic,7,11,1,passthrough,SA_VSA_OGM,1,0.2,16384
1490,0.8074950880381434,0.47747465899136526,42,cuda,True,None,renyi_normalize_cubic,9,3,1,passthrough,SA_VSA_OGM,1,0.2,16384
1491,0.74006585601039,0.48425311809118593,42,cuda,True,None,renyi_normalize_cubic,9,5,1,passthrough,SA_VSA_OGM,1,0.2,16384
1492,0.7311537616738839,0.5440286989529888,42,cuda,True,None,renyi_normalize_cubic,9,7,1,passthrough,SA_VSA_OGM,1,0.2,16384
1493,0.6697641682370559,0.6124598506653318,42,cuda,True,None,renyi_normalize_cubic,9,9,1,passthrough,SA_VSA_OGM,1,0.2,16384
1494,0.8227336226433851,0.3319984983105994,42,cuda,True,None,renyi_normalize_cubic,9,11,1,passthrough,SA_VSA_OGM,1,0.2,16384
1495,0.7559317697022073,0.5319734701539232,42,cuda,True,None,renyi_normalize_cubic,11,3,1,passthrough,SA_VSA_OGM,1,0.2,16384
1496,0.8107197663878981,0.4217452967922246,42,cuda,True,None,renyi_normalize_cubic,11,5,1,passthrough,SA_VSA_OGM,1,0.2,16384
1497,0.6773254505985188,0.5976723814291077,42,cuda,True,None,renyi_normalize_cubic,11,7,1,passthrough,SA_VSA_OGM,1,0.2,16384
1498,0.7619230376078735,0.4573478496642055,42,cuda,True,None,renyi_normalize_cubic,11,9,1,passthrough,SA_VSA_OGM,1,0.2,16384
1499,0.6542810115599765,0.6897968547949777,42,cuda,True,None,renyi_normalize_cubic,11,11,1,passthrough,SA_VSA_OGM,1,0.2,16384
1500,0.5985872945340704,0.7661431610561883,42,cuda,True,None,renyi,3,3,1,passthrough,SA_VSA_OGM,1,0.5,16384
1501,0.5644385800701379,0.8198181287281525,42,cuda,True,None,renyi,3,5,1,passthrough,SA_VSA_OGM,1,0.5,16384
1502,0.603214724875464,0.7669670045467818,42,cuda,True,None,renyi,3,7,1,passthrough,SA_VSA_OGM,1,0.5,16384
1503,0.5550257919957475,0.7946856880657406,42,cuda,True,None,renyi,3,9,1,passthrough,SA_VSA_OGM,1,0.5,16384
1504,0.6075872010929184,0.7582280065073207,42,cuda,True,None,renyi,3,11,1,passthrough,SA_VSA_OGM,1,0.5,16384
1505,0.5744344271224284,0.7805864931381138,42,cuda,True,None,renyi,5,3,1,passthrough,SA_VSA_OGM,1,0.5,16384
1506,0.5796785820049538,0.7998581737788345,42,cuda,True,None,renyi,5,5,1,passthrough,SA_VSA_OGM,1,0.5,16384
1507,0.5676587515432285,0.802778125391065,42,cuda,True,None,renyi,5,7,1,passthrough,SA_VSA_OGM,1,0.5,16384
1508,0.535158237094591,0.8307888040712469,42,cuda,True,None,renyi,5,9,1,passthrough,SA_VSA_OGM,1,0.5,16384
1509,0.6258976202054842,0.7564343219455221,42,cuda,True,None,renyi,5,11,1,passthrough,SA_VSA_OGM,1,0.5,16384
1510,0.5672787978666779,0.7785216702123222,42,cuda,True,None,renyi,7,3,1,passthrough,SA_VSA_OGM,1,0.5,16384
1511,0.5976714277323159,0.7968339381804531,42,cuda,True,None,renyi,7,5,1,passthrough,SA_VSA_OGM,1,0.5,16384
1512,0.5576444119952765,0.8353564426646644,42,cuda,True,None,renyi,7,7,1,passthrough,SA_VSA_OGM,1,0.5,16384
1513,0.54955641672405,0.8251157552246278,42,cuda,True,None,renyi,7,9,1,passthrough,SA_VSA_OGM,1,0.5,16384
1514,0.5672157468137131,0.7910148917532224,42,cuda,True,None,renyi,7,11,1,passthrough,SA_VSA_OGM,1,0.5,16384
1515,0.5867052847162241,0.7599591206774289,42,cuda,True,None,renyi,9,3,1,passthrough,SA_VSA_OGM,1,0.5,16384
1516,0.5599847377033641,0.8114962666332959,42,cuda,True,None,renyi,9,5,1,passthrough,SA_VSA_OGM,1,0.5,16384
1517,0.5175614813360657,0.8425311809118591,42,cuda,True,None,renyi,9,7,1,passthrough,SA_VSA_OGM,1,0.5,16384
1518,0.5778783857388697,0.7942685521211362,42,cuda,True,None,renyi,9,9,1,passthrough,SA_VSA_OGM,1,0.5,16384
1519,0.5521787903141799,0.8086180286155258,42,cuda,True,None,renyi,9,11,1,passthrough,SA_VSA_OGM,1,0.5,16384
1520,0.5507847739379225,0.8230509322988362,42,cuda,True,None,renyi,11,3,1,passthrough,SA_VSA_OGM,1,0.5,16384
1521,0.5350892397201905,0.829266257873441,42,cuda,True,None,renyi,11,5,1,passthrough,SA_VSA_OGM,1,0.5,16384
1522,0.6024955354857655,0.8080131814958496,42,cuda,True,None,renyi,11,7,1,passthrough,SA_VSA_OGM,1,0.5,16384
1523,0.5653017793510213,0.819964126308764,42,cuda,True,None,renyi,11,9,1,passthrough,SA_VSA_OGM,1,0.5,16384
1524,0.5626008670382612,0.8140407958953823,42,cuda,True,None,renyi,11,11,1,passthrough,SA_VSA_OGM,1,0.5,16384
1525,21.22120716392965,0.5,42,cuda,True,None,renyi_squaring,3,3,1,passthrough,SA_VSA_OGM,1,0.5,16384
1526,21.22120716392965,0.5,42,cuda,True,None,renyi_squaring,3,5,1,passthrough,SA_VSA_OGM,1,0.5,16384
1527,21.22120716392965,0.5,42,cuda,True,None,renyi_squaring,3,7,1,passthrough,SA_VSA_OGM,1,0.5,16384
1528,21.22120716392965,0.5,42,cuda,True,None,renyi_squaring,3,9,1,passthrough,SA_VSA_OGM,1,0.5,16384
1529,21.22120716392965,0.5,42,cuda,True,None,renyi_squaring,3,11,1,passthrough,SA_VSA_OGM,1,0.5,16384
1530,20.333736784988332,0.5209923664122137,42,cuda,True,None,renyi_squaring,5,3,1,passthrough,SA_VSA_OGM,1,0.5,16384
1531,20.81781153713814,0.5095419847328244,42,cuda,True,None,renyi_squaring,5,5,1,passthrough,SA_VSA_OGM,1,0.5,16384
1532,21.22120716392965,0.5,42,cuda,True,None,renyi_squaring,5,7,1,passthrough,SA_VSA_OGM,1,0.5,16384
1533,21.22120716392965,0.5,42,cuda,True,None,renyi_squaring,5,9,1,passthrough,SA_VSA_OGM,1,0.5,16384
1534,20.49905640942481,0.5118988028198389,42,cuda,True,None,renyi_squaring,5,11,1,passthrough,SA_VSA_OGM,1,0.5,16384
1535,21.22120716392965,0.5,42,cuda,True,None,renyi_squaring,7,3,1,passthrough,SA_VSA_OGM,1,0.5,16384
1536,20.73684278297913,0.5114503816793893,42,cuda,True,None,renyi_squaring,7,5,1,passthrough,SA_VSA_OGM,1,0.5,16384
1537,21.22120716392965,0.5,42,cuda,True,None,renyi_squaring,7,7,1,passthrough,SA_VSA_OGM,1,0.5,16384
1538,21.22120716392965,0.5,42,cuda,True,None,renyi_squaring,7,9,1,passthrough,SA_VSA_OGM,1,0.5,16384
1539,21.22120716392965,0.5,42,cuda,True,None,renyi_squaring,7,11,1,passthrough,SA_VSA_OGM,1,0.5,16384
1540,21.22120716392965,0.5,42,cuda,True,None,renyi_squaring,9,3,1,passthrough,SA_VSA_OGM,1,0.5,16384
1541,21.22120716392965,0.5,42,cuda,True,None,renyi_squaring,9,5,1,passthrough,SA_VSA_OGM,1,0.5,16384
1542,20.267160505018204,0.5119718016101448,42,cuda,True,None,renyi_squaring,9,7,1,passthrough,SA_VSA_OGM,1,0.5,16384
1543,20.41859101845476,0.5138280565636341,42,cuda,True,None,renyi_squaring,9,9,1,passthrough,SA_VSA_OGM,1,0.5,16384
1544,21.22120716392965,0.5,42,cuda,True,None,renyi_squaring,9,11,1,passthrough,SA_VSA_OGM,1,0.5,16384
1545,21.22120716392965,0.5,42,cuda,True,None,renyi_squaring,11,3,1,passthrough,SA_VSA_OGM,1,0.5,16384
1546,21.22120716392965,0.5,42,cuda,True,None,renyi_squaring,11,5,1,passthrough,SA_VSA_OGM,1,0.5,16384
1547,19.78578941078355,0.5210027948108289,42,cuda,True,None,renyi_squaring,11,7,1,passthrough,SA_VSA_OGM,1,0.5,16384
1548,19.789779828699544,0.5264672756851457,42,cuda,True,None,renyi_squaring,11,9,1,passthrough,SA_VSA_OGM,1,0.5,16384
1549,21.221207163929652,0.5,42,cuda,True,None,renyi_squaring,11,11,1,passthrough,SA_VSA_OGM,1,0.5,16384
1550,21.22120716392965,0.5,42,cuda,True,None,renyi_cubic,3,3,1,passthrough,SA_VSA_OGM,1,0.5,16384
1551,21.22120716392965,0.5,42,cuda,True,None,renyi_cubic,3,5,1,passthrough,SA_VSA_OGM,1,0.5,16384
1552,21.22120716392965,0.5,42,cuda,True,None,renyi_cubic,3,7,1,passthrough,SA_VSA_OGM,1,0.5,16384
1553,21.221207163929652,0.5,42,cuda,True,None,renyi_cubic,3,9,1,passthrough,SA_VSA_OGM,1,0.5,16384
1554,21.22120716392965,0.5,42,cuda,True,None,renyi_cubic,3,11,1,passthrough,SA_VSA_OGM,1,0.5,16384
1555,21.22120716392965,0.5,42,cuda,True,None,renyi_cubic,5,3,1,passthrough,SA_VSA_OGM,1,0.5,16384
1556,21.22120716392965,0.5,42,cuda,True,None,renyi_cubic,5,5,1,passthrough,SA_VSA_OGM,1,0.5,16384
1557,21.22120716392965,0.5,42,cuda,True,None,renyi_cubic,5,7,1,passthrough,SA_VSA_OGM,1,0.5,16384
1558,21.22120716392965,0.5,42,cuda,True,None,renyi_cubic,5,9,1,passthrough,SA_VSA_OGM,1,0.5,16384
1559,21.22120716392965,0.5,42,cuda,True,None,renyi_cubic,5,11,1,passthrough,SA_VSA_OGM,1,0.5,16384
1560,21.221207163929652,0.5,42,cuda,True,None,renyi_cubic,7,3,1,passthrough,SA_VSA_OGM,1,0.5,16384
1561,21.22120716392965,0.5,42,cuda,True,None,renyi_cubic,7,5,1,passthrough,SA_VSA_OGM,1,0.5,16384
1562,21.22120716392965,0.5,42,cuda,True,None,renyi_cubic,7,7,1,passthrough,SA_VSA_OGM,1,0.5,16384
1563,21.22120716392965,0.5,42,cuda,True,None,renyi_cubic,7,9,1,passthrough,SA_VSA_OGM,1,0.5,16384
1564,21.221207163929652,0.5,42,cuda,True,None,renyi_cubic,7,11,1,passthrough,SA_VSA_OGM,1,0.5,16384
1565,21.22120716392965,0.5,42,cuda,True,None,renyi_cubic,9,3,1,passthrough,SA_VSA_OGM,1,0.5,16384
1566,21.22120716392965,0.5,42,cuda,True,None,renyi_cubic,9,5,1,passthrough,SA_VSA_OGM,1,0.5,16384
1567,21.22120716392965,0.5,42,cuda,True,None,renyi_cubic,9,7,1,passthrough,SA_VSA_OGM,1,0.5,16384
1568,21.221207163929652,0.5,42,cuda,True,None,renyi_cubic,9,9,1,passthrough,SA_VSA_OGM,1,0.5,16384
1569,21.22120716392965,0.5,42,cuda,True,None,renyi_cubic,9,11,1,passthrough,SA_VSA_OGM,1,0.5,16384
1570,21.22120716392965,0.5,42,cuda,True,None,renyi_cubic,11,3,1,passthrough,SA_VSA_OGM,1,0.5,16384
1571,21.221207163929652,0.5,42,cuda,True,None,renyi_cubic,11,5,1,passthrough,SA_VSA_OGM,1,0.5,16384
1572,21.221207163929652,0.5,42,cuda,True,None,renyi_cubic,11,7,1,passthrough,SA_VSA_OGM,1,0.5,16384
1573,21.22120716392965,0.5,42,cuda,True,None,renyi_cubic,11,9,1,passthrough,SA_VSA_OGM,1,0.5,16384
1574,21.22120716392965,0.5,42,cuda,True,None,renyi_cubic,11,11,1,passthrough,SA_VSA_OGM,1,0.5,16384
1575,0.6663704073301421,0.6278834522170775,42,cuda,True,None,renyi_normalize,3,3,1,passthrough,SA_VSA_OGM,1,0.5,16384
1576,0.686238805209915,0.6842698035289702,42,cuda,True,None,renyi_normalize,3,5,1,passthrough,SA_VSA_OGM,1,0.5,16384
1577,0.7767476974430876,0.6364868810745421,42,cuda,True,None,renyi_normalize,3,7,1,passthrough,SA_VSA_OGM,1,0.5,16384
1578,0.7034232412477308,0.6343803445542902,42,cuda,True,None,renyi_normalize,3,9,1,passthrough,SA_VSA_OGM,1,0.5,16384
1579,0.8625321062340455,0.5142869061026988,42,cuda,True,None,renyi_normalize,3,11,1,passthrough,SA_VSA_OGM,1,0.5,16384
1580,0.6372614356655425,0.6614941809535728,42,cuda,True,None,renyi_normalize,5,3,1,passthrough,SA_VSA_OGM,1,0.5,16384
1581,0.6261798024047576,0.6987444208067408,42,cuda,True,None,renyi_normalize,5,5,1,passthrough,SA_VSA_OGM,1,0.5,16384
1582,0.6660422865384297,0.6869186167772077,42,cuda,True,None,renyi_normalize,5,7,1,passthrough,SA_VSA_OGM,1,0.5,16384
1583,0.7043827160380586,0.6250782129896133,42,cuda,True,None,renyi_normalize,5,9,1,passthrough,SA_VSA_OGM,1,0.5,16384
1584,0.7732702191688948,0.47874692362240856,42,cuda,True,None,renyi_normalize,5,11,1,passthrough,SA_VSA_OGM,1,0.5,16384
1585,0.6190296273275079,0.733304133817211,42,cuda,True,None,renyi_normalize,7,3,1,passthrough,SA_VSA_OGM,1,0.5,16384
1586,0.6012792685308967,0.7404893004630207,42,cuda,True,None,renyi_normalize,7,5,1,passthrough,SA_VSA_OGM,1,0.5,16384
1587,0.5877433216314994,0.7545363533975723,42,cuda,True,None,renyi_normalize,7,7,1,passthrough,SA_VSA_OGM,1,0.5,16384
1588,0.6442773529327819,0.6824761189671713,42,cuda,True,None,renyi_normalize,7,9,1,passthrough,SA_VSA_OGM,1,0.5,16384
1589,0.661403130867828,0.6262879072289658,42,cuda,True,None,renyi_normalize,7,11,1,passthrough,SA_VSA_OGM,1,0.5,16384
1590,0.6264330166737142,0.6992449839402661,42,cuda,True,None,renyi_normalize,9,3,1,passthrough,SA_VSA_OGM,1,0.5,16384
1591,0.5727365489731204,0.7989613314979349,42,cuda,True,None,renyi_normalize,9,5,1,passthrough,SA_VSA_OGM,1,0.5,16384
1592,0.5429929154343338,0.8250531848329371,42,cuda,True,None,renyi_normalize,9,7,1,passthrough,SA_VSA_OGM,1,0.5,16384
1593,0.5411090244603085,0.8105994243523964,42,cuda,True,None,renyi_normalize,9,9,1,passthrough,SA_VSA_OGM,1,0.5,16384
1594,0.6066736619431458,0.7569557418762775,42,cuda,True,None,renyi_normalize,9,11,1,passthrough,SA_VSA_OGM,1,0.5,16384
1595,0.5716045590034206,0.8035706836858132,42,cuda,True,None,renyi_normalize,11,3,1,passthrough,SA_VSA_OGM,1,0.5,16384
1596,0.5060865285423025,0.8679139031410337,42,cuda,True,None,renyi_normalize,11,5,1,passthrough,SA_VSA_OGM,1,0.5,16384
1597,0.5898081164359693,0.8250114712384766,42,cuda,True,None,renyi_normalize,11,7,1,passthrough,SA_VSA_OGM,1,0.5,16384
1598,0.5522982450774786,0.8532932882826512,42,cuda,True,None,renyi_normalize,11,9,1,passthrough,SA_VSA_OGM,1,0.5,16384
1599,0.6425586092200449,0.7566220331205941,42,cuda,True,None,renyi_normalize,11,11,1,passthrough,SA_VSA_OGM,1,0.5,16384
1600,0.606384045627307,0.7258061152129479,42,cuda,True,None,renyi_normalize_squaring,3,3,1,passthrough,SA_VSA_OGM,1,0.5,16384
1601,0.6593612081508115,0.6622867392483209,42,cuda,True,None,renyi_normalize_squaring,3,5,1,passthrough,SA_VSA_OGM,1,0.5,16384
1602,0.6440425192106867,0.7174946815167064,42,cuda,True,None,renyi_normalize_squaring,3,7,1,passthrough,SA_VSA_OGM,1,0.5,16384
1603,0.6891299596077232,0.6660826763442205,42,cuda,True,None,renyi_normalize_squaring,3,9,1,passthrough,SA_VSA_OGM,1,0.5,16384
1604,0.6027049377942999,0.790493471822467,42,cuda,True,None,renyi_normalize_squaring,3,11,1,passthrough,SA_VSA_OGM,1,0.5,16384
1605,0.5928403861924368,0.7355149543236142,42,cuda,True,None,renyi_normalize_squaring,5,3,1,passthrough,SA_VSA_OGM,1,0.5,16384
1606,0.5105156467582467,0.8379218287239811,42,cuda,True,None,renyi_normalize_squaring,5,5,1,passthrough,SA_VSA_OGM,1,0.5,16384
1607,0.6221541813049771,0.7632962082342636,42,cuda,True,None,renyi_normalize_squaring,5,7,1,passthrough,SA_VSA_OGM,1,0.5,16384
1608,0.6130331435105423,0.7548700621532556,42,cuda,True,None,renyi_normalize_squaring,5,9,1,passthrough,SA_VSA_OGM,1,0.5,16384
1609,0.6387185762789084,0.7332624202227507,42,cuda,True,None,renyi_normalize_squaring,5,11,1,passthrough,SA_VSA_OGM,1,0.5,16384
1610,0.5118552312445482,0.8343136028031536,42,cuda,True,None,renyi_normalize_squaring,7,3,1,passthrough,SA_VSA_OGM,1,0.5,16384
1611,0.5271693913141544,0.8023818462436908,42,cuda,True,None,renyi_normalize_squaring,7,5,1,passthrough,SA_VSA_OGM,1,0.5,16384
1612,0.6069708805379546,0.7466941976390105,42,cuda,True,None,renyi_normalize_squaring,7,7,1,passthrough,SA_VSA_OGM,1,0.5,16384
1613,0.6904087531480227,0.6823718349810203,42,cuda,True,None,renyi_normalize_squaring,7,9,1,passthrough,SA_VSA_OGM,1,0.5,16384
1614,0.5340508092602129,0.8182121553414259,42,cuda,True,None,renyi_normalize_squaring,7,11,1,passthrough,SA_VSA_OGM,1,0.5,16384
1615,0.6032149659275389,0.7345763984482543,42,cuda,True,None,renyi_normalize_squaring,9,3,1,passthrough,SA_VSA_OGM,1,0.5,16384
1616,0.6187638626328261,0.7751845826554875,42,cuda,True,None,renyi_normalize_squaring,9,5,1,passthrough,SA_VSA_OGM,1,0.5,16384
1617,0.5928434515640715,0.7644224752846953,42,cuda,True,None,renyi_normalize_squaring,9,7,1,passthrough,SA_VSA_OGM,1,0.5,16384
1618,0.6070496209565924,0.7577065865765653,42,cuda,True,None,renyi_normalize_squaring,9,9,1,passthrough,SA_VSA_OGM,1,0.5,16384
1619,0.6362840472253553,0.7302173278271388,42,cuda,True,None,renyi_normalize_squaring,9,11,1,passthrough,SA_VSA_OGM,1,0.5,16384
1620,0.5989901083529244,0.7392691778250533,42,cuda,True,None,renyi_normalize_squaring,11,3,1,passthrough,SA_VSA_OGM,1,0.5,16384
1621,0.5765786223654062,0.7590414215992992,42,cuda,True,None,renyi_normalize_squaring,11,5,1,passthrough,SA_VSA_OGM,1,0.5,16384
1622,0.5529066460341029,0.814603929420598,42,cuda,True,None,renyi_normalize_squaring,11,7,1,passthrough,SA_VSA_OGM,1,0.5,16384
1623,0.6031904078775878,0.7842364326534016,42,cuda,True,None,renyi_normalize_squaring,11,9,1,passthrough,SA_VSA_OGM,1,0.5,16384
1624,0.5646063855692073,0.8023818462436908,42,cuda,True,None,renyi_normalize_squaring,11,11,1,passthrough,SA_VSA_OGM,1,0.5,16384
1625,0.5549816979786188,0.7869478162933299,42,cuda,True,None,renyi_normalize_cubic,3,3,1,passthrough,SA_VSA_OGM,1,0.5,16384
1626,0.6632788259358807,0.7530555207942268,42,cuda,True,None,renyi_normalize_cubic,3,5,1,passthrough,SA_VSA_OGM,1,0.5,16384
1627,0.6120365865736604,0.8249906144412464,42,cuda,True,None,renyi_normalize_cubic,3,7,1,passthrough,SA_VSA_OGM,1,0.5,16384
1628,0.594093360732637,0.7993993242397698,42,cuda,True,None,renyi_normalize_cubic,3,9,1,passthrough,SA_VSA_OGM,1,0.5,16384
1629,0.658781968918133,0.7503232803570685,42,cuda,True,None,renyi_normalize_cubic,3,11,1,passthrough,SA_VSA_OGM,1,0.5,16384
1630,0.5914543256935234,0.7460997789179493,42,cuda,True,None,renyi_normalize_cubic,5,3,1,passthrough,SA_VSA_OGM,1,0.5,16384
1631,0.5560436931969822,0.780815917907646,42,cuda,True,None,renyi_normalize_cubic,5,5,1,passthrough,SA_VSA_OGM,1,0.5,16384
1632,0.6329430035104351,0.6985775664288991,42,cuda,True,None,renyi_normalize_cubic,5,7,1,passthrough,SA_VSA_OGM,1,0.5,16384
1633,0.590467499053205,0.7921828723981146,42,cuda,True,None,renyi_normalize_cubic,5,9,1,passthrough,SA_VSA_OGM,1,0.5,16384
1634,0.6638389338447503,0.8148959245818213,42,cuda,True,None,renyi_normalize_cubic,5,11,1,passthrough,SA_VSA_OGM,1,0.5,16384
1635,0.6317385421965249,0.7243357110082176,42,cuda,True,None,renyi_normalize_cubic,7,3,1,passthrough,SA_VSA_OGM,1,0.5,16384
1636,0.6018503259485157,0.771305218370667,42,cuda,True,None,renyi_normalize_cubic,7,5,1,passthrough,SA_VSA_OGM,1,0.5,16384
1637,0.6031887109940929,0.8054269386393025,42,cuda,True,None,renyi_normalize_cubic,7,7,1,passthrough,SA_VSA_OGM,1,0.5,16384
1638,0.6369404565251947,0.7814207650273226,42,cuda,True,None,renyi_normalize_cubic,7,9,1,passthrough,SA_VSA_OGM,1,0.5,16384
1639,0.5866681855841642,0.7887623576523589,42,cuda,True,None,renyi_normalize_cubic,7,11,1,passthrough,SA_VSA_OGM,1,0.5,16384
1640,0.5986352732643142,0.7762065657197681,42,cuda,True,None,renyi_normalize_cubic,9,3,1,passthrough,SA_VSA_OGM,1,0.5,16384
1641,0.5715173798954485,0.7949985400241937,42,cuda,True,None,renyi_normalize_cubic,9,5,1,passthrough,SA_VSA_OGM,1,0.5,16384
1642,0.6288121266145485,0.7829850248195886,42,cuda,True,None,renyi_normalize_cubic,9,7,1,passthrough,SA_VSA_OGM,1,0.5,16384
1643,0.6504311077399483,0.7819630417553081,42,cuda,True,None,renyi_normalize_cubic,9,9,1,passthrough,SA_VSA_OGM,1,0.5,16384
1644,0.5610012327514947,0.8088474533850583,42,cuda,True,None,renyi_normalize_cubic,9,11,1,passthrough,SA_VSA_OGM,1,0.5,16384
1645,0.5244911224456632,0.8246360488883326,42,cuda,True,None,renyi_normalize_cubic,11,3,1,passthrough,SA_VSA_OGM,1,0.5,16384
1646,0.6223064227887933,0.8359195761898803,42,cuda,True,None,renyi_normalize_cubic,11,5,1,passthrough,SA_VSA_OGM,1,0.5,16384
1647,0.5329995244841053,0.8391315229633338,42,cuda,True,None,renyi_normalize_cubic,11,7,1,passthrough,SA_VSA_OGM,1,0.5,16384
1648,0.5072305956113644,0.8421557585617152,42,cuda,True,None,renyi_normalize_cubic,11,9,1,passthrough,SA_VSA_OGM,1,0.5,16384
1649,0.6162645285826189,0.8188378592583323,42,cuda,True,None,renyi_normalize_cubic,11,11,1,passthrough,SA_VSA_OGM,1,0.5,16384
1650,0.4424090334130411,0.9032870312434824,42,cuda,True,None,renyi,3,3,1,passthrough,SA_VSA_OGM,1,1.0,16384
1651,0.4346953955680682,0.9024736161515038,42,cuda,True,None,renyi,3,5,1,passthrough,SA_VSA_OGM,1,1.0,16384
1652,0.4412259139484788,0.904204730321612,42,cuda,True,None,renyi,3,7,1,passthrough,SA_VSA_OGM,1,1.0,16384
1653,0.4439336558723246,0.8998456597004963,42,cuda,True,None,renyi,3,9,1,passthrough,SA_VSA_OGM,1,1.0,16384
1654,0.4620385741436599,0.896550285738122,42,cuda,True,None,renyi,3,11,1,passthrough,SA_VSA_OGM,1,1.0,16384
1655,0.4392269992434855,0.899803946106036,42,cuda,True,None,renyi,5,3,1,passthrough,SA_VSA_OGM,1,1.0,16384
1656,0.46838956175785706,0.8678096191548826,42,cuda,True,None,renyi,5,5,1,passthrough,SA_VSA_OGM,1,1.0,16384
1657,0.4446155928288584,0.8860384599340925,42,cuda,True,None,renyi,5,7,1,passthrough,SA_VSA_OGM,1,1.0,16384
1658,0.44063154923058,0.8838693530221499,42,cuda,True,None,renyi,5,9,1,passthrough,SA_VSA_OGM,1,1.0,16384
1659,0.44795469253369463,0.874004087932257,42,cuda,True,None,renyi,5,11,1,passthrough,SA_VSA_OGM,1,1.0,16384
1660,0.4643893454491967,0.8911275184582655,42,cuda,True,None,renyi,7,3,1,passthrough,SA_VSA_OGM,1,1.0,16384
1661,0.46595124454734305,0.8761523380469696,42,cuda,True,None,renyi,7,5,1,passthrough,SA_VSA_OGM,1,1.0,16384
1662,0.4640666819751416,0.8738580903516456,42,cuda,True,None,renyi,7,7,1,passthrough,SA_VSA_OGM,1,1.0,16384
1663,0.4808551952189016,0.860551453718767,42,cuda,True,None,renyi,7,9,1,passthrough,SA_VSA_OGM,1,1.0,16384
1664,0.4626965714782881,0.8617194343636592,42,cuda,True,None,renyi,7,11,1,passthrough,SA_VSA_OGM,1,1.0,16384
1665,0.4486887575529025,0.8808659742209988,42,cuda,True,None,renyi,9,3,1,passthrough,SA_VSA_OGM,1,1.0,16384
1666,0.48028739849423696,0.8725232553289117,42,cuda,True,None,renyi,9,5,1,passthrough,SA_VSA_OGM,1,1.0,16384
1667,0.48268400202504,0.8628457014140908,42,cuda,True,None,renyi,9,7,1,passthrough,SA_VSA_OGM,1,1.0,16384
1668,0.4881767442687892,0.8556292495724356,42,cuda,True,None,renyi,9,9,1,passthrough,SA_VSA_OGM,1,1.0,16384
1669,0.5029564067262211,0.8429483168564634,42,cuda,True,None,renyi,9,11,1,passthrough,SA_VSA_OGM,1,1.0,16384
1670,0.4732935709856998,0.8778000250281567,42,cuda,True,None,renyi,11,3,1,passthrough,SA_VSA_OGM,1,1.0,16384
1671,0.4650520516972976,0.8771117507195595,42,cuda,True,None,renyi,11,5,1,passthrough,SA_VSA_OGM,1,1.0,16384
1672,0.4641499090278152,0.8705001459975807,42,cuda,True,None,renyi,11,7,1,passthrough,SA_VSA_OGM,1,1.0,16384
1673,0.47227799892105543,0.873795519959955,42,cuda,True,None,renyi,11,9,1,passthrough,SA_VSA_OGM,1,1.0,16384
1674,0.4626555554151287,0.8619280023359612,42,cuda,True,None,renyi,11,11,1,passthrough,SA_VSA_OGM,1,1.0,16384
1675,0.8941942540151594,0.587431693989071,42,cuda,True,None,renyi_squaring,3,3,1,passthrough,SA_VSA_OGM,1,1.0,16384
1676,0.8882627998711624,0.6161619321736954,42,cuda,True,None,renyi_squaring,3,5,1,passthrough,SA_VSA_OGM,1,1.0,16384
1677,1.3629798031887324,0.6127205606307096,42,cuda,True,None,renyi_squaring,3,7,1,passthrough,SA_VSA_OGM,1,1.0,16384
1678,1.2546571566772633,0.6284465857422934,42,cuda,True,None,renyi_squaring,3,9,1,passthrough,SA_VSA_OGM,1,1.0,16384
1679,1.661851707890669,0.6407625245067367,42,cuda,True,None,renyi_squaring,3,11,1,passthrough,SA_VSA_OGM,1,1.0,16384
1680,0.6914050232509777,0.63674759103992,42,cuda,True,None,renyi_squaring,5,3,1,passthrough,SA_VSA_OGM,1,1.0,16384
1681,1.1015232082540198,0.6198848704792892,42,cuda,True,None,renyi_squaring,5,5,1,passthrough,SA_VSA_OGM,1,1.0,16384
1682,0.8980682208305041,0.6689817711592209,42,cuda,True,None,renyi_squaring,5,7,1,passthrough,SA_VSA_OGM,1,1.0,16384
1683,1.1492430317969011,0.68331039085638,42,cuda,True,None,renyi_squaring,5,9,1,passthrough,SA_VSA_OGM,1,1.0,16384
1684,1.9976982100493548,0.6131689817711593,42,cuda,True,None,renyi_squaring,5,11,1,passthrough,SA_VSA_OGM,1,1.0,16384
1685,0.6867136196260729,0.6281754473783006,42,cuda,True,None,renyi_squaring,7,3,1,passthrough,SA_VSA_OGM,1,1.0,16384
1686,0.7635490082392649,0.645392733491845,42,cuda,True,None,renyi_squaring,7,5,1,passthrough,SA_VSA_OGM,1,1.0,16384
1687,13.03520489187722,0.6457681558419889,42,cuda,True,None,renyi_squaring,7,7,1,passthrough,SA_VSA_OGM,1,1.0,16384
1688,1.1075393497823751,0.6895361448296,42,cuda,True,None,renyi_squaring,7,9,1,passthrough,SA_VSA_OGM,1,1.0,16384
1689,1.2379346183923077,0.6855629249572436,42,cuda,True,None,renyi_squaring,7,11,1,passthrough,SA_VSA_OGM,1,1.0,16384
1690,0.6211760770876028,0.7008613857256081,42,cuda,True,None,renyi_squaring,9,3,1,passthrough,SA_VSA_OGM,1,1.0,16384
1691,0.6810984938453166,0.6758645142451926,42,cuda,True,None,renyi_squaring,9,5,1,passthrough,SA_VSA_OGM,1,1.0,16384
1692,1.0179699167832232,0.6830809660868478,42,cuda,True,None,renyi_squaring,9,7,1,passthrough,SA_VSA_OGM,1,1.0,16384
1693,1.107420709924638,0.6860217744963084,42,cuda,True,None,renyi_squaring,9,9,1,passthrough,SA_VSA_OGM,1,1.0,16384
1694,0.9669596897132684,0.6832478204646895,42,cuda,True,None,renyi_squaring,9,11,1,passthrough,SA_VSA_OGM,1,1.0,16384
1695,0.6375657587613138,0.6872940391273517,42,cuda,True,None,renyi_squaring,11,3,1,passthrough,SA_VSA_OGM,1,1.0,16384
1696,0.6948479487435238,0.6983794268552123,42,cuda,True,None,renyi_squaring,11,5,1,passthrough,SA_VSA_OGM,1,1.0,16384
1697,0.7906000188138774,0.6835293872272974,42,cuda,True,None,renyi_squaring,11,7,1,passthrough,SA_VSA_OGM,1,1.0,16384
1698,0.7659689614770432,0.706440578984691,42,cuda,True,None,renyi_squaring,11,9,1,passthrough,SA_VSA_OGM,1,1.0,16384
1699,1.1996205137737304,0.689630000417136,42,cuda,True,None,renyi_squaring,11,11,1,passthrough,SA_VSA_OGM,1,1.0,16384
1700,21.22120716392965,0.5,42,cuda,True,None,renyi_cubic,3,3,1,passthrough,SA_VSA_OGM,1,1.0,16384
1701,21.22120716392965,0.5,42,cuda,True,None,renyi_cubic,3,5,1,passthrough,SA_VSA_OGM,1,1.0,16384
1702,21.22120716392965,0.5,42,cuda,True,None,renyi_cubic,3,7,1,passthrough,SA_VSA_OGM,1,1.0,16384
1703,21.22120716392965,0.5,42,cuda,True,None,renyi_cubic,3,9,1,passthrough,SA_VSA_OGM,1,1.0,16384
1704,21.22120716392965,0.5,42,cuda,True,None,renyi_cubic,3,11,1,passthrough,SA_VSA_OGM,1,1.0,16384
1705,21.22120716392965,0.5,42,cuda,True,None,renyi_cubic,5,3,1,passthrough,SA_VSA_OGM,1,1.0,16384
1706,21.22120716392965,0.5,42,cuda,True,None,renyi_cubic,5,5,1,passthrough,SA_VSA_OGM,1,1.0,16384
1707,21.22120716392965,0.5,42,cuda,True,None,renyi_cubic,5,7,1,passthrough,SA_VSA_OGM,1,1.0,16384
1708,21.22120716392965,0.5,42,cuda,True,None,renyi_cubic,5,9,1,passthrough,SA_VSA_OGM,1,1.0,16384
1709,21.22120716392965,0.5,42,cuda,True,None,renyi_cubic,5,11,1,passthrough,SA_VSA_OGM,1,1.0,16384
1710,21.22120716392965,0.5,42,cuda,True,None,renyi_cubic,7,3,1,passthrough,SA_VSA_OGM,1,1.0,16384
1711,21.22120716392965,0.5,42,cuda,True,None,renyi_cubic,7,5,1,passthrough,SA_VSA_OGM,1,1.0,16384
1712,21.22120716392965,0.5,42,cuda,True,None,renyi_cubic,7,7,1,passthrough,SA_VSA_OGM,1,1.0,16384
1713,21.221207163929645,0.5,42,cuda,True,None,renyi_cubic,7,9,1,passthrough,SA_VSA_OGM,1,1.0,16384
1714,21.221207163929645,0.5,42,cuda,True,None,renyi_cubic,7,11,1,passthrough,SA_VSA_OGM,1,1.0,16384
1715,21.22120716392965,0.5,42,cuda,True,None,renyi_cubic,9,3,1,passthrough,SA_VSA_OGM,1,1.0,16384
1716,21.22120716392965,0.5,42,cuda,True,None,renyi_cubic,9,5,1,passthrough,SA_VSA_OGM,1,1.0,16384
1717,21.221207163929645,0.5,42,cuda,True,None,renyi_cubic,9,7,1,passthrough,SA_VSA_OGM,1,1.0,16384
1718,21.22120716392965,0.5,42,cuda,True,None,renyi_cubic,9,9,1,passthrough,SA_VSA_OGM,1,1.0,16384
1719,21.22120716392965,0.5,42,cuda,True,None,renyi_cubic,9,11,1,passthrough,SA_VSA_OGM,1,1.0,16384
1720,21.221207163929645,0.5,42,cuda,True,None,renyi_cubic,11,3,1,passthrough,SA_VSA_OGM,1,1.0,16384
1721,21.221207163929645,0.5,42,cuda,True,None,renyi_cubic,11,5,1,passthrough,SA_VSA_OGM,1,1.0,16384
1722,21.22120716392965,0.5,42,cuda,True,None,renyi_cubic,11,7,1,passthrough,SA_VSA_OGM,1,1.0,16384
1723,21.22120716392965,0.5,42,cuda,True,None,renyi_cubic,11,9,1,passthrough,SA_VSA_OGM,1,1.0,16384
1724,21.221207163929645,0.5,42,cuda,True,None,renyi_cubic,11,11,1,passthrough,SA_VSA_OGM,1,1.0,16384
1725,0.6118457980940508,0.729080632378092,42,cuda,True,None,renyi_normalize,3,3,1,passthrough,SA_VSA_OGM,1,1.0,16384
1726,0.5962574782678917,0.8077003295373961,42,cuda,True,None,renyi_normalize,3,5,1,passthrough,SA_VSA_OGM,1,1.0,16384
1727,0.6434032816195091,0.7850915613398406,42,cuda,True,None,renyi_normalize,3,7,1,passthrough,SA_VSA_OGM,1,1.0,16384
1728,0.6585519535010224,0.7573937346181121,42,cuda,True,None,renyi_normalize,3,9,1,passthrough,SA_VSA_OGM,1,1.0,16384
1729,0.6676061010764534,0.7302173278271389,42,cuda,True,None,renyi_normalize,3,11,1,passthrough,SA_VSA_OGM,1,1.0,16384
1730,0.5582930372740618,0.8158657656530263,42,cuda,True,None,renyi_normalize,5,3,1,passthrough,SA_VSA_OGM,1,1.0,16384
1731,0.5146755188015772,0.8545551245150795,42,cuda,True,None,renyi_normalize,5,5,1,passthrough,SA_VSA_OGM,1,1.0,16384
1732,0.548918035485622,0.8564843782588745,42,cuda,True,None,renyi_normalize,5,7,1,passthrough,SA_VSA_OGM,1,1.0,16384
1733,0.5655658368668679,0.8293288282651315,42,cuda,True,None,renyi_normalize,5,9,1,passthrough,SA_VSA_OGM,1,1.0,16384
1734,0.6267162077684684,0.7700955241313144,42,cuda,True,None,renyi_normalize,5,11,1,passthrough,SA_VSA_OGM,1,1.0,16384
1735,0.5305341326405444,0.8560255287198099,42,cuda,True,None,renyi_normalize,7,3,1,passthrough,SA_VSA_OGM,1,1.0,16384
1736,0.49306982251584514,0.8703332916197389,42,cuda,True,None,renyi_normalize,7,5,1,passthrough,SA_VSA_OGM,1,1.0,16384
1737,0.4861958271741564,0.8758811996829767,42,cuda,True,None,renyi_normalize,7,7,1,passthrough,SA_VSA_OGM,1,1.0,16384
1738,0.5183036571914641,0.8185875776915696,42,cuda,True,None,renyi_normalize,7,9,1,passthrough,SA_VSA_OGM,1,1.0,16384
1739,0.5589762216984098,0.8024861302298419,42,cuda,True,None,renyi_normalize,7,11,1,passthrough,SA_VSA_OGM,1,1.0,16384
1740,0.4975939996209049,0.8727526800984441,42,cuda,True,None,renyi_normalize,9,3,1,passthrough,SA_VSA_OGM,1,1.0,16384
1741,0.4698987451247579,0.8897718266383015,42,cuda,True,None,renyi_normalize,9,5,1,passthrough,SA_VSA_OGM,1,1.0,16384
1742,0.5292282961306912,0.857881783673299,42,cuda,True,None,renyi_normalize,9,7,1,passthrough,SA_VSA_OGM,1,1.0,16384
1743,0.4819985276173416,0.8610311600550619,42,cuda,True,None,renyi_normalize,9,9,1,passthrough,SA_VSA_OGM,1,1.0,16384
1744,0.5233953842626349,0.8467859675468236,42,cuda,True,None,renyi_normalize,9,11,1,passthrough,SA_VSA_OGM,1,1.0,16384
1745,0.4633297003238028,0.9073332499061444,42,cuda,True,None,renyi_normalize,11,3,1,passthrough,SA_VSA_OGM,1,1.0,16384
1746,0.4777536786893533,0.8751929253743795,42,cuda,True,None,renyi_normalize,11,5,1,passthrough,SA_VSA_OGM,1,1.0,16384
1747,0.4464081762967017,0.8980311183414675,42,cuda,True,None,renyi_normalize,11,7,1,passthrough,SA_VSA_OGM,1,1.0,16384
1748,0.437509344850214,0.8788428648896676,42,cuda,True,None,renyi_normalize,11,9,1,passthrough,SA_VSA_OGM,1,1.0,16384
1749,0.4964901495113038,0.8565469486505652,42,cuda,True,None,renyi_normalize,11,11,1,passthrough,SA_VSA_OGM,1,1.0,16384
1750,0.43659509029899907,0.9126517331998498,42,cuda,True,None,renyi_normalize_squaring,3,3,1,passthrough,SA_VSA_OGM,1,1.0,16384
1751,0.479365881074991,0.9013682058983022,42,cuda,True,None,renyi_normalize_squaring,3,5,1,passthrough,SA_VSA_OGM,1,1.0,16384
1752,0.4685575867191776,0.9133191507112168,42,cuda,True,None,renyi_normalize_squaring,3,7,1,passthrough,SA_VSA_OGM,1,1.0,16384
1753,0.5224007348738714,0.919868185041505,42,cuda,True,None,renyi_normalize_squaring,3,9,1,passthrough,SA_VSA_OGM,1,1.0,16384
1754,0.5036216570190485,0.9079380970258208,42,cuda,True,None,renyi_normalize_squaring,3,11,1,passthrough,SA_VSA_OGM,1,1.0,16384
1755,0.4721237794163053,0.9041630167271516,42,cuda,True,None,renyi_normalize_squaring,5,3,1,passthrough,SA_VSA_OGM,1,1.0,16384
1756,0.5486331493053981,0.8571726525674718,42,cuda,True,None,renyi_normalize_squaring,5,5,1,passthrough,SA_VSA_OGM,1,1.0,16384
1757,0.4745916254945338,0.8872690109706755,42,cuda,True,None,renyi_normalize_squaring,5,7,1,passthrough,SA_VSA_OGM,1,1.0,16384
1758,0.5085228957651787,0.8704584324031202,42,cuda,True,None,renyi_normalize_squaring,5,9,1,passthrough,SA_VSA_OGM,1,1.0,16384
1759,0.522868974604768,0.8926292078588413,42,cuda,True,None,renyi_normalize_squaring,5,11,1,passthrough,SA_VSA_OGM,1,1.0,16384
1760,0.4388685313333835,0.8883118508321862,42,cuda,True,None,renyi_normalize_squaring,7,3,1,passthrough,SA_VSA_OGM,1,1.0,16384
1761,0.4601868049108815,0.8814708213406749,42,cuda,True,None,renyi_normalize_squaring,7,5,1,passthrough,SA_VSA_OGM,1,1.0,16384
1762,0.46749389258832735,0.8760897676552789,42,cuda,True,None,renyi_normalize_squaring,7,7,1,passthrough,SA_VSA_OGM,1,1.0,16384
1763,0.6123243121298374,0.8650565219204939,42,cuda,True,None,renyi_normalize_squaring,7,9,1,passthrough,SA_VSA_OGM,1,1.0,16384
1764,0.5283527220549739,0.8690401701914654,42,cuda,True,None,renyi_normalize_squaring,7,11,1,passthrough,SA_VSA_OGM,1,1.0,16384
1765,0.4871872783782368,0.8754640637383724,42,cuda,True,None,renyi_normalize_squaring,9,3,1,passthrough,SA_VSA_OGM,1,1.0,16384
1766,0.46715634517851345,0.8744212238768615,42,cuda,True,None,renyi_normalize_squaring,9,5,1,passthrough,SA_VSA_OGM,1,1.0,16384
1767,0.46817818806271255,0.8569849413923998,42,cuda,True,None,renyi_normalize_squaring,9,7,1,passthrough,SA_VSA_OGM,1,1.0,16384
1768,0.5079569711364851,0.8589663371292704,42,cuda,True,None,renyi_normalize_squaring,9,9,1,passthrough,SA_VSA_OGM,1,1.0,16384
1769,0.5817507622846041,0.862282567888875,42,cuda,True,None,renyi_normalize_squaring,9,11,1,passthrough,SA_VSA_OGM,1,1.0,16384
1770,0.46209276038581615,0.8669544904684436,42,cuda,True,None,renyi_normalize_squaring,11,3,1,passthrough,SA_VSA_OGM,1,1.0,16384
1771,0.5515551541741307,0.8976974095857841,42,cuda,True,None,renyi_normalize_squaring,11,5,1,passthrough,SA_VSA_OGM,1,1.0,16384
1772,0.483714358764644,0.8644099612063572,42,cuda,True,None,renyi_normalize_squaring,11,7,1,passthrough,SA_VSA_OGM,1,1.0,16384
1773,0.4768186558505269,0.8675593375881199,42,cuda,True,None,renyi_normalize_squaring,11,9,1,passthrough,SA_VSA_OGM,1,1.0,16384
1774,0.5334666282279993,0.8577357860926876,42,cuda,True,None,renyi_normalize_squaring,11,11,1,passthrough,SA_VSA_OGM,1,1.0,16384
1775,0.3644975031454458,0.9301193008801568,42,cuda,True,None,renyi_normalize_cubic,3,3,1,passthrough,SA_VSA_OGM,1,1.0,16384
1776,0.43393145672226474,0.8969152796896509,42,cuda,True,None,renyi_normalize_cubic,3,5,1,passthrough,SA_VSA_OGM,1,1.0,16384
1777,0.4183192788602608,0.9066866891920076,42,cuda,True,None,renyi_normalize_cubic,3,7,1,passthrough,SA_VSA_OGM,1,1.0,16384
1778,0.4839382286323449,0.9240186876903184,42,cuda,True,None,renyi_normalize_cubic,3,9,1,passthrough,SA_VSA_OGM,1,1.0,16384
1779,0.46216579603505714,0.9296708797397072,42,cuda,True,None,renyi_normalize_cubic,3,11,1,passthrough,SA_VSA_OGM,1,1.0,16384
1780,0.4913715906756058,0.8859550327451716,42,cuda,True,None,renyi_normalize_cubic,5,3,1,passthrough,SA_VSA_OGM,1,1.0,16384
1781,0.4201495066783388,0.8955491594710717,42,cuda,True,None,renyi_normalize_cubic,5,5,1,passthrough,SA_VSA_OGM,1,1.0,16384
1782,0.5306859863719238,0.9038710215659284,42,cuda,True,None,renyi_normalize_cubic,5,7,1,passthrough,SA_VSA_OGM,1,1.0,16384
1783,0.5505467451970443,0.8986359654611437,42,cuda,True,None,renyi_normalize_cubic,5,9,1,passthrough,SA_VSA_OGM,1,1.0,16384
1784,0.48175094785900335,0.8771117507195595,42,cuda,True,None,renyi_normalize_cubic,5,11,1,passthrough,SA_VSA_OGM,1,1.0,16384
1785,0.4960105640452357,0.8726066825178326,42,cuda,True,None,renyi_normalize_cubic,7,3,1,passthrough,SA_VSA_OGM,1,1.0,16384
1786,0.534023095321869,0.8947148875818629,42,cuda,True,None,renyi_normalize_cubic,7,5,1,passthrough,SA_VSA_OGM,1,1.0,16384
1787,0.527924205127779,0.8632419805614651,42,cuda,True,None,renyi_normalize_cubic,7,7,1,passthrough,SA_VSA_OGM,1,1.0,16384
1788,0.4891903944055496,0.8764651900054228,42,cuda,True,None,renyi_normalize_cubic,7,9,1,passthrough,SA_VSA_OGM,1,1.0,16384
1789,0.606646505294288,0.8773620322863221,42,cuda,True,None,renyi_normalize_cubic,7,11,1,passthrough,SA_VSA_OGM,1,1.0,16384
1790,0.45862400397146735,0.8717306970341634,42,cuda,True,None,renyi_normalize_cubic,9,3,1,passthrough,SA_VSA_OGM,1,1.0,16384
1791,0.48878669563814026,0.8697075877028323,42,cuda,True,None,renyi_normalize_cubic,9,5,1,passthrough,SA_VSA_OGM,1,1.0,16384
1792,0.4527294188679529,0.8716472698452427,42,cuda,True,None,renyi_normalize_cubic,9,7,1,passthrough,SA_VSA_OGM,1,1.0,16384
1793,0.6597651820595303,0.8370249864430818,42,cuda,True,None,renyi_normalize_cubic,9,9,1,passthrough,SA_VSA_OGM,1,1.0,16384
1794,0.5310425883133877,0.874462937471322,42,cuda,True,None,renyi_normalize_cubic,9,11,1,passthrough,SA_VSA_OGM,1,1.0,16384
1795,0.44544543308796136,0.8741083719184083,42,cuda,True,None,renyi_normalize_cubic,11,3,1,passthrough,SA_VSA_OGM,1,1.0,16384
1796,0.5548707671681544,0.8709381387394152,42,cuda,True,None,renyi_normalize_cubic,11,5,1,passthrough,SA_VSA_OGM,1,1.0,16384
1797,0.5042451761021083,0.8854753264088766,42,cuda,True,None,renyi_normalize_cubic,11,7,1,passthrough,SA_VSA_OGM,1,1.0,16384
1798,0.5493741632330951,0.8565469486505652,42,cuda,True,None,renyi_normalize_cubic,11,9,1,passthrough,SA_VSA_OGM,1,1.0,16384
1799,0.6736847556570843,0.8504150502648813,42,cuda,True,None,renyi_normalize_cubic,11,11,1,passthrough,SA_VSA_OGM,1,1.0,16384
1800,0.4807093693563322,0.8678513327493431,42,cuda,True,None,renyi,3,3,1,passthrough,SA_VSA_OGM,1,2.0,8192
1801,0.4747103867796224,0.868623034246861,42,cuda,True,None,renyi,3,5,1,passthrough,SA_VSA_OGM,1,2.0,8192
1802,0.47552701911447937,0.8569849413923998,42,cuda,True,None,renyi,3,7,1,passthrough,SA_VSA_OGM,1,2.0,8192
1803,0.48162161124529623,0.8561715263004214,42,cuda,True,None,renyi,3,9,1,passthrough,SA_VSA_OGM,1,2.0,8192
1804,0.4841108664107022,0.8607600216910691,42,cuda,True,None,renyi,3,11,1,passthrough,SA_VSA_OGM,1,2.0,8192
1805,0.4560187970571164,0.8970717056688775,42,cuda,True,None,renyi,5,3,1,passthrough,SA_VSA_OGM,1,2.0,8192
1806,0.4417091646565413,0.8770074667334085,42,cuda,True,None,renyi,5,5,1,passthrough,SA_VSA_OGM,1,2.0,8192
1807,0.42014591050484446,0.879155716848121,42,cuda,True,None,renyi,5,7,1,passthrough,SA_VSA_OGM,1,2.0,8192
1808,0.4343329900469153,0.8825970883911067,42,cuda,True,None,renyi,5,9,1,passthrough,SA_VSA_OGM,1,2.0,8192
1809,0.4404132717937989,0.8624702790639469,42,cuda,True,None,renyi,5,11,1,passthrough,SA_VSA_OGM,1,2.0,8192
1810,0.4743228576869421,0.8655987986484794,42,cuda,True,None,renyi,7,3,1,passthrough,SA_VSA_OGM,1,2.0,8192
1811,0.427635048159853,0.8837650690359989,42,cuda,True,None,renyi,7,5,1,passthrough,SA_VSA_OGM,1,2.0,8192
1812,0.4534998873067277,0.8636174029116088,42,cuda,True,None,renyi,7,7,1,passthrough,SA_VSA_OGM,1,2.0,8192
1813,0.453280190423891,0.8610728736495223,42,cuda,True,None,renyi,7,9,1,passthrough,SA_VSA_OGM,1,2.0,8192
1814,0.45732881333744263,0.8501856254953489,42,cuda,True,None,renyi,7,11,1,passthrough,SA_VSA_OGM,1,2.0,8192
1815,0.448110801935012,0.8790722896592,42,cuda,True,None,renyi,9,3,1,passthrough,SA_VSA_OGM,1,2.0,8192
1816,0.4511505036955604,0.8658282234180119,42,cuda,True,None,renyi,9,5,1,passthrough,SA_VSA_OGM,1,2.0,8192
1817,0.4629610273235504,0.8603220289492345,42,cuda,True,None,renyi,9,7,1,passthrough,SA_VSA_OGM,1,2.0,8192
1818,0.4523114488190044,0.8599466065990907,42,cuda,True,None,renyi,9,9,1,passthrough,SA_VSA_OGM,1,2.0,8192
1819,0.459297417468131,0.859988320193551,42,cuda,True,None,renyi,9,11,1,passthrough,SA_VSA_OGM,1,2.0,8192
1820,0.4767466950530498,0.8684978934634798,42,cuda,True,None,renyi,11,3,1,passthrough,SA_VSA_OGM,1,2.0,8192
1821,0.430363214362386,0.8857464647728694,42,cuda,True,None,renyi,11,5,1,passthrough,SA_VSA_OGM,1,2.0,8192
1822,0.43508913056768966,0.8711467067117173,42,cuda,True,None,renyi,11,7,1,passthrough,SA_VSA_OGM,1,2.0,8192
1823,0.4688577882897163,0.863054269386393,42,cuda,True,None,renyi,11,9,1,passthrough,SA_VSA_OGM,1,2.0,8192
1824,0.4622021431509337,0.8629708421974721,42,cuda,True,None,renyi,11,11,1,passthrough,SA_VSA_OGM,1,2.0,8192
1825,0.5723562572956532,0.7722542026446418,42,cuda,True,None,renyi_squaring,3,3,1,passthrough,SA_VSA_OGM,1,2.0,8192
1826,0.5223251484527646,0.8384536770533518,42,cuda,True,None,renyi_squaring,3,5,1,passthrough,SA_VSA_OGM,1,2.0,8192
1827,0.5590275973655031,0.832916197388729,42,cuda,True,None,renyi_squaring,3,7,1,passthrough,SA_VSA_OGM,1,2.0,8192
1828,0.5524996367720978,0.8541484169690903,42,cuda,True,None,renyi_squaring,3,9,1,passthrough,SA_VSA_OGM,1,2.0,8192
1829,0.5913196091858047,0.8472031034914278,42,cuda,True,None,renyi_squaring,3,11,1,passthrough,SA_VSA_OGM,1,2.0,8192
1830,0.5637537080697499,0.7824740332874485,42,cuda,True,None,renyi_squaring,5,3,1,passthrough,SA_VSA_OGM,1,2.0,8192
1831,0.5476108922181064,0.8406853543569849,42,cuda,True,None,renyi_squaring,5,5,1,passthrough,SA_VSA_OGM,1,2.0,8192
1832,0.5893440591537532,0.8282859884036208,42,cuda,True,None,renyi_squaring,5,7,1,passthrough,SA_VSA_OGM,1,2.0,8192
1833,0.5977916001428336,0.8428544612689275,42,cuda,True,None,renyi_squaring,5,9,1,passthrough,SA_VSA_OGM,1,2.0,8192
1834,0.6127398897580048,0.8258353147290702,42,cuda,True,None,renyi_squaring,5,11,1,passthrough,SA_VSA_OGM,1,2.0,8192
1835,0.5710900107811372,0.7788658073666207,42,cuda,True,None,renyi_squaring,7,3,1,passthrough,SA_VSA_OGM,1,2.0,8192
1836,0.558968032430933,0.8066157760814251,42,cuda,True,None,renyi_squaring,7,5,1,passthrough,SA_VSA_OGM,1,2.0,8192
1837,0.5781267491175055,0.8270658657656531,42,cuda,True,None,renyi_squaring,7,7,1,passthrough,SA_VSA_OGM,1,2.0,8192
1838,0.6170350018199057,0.8039982480290326,42,cuda,True,None,renyi_squaring,7,9,1,passthrough,SA_VSA_OGM,1,2.0,8192
1839,0.5945292009931852,0.8102970007925583,42,cuda,True,None,renyi_squaring,7,11,1,passthrough,SA_VSA_OGM,1,2.0,8192
1840,0.5703973736112548,0.7915884536770534,42,cuda,True,None,renyi_squaring,9,3,1,passthrough,SA_VSA_OGM,1,2.0,8192
1841,0.5674497713255005,0.8077107579360113,42,cuda,True,None,renyi_squaring,9,5,1,passthrough,SA_VSA_OGM,1,2.0,8192
1842,0.549839987388686,0.8202352646727569,42,cuda,True,None,renyi_squaring,9,7,1,passthrough,SA_VSA_OGM,1,2.0,8192
1843,0.5679974812114186,0.8118404037875945,42,cuda,True,None,renyi_squaring,9,9,1,passthrough,SA_VSA_OGM,1,2.0,8192
1844,0.5775698543648569,0.8207879697993576,42,cuda,True,None,renyi_squaring,9,11,1,passthrough,SA_VSA_OGM,1,2.0,8192
1845,0.5648027819686269,0.8175551662286739,42,cuda,True,None,renyi_squaring,11,3,1,passthrough,SA_VSA_OGM,1,2.0,8192
1846,0.5468138175148515,0.8222792308013183,42,cuda,True,None,renyi_squaring,11,5,1,passthrough,SA_VSA_OGM,1,2.0,8192
1847,0.5378765785164535,0.8376611187586035,42,cuda,True,None,renyi_squaring,11,7,1,passthrough,SA_VSA_OGM,1,2.0,8192
1848,0.5500285733636704,0.8243857673215701,42,cuda,True,None,renyi_squaring,11,9,1,passthrough,SA_VSA_OGM,1,2.0,8192
1849,0.6311156050180167,0.830423810119718,42,cuda,True,None,renyi_squaring,11,11,1,passthrough,SA_VSA_OGM,1,2.0,8192
1850,21.221207163929645,0.5,42,cuda,True,None,renyi_cubic,3,3,1,passthrough,SA_VSA_OGM,1,2.0,8192
1851,21.221207163929645,0.5,42,cuda,True,None,renyi_cubic,3,5,1,passthrough,SA_VSA_OGM,1,2.0,8192
1852,21.221207163929645,0.5,42,cuda,True,None,renyi_cubic,3,7,1,passthrough,SA_VSA_OGM,1,2.0,8192
1853,21.221207163929645,0.5,42,cuda,True,None,renyi_cubic,3,9,1,passthrough,SA_VSA_OGM,1,2.0,8192
1854,21.221207163929645,0.5,42,cuda,True,None,renyi_cubic,3,11,1,passthrough,SA_VSA_OGM,1,2.0,8192
1855,21.221207163929645,0.5,42,cuda,True,None,renyi_cubic,5,3,1,passthrough,SA_VSA_OGM,1,2.0,8192
1856,21.22120716392965,0.5,42,cuda,True,None,renyi_cubic,5,5,1,passthrough,SA_VSA_OGM,1,2.0,8192
1857,21.221207163929645,0.5,42,cuda,True,None,renyi_cubic,5,7,1,passthrough,SA_VSA_OGM,1,2.0,8192
1858,21.221207163929645,0.5,42,cuda,True,None,renyi_cubic,5,9,1,passthrough,SA_VSA_OGM,1,2.0,8192
1859,21.22120716392964,0.5,42,cuda,True,None,renyi_cubic,5,11,1,passthrough,SA_VSA_OGM,1,2.0,8192
1860,21.221207163929645,0.5,42,cuda,True,None,renyi_cubic,7,3,1,passthrough,SA_VSA_OGM,1,2.0,8192
1861,21.221207163929645,0.5,42,cuda,True,None,renyi_cubic,7,5,1,passthrough,SA_VSA_OGM,1,2.0,8192
1862,21.22120716392964,0.5,42,cuda,True,None,renyi_cubic,7,7,1,passthrough,SA_VSA_OGM,1,2.0,8192
1863,21.221207163929645,0.5,42,cuda,True,None,renyi_cubic,7,9,1,passthrough,SA_VSA_OGM,1,2.0,8192
1864,21.221207163929645,0.5,42,cuda,True,None,renyi_cubic,7,11,1,passthrough,SA_VSA_OGM,1,2.0,8192
1865,21.221207163929645,0.5,42,cuda,True,None,renyi_cubic,9,3,1,passthrough,SA_VSA_OGM,1,2.0,8192
1866,21.221207163929645,0.5,42,cuda,True,None,renyi_cubic,9,5,1,passthrough,SA_VSA_OGM,1,2.0,8192
1867,21.22120716392964,0.5,42,cuda,True,None,renyi_cubic,9,7,1,passthrough,SA_VSA_OGM,1,2.0,8192
1868,21.221207163929645,0.5,42,cuda,True,None,renyi_cubic,9,9,1,passthrough,SA_VSA_OGM,1,2.0,8192
1869,21.221207163929645,0.5,42,cuda,True,None,renyi_cubic,9,11,1,passthrough,SA_VSA_OGM,1,2.0,8192
1870,21.22120716392964,0.5,42,cuda,True,None,renyi_cubic,11,3,1,passthrough,SA_VSA_OGM,1,2.0,8192
1871,21.221207163929645,0.5,42,cuda,True,None,renyi_cubic,11,5,1,passthrough,SA_VSA_OGM,1,2.0,8192
1872,21.221207163929645,0.5,42,cuda,True,None,renyi_cubic,11,7,1,passthrough,SA_VSA_OGM,1,2.0,8192
1873,21.22120716392964,0.5,42,cuda,True,None,renyi_cubic,11,9,1,passthrough,SA_VSA_OGM,1,2.0,8192
1874,21.221207163929645,0.5,42,cuda,True,None,renyi_cubic,11,11,1,passthrough,SA_VSA_OGM,1,2.0,8192
1875,0.5974132348342422,0.7731614733241564,42,cuda,True,None,renyi_normalize,3,3,1,passthrough,SA_VSA_OGM,1,2.0,8192
1876,0.5994977492125783,0.8431777416259958,42,cuda,True,None,renyi_normalize,3,5,1,passthrough,SA_VSA_OGM,1,2.0,8192
1877,0.6274526055700134,0.7896591999332583,42,cuda,True,None,renyi_normalize,3,7,1,passthrough,SA_VSA_OGM,1,2.0,8192
1878,0.67817015330797,0.805280941058691,42,cuda,True,None,renyi_normalize,3,9,1,passthrough,SA_VSA_OGM,1,2.0,8192
1879,0.6632991424257009,0.7676135652609186,42,cuda,True,None,renyi_normalize,3,11,1,passthrough,SA_VSA_OGM,1,2.0,8192
1880,0.5417854709086593,0.8397780836774704,42,cuda,True,None,renyi_normalize,5,3,1,passthrough,SA_VSA_OGM,1,2.0,8192
1881,0.4825553645376632,0.882336378425729,42,cuda,True,None,renyi_normalize,5,5,1,passthrough,SA_VSA_OGM,1,2.0,8192
1882,0.5349903354782135,0.8429274600592332,42,cuda,True,None,renyi_normalize,5,7,1,passthrough,SA_VSA_OGM,1,2.0,8192
1883,0.5663180356056502,0.8163559003879365,42,cuda,True,None,renyi_normalize,5,9,1,passthrough,SA_VSA_OGM,1,2.0,8192
1884,0.6034438883904584,0.7874900930213157,42,cuda,True,None,renyi_normalize,5,11,1,passthrough,SA_VSA_OGM,1,2.0,8192
1885,0.5134611711410144,0.8516768864973095,42,cuda,True,None,renyi_normalize,7,3,1,passthrough,SA_VSA_OGM,1,2.0,8192
1886,0.4898257801395079,0.8586117715763567,42,cuda,True,None,renyi_normalize,7,5,1,passthrough,SA_VSA_OGM,1,2.0,8192
1887,0.4885197930989018,0.8554415383973637,42,cuda,True,None,renyi_normalize,7,7,1,passthrough,SA_VSA_OGM,1,2.0,8192
1888,0.5099294042164149,0.8377758311433696,42,cuda,True,None,renyi_normalize,7,9,1,passthrough,SA_VSA_OGM,1,2.0,8192
1889,0.5463069462938932,0.8039252492387269,42,cuda,True,None,renyi_normalize,7,11,1,passthrough,SA_VSA_OGM,1,2.0,8192
1890,0.507491617113906,0.8783423017561424,42,cuda,True,None,renyi_normalize,9,3,1,passthrough,SA_VSA_OGM,1,2.0,8192
1891,0.5101369194597051,0.8775914570558544,42,cuda,True,None,renyi_normalize,9,5,1,passthrough,SA_VSA_OGM,1,2.0,8192
1892,0.47806984735783464,0.8499979143202769,42,cuda,True,None,renyi_normalize,9,7,1,passthrough,SA_VSA_OGM,1,2.0,8192
1893,0.4819794021309743,0.8578400700788387,42,cuda,True,None,renyi_normalize,9,9,1,passthrough,SA_VSA_OGM,1,2.0,8192
1894,0.509366970713398,0.8314562215826138,42,cuda,True,None,renyi_normalize,9,11,1,passthrough,SA_VSA_OGM,1,2.0,8192
1895,0.4848147930949918,0.8839944938055312,42,cuda,True,None,renyi_normalize,11,3,1,passthrough,SA_VSA_OGM,1,2.0,8192
1896,0.44286151051390743,0.9030576064739498,42,cuda,True,None,renyi_normalize,11,5,1,passthrough,SA_VSA_OGM,1,2.0,8192
1897,0.4335481022885483,0.887435865348517,42,cuda,True,None,renyi_normalize,11,7,1,passthrough,SA_VSA_OGM,1,2.0,8192
1898,0.4651142823105774,0.8572769365536228,42,cuda,True,None,renyi_normalize,11,9,1,passthrough,SA_VSA_OGM,1,2.0,8192
1899,0.48652432862134665,0.8579026404705293,42,cuda,True,None,renyi_normalize,11,11,1,passthrough,SA_VSA_OGM,1,2.0,8192
1900,0.4093746934808069,0.8954344470863054,42,cuda,True,None,renyi_normalize_squaring,3,3,1,passthrough,SA_VSA_OGM,1,2.0,8192
1901,0.41952675357140456,0.9066032620030868,42,cuda,True,None,renyi_normalize_squaring,3,5,1,passthrough,SA_VSA_OGM,1,2.0,8192
1902,0.5315780614515335,0.9199307554331956,42,cuda,True,None,renyi_normalize_squaring,3,7,1,passthrough,SA_VSA_OGM,1,2.0,8192
1903,0.4437725159551395,0.8883535644266466,42,cuda,True,None,renyi_normalize_squaring,3,9,1,passthrough,SA_VSA_OGM,1,2.0,8192
1904,0.4195758900945382,0.9228924206398866,42,cuda,True,None,renyi_normalize_squaring,3,11,1,passthrough,SA_VSA_OGM,1,2.0,8192
1905,0.37609839505898457,0.9062695532474034,42,cuda,True,None,renyi_normalize_squaring,5,3,1,passthrough,SA_VSA_OGM,1,2.0,8192
1906,0.4263356731284747,0.8965294289408918,42,cuda,True,None,renyi_normalize_squaring,5,5,1,passthrough,SA_VSA_OGM,1,2.0,8192
1907,0.4391184907486504,0.8872690109706753,42,cuda,True,None,renyi_normalize_squaring,5,7,1,passthrough,SA_VSA_OGM,1,2.0,8192
1908,0.4714881731916474,0.883014224335711,42,cuda,True,None,renyi_normalize_squaring,5,9,1,passthrough,SA_VSA_OGM,1,2.0,8192
1909,0.5534664187574386,0.8710424227255662,42,cuda,True,None,renyi_normalize_squaring,5,11,1,passthrough,SA_VSA_OGM,1,2.0,8192
1910,0.42586709338609274,0.8702081508363576,42,cuda,True,None,renyi_normalize_squaring,7,3,1,passthrough,SA_VSA_OGM,1,2.0,8192
1911,0.4834685771684418,0.8723564009510699,42,cuda,True,None,renyi_normalize_squaring,7,5,1,passthrough,SA_VSA_OGM,1,2.0,8192
1912,0.4796777071584313,0.8551078296416803,42,cuda,True,None,renyi_normalize_squaring,7,7,1,passthrough,SA_VSA_OGM,1,2.0,8192
1913,0.5105035478242519,0.871292704292329,42,cuda,True,None,renyi_normalize_squaring,7,9,1,passthrough,SA_VSA_OGM,1,2.0,8192
1914,0.5609543366768766,0.8496016351729028,42,cuda,True,None,renyi_normalize_squaring,7,11,1,passthrough,SA_VSA_OGM,1,2.0,8192
1915,0.441019811314963,0.8725649689233722,42,cuda,True,None,renyi_normalize_squaring,9,3,1,passthrough,SA_VSA_OGM,1,2.0,8192
1916,0.4595480312589651,0.8690610269886956,42,cuda,True,None,renyi_normalize_squaring,9,5,1,passthrough,SA_VSA_OGM,1,2.0,8192
1917,0.7575181916331191,0.8606765945021483,42,cuda,True,None,renyi_normalize_squaring,9,7,1,passthrough,SA_VSA_OGM,1,2.0,8192
1918,0.6338970033930698,0.8637634004922203,42,cuda,True,None,renyi_normalize_squaring,9,9,1,passthrough,SA_VSA_OGM,1,2.0,8192
1919,0.47160635834371273,0.8635965461143786,42,cuda,True,None,renyi_normalize_squaring,9,11,1,passthrough,SA_VSA_OGM,1,2.0,8192
1920,0.4089494949369997,0.8797188503733367,42,cuda,True,None,renyi_normalize_squaring,11,3,1,passthrough,SA_VSA_OGM,1,2.0,8192
1921,0.4539428591652505,0.8768614691527968,42,cuda,True,None,renyi_normalize_squaring,11,5,1,passthrough,SA_VSA_OGM,1,2.0,8192
1922,0.43284216597194086,0.8779877362032286,42,cuda,True,None,renyi_normalize_squaring,11,7,1,passthrough,SA_VSA_OGM,1,2.0,8192
1923,0.4810331742891719,0.8660159345930839,42,cuda,True,None,renyi_normalize_squaring,11,9,1,passthrough,SA_VSA_OGM,1,2.0,8192
1924,0.4735117249398883,0.8540232761857088,42,cuda,True,None,renyi_normalize_squaring,11,11,1,passthrough,SA_VSA_OGM,1,2.0,8192
1925,0.38349642464872485,0.9273244900513076,42,cuda,True,None,renyi_normalize_cubic,3,3,1,passthrough,SA_VSA_OGM,1,2.0,8192
1926,0.38022179846387194,0.9205564593501022,42,cuda,True,None,renyi_normalize_cubic,3,5,1,passthrough,SA_VSA_OGM,1,2.0,8192
1927,0.43814721744081614,0.9109206190297418,42,cuda,True,None,renyi_normalize_cubic,3,7,1,passthrough,SA_VSA_OGM,1,2.0,8192
1928,0.4474049309919617,0.940683268677262,42,cuda,True,None,renyi_normalize_cubic,3,9,1,passthrough,SA_VSA_OGM,1,2.0,8192
1929,0.39416351955365986,0.9294831685646352,42,cuda,True,None,renyi_normalize_cubic,3,11,1,passthrough,SA_VSA_OGM,1,2.0,8192
1930,0.373039844077726,0.9081466649981228,42,cuda,True,None,renyi_normalize_cubic,5,3,1,passthrough,SA_VSA_OGM,1,2.0,8192
1931,0.4110818260907561,0.8777165978392358,42,cuda,True,None,renyi_normalize_cubic,5,5,1,passthrough,SA_VSA_OGM,1,2.0,8192
1932,0.4164687924439469,0.9016810578567556,42,cuda,True,None,renyi_normalize_cubic,5,7,1,passthrough,SA_VSA_OGM,1,2.0,8192
1933,0.45591985720162903,0.8899386810161432,42,cuda,True,None,renyi_normalize_cubic,5,9,1,passthrough,SA_VSA_OGM,1,2.0,8192
1934,0.468293824090178,0.8904392441496685,42,cuda,True,None,renyi_normalize_cubic,5,11,1,passthrough,SA_VSA_OGM,1,2.0,8192
1935,0.36563476492181535,0.9054978517498852,42,cuda,True,None,renyi_normalize_cubic,7,3,1,passthrough,SA_VSA_OGM,1,2.0,8192
1936,0.6437369038341321,0.8826596587827974,42,cuda,True,None,renyi_normalize_cubic,7,5,1,passthrough,SA_VSA_OGM,1,2.0,8192
1937,0.4183366550078992,0.8745880782547032,42,cuda,True,None,renyi_normalize_cubic,7,7,1,passthrough,SA_VSA_OGM,1,2.0,8192
1938,0.5213903760636288,0.8809285446126892,42,cuda,True,None,renyi_normalize_cubic,7,9,1,passthrough,SA_VSA_OGM,1,2.0,8192
1939,0.5253523951090355,0.8905226713385892,42,cuda,True,None,renyi_normalize_cubic,7,11,1,passthrough,SA_VSA_OGM,1,2.0,8192
1940,0.4124277266481622,0.8750677845909982,42,cuda,True,None,renyi_normalize_cubic,9,3,1,passthrough,SA_VSA_OGM,1,2.0,8192
1941,0.4348794041989003,0.8610937304467526,42,cuda,True,None,renyi_normalize_cubic,9,5,1,passthrough,SA_VSA_OGM,1,2.0,8192
1942,0.4523014104921557,0.8627414174279397,42,cuda,True,None,renyi_normalize_cubic,9,7,1,passthrough,SA_VSA_OGM,1,2.0,8192
1943,0.5504106537410236,0.8619905727276519,42,cuda,True,None,renyi_normalize_cubic,9,9,1,passthrough,SA_VSA_OGM,1,2.0,8192
1944,0.4713426390327683,0.8656613690401701,42,cuda,True,None,renyi_normalize_cubic,9,11,1,passthrough,SA_VSA_OGM,1,2.0,8192
1945,0.42953868129782,0.8843282025612148,42,cuda,True,None,renyi_normalize_cubic,11,3,1,passthrough,SA_VSA_OGM,1,2.0,8192
1946,0.5126689681095008,0.8836399282526175,42,cuda,True,None,renyi_normalize_cubic,11,5,1,passthrough,SA_VSA_OGM,1,2.0,8192
1947,0.4393483262882682,0.8623868518750261,42,cuda,True,None,renyi_normalize_cubic,11,7,1,passthrough,SA_VSA_OGM,1,2.0,8192
1948,0.6244604568218523,0.8699578692695951,42,cuda,True,None,renyi_normalize_cubic,11,9,1,passthrough,SA_VSA_OGM,1,2.0,8192
1949,0.6229386457288485,0.8710215659283361,42,cuda,True,None,renyi_normalize_cubic,11,11,1,passthrough,SA_VSA_OGM,1,2.0,8192
1950,0.4770477518371844,0.8655779418512494,42,cuda,True,None,renyi,3,3,1,passthrough,SA_VSA_OGM,1,1.5,8192
1951,0.4553094403288458,0.8792391440370417,42,cuda,True,None,renyi,3,5,1,passthrough,SA_VSA_OGM,1,1.5,8192
1952,0.46590473116820624,0.8825553747966461,42,cuda,True,None,renyi,3,7,1,passthrough,SA_VSA_OGM,1,1.5,8192
1953,0.4907462337544321,0.8537312810244858,42,cuda,True,None,renyi,3,9,1,passthrough,SA_VSA_OGM,1,1.5,8192
1954,0.5105122605902134,0.8612605848245943,42,cuda,True,None,renyi,3,11,1,passthrough,SA_VSA_OGM,1,1.5,8192
1955,0.45419751797261226,0.8986985358528344,42,cuda,True,None,renyi,5,3,1,passthrough,SA_VSA_OGM,1,1.5,8192
1956,0.4226945590897727,0.8956534434572226,42,cuda,True,None,renyi,5,5,1,passthrough,SA_VSA_OGM,1,1.5,8192
1957,0.43101353312133905,0.8916906519834814,42,cuda,True,None,renyi,5,7,1,passthrough,SA_VSA_OGM,1,1.5,8192
1958,0.4535642753523403,0.878217160972761,42,cuda,True,None,renyi,5,9,1,passthrough,SA_VSA_OGM,1,1.5,8192
1959,0.4536775326035269,0.8817211029074374,42,cuda,True,None,renyi,5,11,1,passthrough,SA_VSA_OGM,1,1.5,8192
1960,0.4833220534990504,0.8748175030242356,42,cuda,True,None,renyi,7,3,1,passthrough,SA_VSA_OGM,1,1.5,8192
1961,0.44323827553897627,0.8742126559045593,42,cuda,True,None,renyi,7,5,1,passthrough,SA_VSA_OGM,1,1.5,8192
1962,0.4590856727709246,0.8730863888541276,42,cuda,True,None,renyi,7,7,1,passthrough,SA_VSA_OGM,1,1.5,8192
1963,0.45831920498377265,0.8639302548700621,42,cuda,True,None,renyi,7,9,1,passthrough,SA_VSA_OGM,1,1.5,8192
1964,0.4653564564596962,0.8486630792975431,42,cuda,True,None,renyi,7,11,1,passthrough,SA_VSA_OGM,1,1.5,8192
1965,0.45938215132861165,0.888290994034956,42,cuda,True,None,renyi,9,3,1,passthrough,SA_VSA_OGM,1,1.5,8192
1966,0.4583101825546449,0.8700621532557461,42,cuda,True,None,renyi,9,5,1,passthrough,SA_VSA_OGM,1,1.5,8192
1967,0.47155743678689555,0.8645559587869687,42,cuda,True,None,renyi,9,7,1,passthrough,SA_VSA_OGM,1,1.5,8192
1968,0.4651891887558042,0.8654528010678679,42,cuda,True,None,renyi,9,9,1,passthrough,SA_VSA_OGM,1,1.5,8192
1969,0.5412306533174676,0.86851875026071,42,cuda,True,None,renyi,9,11,1,passthrough,SA_VSA_OGM,1,1.5,8192
1970,0.45258392251742696,0.8843907729529054,42,cuda,True,None,renyi,11,3,1,passthrough,SA_VSA_OGM,1,1.5,8192
1971,0.4569147161726824,0.8662036457681558,42,cuda,True,None,renyi,11,5,1,passthrough,SA_VSA_OGM,1,1.5,8192
1972,0.4630412235597227,0.8663496433487674,42,cuda,True,None,renyi,11,7,1,passthrough,SA_VSA_OGM,1,1.5,8192
1973,0.49111612590411136,0.8451591373628666,42,cuda,True,None,renyi,11,9,1,passthrough,SA_VSA_OGM,1,1.5,8192
1974,0.4612986092039619,0.8608225920827598,42,cuda,True,None,renyi,11,11,1,passthrough,SA_VSA_OGM,1,1.5,8192
1975,0.612120865722603,0.7553810536853961,42,cuda,True,None,renyi_squaring,3,3,1,passthrough,SA_VSA_OGM,1,1.5,8192
1976,0.6211998008594195,0.7518979685479498,42,cuda,True,None,renyi_squaring,3,5,1,passthrough,SA_VSA_OGM,1,1.5,8192
1977,0.7199874116909005,0.7017582280065074,42,cuda,True,None,renyi_squaring,3,7,1,passthrough,SA_VSA_OGM,1,1.5,8192
1978,0.8338598828849161,0.7724106286238684,42,cuda,True,None,renyi_squaring,3,9,1,passthrough,SA_VSA_OGM,1,1.5,8192
1979,0.8013185890854532,0.7862386851875025,42,cuda,True,None,renyi_squaring,3,11,1,passthrough,SA_VSA_OGM,1,1.5,8192
1980,0.6038279530675915,0.7228757352021024,42,cuda,True,None,renyi_squaring,5,3,1,passthrough,SA_VSA_OGM,1,1.5,8192
1981,0.6636141393728644,0.7531806615776083,42,cuda,True,None,renyi_squaring,5,5,1,passthrough,SA_VSA_OGM,1,1.5,8192
1982,0.728668086087518,0.758738998039461,42,cuda,True,None,renyi_squaring,5,7,1,passthrough,SA_VSA_OGM,1,1.5,8192
1983,0.763351515337791,0.766018020272807,42,cuda,True,None,renyi_squaring,5,9,1,passthrough,SA_VSA_OGM,1,1.5,8192
1984,0.7536273663931438,0.7758520001668544,42,cuda,True,None,renyi_squaring,5,11,1,passthrough,SA_VSA_OGM,1,1.5,8192
1985,0.6018914391718653,0.7211029074375338,42,cuda,True,None,renyi_squaring,7,3,1,passthrough,SA_VSA_OGM,1,1.5,8192
1986,0.6567234568212981,0.7465690568556292,42,cuda,True,None,renyi_squaring,7,5,1,passthrough,SA_VSA_OGM,1,1.5,8192
1987,0.6665432853466626,0.7798877904309015,42,cuda,True,None,renyi_squaring,7,7,1,passthrough,SA_VSA_OGM,1,1.5,8192
1988,0.7267606565386191,0.7431381137112585,42,cuda,True,None,renyi_squaring,7,9,1,passthrough,SA_VSA_OGM,1,1.5,8192
1989,0.7804453319923951,0.7517936845617987,42,cuda,True,None,renyi_squaring,7,11,1,passthrough,SA_VSA_OGM,1,1.5,8192
1990,0.6222244273699772,0.7198306428064906,42,cuda,True,None,renyi_squaring,9,3,1,passthrough,SA_VSA_OGM,1,1.5,8192
1991,0.5843475676451299,0.7753201518374838,42,cuda,True,None,renyi_squaring,9,5,1,passthrough,SA_VSA_OGM,1,1.5,8192
1992,0.6280033973930207,0.7774266883577358,42,cuda,True,None,renyi_squaring,9,7,1,passthrough,SA_VSA_OGM,1,1.5,8192
1993,0.6388186573644526,0.770815083635757,42,cuda,True,None,renyi_squaring,9,9,1,passthrough,SA_VSA_OGM,1,1.5,8192
1994,0.6567487169875201,0.8033412589162809,42,cuda,True,None,renyi_squaring,9,11,1,passthrough,SA_VSA_OGM,1,1.5,8192
1995,0.5863271377922183,0.7793872272973761,42,cuda,True,None,renyi_squaring,11,3,1,passthrough,SA_VSA_OGM,1,1.5,8192
1996,0.5926167034245329,0.7742564551787429,42,cuda,True,None,renyi_squaring,11,5,1,passthrough,SA_VSA_OGM,1,1.5,8192
1997,0.6054843783338569,0.7993888958411547,42,cuda,True,None,renyi_squaring,11,7,1,passthrough,SA_VSA_OGM,1,1.5,8192
1998,0.6560242101562546,0.8192549952029367,42,cuda,True,None,renyi_squaring,11,9,1,passthrough,SA_VSA_OGM,1,1.5,8192
1999,0.6350306116760007,0.8335627581028658,42,cuda,True,None,renyi_squaring,11,11,1,passthrough,SA_VSA_OGM,1,1.5,8192
2000,21.22120716392965,0.5,42,cuda,True,None,renyi_cubic,3,3,1,passthrough,SA_VSA_OGM,1,1.5,8192
2001,21.22120716392965,0.5,42,cuda,True,None,renyi_cubic,3,5,1,passthrough,SA_VSA_OGM,1,1.5,8192
2002,21.221207163929652,0.5,42,cuda,True,None,renyi_cubic,3,7,1,passthrough,SA_VSA_OGM,1,1.5,8192
2003,21.22120716392965,0.5,42,cuda,True,None,renyi_cubic,3,9,1,passthrough,SA_VSA_OGM,1,1.5,8192
2004,21.221207163929652,0.5,42,cuda,True,None,renyi_cubic,3,11,1,passthrough,SA_VSA_OGM,1,1.5,8192
2005,21.22120716392965,0.5,42,cuda,True,None,renyi_cubic,5,3,1,passthrough,SA_VSA_OGM,1,1.5,8192
2006,21.22120716392965,0.5,42,cuda,True,None,renyi_cubic,5,5,1,passthrough,SA_VSA_OGM,1,1.5,8192
2007,21.22120716392965,0.5,42,cuda,True,None,renyi_cubic,5,7,1,passthrough,SA_VSA_OGM,1,1.5,8192
2008,21.22120716392965,0.5,42,cuda,True,None,renyi_cubic,5,9,1,passthrough,SA_VSA_OGM,1,1.5,8192
2009,21.22120716392965,0.5,42,cuda,True,None,renyi_cubic,5,11,1,passthrough,SA_VSA_OGM,1,1.5,8192
2010,21.221207163929652,0.5,42,cuda,True,None,renyi_cubic,7,3,1,passthrough,SA_VSA_OGM,1,1.5,8192
2011,21.22120716392965,0.5,42,cuda,True,None,renyi_cubic,7,5,1,passthrough,SA_VSA_OGM,1,1.5,8192
2012,21.22120716392965,0.5,42,cuda,True,None,renyi_cubic,7,7,1,passthrough,SA_VSA_OGM,1,1.5,8192
2013,21.22120716392965,0.5,42,cuda,True,None,renyi_cubic,7,9,1,passthrough,SA_VSA_OGM,1,1.5,8192
2014,21.22120716392965,0.5,42,cuda,True,None,renyi_cubic,7,11,1,passthrough,SA_VSA_OGM,1,1.5,8192
2015,21.22120716392965,0.5,42,cuda,True,None,renyi_cubic,9,3,1,passthrough,SA_VSA_OGM,1,1.5,8192
2016,21.22120716392965,0.5,42,cuda,True,None,renyi_cubic,9,5,1,passthrough,SA_VSA_OGM,1,1.5,8192
2017,21.22120716392965,0.5,42,cuda,True,None,renyi_cubic,9,7,1,passthrough,SA_VSA_OGM,1,1.5,8192
2018,21.22120716392965,0.5,42,cuda,True,None,renyi_cubic,9,9,1,passthrough,SA_VSA_OGM,1,1.5,8192
2019,21.22120716392965,0.5,42,cuda,True,None,renyi_cubic,9,11,1,passthrough,SA_VSA_OGM,1,1.5,8192
2020,21.22120716392965,0.5,42,cuda,True,None,renyi_cubic,11,3,1,passthrough,SA_VSA_OGM,1,1.5,8192
2021,21.221207163929652,0.5,42,cuda,True,None,renyi_cubic,11,5,1,passthrough,SA_VSA_OGM,1,1.5,8192
2022,21.22120716392965,0.5,42,cuda,True,None,renyi_cubic,11,7,1,passthrough,SA_VSA_OGM,1,1.5,8192
2023,21.22120716392965,0.5,42,cuda,True,None,renyi_cubic,11,9,1,passthrough,SA_VSA_OGM,1,1.5,8192
2024,21.22120716392965,0.5,42,cuda,True,None,renyi_cubic,11,11,1,passthrough,SA_VSA_OGM,1,1.5,8192
2025,0.6073347740765387,0.7242731406165268,42,cuda,True,None,renyi_normalize,3,3,1,passthrough,SA_VSA_OGM,1,1.5,8192
2026,0.5976436050981667,0.7724106286238686,42,cuda,True,None,renyi_normalize,3,5,1,passthrough,SA_VSA_OGM,1,1.5,8192
2027,0.6166622266596021,0.7920994452091936,42,cuda,True,None,renyi_normalize,3,7,1,passthrough,SA_VSA_OGM,1,1.5,8192
2028,0.657579059466425,0.7030617778333959,42,cuda,True,None,renyi_normalize,3,9,1,passthrough,SA_VSA_OGM,1,1.5,8192
2029,0.7022870953839297,0.6818712718474952,42,cuda,True,None,renyi_normalize,3,11,1,passthrough,SA_VSA_OGM,1,1.5,8192
2030,0.5914719297221603,0.7640053393400911,42,cuda,True,None,renyi_normalize,5,3,1,passthrough,SA_VSA_OGM,1,1.5,8192
2031,0.5487913930798176,0.8069390564384933,42,cuda,True,None,renyi_normalize,5,5,1,passthrough,SA_VSA_OGM,1,1.5,8192
2032,0.5164549945267228,0.8260751678972178,42,cuda,True,None,renyi_normalize,5,7,1,passthrough,SA_VSA_OGM,1,1.5,8192
2033,0.5610385321096181,0.8169398907103824,42,cuda,True,None,renyi_normalize,5,9,1,passthrough,SA_VSA_OGM,1,1.5,8192
2034,0.5919555385809671,0.7810870562716389,42,cuda,True,None,renyi_normalize,5,11,1,passthrough,SA_VSA_OGM,1,1.5,8192
2035,0.520263231610728,0.861427439202436,42,cuda,True,None,renyi_normalize,7,3,1,passthrough,SA_VSA_OGM,1,1.5,8192
2036,0.5085430711213351,0.8450548533767155,42,cuda,True,None,renyi_normalize,7,5,1,passthrough,SA_VSA_OGM,1,1.5,8192
2037,0.5201047810074528,0.8446377174321111,42,cuda,True,None,renyi_normalize,7,7,1,passthrough,SA_VSA_OGM,1,1.5,8192
2038,0.5238866949631992,0.8080966086847704,42,cuda,True,None,renyi_normalize,7,9,1,passthrough,SA_VSA_OGM,1,1.5,8192
2039,0.611045930555488,0.7742251699828974,42,cuda,True,None,renyi_normalize,7,11,1,passthrough,SA_VSA_OGM,1,1.5,8192
2040,0.5451109797611604,0.8644933883952779,42,cuda,True,None,renyi_normalize,9,3,1,passthrough,SA_VSA_OGM,1,1.5,8192
2041,0.4915976103329592,0.8779668794059984,42,cuda,True,None,renyi_normalize,9,5,1,passthrough,SA_VSA_OGM,1,1.5,8192
2042,0.46315261261563656,0.8825136612021858,42,cuda,True,None,renyi_normalize,9,7,1,passthrough,SA_VSA_OGM,1,1.5,8192
2043,0.5078814523965725,0.8332499061444124,42,cuda,True,None,renyi_normalize,9,9,1,passthrough,SA_VSA_OGM,1,1.5,8192
2044,0.5081608939016654,0.8480582321778668,42,cuda,True,None,renyi_normalize,9,11,1,passthrough,SA_VSA_OGM,1,1.5,8192
2045,0.4962210781519923,0.873420097609811,42,cuda,True,None,renyi_normalize,11,3,1,passthrough,SA_VSA_OGM,1,1.5,8192
2046,0.4561230907876695,0.911108330204814,42,cuda,True,None,renyi_normalize,11,5,1,passthrough,SA_VSA_OGM,1,1.5,8192
2047,0.4739952240980094,0.886372168689776,42,cuda,True,None,renyi_normalize,11,7,1,passthrough,SA_VSA_OGM,1,1.5,8192
2048,0.4398455409783073,0.8869561590122221,42,cuda,True,None,renyi_normalize,11,9,1,passthrough,SA_VSA_OGM,1,1.5,8192
2049,0.49019631788450135,0.8470571059108164,42,cuda,True,None,renyi_normalize,11,11,1,passthrough,SA_VSA_OGM,1,1.5,8192
2050,0.47580366730787577,0.8884057064197223,42,cuda,True,None,renyi_normalize_squaring,3,3,1,passthrough,SA_VSA_OGM,1,1.5,8192
2051,0.42443364743940754,0.889542401868769,42,cuda,True,None,renyi_normalize_squaring,3,5,1,passthrough,SA_VSA_OGM,1,1.5,8192
2052,0.5365916729858506,0.8796771367788762,42,cuda,True,None,renyi_normalize_squaring,3,7,1,passthrough,SA_VSA_OGM,1,1.5,8192
2053,0.5378053614965193,0.911525466149418,42,cuda,True,None,renyi_normalize_squaring,3,9,1,passthrough,SA_VSA_OGM,1,1.5,8192
2054,0.48308573321353215,0.9210987360780878,42,cuda,True,None,renyi_normalize_squaring,3,11,1,passthrough,SA_VSA_OGM,1,1.5,8192
2055,0.4352556128188516,0.9118174613106412,42,cuda,True,None,renyi_normalize_squaring,5,3,1,passthrough,SA_VSA_OGM,1,1.5,8192
2056,0.44867445834052566,0.8740666583239477,42,cuda,True,None,renyi_normalize_squaring,5,5,1,passthrough,SA_VSA_OGM,1,1.5,8192
2057,0.4969620904574409,0.8702081508363575,42,cuda,True,None,renyi_normalize_squaring,5,7,1,passthrough,SA_VSA_OGM,1,1.5,8192
2058,0.5617693730581448,0.850477620656572,42,cuda,True,None,renyi_normalize_squaring,5,9,1,passthrough,SA_VSA_OGM,1,1.5,8192
2059,0.523671925416122,0.8663287865515371,42,cuda,True,None,renyi_normalize_squaring,5,11,1,passthrough,SA_VSA_OGM,1,1.5,8192
2060,0.4376989729062507,0.871104993117257,42,cuda,True,None,renyi_normalize_squaring,7,3,1,passthrough,SA_VSA_OGM,1,1.5,8192
2061,0.4483803736709253,0.8749009302131565,42,cuda,True,None,renyi_normalize_squaring,7,5,1,passthrough,SA_VSA_OGM,1,1.5,8192
2062,0.43802137080019055,0.8756309181162141,42,cuda,True,None,renyi_normalize_squaring,7,7,1,passthrough,SA_VSA_OGM,1,1.5,8192
2063,0.6230194385548697,0.8771743211112503,42,cuda,True,None,renyi_normalize_squaring,7,9,1,passthrough,SA_VSA_OGM,1,1.5,8192
2064,0.5032501008508797,0.8718141242230842,42,cuda,True,None,renyi_normalize_squaring,7,11,1,passthrough,SA_VSA_OGM,1,1.5,8192
2065,0.45363089336169365,0.8731489592458183,42,cuda,True,None,renyi_normalize_squaring,9,3,1,passthrough,SA_VSA_OGM,1,1.5,8192
2066,0.47596563239671114,0.863241980561465,42,cuda,True,None,renyi_normalize_squaring,9,5,1,passthrough,SA_VSA_OGM,1,1.5,8192
2067,0.5229223021195667,0.8503316230759604,42,cuda,True,None,renyi_normalize_squaring,9,7,1,passthrough,SA_VSA_OGM,1,1.5,8192
2068,0.5145454432246827,0.8372752680098444,42,cuda,True,None,renyi_normalize_squaring,9,9,1,passthrough,SA_VSA_OGM,1,1.5,8192
2069,0.4310790264553594,0.859592041046177,42,cuda,True,None,renyi_normalize_squaring,9,11,1,passthrough,SA_VSA_OGM,1,1.5,8192
2070,0.4905649017959851,0.8555875359779752,42,cuda,True,None,renyi_normalize_squaring,11,3,1,passthrough,SA_VSA_OGM,1,1.5,8192
2071,0.4655074486646577,0.870249864430818,42,cuda,True,None,renyi_normalize_squaring,11,5,1,passthrough,SA_VSA_OGM,1,1.5,8192
2072,0.45762139781129624,0.869394735744379,42,cuda,True,None,renyi_normalize_squaring,11,7,1,passthrough,SA_VSA_OGM,1,1.5,8192
2073,0.4952488251578513,0.8476410962332624,42,cuda,True,None,renyi_normalize_squaring,11,9,1,passthrough,SA_VSA_OGM,1,1.5,8192
2074,0.47987961969097453,0.8715638426563217,42,cuda,True,None,renyi_normalize_squaring,11,11,1,passthrough,SA_VSA_OGM,1,1.5,8192
2075,0.37287728765208006,0.9147165561256414,42,cuda,True,None,renyi_normalize_cubic,3,3,1,passthrough,SA_VSA_OGM,1,1.5,8192
2076,0.3676841105636358,0.918616777207692,42,cuda,True,None,renyi_normalize_cubic,3,5,1,passthrough,SA_VSA_OGM,1,1.5,8192
2077,0.3510948041129117,0.9274809160305344,42,cuda,True,None,renyi_normalize_cubic,3,7,1,passthrough,SA_VSA_OGM,1,1.5,8192
2078,0.3997521119249579,0.9211195928753182,42,cuda,True,None,renyi_normalize_cubic,3,9,1,passthrough,SA_VSA_OGM,1,1.5,8192
2079,0.5201330167402198,0.9028073249071872,42,cuda,True,None,renyi_normalize_cubic,3,11,1,passthrough,SA_VSA_OGM,1,1.5,8192
2080,0.4583584259555233,0.8793017144287323,42,cuda,True,None,renyi_normalize_cubic,5,3,1,passthrough,SA_VSA_OGM,1,1.5,8192
2081,0.428894025257908,0.8844950569390564,42,cuda,True,None,renyi_normalize_cubic,5,5,1,passthrough,SA_VSA_OGM,1,1.5,8192
2082,0.415892040817784,0.8871230133900638,42,cuda,True,None,renyi_normalize_cubic,5,7,1,passthrough,SA_VSA_OGM,1,1.5,8192
2083,0.49483989436198944,0.8985942518666833,42,cuda,True,None,renyi_normalize_cubic,5,9,1,passthrough,SA_VSA_OGM,1,1.5,8192
2084,0.49254286166486144,0.8778625954198473,42,cuda,True,None,renyi_normalize_cubic,5,11,1,passthrough,SA_VSA_OGM,1,1.5,8192
2085,0.4608383542519914,0.8659742209986234,42,cuda,True,None,renyi_normalize_cubic,7,3,1,passthrough,SA_VSA_OGM,1,1.5,8192
2086,0.4144154301602806,0.887811287698661,42,cuda,True,None,renyi_normalize_cubic,7,5,1,passthrough,SA_VSA_OGM,1,1.5,8192
2087,0.5162285414910409,0.8506236182371836,42,cuda,True,None,renyi_normalize_cubic,7,7,1,passthrough,SA_VSA_OGM,1,1.5,8192
2088,0.4455965861588559,0.8681224711133358,42,cuda,True,None,renyi_normalize_cubic,7,9,1,passthrough,SA_VSA_OGM,1,1.5,8192
2089,0.6064703551009758,0.8327284862136571,42,cuda,True,None,renyi_normalize_cubic,7,11,1,passthrough,SA_VSA_OGM,1,1.5,8192
2090,0.46783812106990896,0.8588620531431194,42,cuda,True,None,renyi_normalize_cubic,9,3,1,passthrough,SA_VSA_OGM,1,1.5,8192
2091,0.518839150253792,0.8621157135110333,42,cuda,True,None,renyi_normalize_cubic,9,5,1,passthrough,SA_VSA_OGM,1,1.5,8192
2092,0.482164006367603,0.8698327284862136,42,cuda,True,None,renyi_normalize_cubic,9,7,1,passthrough,SA_VSA_OGM,1,1.5,8192
2093,0.4903909021447691,0.8533975722688024,42,cuda,True,None,renyi_normalize_cubic,9,9,1,passthrough,SA_VSA_OGM,1,1.5,8192
2094,0.5256645350524287,0.8593209026821841,42,cuda,True,None,renyi_normalize_cubic,9,11,1,passthrough,SA_VSA_OGM,1,1.5,8192
2095,0.4883678884428028,0.8643473908146665,42,cuda,True,None,renyi_normalize_cubic,11,3,1,passthrough,SA_VSA_OGM,1,1.5,8192
2096,0.4420869552860304,0.8729612480707463,42,cuda,True,None,renyi_normalize_cubic,11,5,1,passthrough,SA_VSA_OGM,1,1.5,8192
2097,0.577647457601664,0.8642222500312853,42,cuda,True,None,renyi_normalize_cubic,11,7,1,passthrough,SA_VSA_OGM,1,1.5,8192
2098,0.477322249830569,0.8687898886247027,42,cuda,True,None,renyi_normalize_cubic,11,9,1,passthrough,SA_VSA_OGM,1,1.5,8192
2099,0.5915589124944216,0.8667042089016811,42,cuda,True,None,renyi_normalize_cubic,11,11,1,passthrough,SA_VSA_OGM,1,1.5,8192
2100,0.7310814539749261,0.5429962874900931,42,cuda,True,None,renyi,3,3,1,passthrough,SA_VSA_OGM,1,0.1,8192
2101,0.776560862095347,0.4401618487465064,42,cuda,True,None,renyi,3,5,1,passthrough,SA_VSA_OGM,1,0.1,8192
2102,1.0069557081075582,0.4564092937888458,42,cuda,True,None,renyi,3,7,1,passthrough,SA_VSA_OGM,1,0.1,8192
2103,0.8228464326259083,0.4041004463354607,42,cuda,True,None,renyi,3,9,1,passthrough,SA_VSA_OGM,1,0.1,8192
2104,0.779734776462894,0.47920577316147334,42,cuda,True,None,renyi,3,11,1,passthrough,SA_VSA_OGM,1,0.1,8192
2105,0.7334154778866747,0.5081341509197848,42,cuda,True,None,renyi,5,3,1,passthrough,SA_VSA_OGM,1,0.1,8192
2106,0.6967273542375649,0.5485337671547157,42,cuda,True,None,renyi,5,5,1,passthrough,SA_VSA_OGM,1,0.1,8192
2107,0.7128179484704483,0.5386476452675928,42,cuda,True,None,renyi,5,7,1,passthrough,SA_VSA_OGM,1,0.1,8192
2108,0.7526486063747015,0.4510908104951403,42,cuda,True,None,renyi,5,9,1,passthrough,SA_VSA_OGM,1,0.1,8192
2109,0.9248947932055054,0.37112584991448705,42,cuda,True,None,renyi,5,11,1,passthrough,SA_VSA_OGM,1,0.1,8192
2110,0.6802528669656224,0.6364034538856214,42,cuda,True,None,renyi,7,3,1,passthrough,SA_VSA_OGM,1,0.1,8192
2111,0.7166732256811521,0.5654277729111917,42,cuda,True,None,renyi,7,5,1,passthrough,SA_VSA_OGM,1,0.1,8192
2112,0.6585564093579241,0.6354648980102616,42,cuda,True,None,renyi,7,7,1,passthrough,SA_VSA_OGM,1,0.1,8192
2113,0.7351986707463917,0.5414007425019813,42,cuda,True,None,renyi,7,9,1,passthrough,SA_VSA_OGM,1,0.1,8192
2114,0.7141560804394376,0.5176031368623034,42,cuda,True,None,renyi,7,11,1,passthrough,SA_VSA_OGM,1,0.1,8192
2115,0.7493266683163916,0.5272181203854336,42,cuda,True,None,renyi,9,3,1,passthrough,SA_VSA_OGM,1,0.1,8192
2116,0.7193477056495272,0.5052350561047846,42,cuda,True,None,renyi,9,5,1,passthrough,SA_VSA_OGM,1,0.1,8192
2117,0.7072024773236163,0.5597964376590331,42,cuda,True,None,renyi,9,7,1,passthrough,SA_VSA_OGM,1,0.1,8192
2118,0.809544596682462,0.4266049305468652,42,cuda,True,None,renyi,9,9,1,passthrough,SA_VSA_OGM,1,0.1,8192
2119,0.7564535907538013,0.4830017102573729,42,cuda,True,None,renyi,9,11,1,passthrough,SA_VSA_OGM,1,0.1,8192
2120,0.6976047820955056,0.5922913277437116,42,cuda,True,None,renyi,11,3,1,passthrough,SA_VSA_OGM,1,0.1,8192
2121,0.699831636055527,0.5802569557418763,42,cuda,True,None,renyi,11,5,1,passthrough,SA_VSA_OGM,1,0.1,8192
2122,0.8103381420039159,0.5118466608267633,42,cuda,True,None,renyi,11,7,1,passthrough,SA_VSA_OGM,1,0.1,8192
2123,0.8896906722348386,0.49000959412672584,42,cuda,True,None,renyi,11,9,1,passthrough,SA_VSA_OGM,1,0.1,8192
2124,0.7826995971325298,0.42929545738956326,42,cuda,True,None,renyi,11,11,1,passthrough,SA_VSA_OGM,1,0.1,8192
2125,21.221207163929652,0.5,42,cuda,True,None,renyi_squaring,3,3,1,passthrough,SA_VSA_OGM,1,0.1,8192
2126,21.221207163929652,0.5,42,cuda,True,None,renyi_squaring,3,5,1,passthrough,SA_VSA_OGM,1,0.1,8192
2127,21.221207163929652,0.5,42,cuda,True,None,renyi_squaring,3,7,1,passthrough,SA_VSA_OGM,1,0.1,8192
2128,21.22120716392965,0.5,42,cuda,True,None,renyi_squaring,3,9,1,passthrough,SA_VSA_OGM,1,0.1,8192
2129,21.221207163929652,0.5,42,cuda,True,None,renyi_squaring,3,11,1,passthrough,SA_VSA_OGM,1,0.1,8192
2130,21.221207163929652,0.5,42,cuda,True,None,renyi_squaring,5,3,1,passthrough,SA_VSA_OGM,1,0.1,8192
2131,21.22120716392965,0.5,42,cuda,True,None,renyi_squaring,5,5,1,passthrough,SA_VSA_OGM,1,0.1,8192
2132,21.221207163929652,0.5,42,cuda,True,None,renyi_squaring,5,7,1,passthrough,SA_VSA_OGM,1,0.1,8192
2133,21.221207163929652,0.5,42,cuda,True,None,renyi_squaring,5,9,1,passthrough,SA_VSA_OGM,1,0.1,8192
2134,21.22120716392965,0.5,42,cuda,True,None,renyi_squaring,5,11,1,passthrough,SA_VSA_OGM,1,0.1,8192
2135,21.221207163929652,0.5,42,cuda,True,None,renyi_squaring,7,3,1,passthrough,SA_VSA_OGM,1,0.1,8192
2136,21.221207163929652,0.5,42,cuda,True,None,renyi_squaring,7,5,1,passthrough,SA_VSA_OGM,1,0.1,8192
2137,21.22120716392965,0.5,42,cuda,True,None,renyi_squaring,7,7,1,passthrough,SA_VSA_OGM,1,0.1,8192
2138,21.221207163929652,0.5,42,cuda,True,None,renyi_squaring,7,9,1,passthrough,SA_VSA_OGM,1,0.1,8192
2139,21.22120716392965,0.5,42,cuda,True,None,renyi_squaring,7,11,1,passthrough,SA_VSA_OGM,1,0.1,8192
2140,21.22120716392965,0.5,42,cuda,True,None,renyi_squaring,9,3,1,passthrough,SA_VSA_OGM,1,0.1,8192
2141,21.221207163929652,0.5,42,cuda,True,None,renyi_squaring,9,5,1,passthrough,SA_VSA_OGM,1,0.1,8192
2142,21.22120716392965,0.5,42,cuda,True,None,renyi_squaring,9,7,1,passthrough,SA_VSA_OGM,1,0.1,8192
2143,21.221207163929652,0.5,42,cuda,True,None,renyi_squaring,9,9,1,passthrough,SA_VSA_OGM,1,0.1,8192
2144,21.221207163929652,0.5,42,cuda,True,None,renyi_squaring,9,11,1,passthrough,SA_VSA_OGM,1,0.1,8192
2145,21.22120716392965,0.5,42,cuda,True,None,renyi_squaring,11,3,1,passthrough,SA_VSA_OGM,1,0.1,8192
2146,21.221207163929652,0.5,42,cuda,True,None,renyi_squaring,11,5,1,passthrough,SA_VSA_OGM,1,0.1,8192
2147,21.221207163929652,0.5,42,cuda,True,None,renyi_squaring,11,7,1,passthrough,SA_VSA_OGM,1,0.1,8192
2148,21.22120716392965,0.5,42,cuda,True,None,renyi_squaring,11,9,1,passthrough,SA_VSA_OGM,1,0.1,8192
2149,21.221207163929652,0.5,42,cuda,True,None,renyi_squaring,11,11,1,passthrough,SA_VSA_OGM,1,0.1,8192
2150,21.22120716392965,0.5,42,cuda,True,None,renyi_cubic,3,3,1,passthrough,SA_VSA_OGM,1,0.1,8192
2151,21.22120716392965,0.5,42,cuda,True,None,renyi_cubic,3,5,1,passthrough,SA_VSA_OGM,1,0.1,8192
2152,21.221207163929652,0.5,42,cuda,True,None,renyi_cubic,3,7,1,passthrough,SA_VSA_OGM,1,0.1,8192
2153,21.22120716392965,0.5,42,cuda,True,None,renyi_cubic,3,9,1,passthrough,SA_VSA_OGM,1,0.1,8192
2154,21.221207163929652,0.5,42,cuda,True,None,renyi_cubic,3,11,1,passthrough,SA_VSA_OGM,1,0.1,8192
2155,21.221207163929652,0.5,42,cuda,True,None,renyi_cubic,5,3,1,passthrough,SA_VSA_OGM,1,0.1,8192
2156,21.22120716392965,0.5,42,cuda,True,None,renyi_cubic,5,5,1,passthrough,SA_VSA_OGM,1,0.1,8192
2157,21.221207163929652,0.5,42,cuda,True,None,renyi_cubic,5,7,1,passthrough,SA_VSA_OGM,1,0.1,8192
2158,21.221207163929652,0.5,42,cuda,True,None,renyi_cubic,5,9,1,passthrough,SA_VSA_OGM,1,0.1,8192
2159,21.22120716392965,0.5,42,cuda,True,None,renyi_cubic,5,11,1,passthrough,SA_VSA_OGM,1,0.1,8192
2160,21.221207163929652,0.5,42,cuda,True,None,renyi_cubic,7,3,1,passthrough,SA_VSA_OGM,1,0.1,8192
2161,21.22120716392965,0.5,42,cuda,True,None,renyi_cubic,7,5,1,passthrough,SA_VSA_OGM,1,0.1,8192
2162,21.221207163929652,0.5,42,cuda,True,None,renyi_cubic,7,7,1,passthrough,SA_VSA_OGM,1,0.1,8192
2163,21.221207163929652,0.5,42,cuda,True,None,renyi_cubic,7,9,1,passthrough,SA_VSA_OGM,1,0.1,8192
2164,21.22120716392965,0.5,42,cuda,True,None,renyi_cubic,7,11,1,passthrough,SA_VSA_OGM,1,0.1,8192
2165,21.221207163929652,0.5,42,cuda,True,None,renyi_cubic,9,3,1,passthrough,SA_VSA_OGM,1,0.1,8192
2166,21.221207163929652,0.5,42,cuda,True,None,renyi_cubic,9,5,1,passthrough,SA_VSA_OGM,1,0.1,8192
2167,21.22120716392965,0.5,42,cuda,True,None,renyi_cubic,9,7,1,passthrough,SA_VSA_OGM,1,0.1,8192
2168,21.221207163929652,0.5,42,cuda,True,None,renyi_cubic,9,9,1,passthrough,SA_VSA_OGM,1,0.1,8192
2169,21.22120716392965,0.5,42,cuda,True,None,renyi_cubic,9,11,1,passthrough,SA_VSA_OGM,1,0.1,8192
2170,21.221207163929652,0.5,42,cuda,True,None,renyi_cubic,11,3,1,passthrough,SA_VSA_OGM,1,0.1,8192
2171,21.221207163929652,0.5,42,cuda,True,None,renyi_cubic,11,5,1,passthrough,SA_VSA_OGM,1,0.1,8192
2172,21.221207163929652,0.5,42,cuda,True,None,renyi_cubic,11,7,1,passthrough,SA_VSA_OGM,1,0.1,8192
2173,21.221207163929652,0.5,42,cuda,True,None,renyi_cubic,11,9,1,passthrough,SA_VSA_OGM,1,0.1,8192
2174,21.221207163929652,0.5,42,cuda,True,None,renyi_cubic,11,11,1,passthrough,SA_VSA_OGM,1,0.1,8192
2175,0.7360521591880128,0.5088641388228424,42,cuda,True,None,renyi_normalize,3,3,1,passthrough,SA_VSA_OGM,1,0.1,8192
2176,0.7728915220452396,0.5699536979101489,42,cuda,True,None,renyi_normalize,3,5,1,passthrough,SA_VSA_OGM,1,0.1,8192
2177,0.74956160994317,0.5608079923246986,42,cuda,True,None,renyi_normalize,3,7,1,passthrough,SA_VSA_OGM,1,0.1,8192
2178,0.8257164266420789,0.4288991782421891,42,cuda,True,None,renyi_normalize,3,9,1,passthrough,SA_VSA_OGM,1,0.1,8192
2179,0.956269493942864,0.3844950569390564,42,cuda,True,None,renyi_normalize,3,11,1,passthrough,SA_VSA_OGM,1,0.1,8192
2180,0.7797379871719788,0.3757873440954407,42,cuda,True,None,renyi_normalize,5,3,1,passthrough,SA_VSA_OGM,1,0.1,8192
2181,0.7743963120607238,0.4419451049096901,42,cuda,True,None,renyi_normalize,5,5,1,passthrough,SA_VSA_OGM,1,0.1,8192
2182,0.7622772012899471,0.4499332582488633,42,cuda,True,None,renyi_normalize,5,7,1,passthrough,SA_VSA_OGM,1,0.1,8192
2183,0.8287830039478986,0.3974262712217912,42,cuda,True,None,renyi_normalize,5,9,1,passthrough,SA_VSA_OGM,1,0.1,8192
2184,0.8721728087421091,0.3052809410586911,42,cuda,True,None,renyi_normalize,5,11,1,passthrough,SA_VSA_OGM,1,0.1,8192
2185,0.7303383231715258,0.4756601176323364,42,cuda,True,None,renyi_normalize,7,3,1,passthrough,SA_VSA_OGM,1,0.1,8192
2186,0.7039317023148488,0.5888082426062654,42,cuda,True,None,renyi_normalize,7,5,1,passthrough,SA_VSA_OGM,1,0.1,8192
2187,0.7608844022613549,0.48236557794185125,42,cuda,True,None,renyi_normalize,7,7,1,passthrough,SA_VSA_OGM,1,0.1,8192
2188,0.7880741780943681,0.42024360739164895,42,cuda,True,None,renyi_normalize,7,9,1,passthrough,SA_VSA_OGM,1,0.1,8192
2189,0.7960079993541249,0.31975555833646185,42,cuda,True,None,renyi_normalize,7,11,1,passthrough,SA_VSA_OGM,1,0.1,8192
2190,0.7079409079286896,0.4907082968339382,42,cuda,True,None,renyi_normalize,9,3,1,passthrough,SA_VSA_OGM,1,0.1,8192
2191,0.6411325669476142,0.6458098694364495,42,cuda,True,None,renyi_normalize,9,5,1,passthrough,SA_VSA_OGM,1,0.1,8192
2192,0.7377803893495083,0.5376882325950028,42,cuda,True,None,renyi_normalize,9,7,1,passthrough,SA_VSA_OGM,1,0.1,8192
2193,0.7616864172431947,0.49457723272014353,42,cuda,True,None,renyi_normalize,9,9,1,passthrough,SA_VSA_OGM,1,0.1,8192
2194,0.9723564433719094,0.35264672756851456,42,cuda,True,None,renyi_normalize,9,11,1,passthrough,SA_VSA_OGM,1,0.1,8192
2195,0.6509969995725593,0.6252242105702248,42,cuda,True,None,renyi_normalize,11,3,1,passthrough,SA_VSA_OGM,1,0.1,8192
2196,0.6261111629916258,0.6748008175864514,42,cuda,True,None,renyi_normalize,11,5,1,passthrough,SA_VSA_OGM,1,0.1,8192
2197,0.6339584123147045,0.6829558253034664,42,cuda,True,None,renyi_normalize,11,7,1,passthrough,SA_VSA_OGM,1,0.1,8192
2198,0.6882800823307276,0.5566679180745004,42,cuda,True,None,renyi_normalize,11,9,1,passthrough,SA_VSA_OGM,1,0.1,8192
2199,0.6839287010400635,0.6220331205940015,42,cuda,True,None,renyi_normalize,11,11,1,passthrough,SA_VSA_OGM,1,0.1,8192
2200,0.7240553163860031,0.5236933216535269,42,cuda,True,None,renyi_normalize_squaring,3,3,1,passthrough,SA_VSA_OGM,1,0.1,8192
2201,0.7630622699731432,0.4855253827222292,42,cuda,True,None,renyi_normalize_squaring,3,5,1,passthrough,SA_VSA_OGM,1,0.1,8192
2202,0.7573821733170465,0.5176031368623035,42,cuda,True,None,renyi_normalize_squaring,3,7,1,passthrough,SA_VSA_OGM,1,0.1,8192
2203,0.7694757419535362,0.4036624535936262,42,cuda,True,None,renyi_normalize_squaring,3,9,1,passthrough,SA_VSA_OGM,1,0.1,8192
2204,0.7691292417233907,0.4482542860718308,42,cuda,True,None,renyi_normalize_squaring,3,11,1,passthrough,SA_VSA_OGM,1,0.1,8192
2205,0.7228707257961201,0.5085512868643891,42,cuda,True,None,renyi_normalize_squaring,5,3,1,passthrough,SA_VSA_OGM,1,0.1,8192
2206,0.832643437688946,0.44570975680974423,42,cuda,True,None,renyi_normalize_squaring,5,5,1,passthrough,SA_VSA_OGM,1,0.1,8192
2207,0.8173394005168766,0.3768614691527968,42,cuda,True,None,renyi_normalize_squaring,5,7,1,passthrough,SA_VSA_OGM,1,0.1,8192
2208,0.7975817763854601,0.39421432444833776,42,cuda,True,None,renyi_normalize_squaring,5,9,1,passthrough,SA_VSA_OGM,1,0.1,8192
2209,0.9258073563433068,0.3193384223918575,42,cuda,True,None,renyi_normalize_squaring,5,11,1,passthrough,SA_VSA_OGM,1,0.1,8192
2210,0.6865166555751814,0.5711008217578109,42,cuda,True,None,renyi_normalize_squaring,7,3,1,passthrough,SA_VSA_OGM,1,0.1,8192
2211,0.7683346213806879,0.4630000417135944,42,cuda,True,None,renyi_normalize_squaring,7,5,1,passthrough,SA_VSA_OGM,1,0.1,8192
2212,0.7112999909506699,0.5680765861594294,42,cuda,True,None,renyi_normalize_squaring,7,7,1,passthrough,SA_VSA_OGM,1,0.1,8192
2213,0.8227433640745784,0.34528427814624785,42,cuda,True,None,renyi_normalize_squaring,7,9,1,passthrough,SA_VSA_OGM,1,0.1,8192
2214,0.8022889063631758,0.3754640637383723,42,cuda,True,None,renyi_normalize_squaring,7,11,1,passthrough,SA_VSA_OGM,1,0.1,8192
2215,0.7025122787658827,0.552308847453385,42,cuda,True,None,renyi_normalize_squaring,9,3,1,passthrough,SA_VSA_OGM,1,0.1,8192
2216,0.6777374747864341,0.6249322154090018,42,cuda,True,None,renyi_normalize_squaring,9,5,1,passthrough,SA_VSA_OGM,1,0.1,8192
2217,0.6924991990923526,0.6378425728945062,42,cuda,True,None,renyi_normalize_squaring,9,7,1,passthrough,SA_VSA_OGM,1,0.1,8192
2218,0.7641248604461612,0.4803320402119051,42,cuda,True,None,renyi_normalize_squaring,9,9,1,passthrough,SA_VSA_OGM,1,0.1,8192
2219,0.756376473182623,0.5157051683143536,42,cuda,True,None,renyi_normalize_squaring,9,11,1,passthrough,SA_VSA_OGM,1,0.1,8192
2220,0.6885845602711629,0.5774621449130272,42,cuda,True,None,renyi_normalize_squaring,11,3,1,passthrough,SA_VSA_OGM,1,0.1,8192
2221,0.693996319169802,0.5553956534434572,42,cuda,True,None,renyi_normalize_squaring,11,5,1,passthrough,SA_VSA_OGM,1,0.1,8192
2222,0.7573380621212145,0.5147040420473032,42,cuda,True,None,renyi_normalize_squaring,11,7,1,passthrough,SA_VSA_OGM,1,0.1,8192
2223,0.7828993681289471,0.46133149793517714,42,cuda,True,None,renyi_normalize_squaring,11,9,1,passthrough,SA_VSA_OGM,1,0.1,8192
2224,0.7301344290596249,0.6086639135694323,42,cuda,True,None,renyi_normalize_squaring,11,11,1,passthrough,SA_VSA_OGM,1,0.1,8192
2225,0.790859821117387,0.43126642472781873,42,cuda,True,None,renyi_normalize_cubic,3,3,1,passthrough,SA_VSA_OGM,1,0.1,8192
2226,0.797795704898362,0.46047636924873814,42,cuda,True,None,renyi_normalize_cubic,3,5,1,passthrough,SA_VSA_OGM,1,0.1,8192
2227,0.7492862801091716,0.5178742752262963,42,cuda,True,None,renyi_normalize_cubic,3,7,1,passthrough,SA_VSA_OGM,1,0.1,8192
2228,0.9472122850639406,0.428502899094815,42,cuda,True,None,renyi_normalize_cubic,3,9,1,passthrough,SA_VSA_OGM,1,0.1,8192
2229,0.8852725792674278,0.4652734326116882,42,cuda,True,None,renyi_normalize_cubic,3,11,1,passthrough,SA_VSA_OGM,1,0.1,8192
2230,0.7020531754373831,0.5683685813206524,42,cuda,True,None,renyi_normalize_cubic,5,3,1,passthrough,SA_VSA_OGM,1,0.1,8192
2231,0.7482832588765077,0.520731656446836,42,cuda,True,None,renyi_normalize_cubic,5,5,1,passthrough,SA_VSA_OGM,1,0.1,8192
2232,0.7396807487169073,0.5182079839819798,42,cuda,True,None,renyi_normalize_cubic,5,7,1,passthrough,SA_VSA_OGM,1,0.1,8192
2233,0.7931027394960044,0.4182413548575481,42,cuda,True,None,renyi_normalize_cubic,5,9,1,passthrough,SA_VSA_OGM,1,0.1,8192
2234,0.7109437735854282,0.5416301672715138,42,cuda,True,None,renyi_normalize_cubic,5,11,1,passthrough,SA_VSA_OGM,1,0.1,8192
2235,0.7263845149047865,0.5369791014891754,42,cuda,True,None,renyi_normalize_cubic,7,3,1,passthrough,SA_VSA_OGM,1,0.1,8192
2236,0.7171701910987847,0.5169357193509365,42,cuda,True,None,renyi_normalize_cubic,7,5,1,passthrough,SA_VSA_OGM,1,0.1,8192
2237,0.7934404422088543,0.4974554707379135,42,cuda,True,None,renyi_normalize_cubic,7,7,1,passthrough,SA_VSA_OGM,1,0.1,8192
2238,0.8011900486626162,0.4282526175280525,42,cuda,True,None,renyi_normalize_cubic,7,9,1,passthrough,SA_VSA_OGM,1,0.1,8192
2239,0.7881811661297446,0.46589913652859466,42,cuda,True,None,renyi_normalize_cubic,7,11,1,passthrough,SA_VSA_OGM,1,0.1,8192
2240,0.7731809039989914,0.4889667542652151,42,cuda,True,None,renyi_normalize_cubic,9,3,1,passthrough,SA_VSA_OGM,1,0.1,8192
2241,0.8039587467717356,0.5196053893964043,42,cuda,True,None,renyi_normalize_cubic,9,5,1,passthrough,SA_VSA_OGM,1,0.1,8192
2242,0.6724086279129915,0.6227839652942894,42,cuda,True,None,renyi_normalize_cubic,9,7,1,passthrough,SA_VSA_OGM,1,0.1,8192
2243,0.747718924880691,0.4548867475910399,42,cuda,True,None,renyi_normalize_cubic,9,9,1,passthrough,SA_VSA_OGM,1,0.1,8192
2244,0.7847122557972076,0.55470737913486,42,cuda,True,None,renyi_normalize_cubic,9,11,1,passthrough,SA_VSA_OGM,1,0.1,8192
2245,0.6829974007094687,0.5841571768239269,42,cuda,True,None,renyi_normalize_cubic,11,3,1,passthrough,SA_VSA_OGM,1,0.1,8192
2246,0.9112281732715198,0.47776665415258834,42,cuda,True,None,renyi_normalize_cubic,11,5,1,passthrough,SA_VSA_OGM,1,0.1,8192
2247,0.7428159679488012,0.4939098152087766,42,cuda,True,None,renyi_normalize_cubic,11,7,1,passthrough,SA_VSA_OGM,1,0.1,8192
2248,0.7487797081518034,0.6123972802736412,42,cuda,True,None,renyi_normalize_cubic,11,9,1,passthrough,SA_VSA_OGM,1,0.1,8192
2249,0.7350713869911061,0.5107621073707922,42,cuda,True,None,renyi_normalize_cubic,11,11,1,passthrough,SA_VSA_OGM,1,0.1,8192
2250,0.7409079183164745,0.48698535852834446,42,cuda,True,None,renyi,3,3,1,passthrough,SA_VSA_OGM,1,0.2,8192
2251,0.6982753358078573,0.5482209151962625,42,cuda,True,None,renyi,3,5,1,passthrough,SA_VSA_OGM,1,0.2,8192
2252,0.727173206217563,0.5318900429650023,42,cuda,True,None,renyi,3,7,1,passthrough,SA_VSA_OGM,1,0.2,8192
2253,0.7783141974270664,0.4544487548492054,42,cuda,True,None,renyi,3,9,1,passthrough,SA_VSA_OGM,1,0.2,8192
2254,0.797568484526536,0.4003045092395611,42,cuda,True,None,renyi,3,11,1,passthrough,SA_VSA_OGM,1,0.2,8192
2255,0.7689533276398042,0.537333667042089,42,cuda,True,None,renyi,5,3,1,passthrough,SA_VSA_OGM,1,0.2,8192
2256,0.7506757019813125,0.5121386559879865,42,cuda,True,None,renyi,5,5,1,passthrough,SA_VSA_OGM,1,0.2,8192
2257,0.7404258938817644,0.46934050807158056,42,cuda,True,None,renyi,5,7,1,passthrough,SA_VSA_OGM,1,0.2,8192
2258,0.7386442617621656,0.495098652650899,42,cuda,True,None,renyi,5,9,1,passthrough,SA_VSA_OGM,1,0.2,8192
2259,0.8828856387495823,0.37283610728736494,42,cuda,True,None,renyi,5,11,1,passthrough,SA_VSA_OGM,1,0.2,8192
2260,0.7275598080786368,0.5415050264881325,42,cuda,True,None,renyi,7,3,1,passthrough,SA_VSA_OGM,1,0.2,8192
2261,0.7662989473926336,0.4988737329495682,42,cuda,True,None,renyi,7,5,1,passthrough,SA_VSA_OGM,1,0.2,8192
2262,0.719053526795852,0.5876611187586034,42,cuda,True,None,renyi,7,7,1,passthrough,SA_VSA_OGM,1,0.2,8192
2263,0.7430510108773638,0.4854419555333083,42,cuda,True,None,renyi,7,9,1,passthrough,SA_VSA_OGM,1,0.2,8192
2264,0.694974105913313,0.5661994744087098,42,cuda,True,None,renyi,7,11,1,passthrough,SA_VSA_OGM,1,0.2,8192
2265,0.7166665222163326,0.5623409669211196,42,cuda,True,None,renyi,9,3,1,passthrough,SA_VSA_OGM,1,0.2,8192
2266,0.7610754073832762,0.4786843532307179,42,cuda,True,None,renyi,9,5,1,passthrough,SA_VSA_OGM,1,0.2,8192
2267,0.7235418336097652,0.561902974179285,42,cuda,True,None,renyi,9,7,1,passthrough,SA_VSA_OGM,1,0.2,8192
2268,0.7219184477466732,0.6196971593042172,42,cuda,True,None,renyi,9,9,1,passthrough,SA_VSA_OGM,1,0.2,8192
2269,0.6914350698511099,0.5895590873065533,42,cuda,True,None,renyi,9,11,1,passthrough,SA_VSA_OGM,1,0.2,8192
2270,0.7211139281012158,0.5607975639260835,42,cuda,True,None,renyi,11,3,1,passthrough,SA_VSA_OGM,1,0.2,8192
2271,0.7088349782433729,0.6679597880949399,42,cuda,True,None,renyi,11,5,1,passthrough,SA_VSA_OGM,1,0.2,8192
2272,0.7685408827292791,0.4823342927460059,42,cuda,True,None,renyi,11,7,1,passthrough,SA_VSA_OGM,1,0.2,8192
2273,0.6627162295542791,0.6611187586034288,42,cuda,True,None,renyi,11,9,1,passthrough,SA_VSA_OGM,1,0.2,8192
2274,0.5986988458759775,0.7213740458015266,42,cuda,True,None,renyi,11,11,1,passthrough,SA_VSA_OGM,1,0.2,8192
2275,21.221207163929652,0.5,42,cuda,True,None,renyi_squaring,3,3,1,passthrough,SA_VSA_OGM,1,0.2,8192
2276,21.221207163929652,0.5,42,cuda,True,None,renyi_squaring,3,5,1,passthrough,SA_VSA_OGM,1,0.2,8192
2277,21.221207163929652,0.5,42,cuda,True,None,renyi_squaring,3,7,1,passthrough,SA_VSA_OGM,1,0.2,8192
2278,21.221207163929652,0.5,42,cuda,True,None,renyi_squaring,3,9,1,passthrough,SA_VSA_OGM,1,0.2,8192
2279,21.221207163929652,0.5,42,cuda,True,None,renyi_squaring,3,11,1,passthrough,SA_VSA_OGM,1,0.2,8192
2280,21.221207163929652,0.5,42,cuda,True,None,renyi_squaring,5,3,1,passthrough,SA_VSA_OGM,1,0.2,8192
2281,21.221207163929655,0.5,42,cuda,True,None,renyi_squaring,5,5,1,passthrough,SA_VSA_OGM,1,0.2,8192
2282,21.221207163929652,0.5,42,cuda,True,None,renyi_squaring,5,7,1,passthrough,SA_VSA_OGM,1,0.2,8192
2283,21.221207163929655,0.5,42,cuda,True,None,renyi_squaring,5,9,1,passthrough,SA_VSA_OGM,1,0.2,8192
2284,21.221207163929652,0.5,42,cuda,True,None,renyi_squaring,5,11,1,passthrough,SA_VSA_OGM,1,0.2,8192
2285,21.221207163929652,0.5,42,cuda,True,None,renyi_squaring,7,3,1,passthrough,SA_VSA_OGM,1,0.2,8192
2286,21.221207163929655,0.5,42,cuda,True,None,renyi_squaring,7,5,1,passthrough,SA_VSA_OGM,1,0.2,8192
2287,21.221207163929652,0.5,42,cuda,True,None,renyi_squaring,7,7,1,passthrough,SA_VSA_OGM,1,0.2,8192
2288,21.221207163929655,0.5,42,cuda,True,None,renyi_squaring,7,9,1,passthrough,SA_VSA_OGM,1,0.2,8192
2289,21.221207163929655,0.5,42,cuda,True,None,renyi_squaring,7,11,1,passthrough,SA_VSA_OGM,1,0.2,8192
2290,21.221207163929652,0.5,42,cuda,True,None,renyi_squaring,9,3,1,passthrough,SA_VSA_OGM,1,0.2,8192
2291,21.221207163929655,0.5,42,cuda,True,None,renyi_squaring,9,5,1,passthrough,SA_VSA_OGM,1,0.2,8192
2292,21.221207163929655,0.5,42,cuda,True,None,renyi_squaring,9,7,1,passthrough,SA_VSA_OGM,1,0.2,8192
2293,21.221207163929652,0.5,42,cuda,True,None,renyi_squaring,9,9,1,passthrough,SA_VSA_OGM,1,0.2,8192
2294,21.221207163929655,0.5,42,cuda,True,None,renyi_squaring,9,11,1,passthrough,SA_VSA_OGM,1,0.2,8192
2295,21.22154101510539,0.5,42,cuda,True,None,renyi_squaring,11,3,1,passthrough,SA_VSA_OGM,1,0.2,8192
