,test_nll,test_acc,seed,device,verbose,decoding_alpha,decoding_method,decoding_disk_radii_1,decoding_disk_radii_2,num_tiles,data_filter,mapping_type,axis_resolution,vector_length_scale,vector_dimensionality
0,0.4028197943931487,0.9579629221463032,42,cuda,True,None,renyi,1,1,1,passthrough,SA_VSA_OGM,0.1,0.1,32768
1,0.4049852256134044,0.9804085702286912,42,cuda,True,None,renyi,1,3,1,passthrough,SA_VSA_OGM,0.1,0.1,32768
2,0.409062939463362,0.9853762442364292,42,cuda,True,None,renyi,1,5,1,passthrough,SA_VSA_OGM,0.1,0.1,32768
3,0.3634535588132563,0.9799356333453308,42,cuda,True,None,renyi,3,1,1,passthrough,SA_VSA_OGM,0.1,0.1,32768
4,0.25040695982528804,0.9925806852228054,42,cuda,True,None,renyi,3,3,1,passthrough,SA_VSA_OGM,0.1,0.1,32768
5,0.24780188992782945,0.988017680351009,42,cuda,True,None,renyi,3,5,1,passthrough,SA_VSA_OGM,0.1,0.1,32768
6,0.39886474268488936,0.9652955255597678,42,cuda,True,None,renyi,5,1,1,passthrough,SA_VSA_OGM,0.1,0.1,32768
7,0.2917971719066514,0.9834968200615376,42,cuda,True,None,renyi,5,3,1,passthrough,SA_VSA_OGM,0.1,0.1,32768
8,0.2917901596364829,0.9805869513081356,42,cuda,True,None,renyi,5,5,1,passthrough,SA_VSA_OGM,0.1,0.1,32768
9,9.351856149821488,0.7396205609816271,42,cuda,True,None,renyi_squaring,1,1,1,passthrough,SA_VSA_OGM,0.1,0.1,32768
10,8.804361056204645,0.7542991639561896,42,cuda,True,None,renyi_squaring,1,3,1,passthrough,SA_VSA_OGM,0.1,0.1,32768
11,9.709632588733127,0.7285091421929768,42,cuda,True,None,renyi_squaring,1,5,1,passthrough,SA_VSA_OGM,0.1,0.1,32768
12,0.5576536973586582,0.8919276779084595,42,cuda,True,None,renyi_squaring,3,1,1,passthrough,SA_VSA_OGM,0.1,0.1,32768
13,0.49292178792680086,0.8849065285009907,42,cuda,True,None,renyi_squaring,3,3,1,passthrough,SA_VSA_OGM,0.1,0.1,32768
14,3.88955158153401,0.871372184692804,42,cuda,True,None,renyi_squaring,3,5,1,passthrough,SA_VSA_OGM,0.1,0.1,32768
15,0.792404635803897,0.9163829178689188,42,cuda,True,None,renyi_squaring,5,1,1,passthrough,SA_VSA_OGM,0.1,0.1,32768
16,1.3802902277342324,0.905307208902978,42,cuda,True,None,renyi_squaring,5,3,1,passthrough,SA_VSA_OGM,0.1,0.1,32768
17,0.4647726127628287,0.924261105824192,42,cuda,True,None,renyi_squaring,5,5,1,passthrough,SA_VSA_OGM,0.1,0.1,32768
18,18.03537694019358,0.5,42,cuda,True,None,renyi_cubic,1,1,1,passthrough,SA_VSA_OGM,0.1,0.1,32768
19,18.034699427911832,0.5,42,cuda,True,None,renyi_cubic,1,3,1,passthrough,SA_VSA_OGM,0.1,0.1,32768
20,18.03245180780253,0.5,42,cuda,True,None,renyi_cubic,1,5,1,passthrough,SA_VSA_OGM,0.1,0.1,32768
21,18.032749013767397,0.5,42,cuda,True,None,renyi_cubic,3,1,1,passthrough,SA_VSA_OGM,0.1,0.1,32768
22,18.030035394088188,0.5,42,cuda,True,None,renyi_cubic,3,3,1,passthrough,SA_VSA_OGM,0.1,0.1,32768
23,18.026832757529284,0.5,42,cuda,True,None,renyi_cubic,3,5,1,passthrough,SA_VSA_OGM,0.1,0.1,32768
24,18.027319060789296,0.5,42,cuda,True,None,renyi_cubic,5,1,1,passthrough,SA_VSA_OGM,0.1,0.1,32768
25,18.02710781593427,0.5,42,cuda,True,None,renyi_cubic,5,3,1,passthrough,SA_VSA_OGM,0.1,0.1,32768
26,18.031362052598023,0.5,42,cuda,True,None,renyi_cubic,5,5,1,passthrough,SA_VSA_OGM,0.1,0.1,32768
27,0.6594788324957457,0.62837256374076,42,cuda,True,None,renyi_normalize,1,1,1,passthrough,SA_VSA_OGM,0.1,0.1,32768
28,0.67308325956296,0.8006099275502431,42,cuda,True,None,renyi_normalize,1,3,1,passthrough,SA_VSA_OGM,0.1,0.1,32768
29,0.6721915945330705,0.9310340065681272,42,cuda,True,None,renyi_normalize,1,5,1,passthrough,SA_VSA_OGM,0.1,0.1,32768
30,0.661078477303344,0.8978654376211059,42,cuda,True,None,renyi_normalize,3,1,1,passthrough,SA_VSA_OGM,0.1,0.1,32768
31,0.47613448043530665,0.9527745519645984,42,cuda,True,None,renyi_normalize,3,3,1,passthrough,SA_VSA_OGM,0.1,0.1,32768
32,0.5451324489598353,0.9734633028587942,42,cuda,True,None,renyi_normalize,3,5,1,passthrough,SA_VSA_OGM,0.1,0.1,32768
33,0.5866986332835359,0.9341669559876248,42,cuda,True,None,renyi_normalize,5,1,1,passthrough,SA_VSA_OGM,0.1,0.1,32768
34,0.4684139033228648,0.9620619345362114,42,cuda,True,None,renyi_normalize,5,3,1,passthrough,SA_VSA_OGM,0.1,0.1,32768
35,0.42525456784812,0.9695214290879566,42,cuda,True,None,renyi_normalize,5,5,1,passthrough,SA_VSA_OGM,0.1,0.1,32768
36,0.37982125649041526,0.970549531405324,42,cuda,True,None,renyi_normalize_squaring,1,1,1,passthrough,SA_VSA_OGM,0.1,0.1,32768
37,0.48620138394655726,0.9852356511727722,42,cuda,True,None,renyi_normalize_squaring,1,3,1,passthrough,SA_VSA_OGM,0.1,0.1,32768
38,0.4726876866463463,0.9906602560769188,42,cuda,True,None,renyi_normalize_squaring,1,5,1,passthrough,SA_VSA_OGM,0.1,0.1,32768
39,0.2563985778703892,0.9850896015178924,42,cuda,True,None,renyi_normalize_squaring,3,1,1,passthrough,SA_VSA_OGM,0.1,0.1,32768
40,0.3112091746626853,0.9848881000509112,42,cuda,True,None,renyi_normalize_squaring,3,3,1,passthrough,SA_VSA_OGM,0.1,0.1,32768
41,0.40051704796744625,0.9841180729274958,42,cuda,True,None,renyi_normalize_squaring,3,5,1,passthrough,SA_VSA_OGM,0.1,0.1,32768
42,0.36040425013614774,0.9674392355233904,42,cuda,True,None,renyi_normalize_squaring,5,1,1,passthrough,SA_VSA_OGM,0.1,0.1,32768
43,0.35052702872090286,0.9767146567418492,42,cuda,True,None,renyi_normalize_squaring,5,3,1,passthrough,SA_VSA_OGM,0.1,0.1,32768
44,0.47908566314802936,0.9722874854865586,42,cuda,True,None,renyi_normalize_squaring,5,5,1,passthrough,SA_VSA_OGM,0.1,0.1,32768
45,0.23207291638291697,0.9835920029697932,42,cuda,True,None,renyi_normalize_cubic,1,1,1,passthrough,SA_VSA_OGM,0.1,0.1,32768
46,0.21026350350176884,0.9917710327589332,42,cuda,True,None,renyi_normalize_cubic,1,3,1,passthrough,SA_VSA_OGM,0.1,0.1,32768
47,0.26744328629350717,0.9928769865484042,42,cuda,True,None,renyi_normalize_cubic,1,5,1,passthrough,SA_VSA_OGM,0.1,0.1,32768
48,0.18570657535967217,0.9904248107586212,42,cuda,True,None,renyi_normalize_cubic,3,1,1,passthrough,SA_VSA_OGM,0.1,0.1,32768
49,0.2196124219870663,0.9889240029621932,42,cuda,True,None,renyi_normalize_cubic,3,3,1,passthrough,SA_VSA_OGM,0.1,0.1,32768
50,0.2771926281592453,0.9821244928395796,42,cuda,True,None,renyi_normalize_cubic,3,5,1,passthrough,SA_VSA_OGM,0.1,0.1,32768
51,0.23928255279672017,0.9811044414913896,42,cuda,True,None,renyi_normalize_cubic,5,1,1,passthrough,SA_VSA_OGM,0.1,0.1,32768
52,0.26008738013188987,0.985506249604115,42,cuda,True,None,renyi_normalize_cubic,5,3,1,passthrough,SA_VSA_OGM,0.1,0.1,32768
53,0.3102645754477258,0.9841946426402948,42,cuda,True,None,renyi_normalize_cubic,5,5,1,passthrough,SA_VSA_OGM,0.1,0.1,32768
54,0.44403692231356534,0.9167928755408428,42,cuda,True,None,renyi,1,1,1,passthrough,SA_VSA_OGM,0.1,0.2,32768
55,0.5771364971161227,0.9506018322940254,42,cuda,True,None,renyi,1,3,1,passthrough,SA_VSA_OGM,0.1,0.2,32768
56,0.6076337967761153,0.9728984383513783,42,cuda,True,None,renyi,1,5,1,passthrough,SA_VSA_OGM,0.1,0.2,32768
57,0.43590681607614734,0.9783150518486812,42,cuda,True,None,renyi,3,1,1,passthrough,SA_VSA_OGM,0.1,0.2,32768
58,0.2719641463045848,0.987858010300657,42,cuda,True,None,renyi,3,3,1,passthrough,SA_VSA_OGM,0.1,0.2,32768
59,0.2651709131332852,0.988047988104556,42,cuda,True,None,renyi,3,5,1,passthrough,SA_VSA_OGM,0.1,0.2,32768
60,0.4620161151623496,0.9651122694955988,42,cuda,True,None,renyi,5,1,1,passthrough,SA_VSA_OGM,0.1,0.2,32768
61,0.305685775574941,0.9815182698834874,42,cuda,True,None,renyi,5,3,1,passthrough,SA_VSA_OGM,0.1,0.2,32768
62,0.29005138211237147,0.988430271352567,42,cuda,True,None,renyi,5,5,1,passthrough,SA_VSA_OGM,0.1,0.2,32768
63,0.419904774251231,0.9699247673910404,42,cuda,True,None,renyi_squaring,1,1,1,passthrough,SA_VSA_OGM,0.1,0.2,32768
64,0.32717652216576176,0.9709476957707912,42,cuda,True,None,renyi_squaring,1,3,1,passthrough,SA_VSA_OGM,0.1,0.2,32768
65,0.28728446485303233,0.9727356622244768,42,cuda,True,None,renyi_squaring,1,5,1,passthrough,SA_VSA_OGM,0.1,0.2,32768
66,0.43360411693006806,0.9730510820292754,42,cuda,True,None,renyi_squaring,3,1,1,passthrough,SA_VSA_OGM,0.1,0.2,32768
67,0.3411136824350846,0.9722722865287368,42,cuda,True,None,renyi_squaring,3,3,1,passthrough,SA_VSA_OGM,0.1,0.2,32768
68,0.30711452588816046,0.9742525828801734,42,cuda,True,None,renyi_squaring,3,5,1,passthrough,SA_VSA_OGM,0.1,0.2,32768
69,0.4572350503405679,0.9468605739995825,42,cuda,True,None,renyi_squaring,5,1,1,passthrough,SA_VSA_OGM,0.1,0.2,32768
70,0.40259642016846847,0.952219926064314,42,cuda,True,None,renyi_squaring,5,3,1,passthrough,SA_VSA_OGM,0.1,0.2,32768
71,0.33403179634385394,0.9505059236848444,42,cuda,True,None,renyi_squaring,5,5,1,passthrough,SA_VSA_OGM,0.1,0.2,32768
72,18.028174891828673,0.5,42,cuda,True,None,renyi_cubic,1,1,1,passthrough,SA_VSA_OGM,0.1,0.2,32768
73,18.027857164237577,0.5,42,cuda,True,None,renyi_cubic,1,3,1,passthrough,SA_VSA_OGM,0.1,0.2,32768
74,18.028005606568136,0.5,42,cuda,True,None,renyi_cubic,1,5,1,passthrough,SA_VSA_OGM,0.1,0.2,32768
75,18.028150142521575,0.5,42,cuda,True,None,renyi_cubic,3,1,1,passthrough,SA_VSA_OGM,0.1,0.2,32768
76,18.02806801982076,0.5,42,cuda,True,None,renyi_cubic,3,3,1,passthrough,SA_VSA_OGM,0.1,0.2,32768
77,18.02842809627819,0.5,42,cuda,True,None,renyi_cubic,3,5,1,passthrough,SA_VSA_OGM,0.1,0.2,32768
78,18.027910011586272,0.5,42,cuda,True,None,renyi_cubic,5,1,1,passthrough,SA_VSA_OGM,0.1,0.2,32768
79,18.028048515679316,0.5,42,cuda,True,None,renyi_cubic,5,3,1,passthrough,SA_VSA_OGM,0.1,0.2,32768
80,18.027124115691603,0.5,42,cuda,True,None,renyi_cubic,5,5,1,passthrough,SA_VSA_OGM,0.1,0.2,32768
81,0.6458590539207264,0.6585641565185731,42,cuda,True,None,renyi_normalize,1,1,1,passthrough,SA_VSA_OGM,0.1,0.2,32768
82,0.8988332508636468,0.7492291724316058,42,cuda,True,None,renyi_normalize,1,3,1,passthrough,SA_VSA_OGM,0.1,0.2,32768
83,0.8639256237151766,0.8661419047321564,42,cuda,True,None,renyi_normalize,1,5,1,passthrough,SA_VSA_OGM,0.1,0.2,32768
84,0.7515391255279591,0.942954017363735,42,cuda,True,None,renyi_normalize,3,1,1,passthrough,SA_VSA_OGM,0.1,0.2,32768
85,0.4925108602199255,0.963459284123956,42,cuda,True,None,renyi_normalize,3,3,1,passthrough,SA_VSA_OGM,0.1,0.2,32768
86,0.5760901665814557,0.9709919557774372,42,cuda,True,None,renyi_normalize,3,5,1,passthrough,SA_VSA_OGM,0.1,0.2,32768
87,0.611927666673226,0.9471442793028986,42,cuda,True,None,renyi_normalize,5,1,1,passthrough,SA_VSA_OGM,0.1,0.2,32768
88,0.4532430828407305,0.968062470119296,42,cuda,True,None,renyi_normalize,5,3,1,passthrough,SA_VSA_OGM,0.1,0.2,32768
89,0.3745702479949793,0.9820814039850332,42,cuda,True,None,renyi_normalize,5,5,1,passthrough,SA_VSA_OGM,0.1,0.2,32768
90,0.2681164857389309,0.9861438075653964,42,cuda,True,None,renyi_normalize_squaring,1,1,1,passthrough,SA_VSA_OGM,0.1,0.2,32768
91,0.4934875497132038,0.9919026236059042,42,cuda,True,None,renyi_normalize_squaring,1,3,1,passthrough,SA_VSA_OGM,0.1,0.2,32768
92,0.6958316290057478,0.9903829824731014,42,cuda,True,None,renyi_normalize_squaring,1,5,1,passthrough,SA_VSA_OGM,0.1,0.2,32768
93,0.20459952279390783,0.9902730849390264,42,cuda,True,None,renyi_normalize_squaring,3,1,1,passthrough,SA_VSA_OGM,0.1,0.2,32768
94,0.2008596930100644,0.9917817883640984,42,cuda,True,None,renyi_normalize_squaring,3,3,1,passthrough,SA_VSA_OGM,0.1,0.2,32768
95,0.1870562058687087,0.9931698371508202,42,cuda,True,None,renyi_normalize_squaring,3,5,1,passthrough,SA_VSA_OGM,0.1,0.2,32768
96,0.2580146978062642,0.9856732493744482,42,cuda,True,None,renyi_normalize_squaring,5,1,1,passthrough,SA_VSA_OGM,0.1,0.2,32768
97,0.19106838957550848,0.9886841541637128,42,cuda,True,None,renyi_normalize_squaring,5,3,1,passthrough,SA_VSA_OGM,0.1,0.2,32768
98,0.2494468906579549,0.9892363854088296,42,cuda,True,None,renyi_normalize_squaring,5,5,1,passthrough,SA_VSA_OGM,0.1,0.2,32768
99,0.14858232950310357,0.9927502040646796,42,cuda,True,None,renyi_normalize_cubic,1,1,1,passthrough,SA_VSA_OGM,0.1,0.2,32768
100,0.26364959092747836,0.9951076469691388,42,cuda,True,None,renyi_normalize_cubic,1,3,1,passthrough,SA_VSA_OGM,0.1,0.2,32768
101,0.3461986814539146,0.9932198641244544,42,cuda,True,None,renyi_normalize_cubic,1,5,1,passthrough,SA_VSA_OGM,0.1,0.2,32768
102,0.12563984508197848,0.9924282016378774,42,cuda,True,None,renyi_normalize_cubic,3,1,1,passthrough,SA_VSA_OGM,0.1,0.2,32768
103,0.14074032907155012,0.9943201124295038,42,cuda,True,None,renyi_normalize_cubic,3,3,1,passthrough,SA_VSA_OGM,0.1,0.2,32768
104,0.13538007069194702,0.9934067542120424,42,cuda,True,None,renyi_normalize_cubic,3,5,1,passthrough,SA_VSA_OGM,0.1,0.2,32768
105,0.17658731315604345,0.9852642063473254,42,cuda,True,None,renyi_normalize_cubic,5,1,1,passthrough,SA_VSA_OGM,0.1,0.2,32768
106,0.23289811573831048,0.9933126846344096,42,cuda,True,None,renyi_normalize_cubic,5,3,1,passthrough,SA_VSA_OGM,0.1,0.2,32768
107,0.2052863233961837,0.992163660057486,42,cuda,True,None,renyi_normalize_cubic,5,5,1,passthrough,SA_VSA_OGM,0.1,0.2,32768
108,0.8622796497020273,0.4425235131516605,42,cuda,True,None,renyi,1,1,1,passthrough,SA_VSA_OGM,0.1,0.5,32768
109,1.0680040272636873,0.36031007537991966,42,cuda,True,None,renyi,1,3,1,passthrough,SA_VSA_OGM,0.1,0.5,32768
110,1.2288732414897403,0.37459759920657254,42,cuda,True,None,renyi,1,5,1,passthrough,SA_VSA_OGM,0.1,0.5,32768
111,0.8799361344677695,0.6627357111443971,42,cuda,True,None,renyi,3,1,1,passthrough,SA_VSA_OGM,0.1,0.5,32768
112,0.7183294082028479,0.5432052463643792,42,cuda,True,None,renyi,3,3,1,passthrough,SA_VSA_OGM,0.1,0.5,32768
113,0.6753756127945638,0.5964555928744834,42,cuda,True,None,renyi,3,5,1,passthrough,SA_VSA_OGM,0.1,0.5,32768
114,0.96408452809926,0.820049541660111,42,cuda,True,None,renyi,5,1,1,passthrough,SA_VSA_OGM,0.1,0.5,32768
115,0.7133602332504129,0.7362870032740716,42,cuda,True,None,renyi,5,3,1,passthrough,SA_VSA_OGM,0.1,0.5,32768
116,0.5844795303366933,0.8234176217074963,42,cuda,True,None,renyi,5,5,1,passthrough,SA_VSA_OGM,0.1,0.5,32768
117,0.43958885174800183,0.9443710073660424,42,cuda,True,None,renyi_squaring,1,1,1,passthrough,SA_VSA_OGM,0.1,0.5,32768
118,0.3611603876044717,0.9525273559792076,42,cuda,True,None,renyi_squaring,1,3,1,passthrough,SA_VSA_OGM,0.1,0.5,32768
119,0.38904467652308095,0.9403425179408482,42,cuda,True,None,renyi_squaring,1,5,1,passthrough,SA_VSA_OGM,0.1,0.5,32768
120,0.3518113602159684,0.968682465069982,42,cuda,True,None,renyi_squaring,3,1,1,passthrough,SA_VSA_OGM,0.1,0.5,32768
121,0.29102343592842,0.979153884668916,42,cuda,True,None,renyi_squaring,3,3,1,passthrough,SA_VSA_OGM,0.1,0.5,32768
122,0.2547439386200586,0.9757231187551182,42,cuda,True,None,renyi_squaring,3,5,1,passthrough,SA_VSA_OGM,0.1,0.5,32768
123,0.3947049801814766,0.974193303742439,42,cuda,True,None,renyi_squaring,5,1,1,passthrough,SA_VSA_OGM,0.1,0.5,32768
124,0.33512418859798104,0.979926778685244,42,cuda,True,None,renyi_squaring,5,3,1,passthrough,SA_VSA_OGM,0.1,0.5,32768
125,0.27752823791818787,0.9812959649212843,42,cuda,True,None,renyi_squaring,5,5,1,passthrough,SA_VSA_OGM,0.1,0.5,32768
126,12.883226121807198,0.6405208438072778,42,cuda,True,None,renyi_cubic,1,1,1,passthrough,SA_VSA_OGM,0.1,0.5,32768
127,12.742509534208017,0.6404785199116149,42,cuda,True,None,renyi_cubic,1,3,1,passthrough,SA_VSA_OGM,0.1,0.5,32768
128,12.682874670704011,0.6456720393272216,42,cuda,True,None,renyi_cubic,1,5,1,passthrough,SA_VSA_OGM,0.1,0.5,32768
129,8.521415896730721,0.7429724313540759,42,cuda,True,None,renyi_cubic,3,1,1,passthrough,SA_VSA_OGM,0.1,0.5,32768
130,10.81966350253894,0.6814509218273124,42,cuda,True,None,renyi_cubic,3,3,1,passthrough,SA_VSA_OGM,0.1,0.5,32768
131,8.853481938924054,0.733641347297726,42,cuda,True,None,renyi_cubic,3,5,1,passthrough,SA_VSA_OGM,0.1,0.5,32768
132,7.380865240129944,0.7498624459353035,42,cuda,True,None,renyi_cubic,5,1,1,passthrough,SA_VSA_OGM,0.1,0.5,32768
133,7.244220647472031,0.7522388195590964,42,cuda,True,None,renyi_cubic,5,3,1,passthrough,SA_VSA_OGM,0.1,0.5,32768
134,7.708318972222681,0.7406731826441729,42,cuda,True,None,renyi_cubic,5,5,1,passthrough,SA_VSA_OGM,0.1,0.5,32768
135,0.7052940028803263,0.5046644076721584,42,cuda,True,None,renyi_normalize,1,1,1,passthrough,SA_VSA_OGM,0.1,0.5,32768
136,1.2897362340975098,0.3203206920804827,42,cuda,True,None,renyi_normalize,1,3,1,passthrough,SA_VSA_OGM,0.1,0.5,32768
137,1.6195527947464483,0.3530290946351614,42,cuda,True,None,renyi_normalize,1,5,1,passthrough,SA_VSA_OGM,0.1,0.5,32768
138,1.0583418924763006,0.6585983331635732,42,cuda,True,None,renyi_normalize,3,1,1,passthrough,SA_VSA_OGM,0.1,0.5,32768
139,0.7125370270047796,0.5204260015071475,42,cuda,True,None,renyi_normalize,3,3,1,passthrough,SA_VSA_OGM,0.1,0.5,32768
140,0.90796861036252,0.5053247594115092,42,cuda,True,None,renyi_normalize,3,5,1,passthrough,SA_VSA_OGM,0.1,0.5,32768
141,1.1931756862431615,0.870996083881547,42,cuda,True,None,renyi_normalize,5,1,1,passthrough,SA_VSA_OGM,0.1,0.5,32768
142,0.6552080325060513,0.7280018625527664,42,cuda,True,None,renyi_normalize,5,3,1,passthrough,SA_VSA_OGM,0.1,0.5,32768
143,0.6118161470098261,0.7767746348260289,42,cuda,True,None,renyi_normalize,5,5,1,passthrough,SA_VSA_OGM,0.1,0.5,32768
144,0.4745275627650457,0.8926483533374217,42,cuda,True,None,renyi_normalize_squaring,1,1,1,passthrough,SA_VSA_OGM,0.1,0.5,32768
145,0.7606602012859314,0.9863112050857532,42,cuda,True,None,renyi_normalize_squaring,1,3,1,passthrough,SA_VSA_OGM,0.1,0.5,32768
146,1.067225245162827,0.9899499004935656,42,cuda,True,None,renyi_normalize_squaring,1,5,1,passthrough,SA_VSA_OGM,0.1,0.5,32768
147,0.4199411585097739,0.9717811339992096,42,cuda,True,None,renyi_normalize_squaring,3,1,1,passthrough,SA_VSA_OGM,0.1,0.5,32768
148,0.26485271949983896,0.9904911449894456,42,cuda,True,None,renyi_normalize_squaring,3,3,1,passthrough,SA_VSA_OGM,0.1,0.5,32768
149,0.28116461253211494,0.9921254155220776,42,cuda,True,None,renyi_normalize_squaring,3,5,1,passthrough,SA_VSA_OGM,0.1,0.5,32768
150,0.5763601743032868,0.9802644775114122,42,cuda,True,None,renyi_normalize_squaring,5,1,1,passthrough,SA_VSA_OGM,0.1,0.5,32768
151,0.2309247766782641,0.9900217524727054,42,cuda,True,None,renyi_normalize_squaring,5,3,1,passthrough,SA_VSA_OGM,0.1,0.5,32768
152,0.18025390847643463,0.9940091121531536,42,cuda,True,None,renyi_normalize_squaring,5,5,1,passthrough,SA_VSA_OGM,0.1,0.5,32768
153,0.23401862982111693,0.9800754447174768,42,cuda,True,None,renyi_normalize_cubic,1,1,1,passthrough,SA_VSA_OGM,0.1,0.5,32768
154,0.3682922068373112,0.9904352148100668,42,cuda,True,None,renyi_normalize_cubic,1,3,1,passthrough,SA_VSA_OGM,0.1,0.5,32768
155,0.6211683539998542,0.9934739012178248,42,cuda,True,None,renyi_normalize_cubic,1,5,1,passthrough,SA_VSA_OGM,0.1,0.5,32768
156,0.2260210647422582,0.9910080891797344,42,cuda,True,None,renyi_normalize_cubic,3,1,1,passthrough,SA_VSA_OGM,0.1,0.5,32768
157,0.13641089801736395,0.9941326227458102,42,cuda,True,None,renyi_normalize_cubic,3,3,1,passthrough,SA_VSA_OGM,0.1,0.5,32768
158,0.152016113036321,0.995090936358398,42,cuda,True,None,renyi_normalize_cubic,3,5,1,passthrough,SA_VSA_OGM,0.1,0.5,32768
159,0.27862724720742515,0.990503906714888,42,cuda,True,None,renyi_normalize_cubic,5,1,1,passthrough,SA_VSA_OGM,0.1,0.5,32768
160,0.13536034952133938,0.9945332127939904,42,cuda,True,None,renyi_normalize_cubic,5,3,1,passthrough,SA_VSA_OGM,0.1,0.5,32768
161,0.13407620637609924,0.9941124092959858,42,cuda,True,None,renyi_normalize_cubic,5,5,1,passthrough,SA_VSA_OGM,0.1,0.5,32768
162,1.135129400010643,0.2182594297069936,42,cuda,True,None,renyi,1,1,1,passthrough,SA_VSA_OGM,0.1,1.0,32768
163,1.4507630424961844,0.123706794431934,42,cuda,True,None,renyi,1,3,1,passthrough,SA_VSA_OGM,0.1,1.0,32768
164,1.9345750569752136,0.07413709062590823,42,cuda,True,None,renyi,1,5,1,passthrough,SA_VSA_OGM,0.1,1.0,32768
165,1.159081143889624,0.21522434904817897,42,cuda,True,None,renyi,3,1,1,passthrough,SA_VSA_OGM,0.1,1.0,32768
166,1.2304369094149927,0.12535475589298398,42,cuda,True,None,renyi,3,3,1,passthrough,SA_VSA_OGM,0.1,1.0,32768
167,1.4017678132734173,0.0814183769181832,42,cuda,True,None,renyi,3,5,1,passthrough,SA_VSA_OGM,0.1,1.0,32768
168,1.372770804717948,0.30994034648545843,42,cuda,True,None,renyi,5,1,1,passthrough,SA_VSA_OGM,0.1,1.0,32768
169,1.059384682746464,0.18640513865998012,42,cuda,True,None,renyi,5,3,1,passthrough,SA_VSA_OGM,0.1,1.0,32768
170,1.1297418743783831,0.1552764813987018,42,cuda,True,None,renyi,5,5,1,passthrough,SA_VSA_OGM,0.1,1.0,32768
171,0.6138360996762787,0.7051837955706027,42,cuda,True,None,renyi_squaring,1,1,1,passthrough,SA_VSA_OGM,0.1,1.0,32768
172,0.6634767534328463,0.7161119414630566,42,cuda,True,None,renyi_squaring,1,3,1,passthrough,SA_VSA_OGM,0.1,1.0,32768
173,0.629958408724043,0.8566142933412564,42,cuda,True,None,renyi_squaring,1,5,1,passthrough,SA_VSA_OGM,0.1,1.0,32768
174,0.5411879614310344,0.8403369478849458,42,cuda,True,None,renyi_squaring,3,1,1,passthrough,SA_VSA_OGM,0.1,1.0,32768
175,0.448891547583124,0.8777470200165703,42,cuda,True,None,renyi_squaring,3,3,1,passthrough,SA_VSA_OGM,0.1,1.0,32768
176,0.43867066160661033,0.8917442542196423,42,cuda,True,None,renyi_squaring,3,5,1,passthrough,SA_VSA_OGM,0.1,1.0,32768
177,0.5787697150818288,0.9065754333628944,42,cuda,True,None,renyi_squaring,5,1,1,passthrough,SA_VSA_OGM,0.1,1.0,32768
178,0.4113699693677528,0.961820559886716,42,cuda,True,None,renyi_squaring,5,3,1,passthrough,SA_VSA_OGM,0.1,1.0,32768
179,0.3509672732013829,0.954635231418305,42,cuda,True,None,renyi_squaring,5,5,1,passthrough,SA_VSA_OGM,0.1,1.0,32768
180,0.7596011876138237,0.7128742677041107,42,cuda,True,None,renyi_cubic,1,1,1,passthrough,SA_VSA_OGM,0.1,1.0,32768
181,0.6609664901737708,0.795700801421981,42,cuda,True,None,renyi_cubic,1,3,1,passthrough,SA_VSA_OGM,0.1,1.0,32768
182,0.5134019019326663,0.8440807631581927,42,cuda,True,None,renyi_cubic,1,5,1,passthrough,SA_VSA_OGM,0.1,1.0,32768
183,0.5030951151656186,0.8677076706234716,42,cuda,True,None,renyi_cubic,3,1,1,passthrough,SA_VSA_OGM,0.1,1.0,32768
184,0.441023386803476,0.8899559845735306,42,cuda,True,None,renyi_cubic,3,3,1,passthrough,SA_VSA_OGM,0.1,1.0,32768
185,0.4114200852523539,0.8895316303118143,42,cuda,True,None,renyi_cubic,3,5,1,passthrough,SA_VSA_OGM,0.1,1.0,32768
186,0.48423292425855025,0.897196659705455,42,cuda,True,None,renyi_cubic,5,1,1,passthrough,SA_VSA_OGM,0.1,1.0,32768
187,0.41520076040447945,0.913618295612554,42,cuda,True,None,renyi_cubic,5,3,1,passthrough,SA_VSA_OGM,0.1,1.0,32768
188,0.36460547743636634,0.9277601856074924,42,cuda,True,None,renyi_cubic,5,5,1,passthrough,SA_VSA_OGM,0.1,1.0,32768
189,0.7837901460276957,0.3512657183698703,42,cuda,True,None,renyi_normalize,1,1,1,passthrough,SA_VSA_OGM,0.1,1.0,32768
190,1.442162168738048,0.16932653926669927,42,cuda,True,None,renyi_normalize,1,3,1,passthrough,SA_VSA_OGM,0.1,1.0,32768
191,2.094401553587204,0.11652509031229452,42,cuda,True,None,renyi_normalize,1,5,1,passthrough,SA_VSA_OGM,0.1,1.0,32768
192,1.0155911240081628,0.3771865117776273,42,cuda,True,None,renyi_normalize,3,1,1,passthrough,SA_VSA_OGM,0.1,1.0,32768
193,0.949653604759204,0.1743271145065175,42,cuda,True,None,renyi_normalize,3,3,1,passthrough,SA_VSA_OGM,0.1,1.0,32768
194,1.2089839993096394,0.12648908679476317,42,cuda,True,None,renyi_normalize,3,5,1,passthrough,SA_VSA_OGM,0.1,1.0,32768
195,1.3631459933339314,0.4042295817167435,42,cuda,True,None,renyi_normalize,5,1,1,passthrough,SA_VSA_OGM,0.1,1.0,32768
196,0.8931121387993047,0.2811286145529835,42,cuda,True,None,renyi_normalize,5,3,1,passthrough,SA_VSA_OGM,0.1,1.0,32768
197,0.9514796259791324,0.19772454366267428,42,cuda,True,None,renyi_normalize,5,5,1,passthrough,SA_VSA_OGM,0.1,1.0,32768
198,0.5743618882969507,0.7578383865351936,42,cuda,True,None,renyi_normalize_squaring,1,1,1,passthrough,SA_VSA_OGM,0.1,1.0,32768
199,1.142783282035365,0.7796318365144757,42,cuda,True,None,renyi_normalize_squaring,1,3,1,passthrough,SA_VSA_OGM,0.1,1.0,32768
200,1.4580165054260146,0.90708641937368,42,cuda,True,None,renyi_normalize_squaring,1,5,1,passthrough,SA_VSA_OGM,0.1,1.0,32768
201,0.6918022147586934,0.8072868933953037,42,cuda,True,None,renyi_normalize_squaring,3,1,1,passthrough,SA_VSA_OGM,0.1,1.0,32768
202,0.507314424369251,0.8532882490722713,42,cuda,True,None,renyi_normalize_squaring,3,3,1,passthrough,SA_VSA_OGM,0.1,1.0,32768
203,0.671406411666359,0.9226244719468156,42,cuda,True,None,renyi_normalize_squaring,3,5,1,passthrough,SA_VSA_OGM,0.1,1.0,32768
204,0.9007898336233204,0.8737392965143568,42,cuda,True,None,renyi_normalize_squaring,5,1,1,passthrough,SA_VSA_OGM,0.1,1.0,32768
205,0.4515325774902368,0.8999897977112843,42,cuda,True,None,renyi_normalize_squaring,5,3,1,passthrough,SA_VSA_OGM,0.1,1.0,32768
206,0.37989237958605593,0.9701593031271138,42,cuda,True,None,renyi_normalize_squaring,5,5,1,passthrough,SA_VSA_OGM,0.1,1.0,32768
207,0.4488408791123334,0.8783100539074888,42,cuda,True,None,renyi_normalize_cubic,1,1,1,passthrough,SA_VSA_OGM,0.1,1.0,32768
208,0.8473652162633011,0.961459708140954,42,cuda,True,None,renyi_normalize_cubic,1,3,1,passthrough,SA_VSA_OGM,0.1,1.0,32768
209,1.036786745503137,0.9891231371484596,42,cuda,True,None,renyi_normalize_cubic,1,5,1,passthrough,SA_VSA_OGM,0.1,1.0,32768
210,0.4705584969101751,0.9052153398513032,42,cuda,True,None,renyi_normalize_cubic,3,1,1,passthrough,SA_VSA_OGM,0.1,1.0,32768
211,0.32381297137430687,0.9593630808373222,42,cuda,True,None,renyi_normalize_cubic,3,3,1,passthrough,SA_VSA_OGM,0.1,1.0,32768
212,0.2780134468639119,0.9902057425962808,42,cuda,True,None,renyi_normalize_cubic,3,5,1,passthrough,SA_VSA_OGM,0.1,1.0,32768
213,0.6077101889008676,0.9530860480273392,42,cuda,True,None,renyi_normalize_cubic,5,1,1,passthrough,SA_VSA_OGM,0.1,1.0,32768
214,0.2686939197485956,0.9707849933652446,42,cuda,True,None,renyi_normalize_cubic,5,3,1,passthrough,SA_VSA_OGM,0.1,1.0,32768
215,0.21449782960836009,0.9893214166177752,42,cuda,True,None,renyi_normalize_cubic,5,5,1,passthrough,SA_VSA_OGM,0.1,1.0,32768
216,0.47684508731953046,0.9033915698040011,42,cuda,True,None,renyi,1,1,1,passthrough,SA_VSA_OGM,0.1,0.1,16384
217,0.4381189031786074,0.9686487846240518,42,cuda,True,None,renyi,1,3,1,passthrough,SA_VSA_OGM,0.1,0.1,16384
218,0.4457046670026611,0.971619819557525,42,cuda,True,None,renyi,1,5,1,passthrough,SA_VSA_OGM,0.1,0.1,16384
219,0.4547568718155257,0.968082677894532,42,cuda,True,None,renyi,3,1,1,passthrough,SA_VSA_OGM,0.1,0.1,16384
220,0.32620058966282817,0.9852189690316462,42,cuda,True,None,renyi,3,3,1,passthrough,SA_VSA_OGM,0.1,0.1,16384
221,0.30871307776300216,0.986252092740728,42,cuda,True,None,renyi,3,5,1,passthrough,SA_VSA_OGM,0.1,0.1,16384
222,0.4724268532350422,0.9538617401201744,42,cuda,True,None,renyi,5,1,1,passthrough,SA_VSA_OGM,0.1,0.1,16384
223,0.34648409506302774,0.9829063343433284,42,cuda,True,None,renyi,5,3,1,passthrough,SA_VSA_OGM,0.1,0.1,16384
224,0.35242803993940147,0.9800157756071955,42,cuda,True,None,renyi,5,5,1,passthrough,SA_VSA_OGM,0.1,0.1,16384
225,0.5553847498455299,0.7410091122186154,42,cuda,True,None,renyi_squaring,1,1,1,passthrough,SA_VSA_OGM,0.1,0.1,16384
226,0.7120749760300046,0.7284424564793133,42,cuda,True,None,renyi_squaring,1,3,1,passthrough,SA_VSA_OGM,0.1,0.1,16384
227,9.950277658871329,0.7225326531056756,42,cuda,True,None,renyi_squaring,1,5,1,passthrough,SA_VSA_OGM,0.1,0.1,16384
228,0.5378668425699711,0.9135383335083684,42,cuda,True,None,renyi_squaring,3,1,1,passthrough,SA_VSA_OGM,0.1,0.1,16384
229,3.327722039593893,0.8837038643227983,42,cuda,True,None,renyi_squaring,3,3,1,passthrough,SA_VSA_OGM,0.1,0.1,16384
230,0.498279587290907,0.9042705166448902,42,cuda,True,None,renyi_squaring,3,5,1,passthrough,SA_VSA_OGM,0.1,0.1,16384
231,0.707895460064045,0.9197522582770008,42,cuda,True,None,renyi_squaring,5,1,1,passthrough,SA_VSA_OGM,0.1,0.1,16384
232,0.5018159133958068,0.9066249777797486,42,cuda,True,None,renyi_squaring,5,3,1,passthrough,SA_VSA_OGM,0.1,0.1,16384
233,0.4701616082335005,0.9035598307662416,42,cuda,True,None,renyi_squaring,5,5,1,passthrough,SA_VSA_OGM,0.1,0.1,16384
234,18.024675129172913,0.5,42,cuda,True,None,renyi_cubic,1,1,1,passthrough,SA_VSA_OGM,0.1,0.1,16384
235,18.02459033222764,0.5,42,cuda,True,None,renyi_cubic,1,3,1,passthrough,SA_VSA_OGM,0.1,0.1,16384
236,18.02443383042759,0.5,42,cuda,True,None,renyi_cubic,1,5,1,passthrough,SA_VSA_OGM,0.1,0.1,16384
237,18.024206527615483,0.5,42,cuda,True,None,renyi_cubic,3,1,1,passthrough,SA_VSA_OGM,0.1,0.1,16384
238,18.024268384567005,0.5,42,cuda,True,None,renyi_cubic,3,3,1,passthrough,SA_VSA_OGM,0.1,0.1,16384
239,18.02390063493216,0.5,42,cuda,True,None,renyi_cubic,3,5,1,passthrough,SA_VSA_OGM,0.1,0.1,16384
240,18.023607155603287,0.5,42,cuda,True,None,renyi_cubic,5,1,1,passthrough,SA_VSA_OGM,0.1,0.1,16384
241,18.02345795002483,0.5,42,cuda,True,None,renyi_cubic,5,3,1,passthrough,SA_VSA_OGM,0.1,0.1,16384
242,18.023521869321144,0.5,42,cuda,True,None,renyi_cubic,5,5,1,passthrough,SA_VSA_OGM,0.1,0.1,16384
243,0.6968733912460584,0.5556870815052684,42,cuda,True,None,renyi_normalize,1,1,1,passthrough,SA_VSA_OGM,0.1,0.1,16384
244,0.7472752747290244,0.697942138433385,42,cuda,True,None,renyi_normalize,1,3,1,passthrough,SA_VSA_OGM,0.1,0.1,16384
245,0.7137499606981137,0.8471916694155313,42,cuda,True,None,renyi_normalize,1,5,1,passthrough,SA_VSA_OGM,0.1,0.1,16384
246,0.6418203771776815,0.869883469870095,42,cuda,True,None,renyi_normalize,3,1,1,passthrough,SA_VSA_OGM,0.1,0.1,16384
247,0.5234604628827435,0.911735844492396,42,cuda,True,None,renyi_normalize,3,3,1,passthrough,SA_VSA_OGM,0.1,0.1,16384
248,0.5046993289986612,0.9597436827049116,42,cuda,True,None,renyi_normalize,3,5,1,passthrough,SA_VSA_OGM,0.1,0.1,16384
249,0.694157783186581,0.9168814518533605,42,cuda,True,None,renyi_normalize,5,1,1,passthrough,SA_VSA_OGM,0.1,0.1,16384
250,0.49469419486979,0.9384025124705972,42,cuda,True,None,renyi_normalize,5,3,1,passthrough,SA_VSA_OGM,0.1,0.1,16384
251,0.44284905781638106,0.9606984134319256,42,cuda,True,None,renyi_normalize,5,5,1,passthrough,SA_VSA_OGM,0.1,0.1,16384
252,0.41486614326363186,0.9353479120010896,42,cuda,True,None,renyi_normalize_squaring,1,1,1,passthrough,SA_VSA_OGM,0.1,0.1,16384
253,0.6396378992223285,0.9596994925904112,42,cuda,True,None,renyi_normalize_squaring,1,3,1,passthrough,SA_VSA_OGM,0.1,0.1,16384
254,0.6348117024935673,0.9796380996378816,42,cuda,True,None,renyi_normalize_squaring,1,5,1,passthrough,SA_VSA_OGM,0.1,0.1,16384
255,0.38457533985897985,0.9724633936146506,42,cuda,True,None,renyi_normalize_squaring,3,1,1,passthrough,SA_VSA_OGM,0.1,0.1,16384
256,0.3298434230249408,0.9802199319888614,42,cuda,True,None,renyi_normalize_squaring,3,3,1,passthrough,SA_VSA_OGM,0.1,0.1,16384
257,0.32196302248220393,0.9795294096564346,42,cuda,True,None,renyi_normalize_squaring,3,5,1,passthrough,SA_VSA_OGM,0.1,0.1,16384
258,0.40104366419038623,0.9635924808441356,42,cuda,True,None,renyi_normalize_squaring,5,1,1,passthrough,SA_VSA_OGM,0.1,0.1,16384
259,0.33837065842198494,0.9752022112934762,42,cuda,True,None,renyi_normalize_squaring,5,3,1,passthrough,SA_VSA_OGM,0.1,0.1,16384
260,0.4134847620059474,0.9801234501618954,42,cuda,True,None,renyi_normalize_squaring,5,5,1,passthrough,SA_VSA_OGM,0.1,0.1,16384
261,0.25906476954639096,0.978746257157908,42,cuda,True,None,renyi_normalize_cubic,1,1,1,passthrough,SA_VSA_OGM,0.1,0.1,16384
262,0.3034058652329169,0.9851897726168488,42,cuda,True,None,renyi_normalize_cubic,1,3,1,passthrough,SA_VSA_OGM,0.1,0.1,16384
263,0.3641768251691701,0.9905549290241856,42,cuda,True,None,renyi_normalize_cubic,1,5,1,passthrough,SA_VSA_OGM,0.1,0.1,16384
264,0.2355897629039013,0.9859842992678944,42,cuda,True,None,renyi_normalize_cubic,3,1,1,passthrough,SA_VSA_OGM,0.1,0.1,16384
265,0.20792351238280024,0.9888773028485692,42,cuda,True,None,renyi_normalize_cubic,3,3,1,passthrough,SA_VSA_OGM,0.1,0.1,16384
266,0.41222310176784194,0.9866519341543528,42,cuda,True,None,renyi_normalize_cubic,3,5,1,passthrough,SA_VSA_OGM,0.1,0.1,16384
267,0.30625247074864775,0.9680341921059084,42,cuda,True,None,renyi_normalize_cubic,5,1,1,passthrough,SA_VSA_OGM,0.1,0.1,16384
268,0.31595629349808896,0.9705900366443015,42,cuda,True,None,renyi_normalize_cubic,5,3,1,passthrough,SA_VSA_OGM,0.1,0.1,16384
269,0.31971371855651565,0.9787674065180636,42,cuda,True,None,renyi_normalize_cubic,5,5,1,passthrough,SA_VSA_OGM,0.1,0.1,16384
270,0.4969135891467507,0.8754390463543541,42,cuda,True,None,renyi,1,1,1,passthrough,SA_VSA_OGM,0.1,0.2,16384
271,0.5636759752220252,0.9343578949009655,42,cuda,True,None,renyi,1,3,1,passthrough,SA_VSA_OGM,0.1,0.2,16384
272,0.6445103904338825,0.9589873321915224,42,cuda,True,None,renyi,1,5,1,passthrough,SA_VSA_OGM,0.1,0.2,16384
273,0.5050854607371269,0.969909153958287,42,cuda,True,None,renyi,3,1,1,passthrough,SA_VSA_OGM,0.1,0.2,16384
274,0.30520290651083376,0.9849357268741908,42,cuda,True,None,renyi,3,3,1,passthrough,SA_VSA_OGM,0.1,0.2,16384
275,0.3034151025858003,0.9845468201172384,42,cuda,True,None,renyi,3,5,1,passthrough,SA_VSA_OGM,0.1,0.2,16384
276,0.5393878370871215,0.9633269793898168,42,cuda,True,None,renyi,5,1,1,passthrough,SA_VSA_OGM,0.1,0.2,16384
277,0.3318292361230659,0.9865174085740503,42,cuda,True,None,renyi,5,3,1,passthrough,SA_VSA_OGM,0.1,0.2,16384
278,0.30864730608470886,0.9865717031553076,42,cuda,True,None,renyi,5,5,1,passthrough,SA_VSA_OGM,0.1,0.2,16384
279,0.39688579294554127,0.9662622926681832,42,cuda,True,None,renyi_squaring,1,1,1,passthrough,SA_VSA_OGM,0.1,0.2,16384
280,0.3499179166834633,0.9753389049727864,42,cuda,True,None,renyi_squaring,1,3,1,passthrough,SA_VSA_OGM,0.1,0.2,16384
281,0.3278790570070197,0.9676616972105972,42,cuda,True,None,renyi_squaring,1,5,1,passthrough,SA_VSA_OGM,0.1,0.2,16384
282,0.4332003075364329,0.972673400495247,42,cuda,True,None,renyi_squaring,3,1,1,passthrough,SA_VSA_OGM,0.1,0.2,16384
283,0.3386067385104047,0.971277163591442,42,cuda,True,None,renyi_squaring,3,3,1,passthrough,SA_VSA_OGM,0.1,0.2,16384
284,0.3140447572176019,0.9720006174952668,42,cuda,True,None,renyi_squaring,3,5,1,passthrough,SA_VSA_OGM,0.1,0.2,16384
285,0.48499901659630135,0.940086620207552,42,cuda,True,None,renyi_squaring,5,1,1,passthrough,SA_VSA_OGM,0.1,0.2,16384
286,0.4292786813258195,0.9510358476244888,42,cuda,True,None,renyi_squaring,5,3,1,passthrough,SA_VSA_OGM,0.1,0.2,16384
287,0.396381207576817,0.947630845437312,42,cuda,True,None,renyi_squaring,5,5,1,passthrough,SA_VSA_OGM,0.1,0.2,16384
288,18.023845946849285,0.5,42,cuda,True,None,renyi_cubic,1,1,1,passthrough,SA_VSA_OGM,0.1,0.2,16384
289,18.023838983910352,0.5,42,cuda,True,None,renyi_cubic,1,3,1,passthrough,SA_VSA_OGM,0.1,0.2,16384
290,18.023655124038303,0.5,42,cuda,True,None,renyi_cubic,1,5,1,passthrough,SA_VSA_OGM,0.1,0.2,16384
291,18.023472523480457,0.5,42,cuda,True,None,renyi_cubic,3,1,1,passthrough,SA_VSA_OGM,0.1,0.2,16384
292,18.023232590351427,0.5,42,cuda,True,None,renyi_cubic,3,3,1,passthrough,SA_VSA_OGM,0.1,0.2,16384
293,18.023344567879143,0.5,42,cuda,True,None,renyi_cubic,3,5,1,passthrough,SA_VSA_OGM,0.1,0.2,16384
294,18.023397604391516,0.5,42,cuda,True,None,renyi_cubic,5,1,1,passthrough,SA_VSA_OGM,0.1,0.2,16384
295,18.023392297263705,0.5,42,cuda,True,None,renyi_cubic,5,3,1,passthrough,SA_VSA_OGM,0.1,0.2,16384
296,18.02338702587413,0.5,42,cuda,True,None,renyi_cubic,5,5,1,passthrough,SA_VSA_OGM,0.1,0.2,16384
297,0.6663150130447875,0.6132873408284475,42,cuda,True,None,renyi_normalize,1,1,1,passthrough,SA_VSA_OGM,0.1,0.2,16384
298,0.7786253569857273,0.7467271368752133,42,cuda,True,None,renyi_normalize,1,3,1,passthrough,SA_VSA_OGM,0.1,0.2,16384
299,0.9651122961115018,0.7689724357482172,42,cuda,True,None,renyi_normalize,1,5,1,passthrough,SA_VSA_OGM,0.1,0.2,16384
300,0.7258925920968273,0.9068368780634016,42,cuda,True,None,renyi_normalize,3,1,1,passthrough,SA_VSA_OGM,0.1,0.2,16384
301,0.5054573636592898,0.9504277722102444,42,cuda,True,None,renyi_normalize,3,3,1,passthrough,SA_VSA_OGM,0.1,0.2,16384
302,0.5431572416622712,0.9683726643034596,42,cuda,True,None,renyi_normalize,3,5,1,passthrough,SA_VSA_OGM,0.1,0.2,16384
303,0.6851869315185884,0.9433988651738314,42,cuda,True,None,renyi_normalize,5,1,1,passthrough,SA_VSA_OGM,0.1,0.2,16384
304,0.5103225953071039,0.9614074870822188,42,cuda,True,None,renyi_normalize,5,3,1,passthrough,SA_VSA_OGM,0.1,0.2,16384
305,0.39150983809921786,0.97653146684382,42,cuda,True,None,renyi_normalize,5,5,1,passthrough,SA_VSA_OGM,0.1,0.2,16384
306,0.36982161305511896,0.957919109001202,42,cuda,True,None,renyi_normalize_squaring,1,1,1,passthrough,SA_VSA_OGM,0.1,0.2,16384
307,0.602176257642015,0.9859672391672027,42,cuda,True,None,renyi_normalize_squaring,1,3,1,passthrough,SA_VSA_OGM,0.1,0.2,16384
308,1.114336335148798,0.9881815930354212,42,cuda,True,None,renyi_normalize_squaring,1,5,1,passthrough,SA_VSA_OGM,0.1,0.2,16384
309,0.23375201668875745,0.9892507460348742,42,cuda,True,None,renyi_normalize_squaring,3,1,1,passthrough,SA_VSA_OGM,0.1,0.2,16384
310,0.17455191560313496,0.9915783685515644,42,cuda,True,None,renyi_normalize_squaring,3,3,1,passthrough,SA_VSA_OGM,0.1,0.2,16384
311,0.3016274354081181,0.9889876017409908,42,cuda,True,None,renyi_normalize_squaring,3,5,1,passthrough,SA_VSA_OGM,0.1,0.2,16384
312,0.3728638479985742,0.9700586715493164,42,cuda,True,None,renyi_normalize_squaring,5,1,1,passthrough,SA_VSA_OGM,0.1,0.2,16384
313,0.21246124347382103,0.983853361431918,42,cuda,True,None,renyi_normalize_squaring,5,3,1,passthrough,SA_VSA_OGM,0.1,0.2,16384
314,0.25843017698664084,0.9849761976493256,42,cuda,True,None,renyi_normalize_squaring,5,5,1,passthrough,SA_VSA_OGM,0.1,0.2,16384
315,0.17262428465667232,0.991507627834764,42,cuda,True,None,renyi_normalize_cubic,1,1,1,passthrough,SA_VSA_OGM,0.1,0.2,16384
316,0.19351038671359835,0.9921460199973544,42,cuda,True,None,renyi_normalize_cubic,1,3,1,passthrough,SA_VSA_OGM,0.1,0.2,16384
317,0.27994898777039257,0.993811273251474,42,cuda,True,None,renyi_normalize_cubic,1,5,1,passthrough,SA_VSA_OGM,0.1,0.2,16384
318,0.13841638792376745,0.9906910907824412,42,cuda,True,None,renyi_normalize_cubic,3,1,1,passthrough,SA_VSA_OGM,0.1,0.2,16384
319,0.14442710330107317,0.993866385135234,42,cuda,True,None,renyi_normalize_cubic,3,3,1,passthrough,SA_VSA_OGM,0.1,0.2,16384
320,0.20293437663217817,0.9944424523593492,42,cuda,True,None,renyi_normalize_cubic,3,5,1,passthrough,SA_VSA_OGM,0.1,0.2,16384
321,0.22220209486619372,0.9787785933604408,42,cuda,True,None,renyi_normalize_cubic,5,1,1,passthrough,SA_VSA_OGM,0.1,0.2,16384
322,0.17518999964113582,0.9897894436022072,42,cuda,True,None,renyi_normalize_cubic,5,3,1,passthrough,SA_VSA_OGM,0.1,0.2,16384
323,0.1949695711778993,0.989167660876222,42,cuda,True,None,renyi_normalize_cubic,5,5,1,passthrough,SA_VSA_OGM,0.1,0.2,16384
324,0.8279754176208567,0.47116354063099664,42,cuda,True,None,renyi,1,1,1,passthrough,SA_VSA_OGM,0.1,0.5,16384
325,1.0626663245209156,0.3683595672836795,42,cuda,True,None,renyi,1,3,1,passthrough,SA_VSA_OGM,0.1,0.5,16384
326,1.291261807420632,0.30711724893152553,42,cuda,True,None,renyi,1,5,1,passthrough,SA_VSA_OGM,0.1,0.5,16384
327,0.9075498910879488,0.6260903838345606,42,cuda,True,None,renyi,3,1,1,passthrough,SA_VSA_OGM,0.1,0.5,16384
328,0.7048984009067658,0.5580528780803014,42,cuda,True,None,renyi,3,3,1,passthrough,SA_VSA_OGM,0.1,0.5,16384
329,0.6919537253866163,0.5855155488011557,42,cuda,True,None,renyi,3,5,1,passthrough,SA_VSA_OGM,0.1,0.5,16384
330,1.0075281078370664,0.8039514030200592,42,cuda,True,None,renyi,5,1,1,passthrough,SA_VSA_OGM,0.1,0.5,16384
331,0.6727359216054074,0.7603788180783353,42,cuda,True,None,renyi,5,3,1,passthrough,SA_VSA_OGM,0.1,0.5,16384
332,0.5636416248760325,0.8149690967423067,42,cuda,True,None,renyi,5,5,1,passthrough,SA_VSA_OGM,0.1,0.5,16384
333,0.46332607723162456,0.9381532124155793,42,cuda,True,None,renyi_squaring,1,1,1,passthrough,SA_VSA_OGM,0.1,0.5,16384
334,0.3883663369010609,0.9532227162311236,42,cuda,True,None,renyi_squaring,1,3,1,passthrough,SA_VSA_OGM,0.1,0.5,16384
335,0.361838825217415,0.9461101321814098,42,cuda,True,None,renyi_squaring,1,5,1,passthrough,SA_VSA_OGM,0.1,0.5,16384
336,0.39904409313775785,0.9691814854264592,42,cuda,True,None,renyi_squaring,3,1,1,passthrough,SA_VSA_OGM,0.1,0.5,16384
337,0.2952687827422078,0.9806554212496864,42,cuda,True,None,renyi_squaring,3,3,1,passthrough,SA_VSA_OGM,0.1,0.5,16384
338,0.2621367831525193,0.973737306727238,42,cuda,True,None,renyi_squaring,3,5,1,passthrough,SA_VSA_OGM,0.1,0.5,16384
339,0.3929988439999316,0.9777441968731246,42,cuda,True,None,renyi_squaring,5,1,1,passthrough,SA_VSA_OGM,0.1,0.5,16384
340,0.31237863196512394,0.98942506925942,42,cuda,True,None,renyi_squaring,5,3,1,passthrough,SA_VSA_OGM,0.1,0.5,16384
341,0.2943177024427837,0.975519515427392,42,cuda,True,None,renyi_squaring,5,5,1,passthrough,SA_VSA_OGM,0.1,0.5,16384
342,11.961144120804898,0.6609954007873072,42,cuda,True,None,renyi_cubic,1,1,1,passthrough,SA_VSA_OGM,0.1,0.5,16384
343,12.681852348329882,0.642163978119998,42,cuda,True,None,renyi_cubic,1,3,1,passthrough,SA_VSA_OGM,0.1,0.5,16384
344,12.236876116679682,0.6536977902410911,42,cuda,True,None,renyi_cubic,1,5,1,passthrough,SA_VSA_OGM,0.1,0.5,16384
345,8.724145770813843,0.7330774464688148,42,cuda,True,None,renyi_cubic,3,1,1,passthrough,SA_VSA_OGM,0.1,0.5,16384
346,8.349222456270816,0.7460723442836094,42,cuda,True,None,renyi_cubic,3,3,1,passthrough,SA_VSA_OGM,0.1,0.5,16384
347,8.830987514489795,0.7335363277127878,42,cuda,True,None,renyi_cubic,3,5,1,passthrough,SA_VSA_OGM,0.1,0.5,16384
348,7.998742639682734,0.7345870361675807,42,cuda,True,None,renyi_cubic,5,1,1,passthrough,SA_VSA_OGM,0.1,0.5,16384
349,8.727884913076242,0.7165803820802435,42,cuda,True,None,renyi_cubic,5,3,1,passthrough,SA_VSA_OGM,0.1,0.5,16384
350,6.1865782079193234,0.7769527975827184,42,cuda,True,None,renyi_cubic,5,5,1,passthrough,SA_VSA_OGM,0.1,0.5,16384
351,0.7056790631206155,0.5060926625756339,42,cuda,True,None,renyi_normalize,1,1,1,passthrough,SA_VSA_OGM,0.1,0.5,16384
352,1.2429811077163853,0.35822301799939493,42,cuda,True,None,renyi_normalize,1,3,1,passthrough,SA_VSA_OGM,0.1,0.5,16384
353,1.7498219387075362,0.34630733385690105,42,cuda,True,None,renyi_normalize,1,5,1,passthrough,SA_VSA_OGM,0.1,0.5,16384
354,0.9624526403871752,0.6869935885887085,42,cuda,True,None,renyi_normalize,3,1,1,passthrough,SA_VSA_OGM,0.1,0.5,16384
355,0.7085667931071957,0.5319344022522082,42,cuda,True,None,renyi_normalize,3,3,1,passthrough,SA_VSA_OGM,0.1,0.5,16384
356,0.8769159328660066,0.5278181930626251,42,cuda,True,None,renyi_normalize,3,5,1,passthrough,SA_VSA_OGM,0.1,0.5,16384
357,1.1620898234686272,0.8329634815418749,42,cuda,True,None,renyi_normalize,5,1,1,passthrough,SA_VSA_OGM,0.1,0.5,16384
358,0.69963451437669,0.7563729152134125,42,cuda,True,None,renyi_normalize,5,3,1,passthrough,SA_VSA_OGM,0.1,0.5,16384
359,0.6315464722044616,0.7252816625639709,42,cuda,True,None,renyi_normalize,5,5,1,passthrough,SA_VSA_OGM,0.1,0.5,16384
360,0.4422490015101635,0.911631726944588,42,cuda,True,None,renyi_normalize_squaring,1,1,1,passthrough,SA_VSA_OGM,0.1,0.5,16384
361,0.9736461639754568,0.950279170505088,42,cuda,True,None,renyi_normalize_squaring,1,3,1,passthrough,SA_VSA_OGM,0.1,0.5,16384
362,1.0823222590682022,0.9903991102499432,42,cuda,True,None,renyi_normalize_squaring,1,5,1,passthrough,SA_VSA_OGM,0.1,0.5,16384
363,0.44499300143293,0.9645845406603556,42,cuda,True,None,renyi_normalize_squaring,3,1,1,passthrough,SA_VSA_OGM,0.1,0.5,16384
364,0.27339768325990865,0.9881776884370544,42,cuda,True,None,renyi_normalize_squaring,3,3,1,passthrough,SA_VSA_OGM,0.1,0.5,16384
365,0.35475364732718634,0.9906308969036342,42,cuda,True,None,renyi_normalize_squaring,3,5,1,passthrough,SA_VSA_OGM,0.1,0.5,16384
366,0.561806438129242,0.9802869611722936,42,cuda,True,None,renyi_normalize_squaring,5,1,1,passthrough,SA_VSA_OGM,0.1,0.5,16384
367,0.2340179628414159,0.9923323164530616,42,cuda,True,None,renyi_normalize_squaring,5,3,1,passthrough,SA_VSA_OGM,0.1,0.5,16384
368,0.18627487192502973,0.9937935744238208,42,cuda,True,None,renyi_normalize_squaring,5,5,1,passthrough,SA_VSA_OGM,0.1,0.5,16384
369,0.2426487721913554,0.9784619470762675,42,cuda,True,None,renyi_normalize_cubic,1,1,1,passthrough,SA_VSA_OGM,0.1,0.5,16384
370,0.3511867524418454,0.98965828521466,42,cuda,True,None,renyi_normalize_cubic,1,3,1,passthrough,SA_VSA_OGM,0.1,0.5,16384
371,0.6306065175644632,0.9948760261995128,42,cuda,True,None,renyi_normalize_cubic,1,5,1,passthrough,SA_VSA_OGM,0.1,0.5,16384
372,0.2110886309535508,0.9875728715161765,42,cuda,True,None,renyi_normalize_cubic,3,1,1,passthrough,SA_VSA_OGM,0.1,0.5,16384
373,0.1362038919551356,0.9943303377898004,42,cuda,True,None,renyi_normalize_cubic,3,3,1,passthrough,SA_VSA_OGM,0.1,0.5,16384
374,0.14748623988122653,0.9944039510048832,42,cuda,True,None,renyi_normalize_cubic,3,5,1,passthrough,SA_VSA_OGM,0.1,0.5,16384
375,0.27593634698098873,0.9892730600675296,42,cuda,True,None,renyi_normalize_cubic,5,1,1,passthrough,SA_VSA_OGM,0.1,0.5,16384
376,0.14327378908866936,0.9926383689020928,42,cuda,True,None,renyi_normalize_cubic,5,3,1,passthrough,SA_VSA_OGM,0.1,0.5,16384
377,0.13337522469145954,0.9942697200729737,42,cuda,True,None,renyi_normalize_cubic,5,5,1,passthrough,SA_VSA_OGM,0.1,0.5,16384
378,1.1681698851985387,0.2294091790199732,42,cuda,True,None,renyi,1,1,1,passthrough,SA_VSA_OGM,0.1,1.0,16384
379,1.4714675749123072,0.10623214731359376,42,cuda,True,None,renyi,1,3,1,passthrough,SA_VSA_OGM,0.1,1.0,16384
380,1.8769800221790944,0.0856371363643478,42,cuda,True,None,renyi,1,5,1,passthrough,SA_VSA_OGM,0.1,1.0,16384
381,1.1270558832047168,0.23404998869983895,42,cuda,True,None,renyi,3,1,1,passthrough,SA_VSA_OGM,0.1,1.0,16384
382,1.219372481168522,0.11950782489827712,42,cuda,True,None,renyi,3,3,1,passthrough,SA_VSA_OGM,0.1,1.0,16384
383,1.3756962848049827,0.10015231405733326,42,cuda,True,None,renyi,3,5,1,passthrough,SA_VSA_OGM,0.1,1.0,16384
384,1.3858991306017976,0.3184977968389213,42,cuda,True,None,renyi,5,1,1,passthrough,SA_VSA_OGM,0.1,1.0,16384
385,1.12650123866784,0.18101232465968128,42,cuda,True,None,renyi,5,3,1,passthrough,SA_VSA_OGM,0.1,1.0,16384
386,1.189841849649251,0.11890390996164311,42,cuda,True,None,renyi,5,5,1,passthrough,SA_VSA_OGM,0.1,1.0,16384
387,0.5920500526048136,0.7357092079453147,42,cuda,True,None,renyi_squaring,1,1,1,passthrough,SA_VSA_OGM,0.1,1.0,16384
388,0.6612098756074691,0.7369771882944129,42,cuda,True,None,renyi_squaring,1,3,1,passthrough,SA_VSA_OGM,0.1,1.0,16384
389,0.688674576498657,0.7976625246443648,42,cuda,True,None,renyi_squaring,1,5,1,passthrough,SA_VSA_OGM,0.1,1.0,16384
390,0.5398393622271324,0.8448921771007364,42,cuda,True,None,renyi_squaring,3,1,1,passthrough,SA_VSA_OGM,0.1,1.0,16384
391,0.4493159917489899,0.8894122143009617,42,cuda,True,None,renyi_squaring,3,3,1,passthrough,SA_VSA_OGM,0.1,1.0,16384
392,0.4131303538878691,0.9083348317310797,42,cuda,True,None,renyi_squaring,3,5,1,passthrough,SA_VSA_OGM,0.1,1.0,16384
393,0.5764037564485541,0.8968219385640913,42,cuda,True,None,renyi_squaring,5,1,1,passthrough,SA_VSA_OGM,0.1,1.0,16384
394,0.42903473720003305,0.9283503755467982,42,cuda,True,None,renyi_squaring,5,3,1,passthrough,SA_VSA_OGM,0.1,1.0,16384
395,0.3759715131159921,0.9367916863691784,42,cuda,True,None,renyi_squaring,5,5,1,passthrough,SA_VSA_OGM,0.1,1.0,16384
396,0.6061063951849012,0.7006985503249804,42,cuda,True,None,renyi_cubic,1,1,1,passthrough,SA_VSA_OGM,0.1,1.0,16384
397,0.7317730619694138,0.7802230003574592,42,cuda,True,None,renyi_cubic,1,3,1,passthrough,SA_VSA_OGM,0.1,1.0,16384
398,0.6106890749466404,0.8133875284788699,42,cuda,True,None,renyi_cubic,1,5,1,passthrough,SA_VSA_OGM,0.1,1.0,16384
399,0.5174940062936959,0.8745921540187701,42,cuda,True,None,renyi_cubic,3,1,1,passthrough,SA_VSA_OGM,0.1,1.0,16384
400,0.4508492566825211,0.8807817341288544,42,cuda,True,None,renyi_cubic,3,3,1,passthrough,SA_VSA_OGM,0.1,1.0,16384
401,0.4129076198845237,0.8999164597324877,42,cuda,True,None,renyi_cubic,3,5,1,passthrough,SA_VSA_OGM,0.1,1.0,16384
402,0.4665113744755228,0.8967179519622315,42,cuda,True,None,renyi_cubic,5,1,1,passthrough,SA_VSA_OGM,0.1,1.0,16384
403,0.4086942458096815,0.9114358429483084,42,cuda,True,None,renyi_cubic,5,3,1,passthrough,SA_VSA_OGM,0.1,1.0,16384
404,0.39004081489596054,0.919442842926492,42,cuda,True,None,renyi_cubic,5,5,1,passthrough,SA_VSA_OGM,0.1,1.0,16384
405,0.7878074942399129,0.3525939156948695,42,cuda,True,None,renyi_normalize,1,1,1,passthrough,SA_VSA_OGM,0.1,1.0,16384
406,1.4470334363901165,0.1784377657271863,42,cuda,True,None,renyi_normalize,1,3,1,passthrough,SA_VSA_OGM,0.1,1.0,16384
407,1.9777604590264488,0.12426066721491416,42,cuda,True,None,renyi_normalize,1,5,1,passthrough,SA_VSA_OGM,0.1,1.0,16384
408,0.9690064797601992,0.35847289064966215,42,cuda,True,None,renyi_normalize,3,1,1,passthrough,SA_VSA_OGM,0.1,1.0,16384
409,0.9021820072174378,0.19358718291151492,42,cuda,True,None,renyi_normalize,3,3,1,passthrough,SA_VSA_OGM,0.1,1.0,16384
410,1.2588649044763929,0.12353433355833451,42,cuda,True,None,renyi_normalize,3,5,1,passthrough,SA_VSA_OGM,0.1,1.0,16384
411,1.2418596817930236,0.4367071077031007,42,cuda,True,None,renyi_normalize,5,1,1,passthrough,SA_VSA_OGM,0.1,1.0,16384
412,0.8563231614079944,0.29109736718227547,42,cuda,True,None,renyi_normalize,5,3,1,passthrough,SA_VSA_OGM,0.1,1.0,16384
413,1.0247904818352644,0.1514209271998372,42,cuda,True,None,renyi_normalize,5,5,1,passthrough,SA_VSA_OGM,0.1,1.0,16384
414,0.6014841284933955,0.71850866702933,42,cuda,True,None,renyi_normalize_squaring,1,1,1,passthrough,SA_VSA_OGM,0.1,1.0,16384
415,1.1868784118316993,0.7824152934119688,42,cuda,True,None,renyi_normalize_squaring,1,3,1,passthrough,SA_VSA_OGM,0.1,1.0,16384
416,1.4494237488405293,0.9074343818468168,42,cuda,True,None,renyi_normalize_squaring,1,5,1,passthrough,SA_VSA_OGM,0.1,1.0,16384
417,0.7137716657560471,0.8140708290657372,42,cuda,True,None,renyi_normalize_squaring,3,1,1,passthrough,SA_VSA_OGM,0.1,1.0,16384
418,0.5109655918666614,0.8524871528820029,42,cuda,True,None,renyi_normalize_squaring,3,3,1,passthrough,SA_VSA_OGM,0.1,1.0,16384
419,0.5777436965903028,0.9544978861170684,42,cuda,True,None,renyi_normalize_squaring,3,5,1,passthrough,SA_VSA_OGM,0.1,1.0,16384
420,0.9375228673692444,0.8921199922228187,42,cuda,True,None,renyi_normalize_squaring,5,1,1,passthrough,SA_VSA_OGM,0.1,1.0,16384
421,0.431933116917709,0.9207020140718396,42,cuda,True,None,renyi_normalize_squaring,5,3,1,passthrough,SA_VSA_OGM,0.1,1.0,16384
422,0.3640695206055206,0.9672457328180206,42,cuda,True,None,renyi_normalize_squaring,5,5,1,passthrough,SA_VSA_OGM,0.1,1.0,16384
423,0.42992221536656,0.8929636646520837,42,cuda,True,None,renyi_normalize_cubic,1,1,1,passthrough,SA_VSA_OGM,0.1,1.0,16384
424,0.8968788110332886,0.952680059794402,42,cuda,True,None,renyi_normalize_cubic,1,3,1,passthrough,SA_VSA_OGM,0.1,1.0,16384
425,0.9792384054841878,0.9892032405566016,42,cuda,True,None,renyi_normalize_cubic,1,5,1,passthrough,SA_VSA_OGM,0.1,1.0,16384
426,0.45075926759082285,0.884794266357253,42,cuda,True,None,renyi_normalize_cubic,3,1,1,passthrough,SA_VSA_OGM,0.1,1.0,16384
427,0.35652756302367294,0.9517551640090992,42,cuda,True,None,renyi_normalize_cubic,3,3,1,passthrough,SA_VSA_OGM,0.1,1.0,16384
428,0.30990067756106426,0.9878588397730854,42,cuda,True,None,renyi_normalize_cubic,3,5,1,passthrough,SA_VSA_OGM,0.1,1.0,16384
429,0.586078897250416,0.9421735083171048,42,cuda,True,None,renyi_normalize_cubic,5,1,1,passthrough,SA_VSA_OGM,0.1,1.0,16384
430,0.27673896109115276,0.9786018910539852,42,cuda,True,None,renyi_normalize_cubic,5,3,1,passthrough,SA_VSA_OGM,0.1,1.0,16384
431,0.2030851807184512,0.987023958437826,42,cuda,True,None,renyi_normalize_cubic,5,5,1,passthrough,SA_VSA_OGM,0.1,1.0,16384
432,0.5463560800439019,0.8342028178329144,42,cuda,True,None,renyi,1,1,1,passthrough,SA_VSA_OGM,0.1,0.1,8192
433,0.5071575612460496,0.9117327678658904,42,cuda,True,None,renyi,1,3,1,passthrough,SA_VSA_OGM,0.1,0.1,8192
434,0.5661685895081143,0.9043666450100782,42,cuda,True,None,renyi,1,5,1,passthrough,SA_VSA_OGM,0.1,0.1,8192
435,0.545186300212997,0.9334666698835232,42,cuda,True,None,renyi,3,1,1,passthrough,SA_VSA_OGM,0.1,0.1,8192
436,0.41086684435770265,0.9659864125613892,42,cuda,True,None,renyi,3,3,1,passthrough,SA_VSA_OGM,0.1,0.1,8192
437,0.36737525605455856,0.9776957197343474,42,cuda,True,None,renyi,3,5,1,passthrough,SA_VSA_OGM,0.1,0.1,8192
438,0.5551388991056754,0.9130003606063606,42,cuda,True,None,renyi,5,1,1,passthrough,SA_VSA_OGM,0.1,0.1,8192
439,0.4077392868085248,0.968836483870767,42,cuda,True,None,renyi,5,3,1,passthrough,SA_VSA_OGM,0.1,0.1,8192
440,0.4238538916865103,0.9673984948470729,42,cuda,True,None,renyi,5,5,1,passthrough,SA_VSA_OGM,0.1,0.1,8192
441,0.5043521269793283,0.8152913092472436,42,cuda,True,None,renyi_squaring,1,1,1,passthrough,SA_VSA_OGM,0.1,0.1,8192
442,0.6405884727167235,0.7674604466237258,42,cuda,True,None,renyi_squaring,1,3,1,passthrough,SA_VSA_OGM,0.1,0.1,8192
443,8.341587777464778,0.7658501576380021,42,cuda,True,None,renyi_squaring,1,5,1,passthrough,SA_VSA_OGM,0.1,0.1,8192
444,2.1122480713093936,0.91823952646488,42,cuda,True,None,renyi_squaring,3,1,1,passthrough,SA_VSA_OGM,0.1,0.1,8192
445,0.4690753140171422,0.9116830045116072,42,cuda,True,None,renyi_squaring,3,3,1,passthrough,SA_VSA_OGM,0.1,0.1,8192
446,0.530192216751028,0.8954746512974499,42,cuda,True,None,renyi_squaring,3,5,1,passthrough,SA_VSA_OGM,0.1,0.1,8192
447,0.6355523389545146,0.9174908098885468,42,cuda,True,None,renyi_squaring,5,1,1,passthrough,SA_VSA_OGM,0.1,0.1,8192
448,0.4740491834602402,0.915372640749312,42,cuda,True,None,renyi_squaring,5,3,1,passthrough,SA_VSA_OGM,0.1,0.1,8192
449,0.4663307047199765,0.9077121289992488,42,cuda,True,None,renyi_squaring,5,5,1,passthrough,SA_VSA_OGM,0.1,0.1,8192
450,18.023767594487676,0.5,42,cuda,True,None,renyi_cubic,1,1,1,passthrough,SA_VSA_OGM,0.1,0.1,8192
451,18.023839245790803,0.5,42,cuda,True,None,renyi_cubic,1,3,1,passthrough,SA_VSA_OGM,0.1,0.1,8192
452,18.02372113655317,0.5,42,cuda,True,None,renyi_cubic,1,5,1,passthrough,SA_VSA_OGM,0.1,0.1,8192
453,18.02367915838915,0.5,42,cuda,True,None,renyi_cubic,3,1,1,passthrough,SA_VSA_OGM,0.1,0.1,8192
454,18.023486475562372,0.5,42,cuda,True,None,renyi_cubic,3,3,1,passthrough,SA_VSA_OGM,0.1,0.1,8192
455,18.023708673118996,0.5,42,cuda,True,None,renyi_cubic,3,5,1,passthrough,SA_VSA_OGM,0.1,0.1,8192
456,18.02359188337726,0.5,42,cuda,True,None,renyi_cubic,5,1,1,passthrough,SA_VSA_OGM,0.1,0.1,8192
457,18.023475603634395,0.5,42,cuda,True,None,renyi_cubic,5,3,1,passthrough,SA_VSA_OGM,0.1,0.1,8192
458,18.02365897904459,0.5,42,cuda,True,None,renyi_cubic,5,5,1,passthrough,SA_VSA_OGM,0.1,0.1,8192
459,0.6876976873407226,0.5429768583461262,42,cuda,True,None,renyi_normalize,1,1,1,passthrough,SA_VSA_OGM,0.1,0.1,8192
460,0.7378348922329045,0.6780326569062239,42,cuda,True,None,renyi_normalize,1,3,1,passthrough,SA_VSA_OGM,0.1,0.1,8192
461,0.7579029382965484,0.7984680070371245,42,cuda,True,None,renyi_normalize,1,5,1,passthrough,SA_VSA_OGM,0.1,0.1,8192
462,0.6641658446023079,0.8078204538093419,42,cuda,True,None,renyi_normalize,3,1,1,passthrough,SA_VSA_OGM,0.1,0.1,8192
463,0.5878940584812951,0.8119301054056379,42,cuda,True,None,renyi_normalize,3,3,1,passthrough,SA_VSA_OGM,0.1,0.1,8192
464,0.5685863756583575,0.8936057174698149,42,cuda,True,None,renyi_normalize,3,5,1,passthrough,SA_VSA_OGM,0.1,0.1,8192
465,0.6660037887562176,0.8777729125788979,42,cuda,True,None,renyi_normalize,5,1,1,passthrough,SA_VSA_OGM,0.1,0.1,8192
466,0.5576402903016094,0.8658794069903198,42,cuda,True,None,renyi_normalize,5,3,1,passthrough,SA_VSA_OGM,0.1,0.1,8192
467,0.5337634495802128,0.8880625370551851,42,cuda,True,None,renyi_normalize,5,5,1,passthrough,SA_VSA_OGM,0.1,0.1,8192
468,0.5367775568749039,0.8573549973505371,42,cuda,True,None,renyi_normalize_squaring,1,1,1,passthrough,SA_VSA_OGM,0.1,0.1,8192
469,0.6223624631144847,0.9216618981004692,42,cuda,True,None,renyi_normalize_squaring,1,3,1,passthrough,SA_VSA_OGM,0.1,0.1,8192
470,0.9788937843411336,0.9166277963829988,42,cuda,True,None,renyi_normalize_squaring,1,5,1,passthrough,SA_VSA_OGM,0.1,0.1,8192
471,0.4304854573359711,0.9529533229748226,42,cuda,True,None,renyi_normalize_squaring,3,1,1,passthrough,SA_VSA_OGM,0.1,0.1,8192
472,0.4778770693132272,0.934992000026046,42,cuda,True,None,renyi_normalize_squaring,3,3,1,passthrough,SA_VSA_OGM,0.1,0.1,8192
473,0.45546756570623065,0.9519156138759496,42,cuda,True,None,renyi_normalize_squaring,3,5,1,passthrough,SA_VSA_OGM,0.1,0.1,8192
474,0.4286365667237711,0.9420193138296824,42,cuda,True,None,renyi_normalize_squaring,5,1,1,passthrough,SA_VSA_OGM,0.1,0.1,8192
475,0.4156955131425087,0.9692432993537472,42,cuda,True,None,renyi_normalize_squaring,5,3,1,passthrough,SA_VSA_OGM,0.1,0.1,8192
476,0.44972404533633253,0.9698539928840316,42,cuda,True,None,renyi_normalize_squaring,5,5,1,passthrough,SA_VSA_OGM,0.1,0.1,8192
477,0.4582237979202935,0.9420469232488202,42,cuda,True,None,renyi_normalize_cubic,1,1,1,passthrough,SA_VSA_OGM,0.1,0.1,8192
478,0.6647421064254257,0.9439221026179372,42,cuda,True,None,renyi_normalize_cubic,1,3,1,passthrough,SA_VSA_OGM,0.1,0.1,8192
479,0.6487570495300089,0.9457236244462048,42,cuda,True,None,renyi_normalize_cubic,1,5,1,passthrough,SA_VSA_OGM,0.1,0.1,8192
480,0.2883014148403965,0.975180207956294,42,cuda,True,None,renyi_normalize_cubic,3,1,1,passthrough,SA_VSA_OGM,0.1,0.1,8192
481,0.4961783602419521,0.9618221194674264,42,cuda,True,None,renyi_normalize_cubic,3,3,1,passthrough,SA_VSA_OGM,0.1,0.1,8192
482,0.45536184684019376,0.9574509739115084,42,cuda,True,None,renyi_normalize_cubic,3,5,1,passthrough,SA_VSA_OGM,0.1,0.1,8192
483,0.31947117261787933,0.961560603960496,42,cuda,True,None,renyi_normalize_cubic,5,1,1,passthrough,SA_VSA_OGM,0.1,0.1,8192
484,0.34585256329736763,0.9734104491337014,42,cuda,True,None,renyi_normalize_cubic,5,3,1,passthrough,SA_VSA_OGM,0.1,0.1,8192
485,0.4038614975706206,0.9775963346234876,42,cuda,True,None,renyi_normalize_cubic,5,5,1,passthrough,SA_VSA_OGM,0.1,0.1,8192
486,0.5532641939077543,0.8235425709961566,42,cuda,True,None,renyi,1,1,1,passthrough,SA_VSA_OGM,0.1,0.2,8192
487,0.6586455235228506,0.8915221640934814,42,cuda,True,None,renyi,1,3,1,passthrough,SA_VSA_OGM,0.1,0.2,8192
488,0.6750305464772953,0.9210649947736456,42,cuda,True,None,renyi,1,5,1,passthrough,SA_VSA_OGM,0.1,0.2,8192
489,0.5710899167060675,0.9547762345654058,42,cuda,True,None,renyi,3,1,1,passthrough,SA_VSA_OGM,0.1,0.2,8192
490,0.3880337799919754,0.9778869382135944,42,cuda,True,None,renyi,3,3,1,passthrough,SA_VSA_OGM,0.1,0.2,8192
491,0.36554184816120183,0.985560500362926,42,cuda,True,None,renyi,3,5,1,passthrough,SA_VSA_OGM,0.1,0.2,8192
492,0.554364218903358,0.9544915225309136,42,cuda,True,None,renyi,5,1,1,passthrough,SA_VSA_OGM,0.1,0.2,8192
493,0.37458673137292214,0.9773505895154,42,cuda,True,None,renyi,5,3,1,passthrough,SA_VSA_OGM,0.1,0.2,8192
494,0.34537335523417967,0.9768649678125504,42,cuda,True,None,renyi,5,5,1,passthrough,SA_VSA_OGM,0.1,0.2,8192
495,0.420632083456981,0.9604220174277516,42,cuda,True,None,renyi_squaring,1,1,1,passthrough,SA_VSA_OGM,0.1,0.2,8192
496,0.3239448841307411,0.9758170281998776,42,cuda,True,None,renyi_squaring,1,3,1,passthrough,SA_VSA_OGM,0.1,0.2,8192
497,0.2885804164785693,0.9745972696761798,42,cuda,True,None,renyi_squaring,1,5,1,passthrough,SA_VSA_OGM,0.1,0.2,8192
498,0.36917922094660394,0.969873348215504,42,cuda,True,None,renyi_squaring,3,1,1,passthrough,SA_VSA_OGM,0.1,0.2,8192
499,0.33435045907478494,0.9742349528645634,42,cuda,True,None,renyi_squaring,3,3,1,passthrough,SA_VSA_OGM,0.1,0.2,8192
500,0.29941896187712824,0.9719307620994904,42,cuda,True,None,renyi_squaring,3,5,1,passthrough,SA_VSA_OGM,0.1,0.2,8192
501,0.5209814870497039,0.9513190586460732,42,cuda,True,None,renyi_squaring,5,1,1,passthrough,SA_VSA_OGM,0.1,0.2,8192
502,0.4112682633583944,0.9528294584527351,42,cuda,True,None,renyi_squaring,5,3,1,passthrough,SA_VSA_OGM,0.1,0.2,8192
503,0.35308310083702815,0.9569435673600464,42,cuda,True,None,renyi_squaring,5,5,1,passthrough,SA_VSA_OGM,0.1,0.2,8192
504,17.86038647428671,0.5045116887274244,42,cuda,True,None,renyi_cubic,1,1,1,passthrough,SA_VSA_OGM,0.1,0.2,8192
505,18.022979982922244,0.5,42,cuda,True,None,renyi_cubic,1,3,1,passthrough,SA_VSA_OGM,0.1,0.2,8192
506,18.022808441480983,0.5,42,cuda,True,None,renyi_cubic,1,5,1,passthrough,SA_VSA_OGM,0.1,0.2,8192
507,18.022840295610013,0.5,42,cuda,True,None,renyi_cubic,3,1,1,passthrough,SA_VSA_OGM,0.1,0.2,8192
508,18.02300690586798,0.5,42,cuda,True,None,renyi_cubic,3,3,1,passthrough,SA_VSA_OGM,0.1,0.2,8192
509,18.023105554342692,0.5,42,cuda,True,None,renyi_cubic,3,5,1,passthrough,SA_VSA_OGM,0.1,0.2,8192
510,18.02306946333632,0.5,42,cuda,True,None,renyi_cubic,5,1,1,passthrough,SA_VSA_OGM,0.1,0.2,8192
511,17.3450025112194,0.5188140321697015,42,cuda,True,None,renyi_cubic,5,3,1,passthrough,SA_VSA_OGM,0.1,0.2,8192
512,18.02306461823387,0.5,42,cuda,True,None,renyi_cubic,5,5,1,passthrough,SA_VSA_OGM,0.1,0.2,8192
513,0.6670121757713992,0.6009295956998816,42,cuda,True,None,renyi_normalize,1,1,1,passthrough,SA_VSA_OGM,0.1,0.2,8192
514,0.733922421629209,0.681977796209617,42,cuda,True,None,renyi_normalize,1,3,1,passthrough,SA_VSA_OGM,0.1,0.2,8192
515,0.896735718666842,0.76143219615487,42,cuda,True,None,renyi_normalize,1,5,1,passthrough,SA_VSA_OGM,0.1,0.2,8192
516,0.6635412948845367,0.8862231917376469,42,cuda,True,None,renyi_normalize,3,1,1,passthrough,SA_VSA_OGM,0.1,0.2,8192
517,0.5429852821821298,0.9012950052058092,42,cuda,True,None,renyi_normalize,3,3,1,passthrough,SA_VSA_OGM,0.1,0.2,8192
518,0.5403317158236928,0.9459332456016174,42,cuda,True,None,renyi_normalize,3,5,1,passthrough,SA_VSA_OGM,0.1,0.2,8192
519,0.6754900321451331,0.935290269616982,42,cuda,True,None,renyi_normalize,5,1,1,passthrough,SA_VSA_OGM,0.1,0.2,8192
520,0.5099419053106747,0.9433893805177492,42,cuda,True,None,renyi_normalize,5,3,1,passthrough,SA_VSA_OGM,0.1,0.2,8192
521,0.4271049119928666,0.9636552096479134,42,cuda,True,None,renyi_normalize,5,5,1,passthrough,SA_VSA_OGM,0.1,0.2,8192
522,0.391080139863858,0.957280865029596,42,cuda,True,None,renyi_normalize_squaring,1,1,1,passthrough,SA_VSA_OGM,0.1,0.2,8192
523,0.6068239381364536,0.985802147272074,42,cuda,True,None,renyi_normalize_squaring,1,3,1,passthrough,SA_VSA_OGM,0.1,0.2,8192
524,0.6921357778139325,0.9897814441231452,42,cuda,True,None,renyi_normalize_squaring,1,5,1,passthrough,SA_VSA_OGM,0.1,0.2,8192
525,0.3109287917859049,0.9865230827441586,42,cuda,True,None,renyi_normalize_squaring,3,1,1,passthrough,SA_VSA_OGM,0.1,0.2,8192
526,0.2556725752485162,0.9871743091709942,42,cuda,True,None,renyi_normalize_squaring,3,3,1,passthrough,SA_VSA_OGM,0.1,0.2,8192
527,0.34883396343668405,0.984086346447282,42,cuda,True,None,renyi_normalize_squaring,3,5,1,passthrough,SA_VSA_OGM,0.1,0.2,8192
528,0.4028068155282537,0.9703247115801134,42,cuda,True,None,renyi_normalize_squaring,5,1,1,passthrough,SA_VSA_OGM,0.1,0.2,8192
529,0.2843421924267944,0.981916577995998,42,cuda,True,None,renyi_normalize_squaring,5,3,1,passthrough,SA_VSA_OGM,0.1,0.2,8192
530,0.25479288019752383,0.9815947778386608,42,cuda,True,None,renyi_normalize_squaring,5,5,1,passthrough,SA_VSA_OGM,0.1,0.2,8192
531,0.2122009873064432,0.9880227414996908,42,cuda,True,None,renyi_normalize_cubic,1,1,1,passthrough,SA_VSA_OGM,0.1,0.2,8192
532,0.3431000373171641,0.990814748986966,42,cuda,True,None,renyi_normalize_cubic,1,3,1,passthrough,SA_VSA_OGM,0.1,0.2,8192
533,0.4489740893688439,0.9855754108649856,42,cuda,True,None,renyi_normalize_cubic,1,5,1,passthrough,SA_VSA_OGM,0.1,0.2,8192
534,0.16527524051752532,0.9912952210598828,42,cuda,True,None,renyi_normalize_cubic,3,1,1,passthrough,SA_VSA_OGM,0.1,0.2,8192
535,0.1954974752384018,0.9887791346415976,42,cuda,True,None,renyi_normalize_cubic,3,3,1,passthrough,SA_VSA_OGM,0.1,0.2,8192
536,0.29161041741664473,0.9900525533281048,42,cuda,True,None,renyi_normalize_cubic,3,5,1,passthrough,SA_VSA_OGM,0.1,0.2,8192
537,0.18855016171410124,0.9824185578953004,42,cuda,True,None,renyi_normalize_cubic,5,1,1,passthrough,SA_VSA_OGM,0.1,0.2,8192
538,0.3650063782942999,0.9874955883190448,42,cuda,True,None,renyi_normalize_cubic,5,3,1,passthrough,SA_VSA_OGM,0.1,0.2,8192
539,0.30226543303153197,0.9761827206090647,42,cuda,True,None,renyi_normalize_cubic,5,5,1,passthrough,SA_VSA_OGM,0.1,0.2,8192
540,0.9277243614442956,0.4076065007694819,42,cuda,True,None,renyi,1,1,1,passthrough,SA_VSA_OGM,0.1,0.5,8192
541,1.1266270499115183,0.30124576561078925,42,cuda,True,None,renyi,1,3,1,passthrough,SA_VSA_OGM,0.1,0.5,8192
542,1.2960711845826929,0.3025326470051089,42,cuda,True,None,renyi,1,5,1,passthrough,SA_VSA_OGM,0.1,0.5,8192
543,0.9560002425637872,0.5882519488767806,42,cuda,True,None,renyi,3,1,1,passthrough,SA_VSA_OGM,0.1,0.5,8192
544,0.7550126560624517,0.4854050975941227,42,cuda,True,None,renyi,3,3,1,passthrough,SA_VSA_OGM,0.1,0.5,8192
545,0.6899695704008075,0.6012150116979665,42,cuda,True,None,renyi,3,5,1,passthrough,SA_VSA_OGM,0.1,0.5,8192
546,1.025238855056597,0.7948819073218568,42,cuda,True,None,renyi,5,1,1,passthrough,SA_VSA_OGM,0.1,0.5,8192
547,0.7184826074567364,0.7341787845646299,42,cuda,True,None,renyi,5,3,1,passthrough,SA_VSA_OGM,0.1,0.5,8192
548,0.5462034397334056,0.80667039182863,42,cuda,True,None,renyi,5,5,1,passthrough,SA_VSA_OGM,0.1,0.5,8192
549,0.4868442473935,0.9369950101715404,42,cuda,True,None,renyi_squaring,1,1,1,passthrough,SA_VSA_OGM,0.1,0.5,8192
550,0.3802862489097123,0.9503140762536306,42,cuda,True,None,renyi_squaring,1,3,1,passthrough,SA_VSA_OGM,0.1,0.5,8192
551,0.3841021754897145,0.9417872390630992,42,cuda,True,None,renyi_squaring,1,5,1,passthrough,SA_VSA_OGM,0.1,0.5,8192
552,0.3482767106856792,0.9686318453691856,42,cuda,True,None,renyi_squaring,3,1,1,passthrough,SA_VSA_OGM,0.1,0.5,8192
553,0.29451785168161937,0.9809578836760114,42,cuda,True,None,renyi_squaring,3,3,1,passthrough,SA_VSA_OGM,0.1,0.5,8192
554,0.2576091748546321,0.97656225424443,42,cuda,True,None,renyi_squaring,3,5,1,passthrough,SA_VSA_OGM,0.1,0.5,8192
555,0.40959495355546105,0.97244548555753,42,cuda,True,None,renyi_squaring,5,1,1,passthrough,SA_VSA_OGM,0.1,0.5,8192
556,0.33644858613293116,0.9759424411807412,42,cuda,True,None,renyi_squaring,5,3,1,passthrough,SA_VSA_OGM,0.1,0.5,8192
557,0.3048370674226508,0.9755733374945328,42,cuda,True,None,renyi_squaring,5,5,1,passthrough,SA_VSA_OGM,0.1,0.5,8192
558,11.769788862453671,0.6692689792458915,42,cuda,True,None,renyi_cubic,1,1,1,passthrough,SA_VSA_OGM,0.1,0.5,8192
559,12.107847922760598,0.6561582719084419,42,cuda,True,None,renyi_cubic,1,3,1,passthrough,SA_VSA_OGM,0.1,0.5,8192
560,12.09292359123998,0.6609517196438011,42,cuda,True,None,renyi_cubic,1,5,1,passthrough,SA_VSA_OGM,0.1,0.5,8192
561,9.047304970320823,0.7265866051343232,42,cuda,True,None,renyi_cubic,3,1,1,passthrough,SA_VSA_OGM,0.1,0.5,8192
562,9.125428874651838,0.7248356726919536,42,cuda,True,None,renyi_cubic,3,3,1,passthrough,SA_VSA_OGM,0.1,0.5,8192
563,8.835319619455227,0.7331495857161111,42,cuda,True,None,renyi_cubic,3,5,1,passthrough,SA_VSA_OGM,0.1,0.5,8192
564,6.459575954142859,0.7722521008029612,42,cuda,True,None,renyi_cubic,5,1,1,passthrough,SA_VSA_OGM,0.1,0.5,8192
565,8.069267927802839,0.7316783857142474,42,cuda,True,None,renyi_cubic,5,3,1,passthrough,SA_VSA_OGM,0.1,0.5,8192
566,5.477796018112883,0.7955315517313921,42,cuda,True,None,renyi_cubic,5,5,1,passthrough,SA_VSA_OGM,0.1,0.5,8192
567,0.7150485861149364,0.474431098154647,42,cuda,True,None,renyi_normalize,1,1,1,passthrough,SA_VSA_OGM,0.1,0.5,8192
568,1.1449745752633824,0.33944743963930146,42,cuda,True,None,renyi_normalize,1,3,1,passthrough,SA_VSA_OGM,0.1,0.5,8192
569,1.5037981408691576,0.33692909557160283,42,cuda,True,None,renyi_normalize,1,5,1,passthrough,SA_VSA_OGM,0.1,0.5,8192
570,0.9061133402777528,0.6781434715169934,42,cuda,True,None,renyi_normalize,3,1,1,passthrough,SA_VSA_OGM,0.1,0.5,8192
571,0.7220780503573084,0.48519129997687016,42,cuda,True,None,renyi_normalize,3,3,1,passthrough,SA_VSA_OGM,0.1,0.5,8192
572,0.8986235128891168,0.4900768284468458,42,cuda,True,None,renyi_normalize,3,5,1,passthrough,SA_VSA_OGM,0.1,0.5,8192
573,1.1748985559355485,0.8546296123714956,42,cuda,True,None,renyi_normalize,5,1,1,passthrough,SA_VSA_OGM,0.1,0.5,8192
574,0.6725563038485723,0.7348589264386625,42,cuda,True,None,renyi_normalize,5,3,1,passthrough,SA_VSA_OGM,0.1,0.5,8192
575,0.6496137171333194,0.6947815643963564,42,cuda,True,None,renyi_normalize,5,5,1,passthrough,SA_VSA_OGM,0.1,0.5,8192
576,0.42787385290151414,0.9177974482214972,42,cuda,True,None,renyi_normalize_squaring,1,1,1,passthrough,SA_VSA_OGM,0.1,0.5,8192
577,0.8048906689713492,0.9775063171832972,42,cuda,True,None,renyi_normalize_squaring,1,3,1,passthrough,SA_VSA_OGM,0.1,0.5,8192
578,1.1026028952738405,0.9870457011991692,42,cuda,True,None,renyi_normalize_squaring,1,5,1,passthrough,SA_VSA_OGM,0.1,0.5,8192
579,0.4649955386739224,0.9692371593099444,42,cuda,True,None,renyi_normalize_squaring,3,1,1,passthrough,SA_VSA_OGM,0.1,0.5,8192
580,0.29603094412620184,0.9867006780569988,42,cuda,True,None,renyi_normalize_squaring,3,3,1,passthrough,SA_VSA_OGM,0.1,0.5,8192
581,0.34421632867689317,0.9903228238394328,42,cuda,True,None,renyi_normalize_squaring,3,5,1,passthrough,SA_VSA_OGM,0.1,0.5,8192
582,0.5479794334432097,0.9754884216939692,42,cuda,True,None,renyi_normalize_squaring,5,1,1,passthrough,SA_VSA_OGM,0.1,0.5,8192
583,0.24792336709792917,0.9886209080599148,42,cuda,True,None,renyi_normalize_squaring,5,3,1,passthrough,SA_VSA_OGM,0.1,0.5,8192
584,0.2068709901737062,0.9936854541962208,42,cuda,True,None,renyi_normalize_squaring,5,5,1,passthrough,SA_VSA_OGM,0.1,0.5,8192
585,0.27590034740288827,0.9722571540362832,42,cuda,True,None,renyi_normalize_cubic,1,1,1,passthrough,SA_VSA_OGM,0.1,0.5,8192
586,0.359628193314879,0.9907634567291124,42,cuda,True,None,renyi_normalize_cubic,1,3,1,passthrough,SA_VSA_OGM,0.1,0.5,8192
587,0.6561818157055669,0.9907640089437476,42,cuda,True,None,renyi_normalize_cubic,1,5,1,passthrough,SA_VSA_OGM,0.1,0.5,8192
588,0.23079107227537887,0.9898061302253012,42,cuda,True,None,renyi_normalize_cubic,3,1,1,passthrough,SA_VSA_OGM,0.1,0.5,8192
589,0.15981311332577763,0.9918781421419194,42,cuda,True,None,renyi_normalize_cubic,3,3,1,passthrough,SA_VSA_OGM,0.1,0.5,8192
590,0.1915262485086224,0.9932716914635826,42,cuda,True,None,renyi_normalize_cubic,3,5,1,passthrough,SA_VSA_OGM,0.1,0.5,8192
591,0.30105247594667267,0.9804834085629872,42,cuda,True,None,renyi_normalize_cubic,5,1,1,passthrough,SA_VSA_OGM,0.1,0.5,8192
592,0.1814576023594922,0.9914654850045348,42,cuda,True,None,renyi_normalize_cubic,5,3,1,passthrough,SA_VSA_OGM,0.1,0.5,8192
593,0.1337015797519774,0.9927926755662536,42,cuda,True,None,renyi_normalize_cubic,5,5,1,passthrough,SA_VSA_OGM,0.1,0.5,8192
594,1.1164056478519475,0.22656711024388465,42,cuda,True,None,renyi,1,1,1,passthrough,SA_VSA_OGM,0.1,1.0,8192
595,1.445332293714552,0.10549200035299348,42,cuda,True,None,renyi,1,3,1,passthrough,SA_VSA_OGM,0.1,1.0,8192
596,1.776295197190468,0.07928180756193218,42,cuda,True,None,renyi,1,5,1,passthrough,SA_VSA_OGM,0.1,1.0,8192
597,1.1600217709372418,0.2190671057662437,42,cuda,True,None,renyi,3,1,1,passthrough,SA_VSA_OGM,0.1,1.0,8192
598,1.2464388903420751,0.12780891786343068,42,cuda,True,None,renyi,3,3,1,passthrough,SA_VSA_OGM,0.1,1.0,8192
599,1.4503268671195,0.0809160297136991,42,cuda,True,None,renyi,3,5,1,passthrough,SA_VSA_OGM,0.1,1.0,8192
600,1.3681728038728156,0.30282557402406385,42,cuda,True,None,renyi,5,1,1,passthrough,SA_VSA_OGM,0.1,1.0,8192
601,1.1491058969101753,0.1473156403229862,42,cuda,True,None,renyi,5,3,1,passthrough,SA_VSA_OGM,0.1,1.0,8192
602,1.1178234958405835,0.1736945576170904,42,cuda,True,None,renyi,5,5,1,passthrough,SA_VSA_OGM,0.1,1.0,8192
603,0.6234443943093544,0.7102390249072892,42,cuda,True,None,renyi_squaring,1,1,1,passthrough,SA_VSA_OGM,0.1,1.0,8192
604,0.614988681525826,0.77728673078742,42,cuda,True,None,renyi_squaring,1,3,1,passthrough,SA_VSA_OGM,0.1,1.0,8192
605,0.6502612476138431,0.8210925613059789,42,cuda,True,None,renyi_squaring,1,5,1,passthrough,SA_VSA_OGM,0.1,1.0,8192
606,0.541425338947738,0.8371252211427233,42,cuda,True,None,renyi_squaring,3,1,1,passthrough,SA_VSA_OGM,0.1,1.0,8192
607,0.5143250147671836,0.8035254050456913,42,cuda,True,None,renyi_squaring,3,3,1,passthrough,SA_VSA_OGM,0.1,1.0,8192
608,0.4489797842375163,0.8847610717930563,42,cuda,True,None,renyi_squaring,3,5,1,passthrough,SA_VSA_OGM,0.1,1.0,8192
609,0.5814431356176246,0.8874105017915332,42,cuda,True,None,renyi_squaring,5,1,1,passthrough,SA_VSA_OGM,0.1,1.0,8192
610,0.4207440038631415,0.937540380005598,42,cuda,True,None,renyi_squaring,5,3,1,passthrough,SA_VSA_OGM,0.1,1.0,8192
611,0.3719815645160276,0.938851334194564,42,cuda,True,None,renyi_squaring,5,5,1,passthrough,SA_VSA_OGM,0.1,1.0,8192
612,0.7696044391878101,0.6780866818209719,42,cuda,True,None,renyi_cubic,1,1,1,passthrough,SA_VSA_OGM,0.1,1.0,8192
613,0.6915568080669628,0.7547481621981914,42,cuda,True,None,renyi_cubic,1,3,1,passthrough,SA_VSA_OGM,0.1,1.0,8192
614,0.5052341136553331,0.8498385377716285,42,cuda,True,None,renyi_cubic,1,5,1,passthrough,SA_VSA_OGM,0.1,1.0,8192
615,0.5145052415476806,0.8594502469568112,42,cuda,True,None,renyi_cubic,3,1,1,passthrough,SA_VSA_OGM,0.1,1.0,8192
616,0.4687436640327911,0.8812404262017414,42,cuda,True,None,renyi_cubic,3,3,1,passthrough,SA_VSA_OGM,0.1,1.0,8192
617,0.40650575918839826,0.8981521662552227,42,cuda,True,None,renyi_cubic,3,5,1,passthrough,SA_VSA_OGM,0.1,1.0,8192
618,0.4680965311068172,0.8974836964475341,42,cuda,True,None,renyi_cubic,5,1,1,passthrough,SA_VSA_OGM,0.1,1.0,8192
619,0.41455991537376047,0.9191071670897814,42,cuda,True,None,renyi_cubic,5,3,1,passthrough,SA_VSA_OGM,0.1,1.0,8192
620,0.3610169630167938,0.9254497602717416,42,cuda,True,None,renyi_cubic,5,5,1,passthrough,SA_VSA_OGM,0.1,1.0,8192
621,0.8135311785747836,0.3583337579052361,42,cuda,True,None,renyi_normalize,1,1,1,passthrough,SA_VSA_OGM,0.1,1.0,8192
622,1.4144305116593132,0.18094359145156408,42,cuda,True,None,renyi_normalize,1,3,1,passthrough,SA_VSA_OGM,0.1,1.0,8192
623,1.9562919836124335,0.11670039230917316,42,cuda,True,None,renyi_normalize,1,5,1,passthrough,SA_VSA_OGM,0.1,1.0,8192
624,1.1702873893555277,0.3475952617484954,42,cuda,True,None,renyi_normalize,3,1,1,passthrough,SA_VSA_OGM,0.1,1.0,8192
625,0.8942569319904196,0.19800598045113152,42,cuda,True,None,renyi_normalize,3,3,1,passthrough,SA_VSA_OGM,0.1,1.0,8192
626,1.3428915194927609,0.10535878706897804,42,cuda,True,None,renyi_normalize,3,5,1,passthrough,SA_VSA_OGM,0.1,1.0,8192
627,1.275215640920478,0.41512503875400697,42,cuda,True,None,renyi_normalize,5,1,1,passthrough,SA_VSA_OGM,0.1,1.0,8192
628,0.9416257348032088,0.2578906872559279,42,cuda,True,None,renyi_normalize,5,3,1,passthrough,SA_VSA_OGM,0.1,1.0,8192
629,1.105349593263971,0.13799796186064425,42,cuda,True,None,renyi_normalize,5,5,1,passthrough,SA_VSA_OGM,0.1,1.0,8192
630,0.604696226705845,0.7012167269097824,42,cuda,True,None,renyi_normalize_squaring,1,1,1,passthrough,SA_VSA_OGM,0.1,1.0,8192
631,1.251540119818838,0.721170754062433,42,cuda,True,None,renyi_normalize_squaring,1,3,1,passthrough,SA_VSA_OGM,0.1,1.0,8192
632,1.437738665531326,0.9313137932521256,42,cuda,True,None,renyi_normalize_squaring,1,5,1,passthrough,SA_VSA_OGM,0.1,1.0,8192
633,0.7098440895566235,0.7998628033080584,42,cuda,True,None,renyi_normalize_squaring,3,1,1,passthrough,SA_VSA_OGM,0.1,1.0,8192
634,0.463277224156042,0.8893451528743324,42,cuda,True,None,renyi_normalize_squaring,3,3,1,passthrough,SA_VSA_OGM,0.1,1.0,8192
635,0.6567254310581311,0.922032170458006,42,cuda,True,None,renyi_normalize_squaring,3,5,1,passthrough,SA_VSA_OGM,0.1,1.0,8192
636,0.9642393311764996,0.8737211138322972,42,cuda,True,None,renyi_normalize_squaring,5,1,1,passthrough,SA_VSA_OGM,0.1,1.0,8192
637,0.4409542752819126,0.8920787912269588,42,cuda,True,None,renyi_normalize_squaring,5,3,1,passthrough,SA_VSA_OGM,0.1,1.0,8192
638,0.3580785785047984,0.967622276240822,42,cuda,True,None,renyi_normalize_squaring,5,5,1,passthrough,SA_VSA_OGM,0.1,1.0,8192
639,0.4621481561027152,0.8711219553081563,42,cuda,True,None,renyi_normalize_cubic,1,1,1,passthrough,SA_VSA_OGM,0.1,1.0,8192
640,0.8062530707208974,0.9594039024933476,42,cuda,True,None,renyi_normalize_cubic,1,3,1,passthrough,SA_VSA_OGM,0.1,1.0,8192
641,0.9997062551142204,0.9859898742434992,42,cuda,True,None,renyi_normalize_cubic,1,5,1,passthrough,SA_VSA_OGM,0.1,1.0,8192
642,0.4564811368042096,0.9187429547598566,42,cuda,True,None,renyi_normalize_cubic,3,1,1,passthrough,SA_VSA_OGM,0.1,1.0,8192
643,0.33223713895286955,0.950813756793402,42,cuda,True,None,renyi_normalize_cubic,3,3,1,passthrough,SA_VSA_OGM,0.1,1.0,8192
644,0.32980017022833513,0.9868913295617578,42,cuda,True,None,renyi_normalize_cubic,3,5,1,passthrough,SA_VSA_OGM,0.1,1.0,8192
645,0.6140715354416069,0.9428144837789008,42,cuda,True,None,renyi_normalize_cubic,5,1,1,passthrough,SA_VSA_OGM,0.1,1.0,8192
646,0.27995732933512824,0.973586783267971,42,cuda,True,None,renyi_normalize_cubic,5,3,1,passthrough,SA_VSA_OGM,0.1,1.0,8192
647,0.2167156714040804,0.9886406793545678,42,cuda,True,None,renyi_normalize_cubic,5,5,1,passthrough,SA_VSA_OGM,0.1,1.0,8192
648,0.5513381064634373,0.8075673682540685,42,cuda,True,None,renyi,1,1,1,passthrough,SA_VSA_OGM,0.25,0.1,32768
649,0.5308188721011997,0.911155608872482,42,cuda,True,None,renyi,1,3,1,passthrough,SA_VSA_OGM,0.25,0.1,32768
650,0.5082036039236518,0.9374205816608914,42,cuda,True,None,renyi,1,5,1,passthrough,SA_VSA_OGM,0.25,0.1,32768
651,0.4572154751232527,0.9143881566066344,42,cuda,True,None,renyi,3,1,1,passthrough,SA_VSA_OGM,0.25,0.1,32768
652,0.4766226043164269,0.9338938956902546,42,cuda,True,None,renyi,3,3,1,passthrough,SA_VSA_OGM,0.25,0.1,32768
653,0.41518700624366056,0.9508293879318844,42,cuda,True,None,renyi,3,5,1,passthrough,SA_VSA_OGM,0.25,0.1,32768
654,0.5280817747762094,0.8296530068271339,42,cuda,True,None,renyi,5,1,1,passthrough,SA_VSA_OGM,0.25,0.1,32768
655,0.46135689938592656,0.9228904675611164,42,cuda,True,None,renyi,5,3,1,passthrough,SA_VSA_OGM,0.25,0.1,32768
656,0.4080413519122176,0.9345591417728516,42,cuda,True,None,renyi,5,5,1,passthrough,SA_VSA_OGM,0.25,0.1,32768
657,14.539328448304229,0.5966449370526576,42,cuda,True,None,renyi_squaring,1,1,1,passthrough,SA_VSA_OGM,0.25,0.1,32768
658,13.717727445473892,0.6093123625706127,42,cuda,True,None,renyi_squaring,1,3,1,passthrough,SA_VSA_OGM,0.25,0.1,32768
659,14.240727828639333,0.6049264266734734,42,cuda,True,None,renyi_squaring,1,5,1,passthrough,SA_VSA_OGM,0.25,0.1,32768
660,11.311138755711667,0.6384232715862205,42,cuda,True,None,renyi_squaring,3,1,1,passthrough,SA_VSA_OGM,0.25,0.1,32768
661,0.7078502176379473,0.709696037519886,42,cuda,True,None,renyi_squaring,3,3,1,passthrough,SA_VSA_OGM,0.25,0.1,32768
662,8.932203626708487,0.6990550469780044,42,cuda,True,None,renyi_squaring,3,5,1,passthrough,SA_VSA_OGM,0.25,0.1,32768
663,4.522847390178951,0.7140350268382072,42,cuda,True,None,renyi_squaring,5,1,1,passthrough,SA_VSA_OGM,0.25,0.1,32768
664,6.329308894949453,0.6867837772418122,42,cuda,True,None,renyi_squaring,5,3,1,passthrough,SA_VSA_OGM,0.25,0.1,32768
665,4.863866055874522,0.7134316631929488,42,cuda,True,None,renyi_squaring,5,5,1,passthrough,SA_VSA_OGM,0.25,0.1,32768
666,18.023190522380116,0.5,42,cuda,True,None,renyi_cubic,1,1,1,passthrough,SA_VSA_OGM,0.25,0.1,32768
667,18.023394033350097,0.5,42,cuda,True,None,renyi_cubic,1,3,1,passthrough,SA_VSA_OGM,0.25,0.1,32768
668,18.023135133823185,0.5,42,cuda,True,None,renyi_cubic,1,5,1,passthrough,SA_VSA_OGM,0.25,0.1,32768
669,18.02323565044799,0.5,42,cuda,True,None,renyi_cubic,3,1,1,passthrough,SA_VSA_OGM,0.25,0.1,32768
670,18.023335867470337,0.5,42,cuda,True,None,renyi_cubic,3,3,1,passthrough,SA_VSA_OGM,0.25,0.1,32768
671,18.02341024509013,0.5,42,cuda,True,None,renyi_cubic,3,5,1,passthrough,SA_VSA_OGM,0.25,0.1,32768
672,18.02340789211757,0.5,42,cuda,True,None,renyi_cubic,5,1,1,passthrough,SA_VSA_OGM,0.25,0.1,32768
673,18.023456476822886,0.5,42,cuda,True,None,renyi_cubic,5,3,1,passthrough,SA_VSA_OGM,0.25,0.1,32768
674,18.023301496602013,0.5,42,cuda,True,None,renyi_cubic,5,5,1,passthrough,SA_VSA_OGM,0.25,0.1,32768
675,0.7172960384852509,0.5534216144846322,42,cuda,True,None,renyi_normalize,1,1,1,passthrough,SA_VSA_OGM,0.25,0.1,32768
676,0.7577921070863973,0.7357453497523723,42,cuda,True,None,renyi_normalize,1,3,1,passthrough,SA_VSA_OGM,0.25,0.1,32768
677,0.7654792283275985,0.8539278447268795,42,cuda,True,None,renyi_normalize,1,5,1,passthrough,SA_VSA_OGM,0.25,0.1,32768
678,0.681491787235307,0.6660562276479379,42,cuda,True,None,renyi_normalize,3,1,1,passthrough,SA_VSA_OGM,0.25,0.1,32768
679,0.595551247795406,0.8028059625077129,42,cuda,True,None,renyi_normalize,3,3,1,passthrough,SA_VSA_OGM,0.25,0.1,32768
680,0.6074614450217526,0.8546978400559533,42,cuda,True,None,renyi_normalize,3,5,1,passthrough,SA_VSA_OGM,0.25,0.1,32768
681,0.6896290058600096,0.7536610038153444,42,cuda,True,None,renyi_normalize,5,1,1,passthrough,SA_VSA_OGM,0.25,0.1,32768
682,0.5794688846149927,0.7930171731675686,42,cuda,True,None,renyi_normalize,5,3,1,passthrough,SA_VSA_OGM,0.25,0.1,32768
683,0.54858005808284,0.8754605532371551,42,cuda,True,None,renyi_normalize,5,5,1,passthrough,SA_VSA_OGM,0.25,0.1,32768
684,0.5502791856008794,0.8304094738635626,42,cuda,True,None,renyi_normalize_squaring,1,1,1,passthrough,SA_VSA_OGM,0.25,0.1,32768
685,0.8127942289277993,0.9205434687691224,42,cuda,True,None,renyi_normalize_squaring,1,3,1,passthrough,SA_VSA_OGM,0.25,0.1,32768
686,0.8294842207009906,0.942128235174672,42,cuda,True,None,renyi_normalize_squaring,1,5,1,passthrough,SA_VSA_OGM,0.25,0.1,32768
687,0.48924114271638,0.8895104175218281,42,cuda,True,None,renyi_normalize_squaring,3,1,1,passthrough,SA_VSA_OGM,0.25,0.1,32768
688,0.5277836398011664,0.9446992531739096,42,cuda,True,None,renyi_normalize_squaring,3,3,1,passthrough,SA_VSA_OGM,0.25,0.1,32768
689,0.62689853119055,0.936250037039571,42,cuda,True,None,renyi_normalize_squaring,3,5,1,passthrough,SA_VSA_OGM,0.25,0.1,32768
690,0.5102530701333704,0.8691856748845925,42,cuda,True,None,renyi_normalize_squaring,5,1,1,passthrough,SA_VSA_OGM,0.25,0.1,32768
691,0.6238825376367477,0.8627462066984792,42,cuda,True,None,renyi_normalize_squaring,5,3,1,passthrough,SA_VSA_OGM,0.25,0.1,32768
692,0.5891688979880205,0.9489543346216748,42,cuda,True,None,renyi_normalize_squaring,5,5,1,passthrough,SA_VSA_OGM,0.25,0.1,32768
693,0.4521218952750287,0.9265522061518562,42,cuda,True,None,renyi_normalize_cubic,1,1,1,passthrough,SA_VSA_OGM,0.25,0.1,32768
694,0.48045028738764706,0.9562492135540932,42,cuda,True,None,renyi_normalize_cubic,1,3,1,passthrough,SA_VSA_OGM,0.25,0.1,32768
695,0.6916321776661271,0.95296505326439,42,cuda,True,None,renyi_normalize_cubic,1,5,1,passthrough,SA_VSA_OGM,0.25,0.1,32768
696,0.4854876706420227,0.8695429571892397,42,cuda,True,None,renyi_normalize_cubic,3,1,1,passthrough,SA_VSA_OGM,0.25,0.1,32768
697,0.5404361683692475,0.9477481119265744,42,cuda,True,None,renyi_normalize_cubic,3,3,1,passthrough,SA_VSA_OGM,0.25,0.1,32768
698,0.4963763208863297,0.9546926788239424,42,cuda,True,None,renyi_normalize_cubic,3,5,1,passthrough,SA_VSA_OGM,0.25,0.1,32768
699,0.45480515934406696,0.8910150605003403,42,cuda,True,None,renyi_normalize_cubic,5,1,1,passthrough,SA_VSA_OGM,0.25,0.1,32768
700,0.52934679295568,0.9151674518914056,42,cuda,True,None,renyi_normalize_cubic,5,3,1,passthrough,SA_VSA_OGM,0.25,0.1,32768
701,0.5866558408559114,0.9421271739207012,42,cuda,True,None,renyi_normalize_cubic,5,5,1,passthrough,SA_VSA_OGM,0.25,0.1,32768
702,0.5023251426765498,0.8832874275669392,42,cuda,True,None,renyi,1,1,1,passthrough,SA_VSA_OGM,0.25,0.2,32768
703,0.5768806423592074,0.958597833082566,42,cuda,True,None,renyi,1,3,1,passthrough,SA_VSA_OGM,0.25,0.2,32768
704,0.6802361974410257,0.9492902233336094,42,cuda,True,None,renyi,1,5,1,passthrough,SA_VSA_OGM,0.25,0.2,32768
705,0.4512441253244543,0.9363282742207796,42,cuda,True,None,renyi,3,1,1,passthrough,SA_VSA_OGM,0.25,0.2,32768
706,0.34744353264270156,0.968661022612584,42,cuda,True,None,renyi,3,3,1,passthrough,SA_VSA_OGM,0.25,0.2,32768
707,0.34995566643410014,0.9647239706253412,42,cuda,True,None,renyi,3,5,1,passthrough,SA_VSA_OGM,0.25,0.2,32768
708,0.4956833463522335,0.8787287098068983,42,cuda,True,None,renyi,5,1,1,passthrough,SA_VSA_OGM,0.25,0.2,32768
709,0.419157998214031,0.967539023110843,42,cuda,True,None,renyi,5,3,1,passthrough,SA_VSA_OGM,0.25,0.2,32768
710,0.418689721617045,0.957672708731428,42,cuda,True,None,renyi,5,5,1,passthrough,SA_VSA_OGM,0.25,0.2,32768
711,0.5066312173481595,0.865124418153479,42,cuda,True,None,renyi_squaring,1,1,1,passthrough,SA_VSA_OGM,0.25,0.2,32768
712,0.49649313827281305,0.864611117814746,42,cuda,True,None,renyi_squaring,1,3,1,passthrough,SA_VSA_OGM,0.25,0.2,32768
713,0.5294660070226698,0.8501922015051874,42,cuda,True,None,renyi_squaring,1,5,1,passthrough,SA_VSA_OGM,0.25,0.2,32768
714,0.5497191788774172,0.8874090694859617,42,cuda,True,None,renyi_squaring,3,1,1,passthrough,SA_VSA_OGM,0.25,0.2,32768
715,0.4782142418202704,0.896591556462838,42,cuda,True,None,renyi_squaring,3,3,1,passthrough,SA_VSA_OGM,0.25,0.2,32768
716,0.40169767382440535,0.8904303218993456,42,cuda,True,None,renyi_squaring,3,5,1,passthrough,SA_VSA_OGM,0.25,0.2,32768
717,0.828042139723132,0.8192581055996182,42,cuda,True,None,renyi_squaring,5,1,1,passthrough,SA_VSA_OGM,0.25,0.2,32768
718,0.6080398661133365,0.8516461090643209,42,cuda,True,None,renyi_squaring,5,3,1,passthrough,SA_VSA_OGM,0.25,0.2,32768
719,0.560500114240517,0.8394389162767548,42,cuda,True,None,renyi_squaring,5,5,1,passthrough,SA_VSA_OGM,0.25,0.2,32768
720,18.02339784647964,0.5,42,cuda,True,None,renyi_cubic,1,1,1,passthrough,SA_VSA_OGM,0.25,0.2,32768
721,18.023490759812,0.5,42,cuda,True,None,renyi_cubic,1,3,1,passthrough,SA_VSA_OGM,0.25,0.2,32768
722,18.023559676642098,0.5,42,cuda,True,None,renyi_cubic,1,5,1,passthrough,SA_VSA_OGM,0.25,0.2,32768
723,18.02355728302043,0.5,42,cuda,True,None,renyi_cubic,3,1,1,passthrough,SA_VSA_OGM,0.25,0.2,32768
724,17.297307831950675,0.5201462972342252,42,cuda,True,None,renyi_cubic,3,3,1,passthrough,SA_VSA_OGM,0.25,0.2,32768
725,18.02357615694267,0.5,42,cuda,True,None,renyi_cubic,3,5,1,passthrough,SA_VSA_OGM,0.25,0.2,32768
726,18.02366818598738,0.5,42,cuda,True,None,renyi_cubic,5,1,1,passthrough,SA_VSA_OGM,0.25,0.2,32768
727,18.023689232900896,0.5,42,cuda,True,None,renyi_cubic,5,3,1,passthrough,SA_VSA_OGM,0.25,0.2,32768
728,18.023686677978617,0.5,42,cuda,True,None,renyi_cubic,5,5,1,passthrough,SA_VSA_OGM,0.25,0.2,32768
729,0.6582225311252891,0.605179390464636,42,cuda,True,None,renyi_normalize,1,1,1,passthrough,SA_VSA_OGM,0.25,0.2,32768
730,0.8104540168999474,0.6671601136154347,42,cuda,True,None,renyi_normalize,1,3,1,passthrough,SA_VSA_OGM,0.25,0.2,32768
731,0.9855364159614208,0.8694558656845949,42,cuda,True,None,renyi_normalize,1,5,1,passthrough,SA_VSA_OGM,0.25,0.2,32768
732,0.6745986166416251,0.854497630147296,42,cuda,True,None,renyi_normalize,3,1,1,passthrough,SA_VSA_OGM,0.25,0.2,32768
733,0.5313807996481384,0.8783815755088396,42,cuda,True,None,renyi_normalize,3,3,1,passthrough,SA_VSA_OGM,0.25,0.2,32768
734,0.6028172140630167,0.9224155838327032,42,cuda,True,None,renyi_normalize,3,5,1,passthrough,SA_VSA_OGM,0.25,0.2,32768
735,0.6720513822091068,0.8578527316184898,42,cuda,True,None,renyi_normalize,5,1,1,passthrough,SA_VSA_OGM,0.25,0.2,32768
736,0.4959182794465975,0.8762823201345156,42,cuda,True,None,renyi_normalize,5,3,1,passthrough,SA_VSA_OGM,0.25,0.2,32768
737,0.4548770171755447,0.9327707067141208,42,cuda,True,None,renyi_normalize,5,5,1,passthrough,SA_VSA_OGM,0.25,0.2,32768
738,0.4367090184096008,0.9509668549848248,42,cuda,True,None,renyi_normalize_squaring,1,1,1,passthrough,SA_VSA_OGM,0.25,0.2,32768
739,0.5126260925645587,0.9782634482892686,42,cuda,True,None,renyi_normalize_squaring,1,3,1,passthrough,SA_VSA_OGM,0.25,0.2,32768
740,0.8022445541416305,0.961745365277253,42,cuda,True,None,renyi_normalize_squaring,1,5,1,passthrough,SA_VSA_OGM,0.25,0.2,32768
741,0.3676650554669102,0.931825099532534,42,cuda,True,None,renyi_normalize_squaring,3,1,1,passthrough,SA_VSA_OGM,0.25,0.2,32768
742,0.3898478518620368,0.9741458426642436,42,cuda,True,None,renyi_normalize_squaring,3,3,1,passthrough,SA_VSA_OGM,0.25,0.2,32768
743,0.42553605168785974,0.9621875513096434,42,cuda,True,None,renyi_normalize_squaring,3,5,1,passthrough,SA_VSA_OGM,0.25,0.2,32768
744,0.3718030736828443,0.947774905015938,42,cuda,True,None,renyi_normalize_squaring,5,1,1,passthrough,SA_VSA_OGM,0.25,0.2,32768
745,0.5944038674833527,0.9687837586879426,42,cuda,True,None,renyi_normalize_squaring,5,3,1,passthrough,SA_VSA_OGM,0.25,0.2,32768
746,0.7034766134877869,0.9602988284519072,42,cuda,True,None,renyi_normalize_squaring,5,5,1,passthrough,SA_VSA_OGM,0.25,0.2,32768
747,0.28730544519235385,0.9721864677150912,42,cuda,True,None,renyi_normalize_cubic,1,1,1,passthrough,SA_VSA_OGM,0.25,0.2,32768
748,0.3132334512856573,0.9737625819219908,42,cuda,True,None,renyi_normalize_cubic,1,3,1,passthrough,SA_VSA_OGM,0.25,0.2,32768
749,0.4347897259596374,0.9689023647590782,42,cuda,True,None,renyi_normalize_cubic,1,5,1,passthrough,SA_VSA_OGM,0.25,0.2,32768
750,0.3015918622350621,0.96472773115836,42,cuda,True,None,renyi_normalize_cubic,3,1,1,passthrough,SA_VSA_OGM,0.25,0.2,32768
751,0.4039819926368171,0.9716783053961316,42,cuda,True,None,renyi_normalize_cubic,3,3,1,passthrough,SA_VSA_OGM,0.25,0.2,32768
752,0.45268768711889495,0.9664133430159,42,cuda,True,None,renyi_normalize_cubic,3,5,1,passthrough,SA_VSA_OGM,0.25,0.2,32768
753,0.33393337682461405,0.9632426963002494,42,cuda,True,None,renyi_normalize_cubic,5,1,1,passthrough,SA_VSA_OGM,0.25,0.2,32768
754,0.4119811278642616,0.9747762723865716,42,cuda,True,None,renyi_normalize_cubic,5,3,1,passthrough,SA_VSA_OGM,0.25,0.2,32768
755,0.5205706416069213,0.9633405242351434,42,cuda,True,None,renyi_normalize_cubic,5,5,1,passthrough,SA_VSA_OGM,0.25,0.2,32768
756,0.6795444795677211,0.5978187386745607,42,cuda,True,None,renyi,1,1,1,passthrough,SA_VSA_OGM,0.25,0.5,32768
757,0.9090163810418308,0.6260488908407095,42,cuda,True,None,renyi,1,3,1,passthrough,SA_VSA_OGM,0.25,0.5,32768
758,0.9707614636912346,0.715215651398681,42,cuda,True,None,renyi,1,5,1,passthrough,SA_VSA_OGM,0.25,0.5,32768
759,0.7554804080605624,0.8024154773160967,42,cuda,True,None,renyi,3,1,1,passthrough,SA_VSA_OGM,0.25,0.5,32768
760,0.5546865775922672,0.8110898983388855,42,cuda,True,None,renyi,3,3,1,passthrough,SA_VSA_OGM,0.25,0.5,32768
761,0.4727378712821807,0.911722063472682,42,cuda,True,None,renyi,3,5,1,passthrough,SA_VSA_OGM,0.25,0.5,32768
762,0.8375382551509695,0.7690987973433074,42,cuda,True,None,renyi,5,1,1,passthrough,SA_VSA_OGM,0.25,0.5,32768
763,0.5461108943140996,0.8546845514103985,42,cuda,True,None,renyi,5,3,1,passthrough,SA_VSA_OGM,0.25,0.5,32768
764,0.48875165713798147,0.8929913635537889,42,cuda,True,None,renyi,5,5,1,passthrough,SA_VSA_OGM,0.25,0.5,32768
765,0.404094516659834,0.9613334342982658,42,cuda,True,None,renyi_squaring,1,1,1,passthrough,SA_VSA_OGM,0.25,0.5,32768
766,0.28295857203429187,0.9596340898576676,42,cuda,True,None,renyi_squaring,1,3,1,passthrough,SA_VSA_OGM,0.25,0.5,32768
767,0.2951825953170023,0.9510669529546546,42,cuda,True,None,renyi_squaring,1,5,1,passthrough,SA_VSA_OGM,0.25,0.5,32768
768,0.4036839925858549,0.9549972499392662,42,cuda,True,None,renyi_squaring,3,1,1,passthrough,SA_VSA_OGM,0.25,0.5,32768
769,0.3455629858917408,0.9483430078038806,42,cuda,True,None,renyi_squaring,3,3,1,passthrough,SA_VSA_OGM,0.25,0.5,32768
770,0.33363140860110335,0.9320725933143604,42,cuda,True,None,renyi_squaring,3,5,1,passthrough,SA_VSA_OGM,0.25,0.5,32768
771,0.4771931628378123,0.9249233563845748,42,cuda,True,None,renyi_squaring,5,1,1,passthrough,SA_VSA_OGM,0.25,0.5,32768
772,0.4045393991654784,0.9355901612433134,42,cuda,True,None,renyi_squaring,5,3,1,passthrough,SA_VSA_OGM,0.25,0.5,32768
773,0.4051192025970321,0.9095690219739586,42,cuda,True,None,renyi_squaring,5,5,1,passthrough,SA_VSA_OGM,0.25,0.5,32768
774,14.12263274913843,0.5993977455992131,42,cuda,True,None,renyi_cubic,1,1,1,passthrough,SA_VSA_OGM,0.25,0.5,32768
775,11.42432830796866,0.6703461659576457,42,cuda,True,None,renyi_cubic,1,3,1,passthrough,SA_VSA_OGM,0.25,0.5,32768
776,13.21713330033434,0.6238675022498217,42,cuda,True,None,renyi_cubic,1,5,1,passthrough,SA_VSA_OGM,0.25,0.5,32768
777,7.675046724656199,0.7096934102148985,42,cuda,True,None,renyi_cubic,3,1,1,passthrough,SA_VSA_OGM,0.25,0.5,32768
778,9.37491591226308,0.6759578695066482,42,cuda,True,None,renyi_cubic,3,3,1,passthrough,SA_VSA_OGM,0.25,0.5,32768
779,7.351567904347993,0.7151202444431201,42,cuda,True,None,renyi_cubic,3,5,1,passthrough,SA_VSA_OGM,0.25,0.5,32768
780,5.845947585758221,0.6966572339990764,42,cuda,True,None,renyi_cubic,5,1,1,passthrough,SA_VSA_OGM,0.25,0.5,32768
781,3.91967720843729,0.7217413863019745,42,cuda,True,None,renyi_cubic,5,3,1,passthrough,SA_VSA_OGM,0.25,0.5,32768
782,7.2018443776230034,0.6698297464307192,42,cuda,True,None,renyi_cubic,5,5,1,passthrough,SA_VSA_OGM,0.25,0.5,32768
783,0.7098162856172436,0.5317510226762833,42,cuda,True,None,renyi_normalize,1,1,1,passthrough,SA_VSA_OGM,0.25,0.5,32768
784,1.1034938892994084,0.5211929820259237,42,cuda,True,None,renyi_normalize,1,3,1,passthrough,SA_VSA_OGM,0.25,0.5,32768
785,1.464330010955431,0.5217163815655245,42,cuda,True,None,renyi_normalize,1,5,1,passthrough,SA_VSA_OGM,0.25,0.5,32768
786,0.8109076315378805,0.7806010222508775,42,cuda,True,None,renyi_normalize,3,1,1,passthrough,SA_VSA_OGM,0.25,0.5,32768
787,0.641233274292354,0.7115824156249358,42,cuda,True,None,renyi_normalize,3,3,1,passthrough,SA_VSA_OGM,0.25,0.5,32768
788,0.7837143157733018,0.8399790842045802,42,cuda,True,None,renyi_normalize,3,5,1,passthrough,SA_VSA_OGM,0.25,0.5,32768
789,0.9988582121862968,0.7821899836414478,42,cuda,True,None,renyi_normalize,5,1,1,passthrough,SA_VSA_OGM,0.25,0.5,32768
790,0.6259634212446088,0.8369053207763462,42,cuda,True,None,renyi_normalize,5,3,1,passthrough,SA_VSA_OGM,0.25,0.5,32768
791,0.5865057414716639,0.8771270283786663,42,cuda,True,None,renyi_normalize,5,5,1,passthrough,SA_VSA_OGM,0.25,0.5,32768
792,0.4451426925388385,0.9115942289714823,42,cuda,True,None,renyi_normalize_squaring,1,1,1,passthrough,SA_VSA_OGM,0.25,0.5,32768
793,0.689385418349372,0.9771914399297222,42,cuda,True,None,renyi_normalize_squaring,1,3,1,passthrough,SA_VSA_OGM,0.25,0.5,32768
794,0.7845307916251689,0.9762951879532294,42,cuda,True,None,renyi_normalize_squaring,1,5,1,passthrough,SA_VSA_OGM,0.25,0.5,32768
795,0.464882278309438,0.9604137588929664,42,cuda,True,None,renyi_normalize_squaring,3,1,1,passthrough,SA_VSA_OGM,0.25,0.5,32768
796,0.28856004350253045,0.9697872759548958,42,cuda,True,None,renyi_normalize_squaring,3,3,1,passthrough,SA_VSA_OGM,0.25,0.5,32768
797,0.29620078705557973,0.9705940851061072,42,cuda,True,None,renyi_normalize_squaring,3,5,1,passthrough,SA_VSA_OGM,0.25,0.5,32768
798,0.5733387811550938,0.934002344580374,42,cuda,True,None,renyi_normalize_squaring,5,1,1,passthrough,SA_VSA_OGM,0.25,0.5,32768
799,0.3300082114606669,0.9660003169221364,42,cuda,True,None,renyi_normalize_squaring,5,3,1,passthrough,SA_VSA_OGM,0.25,0.5,32768
800,0.3141255145889413,0.973497146258118,42,cuda,True,None,renyi_normalize_squaring,5,5,1,passthrough,SA_VSA_OGM,0.25,0.5,32768
801,0.2688804072521403,0.9710566820697832,42,cuda,True,None,renyi_normalize_cubic,1,1,1,passthrough,SA_VSA_OGM,0.25,0.5,32768
802,0.4139815107909563,0.9788385458098634,42,cuda,True,None,renyi_normalize_cubic,1,3,1,passthrough,SA_VSA_OGM,0.25,0.5,32768
803,0.5103503083894649,0.9782766401940856,42,cuda,True,None,renyi_normalize_cubic,1,5,1,passthrough,SA_VSA_OGM,0.25,0.5,32768
804,0.29456952054002017,0.9708918098106298,42,cuda,True,None,renyi_normalize_cubic,3,1,1,passthrough,SA_VSA_OGM,0.25,0.5,32768
805,0.25226137112115793,0.9747054586681072,42,cuda,True,None,renyi_normalize_cubic,3,3,1,passthrough,SA_VSA_OGM,0.25,0.5,32768
806,0.2641066434443501,0.977153980614402,42,cuda,True,None,renyi_normalize_cubic,3,5,1,passthrough,SA_VSA_OGM,0.25,0.5,32768
807,0.3569051061150057,0.9432680070228504,42,cuda,True,None,renyi_normalize_cubic,5,1,1,passthrough,SA_VSA_OGM,0.25,0.5,32768
808,0.3312492860470141,0.9755385121025152,42,cuda,True,None,renyi_normalize_cubic,5,3,1,passthrough,SA_VSA_OGM,0.25,0.5,32768
809,0.37290797609437154,0.9774141606078264,42,cuda,True,None,renyi_normalize_cubic,5,5,1,passthrough,SA_VSA_OGM,0.25,0.5,32768
810,0.8396586725879215,0.31938678104825036,42,cuda,True,None,renyi,1,1,1,passthrough,SA_VSA_OGM,0.25,1.0,32768
811,1.4102558015084017,0.17984796512445475,42,cuda,True,None,renyi,1,3,1,passthrough,SA_VSA_OGM,0.25,1.0,32768
812,1.6017429888352297,0.30393777664692867,42,cuda,True,None,renyi,1,5,1,passthrough,SA_VSA_OGM,0.25,1.0,32768
813,1.0485510401219107,0.5345657172415532,42,cuda,True,None,renyi,3,1,1,passthrough,SA_VSA_OGM,0.25,1.0,32768
814,0.7903773783140896,0.3564661621125261,42,cuda,True,None,renyi,3,3,1,passthrough,SA_VSA_OGM,0.25,1.0,32768
815,0.9874247142853854,0.36506040044466176,42,cuda,True,None,renyi,3,5,1,passthrough,SA_VSA_OGM,0.25,1.0,32768
816,1.2441524005382558,0.5900752170511309,42,cuda,True,None,renyi,5,1,1,passthrough,SA_VSA_OGM,0.25,1.0,32768
817,0.7640323690224172,0.4786870595738628,42,cuda,True,None,renyi,5,3,1,passthrough,SA_VSA_OGM,0.25,1.0,32768
818,0.6909717524139377,0.5650128465967037,42,cuda,True,None,renyi,5,5,1,passthrough,SA_VSA_OGM,0.25,1.0,32768
819,0.4379980826643236,0.9031557925668414,42,cuda,True,None,renyi_squaring,1,1,1,passthrough,SA_VSA_OGM,0.25,1.0,32768
820,0.4665394133698586,0.9259774351106462,42,cuda,True,None,renyi_squaring,1,3,1,passthrough,SA_VSA_OGM,0.25,1.0,32768
821,0.46946780654626863,0.916791259996742,42,cuda,True,None,renyi_squaring,1,5,1,passthrough,SA_VSA_OGM,0.25,1.0,32768
822,0.4637965640764549,0.9403504142993068,42,cuda,True,None,renyi_squaring,3,1,1,passthrough,SA_VSA_OGM,0.25,1.0,32768
823,0.3445888781755889,0.9586756183640756,42,cuda,True,None,renyi_squaring,3,3,1,passthrough,SA_VSA_OGM,0.25,1.0,32768
824,0.31548815198470304,0.949829186410708,42,cuda,True,None,renyi_squaring,3,5,1,passthrough,SA_VSA_OGM,0.25,1.0,32768
825,0.575092931169424,0.9032656872448902,42,cuda,True,None,renyi_squaring,5,1,1,passthrough,SA_VSA_OGM,0.25,1.0,32768
826,0.3943746461018605,0.958376481403482,42,cuda,True,None,renyi_squaring,5,3,1,passthrough,SA_VSA_OGM,0.25,1.0,32768
827,0.37314601938223774,0.9534642560024558,42,cuda,True,None,renyi_squaring,5,5,1,passthrough,SA_VSA_OGM,0.25,1.0,32768
828,0.4349631232096122,0.8824499485842959,42,cuda,True,None,renyi_cubic,1,1,1,passthrough,SA_VSA_OGM,0.25,1.0,32768
829,0.3845456573896111,0.9108574922359682,42,cuda,True,None,renyi_cubic,1,3,1,passthrough,SA_VSA_OGM,0.25,1.0,32768
830,0.4250386843129162,0.9063525353471518,42,cuda,True,None,renyi_cubic,1,5,1,passthrough,SA_VSA_OGM,0.25,1.0,32768
831,0.452707713477915,0.90687505115352,42,cuda,True,None,renyi_cubic,3,1,1,passthrough,SA_VSA_OGM,0.25,1.0,32768
832,0.3428601477608206,0.9403921978381172,42,cuda,True,None,renyi_cubic,3,3,1,passthrough,SA_VSA_OGM,0.25,1.0,32768
833,0.36653238690235174,0.9150466015507156,42,cuda,True,None,renyi_cubic,3,5,1,passthrough,SA_VSA_OGM,0.25,1.0,32768
834,0.6091436531520114,0.8631252545171003,42,cuda,True,None,renyi_cubic,5,1,1,passthrough,SA_VSA_OGM,0.25,1.0,32768
835,0.4784955200784535,0.909515147414919,42,cuda,True,None,renyi_cubic,5,3,1,passthrough,SA_VSA_OGM,0.25,1.0,32768
836,0.4398703066312153,0.881789318878657,42,cuda,True,None,renyi_cubic,5,5,1,passthrough,SA_VSA_OGM,0.25,1.0,32768
837,0.7283850806420249,0.4488961035523745,42,cuda,True,None,renyi_normalize,1,1,1,passthrough,SA_VSA_OGM,0.25,1.0,32768
838,1.4242992764143296,0.2300527082737928,42,cuda,True,None,renyi_normalize,1,3,1,passthrough,SA_VSA_OGM,0.25,1.0,32768
839,1.9194145068032311,0.3742411536061331,42,cuda,True,None,renyi_normalize,1,5,1,passthrough,SA_VSA_OGM,0.25,1.0,32768
840,0.8521204926033288,0.5046240270307167,42,cuda,True,None,renyi_normalize,3,1,1,passthrough,SA_VSA_OGM,0.25,1.0,32768
841,0.877670385207207,0.4047423587389729,42,cuda,True,None,renyi_normalize,3,3,1,passthrough,SA_VSA_OGM,0.25,1.0,32768
842,1.2930494560338752,0.3694189449592301,42,cuda,True,None,renyi_normalize,3,5,1,passthrough,SA_VSA_OGM,0.25,1.0,32768
843,1.4371862721245794,0.7760839826762875,42,cuda,True,None,renyi_normalize,5,1,1,passthrough,SA_VSA_OGM,0.25,1.0,32768
844,0.7146581035694184,0.4818009763680779,42,cuda,True,None,renyi_normalize,5,3,1,passthrough,SA_VSA_OGM,0.25,1.0,32768
845,0.6604546128807837,0.7281977827825852,42,cuda,True,None,renyi_normalize,5,5,1,passthrough,SA_VSA_OGM,0.25,1.0,32768
846,0.5730373793647586,0.7912204006282777,42,cuda,True,None,renyi_normalize_squaring,1,1,1,passthrough,SA_VSA_OGM,0.25,1.0,32768
847,0.9476556674896708,0.9485090209477908,42,cuda,True,None,renyi_normalize_squaring,1,3,1,passthrough,SA_VSA_OGM,0.25,1.0,32768
848,1.119732423855492,0.9768671776744192,42,cuda,True,None,renyi_normalize_squaring,1,5,1,passthrough,SA_VSA_OGM,0.25,1.0,32768
849,0.6931767593767906,0.9240185785757123,42,cuda,True,None,renyi_normalize_squaring,3,1,1,passthrough,SA_VSA_OGM,0.25,1.0,32768
850,0.3751789575550774,0.9692252933664044,42,cuda,True,None,renyi_normalize_squaring,3,3,1,passthrough,SA_VSA_OGM,0.25,1.0,32768
851,0.3986989611194977,0.9728754816214092,42,cuda,True,None,renyi_normalize_squaring,3,5,1,passthrough,SA_VSA_OGM,0.25,1.0,32768
852,0.9888882400930308,0.8693057027956325,42,cuda,True,None,renyi_normalize_squaring,5,1,1,passthrough,SA_VSA_OGM,0.25,1.0,32768
853,0.41577518155449594,0.954467287590573,42,cuda,True,None,renyi_normalize_squaring,5,3,1,passthrough,SA_VSA_OGM,0.25,1.0,32768
854,0.31244273844418724,0.9736093992176512,42,cuda,True,None,renyi_normalize_squaring,5,5,1,passthrough,SA_VSA_OGM,0.25,1.0,32768
855,0.4274228977566666,0.904369421854282,42,cuda,True,None,renyi_normalize_cubic,1,1,1,passthrough,SA_VSA_OGM,0.25,1.0,32768
856,0.637603757233151,0.974732348688628,42,cuda,True,None,renyi_normalize_cubic,1,3,1,passthrough,SA_VSA_OGM,0.25,1.0,32768
857,0.7819128913872452,0.9766586588469298,42,cuda,True,None,renyi_normalize_cubic,1,5,1,passthrough,SA_VSA_OGM,0.25,1.0,32768
858,0.48634304469985457,0.9718860206988592,42,cuda,True,None,renyi_normalize_cubic,3,1,1,passthrough,SA_VSA_OGM,0.25,1.0,32768
859,0.24896372434993855,0.978416524342154,42,cuda,True,None,renyi_normalize_cubic,3,3,1,passthrough,SA_VSA_OGM,0.25,1.0,32768
860,0.2371068796008527,0.978825185342434,42,cuda,True,None,renyi_normalize_cubic,3,5,1,passthrough,SA_VSA_OGM,0.25,1.0,32768
861,0.6661933714246471,0.9124854676326376,42,cuda,True,None,renyi_normalize_cubic,5,1,1,passthrough,SA_VSA_OGM,0.25,1.0,32768
862,0.29755081767043384,0.9712873676287546,42,cuda,True,None,renyi_normalize_cubic,5,3,1,passthrough,SA_VSA_OGM,0.25,1.0,32768
863,0.2709113976334085,0.9702813711887536,42,cuda,True,None,renyi_normalize_cubic,5,5,1,passthrough,SA_VSA_OGM,0.25,1.0,32768
864,0.614580675317592,0.7152880220358857,42,cuda,True,None,renyi,1,1,1,passthrough,SA_VSA_OGM,0.25,0.1,16384
865,0.5858468941112693,0.8448651306889532,42,cuda,True,None,renyi,1,3,1,passthrough,SA_VSA_OGM,0.25,0.1,16384
866,0.5808807923739995,0.8604199850051218,42,cuda,True,None,renyi,1,5,1,passthrough,SA_VSA_OGM,0.25,0.1,16384
867,0.5690211814433356,0.8049282489493057,42,cuda,True,None,renyi,3,1,1,passthrough,SA_VSA_OGM,0.25,0.1,16384
868,0.4508109642475966,0.9404565484672142,42,cuda,True,None,renyi,3,3,1,passthrough,SA_VSA_OGM,0.25,0.1,16384
869,0.4494277483900379,0.9345574339187556,42,cuda,True,None,renyi,3,5,1,passthrough,SA_VSA_OGM,0.25,0.1,16384
870,0.5504032673650304,0.8176747994723444,42,cuda,True,None,renyi,5,1,1,passthrough,SA_VSA_OGM,0.25,0.1,16384
871,0.4997845822237375,0.891775792842759,42,cuda,True,None,renyi,5,3,1,passthrough,SA_VSA_OGM,0.25,0.1,16384
872,0.46479200993602304,0.9133020098703012,42,cuda,True,None,renyi,5,5,1,passthrough,SA_VSA_OGM,0.25,0.1,16384
873,14.170238105938026,0.60689689302013,42,cuda,True,None,renyi_squaring,1,1,1,passthrough,SA_VSA_OGM,0.25,0.1,16384
874,13.777029687861484,0.6080914770976938,42,cuda,True,None,renyi_squaring,1,3,1,passthrough,SA_VSA_OGM,0.25,0.1,16384
875,13.339577002614933,0.6195875935262326,42,cuda,True,None,renyi_squaring,1,5,1,passthrough,SA_VSA_OGM,0.25,0.1,16384
876,8.06885827133025,0.7141122421846778,42,cuda,True,None,renyi_squaring,3,1,1,passthrough,SA_VSA_OGM,0.25,0.1,16384
877,10.175783458086787,0.6676686939856388,42,cuda,True,None,renyi_squaring,3,3,1,passthrough,SA_VSA_OGM,0.25,0.1,16384
878,8.891181741029348,0.7003033821176448,42,cuda,True,None,renyi_squaring,3,5,1,passthrough,SA_VSA_OGM,0.25,0.1,16384
879,5.647943932897879,0.6946122192542549,42,cuda,True,None,renyi_squaring,5,1,1,passthrough,SA_VSA_OGM,0.25,0.1,16384
880,6.4277493460836945,0.6713554077272058,42,cuda,True,None,renyi_squaring,5,3,1,passthrough,SA_VSA_OGM,0.25,0.1,16384
881,1.0018339871226445,0.7607538340463199,42,cuda,True,None,renyi_squaring,5,5,1,passthrough,SA_VSA_OGM,0.25,0.1,16384
882,18.023362286759266,0.5,42,cuda,True,None,renyi_cubic,1,1,1,passthrough,SA_VSA_OGM,0.25,0.1,16384
883,18.02343821321366,0.5,42,cuda,True,None,renyi_cubic,1,3,1,passthrough,SA_VSA_OGM,0.25,0.1,16384
884,18.02339760439152,0.5,42,cuda,True,None,renyi_cubic,1,5,1,passthrough,SA_VSA_OGM,0.25,0.1,16384
885,18.02337645929637,0.5,42,cuda,True,None,renyi_cubic,3,1,1,passthrough,SA_VSA_OGM,0.25,0.1,16384
886,18.023413412536733,0.5,42,cuda,True,None,renyi_cubic,3,3,1,passthrough,SA_VSA_OGM,0.25,0.1,16384
887,18.023392297263705,0.5,42,cuda,True,None,renyi_cubic,3,5,1,passthrough,SA_VSA_OGM,0.25,0.1,16384
888,18.02340984286749,0.5,42,cuda,True,None,renyi_cubic,5,1,1,passthrough,SA_VSA_OGM,0.25,0.1,16384
889,18.023292354086436,0.5,42,cuda,True,None,renyi_cubic,5,3,1,passthrough,SA_VSA_OGM,0.25,0.1,16384
890,18.023290709126247,0.5,42,cuda,True,None,renyi_cubic,5,5,1,passthrough,SA_VSA_OGM,0.25,0.1,16384
891,0.7537442494436231,0.5432080487432974,42,cuda,True,None,renyi_normalize,1,1,1,passthrough,SA_VSA_OGM,0.25,0.1,16384
892,0.689936627970819,0.6781477146680177,42,cuda,True,None,renyi_normalize,1,3,1,passthrough,SA_VSA_OGM,0.25,0.1,16384
893,0.8502386979383436,0.7745668657025857,42,cuda,True,None,renyi_normalize,1,5,1,passthrough,SA_VSA_OGM,0.25,0.1,16384
894,0.8587757203636315,0.5557747306296714,42,cuda,True,None,renyi_normalize,3,1,1,passthrough,SA_VSA_OGM,0.25,0.1,16384
895,0.6620304533555456,0.6441433183653176,42,cuda,True,None,renyi_normalize,3,3,1,passthrough,SA_VSA_OGM,0.25,0.1,16384
896,0.6126798026498097,0.802253436079992,42,cuda,True,None,renyi_normalize,3,5,1,passthrough,SA_VSA_OGM,0.25,0.1,16384
897,0.7523428336620175,0.7166154107621574,42,cuda,True,None,renyi_normalize,5,1,1,passthrough,SA_VSA_OGM,0.25,0.1,16384
898,0.6268388984018657,0.7202809382211784,42,cuda,True,None,renyi_normalize,5,3,1,passthrough,SA_VSA_OGM,0.25,0.1,16384
899,0.584733337668366,0.8213055613341828,42,cuda,True,None,renyi_normalize,5,5,1,passthrough,SA_VSA_OGM,0.25,0.1,16384
900,0.5805809217876344,0.8101449887061676,42,cuda,True,None,renyi_normalize_squaring,1,1,1,passthrough,SA_VSA_OGM,0.25,0.1,16384
901,0.841250861796571,0.8054424419564017,42,cuda,True,None,renyi_normalize_squaring,1,3,1,passthrough,SA_VSA_OGM,0.25,0.1,16384
902,0.7624770802080131,0.9176401624923348,42,cuda,True,None,renyi_normalize_squaring,1,5,1,passthrough,SA_VSA_OGM,0.25,0.1,16384
903,0.577441893491245,0.7823177644933189,42,cuda,True,None,renyi_normalize_squaring,3,1,1,passthrough,SA_VSA_OGM,0.25,0.1,16384
904,0.7947729210141063,0.7976758267812549,42,cuda,True,None,renyi_normalize_squaring,3,3,1,passthrough,SA_VSA_OGM,0.25,0.1,16384
905,0.7575800230750672,0.8687561114602806,42,cuda,True,None,renyi_normalize_squaring,3,5,1,passthrough,SA_VSA_OGM,0.25,0.1,16384
906,0.5666352033605487,0.7999416742197298,42,cuda,True,None,renyi_normalize_squaring,5,1,1,passthrough,SA_VSA_OGM,0.25,0.1,16384
907,0.7281547105988396,0.8349999212575301,42,cuda,True,None,renyi_normalize_squaring,5,3,1,passthrough,SA_VSA_OGM,0.25,0.1,16384
908,0.6392866296530652,0.8443382864303701,42,cuda,True,None,renyi_normalize_squaring,5,5,1,passthrough,SA_VSA_OGM,0.25,0.1,16384
909,0.5174208542428399,0.8826986835526803,42,cuda,True,None,renyi_normalize_cubic,1,1,1,passthrough,SA_VSA_OGM,0.25,0.1,16384
910,0.5854065851239723,0.9053434675385704,42,cuda,True,None,renyi_normalize_cubic,1,3,1,passthrough,SA_VSA_OGM,0.25,0.1,16384
911,1.136058064772231,0.915990909902143,42,cuda,True,None,renyi_normalize_cubic,1,5,1,passthrough,SA_VSA_OGM,0.25,0.1,16384
912,0.5539219150937009,0.8262927931421976,42,cuda,True,None,renyi_normalize_cubic,3,1,1,passthrough,SA_VSA_OGM,0.25,0.1,16384
913,0.701079630571674,0.93809865035178,42,cuda,True,None,renyi_normalize_cubic,3,3,1,passthrough,SA_VSA_OGM,0.25,0.1,16384
914,0.8425333824466309,0.9048445725469392,42,cuda,True,None,renyi_normalize_cubic,3,5,1,passthrough,SA_VSA_OGM,0.25,0.1,16384
915,0.5038510001121868,0.8606542066849105,42,cuda,True,None,renyi_normalize_cubic,5,1,1,passthrough,SA_VSA_OGM,0.25,0.1,16384
916,0.47963371284398887,0.9063278956819616,42,cuda,True,None,renyi_normalize_cubic,5,3,1,passthrough,SA_VSA_OGM,0.25,0.1,16384
917,0.6099957642614895,0.9276848757713724,42,cuda,True,None,renyi_normalize_cubic,5,5,1,passthrough,SA_VSA_OGM,0.25,0.1,16384
918,0.5043762927575752,0.8777343130872104,42,cuda,True,None,renyi,1,1,1,passthrough,SA_VSA_OGM,0.25,0.2,16384
919,0.627103826059031,0.9260980321264544,42,cuda,True,None,renyi,1,3,1,passthrough,SA_VSA_OGM,0.25,0.2,16384
920,0.7111965430067692,0.9401976781438584,42,cuda,True,None,renyi,1,5,1,passthrough,SA_VSA_OGM,0.25,0.2,16384
921,0.5104896696766044,0.8899979841358214,42,cuda,True,None,renyi,3,1,1,passthrough,SA_VSA_OGM,0.25,0.2,16384
922,0.4051217908009609,0.9424344798035396,42,cuda,True,None,renyi,3,3,1,passthrough,SA_VSA_OGM,0.25,0.2,16384
923,0.4021733767922118,0.9538131285481142,42,cuda,True,None,renyi,3,5,1,passthrough,SA_VSA_OGM,0.25,0.2,16384
924,0.5027526174266682,0.8648768747266758,42,cuda,True,None,renyi,5,1,1,passthrough,SA_VSA_OGM,0.25,0.2,16384
925,0.4403538212325344,0.9335015149240564,42,cuda,True,None,renyi,5,3,1,passthrough,SA_VSA_OGM,0.25,0.2,16384
926,0.43680968420042937,0.9692506136533836,42,cuda,True,None,renyi,5,5,1,passthrough,SA_VSA_OGM,0.25,0.2,16384
927,0.515051761096922,0.8626396404822263,42,cuda,True,None,renyi_squaring,1,1,1,passthrough,SA_VSA_OGM,0.25,0.2,16384
928,0.4666544158403171,0.8920758492378323,42,cuda,True,None,renyi_squaring,1,3,1,passthrough,SA_VSA_OGM,0.25,0.2,16384
929,0.5196955616187983,0.8977934193688898,42,cuda,True,None,renyi_squaring,1,5,1,passthrough,SA_VSA_OGM,0.25,0.2,16384
930,0.5480418643534973,0.8812117427113183,42,cuda,True,None,renyi_squaring,3,1,1,passthrough,SA_VSA_OGM,0.25,0.2,16384
931,0.482287794338725,0.8833573784477493,42,cuda,True,None,renyi_squaring,3,3,1,passthrough,SA_VSA_OGM,0.25,0.2,16384
932,0.41511604328793145,0.8891030211520212,42,cuda,True,None,renyi_squaring,3,5,1,passthrough,SA_VSA_OGM,0.25,0.2,16384
933,0.8205271258368408,0.819228774919267,42,cuda,True,None,renyi_squaring,5,1,1,passthrough,SA_VSA_OGM,0.25,0.2,16384
934,0.606025580064325,0.8194815337688789,42,cuda,True,None,renyi_squaring,5,3,1,passthrough,SA_VSA_OGM,0.25,0.2,16384
935,0.5852741673615386,0.8447806922204032,42,cuda,True,None,renyi_squaring,5,5,1,passthrough,SA_VSA_OGM,0.25,0.2,16384
936,18.02345696601847,0.5,42,cuda,True,None,renyi_cubic,1,1,1,passthrough,SA_VSA_OGM,0.25,0.2,16384
937,18.02340033360389,0.5,42,cuda,True,None,renyi_cubic,1,3,1,passthrough,SA_VSA_OGM,0.25,0.2,16384
938,18.023343821812137,0.5,42,cuda,True,None,renyi_cubic,1,5,1,passthrough,SA_VSA_OGM,0.25,0.2,16384
939,18.02337872623946,0.5,42,cuda,True,None,renyi_cubic,3,1,1,passthrough,SA_VSA_OGM,0.25,0.2,16384
940,18.02346827585761,0.5,42,cuda,True,None,renyi_cubic,3,3,1,passthrough,SA_VSA_OGM,0.25,0.2,16384
941,18.023430092343553,0.5,42,cuda,True,None,renyi_cubic,3,5,1,passthrough,SA_VSA_OGM,0.25,0.2,16384
942,18.02324638095172,0.5,42,cuda,True,None,renyi_cubic,5,1,1,passthrough,SA_VSA_OGM,0.25,0.2,16384
943,18.023208513393108,0.5,42,cuda,True,None,renyi_cubic,5,3,1,passthrough,SA_VSA_OGM,0.25,0.2,16384
944,16.342860779847946,0.5209267994308625,42,cuda,True,None,renyi_cubic,5,5,1,passthrough,SA_VSA_OGM,0.25,0.2,16384
945,0.6761977145044846,0.5933192350109546,42,cuda,True,None,renyi_normalize,1,1,1,passthrough,SA_VSA_OGM,0.25,0.2,16384
946,0.8014209981364457,0.6422325347689715,42,cuda,True,None,renyi_normalize,1,3,1,passthrough,SA_VSA_OGM,0.25,0.2,16384
947,0.8976812033480367,0.8191817980522476,42,cuda,True,None,renyi_normalize,1,5,1,passthrough,SA_VSA_OGM,0.25,0.2,16384
948,0.7132965339952533,0.8340933735726118,42,cuda,True,None,renyi_normalize,3,1,1,passthrough,SA_VSA_OGM,0.25,0.2,16384
949,0.605653552932899,0.7549762639340521,42,cuda,True,None,renyi_normalize,3,3,1,passthrough,SA_VSA_OGM,0.25,0.2,16384
950,0.5934345255605037,0.9050922093039212,42,cuda,True,None,renyi_normalize,3,5,1,passthrough,SA_VSA_OGM,0.25,0.2,16384
951,0.6389940871626449,0.8201699732246718,42,cuda,True,None,renyi_normalize,5,1,1,passthrough,SA_VSA_OGM,0.25,0.2,16384
952,0.572965508856104,0.819317639902467,42,cuda,True,None,renyi_normalize,5,3,1,passthrough,SA_VSA_OGM,0.25,0.2,16384
953,0.5996636886118996,0.8752587441143151,42,cuda,True,None,renyi_normalize,5,5,1,passthrough,SA_VSA_OGM,0.25,0.2,16384
954,0.39921115016358966,0.9576527005838468,42,cuda,True,None,renyi_normalize_squaring,1,1,1,passthrough,SA_VSA_OGM,0.25,0.2,16384
955,0.7798903299228316,0.9616513885273428,42,cuda,True,None,renyi_normalize_squaring,1,3,1,passthrough,SA_VSA_OGM,0.25,0.2,16384
956,0.9420128514429758,0.9722836180582288,42,cuda,True,None,renyi_normalize_squaring,1,5,1,passthrough,SA_VSA_OGM,0.25,0.2,16384
957,0.3634839287827479,0.9482040872091464,42,cuda,True,None,renyi_normalize_squaring,3,1,1,passthrough,SA_VSA_OGM,0.25,0.2,16384
958,0.4259631104489781,0.9630761830075976,42,cuda,True,None,renyi_normalize_squaring,3,3,1,passthrough,SA_VSA_OGM,0.25,0.2,16384
959,0.485358644684669,0.9537752418994996,42,cuda,True,None,renyi_normalize_squaring,3,5,1,passthrough,SA_VSA_OGM,0.25,0.2,16384
960,0.45207901490218144,0.9027349997176726,42,cuda,True,None,renyi_normalize_squaring,5,1,1,passthrough,SA_VSA_OGM,0.25,0.2,16384
961,0.5694407294926552,0.9414016303687728,42,cuda,True,None,renyi_normalize_squaring,5,3,1,passthrough,SA_VSA_OGM,0.25,0.2,16384
962,0.7283060450675506,0.9255884445296904,42,cuda,True,None,renyi_normalize_squaring,5,5,1,passthrough,SA_VSA_OGM,0.25,0.2,16384
963,0.32326962383241975,0.9596237171559424,42,cuda,True,None,renyi_normalize_cubic,1,1,1,passthrough,SA_VSA_OGM,0.25,0.2,16384
964,0.49677298778091455,0.9701673957922052,42,cuda,True,None,renyi_normalize_cubic,1,3,1,passthrough,SA_VSA_OGM,0.25,0.2,16384
965,0.4487838109439214,0.964436831819616,42,cuda,True,None,renyi_normalize_cubic,1,5,1,passthrough,SA_VSA_OGM,0.25,0.2,16384
966,0.2774611372369254,0.9676198052141473,42,cuda,True,None,renyi_normalize_cubic,3,1,1,passthrough,SA_VSA_OGM,0.25,0.2,16384
967,0.44604386499629073,0.9624990481024188,42,cuda,True,None,renyi_normalize_cubic,3,3,1,passthrough,SA_VSA_OGM,0.25,0.2,16384
968,0.4138757753625404,0.9495092594502692,42,cuda,True,None,renyi_normalize_cubic,3,5,1,passthrough,SA_VSA_OGM,0.25,0.2,16384
969,0.3712042891394205,0.9406072470422449,42,cuda,True,None,renyi_normalize_cubic,5,1,1,passthrough,SA_VSA_OGM,0.25,0.2,16384
970,0.6494810205417317,0.9664322626532074,42,cuda,True,None,renyi_normalize_cubic,5,3,1,passthrough,SA_VSA_OGM,0.25,0.2,16384
971,0.5036713437792714,0.9614733949815892,42,cuda,True,None,renyi_normalize_cubic,5,5,1,passthrough,SA_VSA_OGM,0.25,0.2,16384
972,0.7143942318957572,0.5890743201470708,42,cuda,True,None,renyi,1,1,1,passthrough,SA_VSA_OGM,0.25,0.5,16384
973,0.8775865670081744,0.674062232077479,42,cuda,True,None,renyi,1,3,1,passthrough,SA_VSA_OGM,0.25,0.5,16384
974,1.0109712222348537,0.6613403113579217,42,cuda,True,None,renyi,1,5,1,passthrough,SA_VSA_OGM,0.25,0.5,16384
975,0.7323766221182618,0.8537550315721318,42,cuda,True,None,renyi,3,1,1,passthrough,SA_VSA_OGM,0.25,0.5,16384
976,0.5443390222491271,0.8380314811738975,42,cuda,True,None,renyi,3,3,1,passthrough,SA_VSA_OGM,0.25,0.5,16384
977,0.4995346557369113,0.9357265392321776,42,cuda,True,None,renyi,3,5,1,passthrough,SA_VSA_OGM,0.25,0.5,16384
978,0.8687517374735485,0.7554432163872271,42,cuda,True,None,renyi,5,1,1,passthrough,SA_VSA_OGM,0.25,0.5,16384
979,0.6237440190089343,0.7673700953542191,42,cuda,True,None,renyi,5,3,1,passthrough,SA_VSA_OGM,0.25,0.5,16384
980,0.5027412901821969,0.9286329979422008,42,cuda,True,None,renyi,5,5,1,passthrough,SA_VSA_OGM,0.25,0.5,16384
981,0.3881398534580278,0.9632219839414936,42,cuda,True,None,renyi_squaring,1,1,1,passthrough,SA_VSA_OGM,0.25,0.5,16384
982,0.3264318380058023,0.950460985953728,42,cuda,True,None,renyi_squaring,1,3,1,passthrough,SA_VSA_OGM,0.25,0.5,16384
983,0.29763343409165055,0.9510207178825404,42,cuda,True,None,renyi_squaring,1,5,1,passthrough,SA_VSA_OGM,0.25,0.5,16384
984,0.3951110586570579,0.9587942498916248,42,cuda,True,None,renyi_squaring,3,1,1,passthrough,SA_VSA_OGM,0.25,0.5,16384
985,0.3361700627716582,0.950829290186988,42,cuda,True,None,renyi_squaring,3,3,1,passthrough,SA_VSA_OGM,0.25,0.5,16384
986,0.3436897523833733,0.9348885336660274,42,cuda,True,None,renyi_squaring,3,5,1,passthrough,SA_VSA_OGM,0.25,0.5,16384
987,0.4768191985155916,0.9159278722112332,42,cuda,True,None,renyi_squaring,5,1,1,passthrough,SA_VSA_OGM,0.25,0.5,16384
988,0.4047112765063548,0.9387518394281466,42,cuda,True,None,renyi_squaring,5,3,1,passthrough,SA_VSA_OGM,0.25,0.5,16384
989,0.4081320998559284,0.9244705606833722,42,cuda,True,None,renyi_squaring,5,5,1,passthrough,SA_VSA_OGM,0.25,0.5,16384
990,12.053391989964384,0.648771904013292,42,cuda,True,None,renyi_cubic,1,1,1,passthrough,SA_VSA_OGM,0.25,0.5,16384
991,14.269885441140897,0.5958975498747447,42,cuda,True,None,renyi_cubic,1,3,1,passthrough,SA_VSA_OGM,0.25,0.5,16384
992,11.189463953238011,0.6771383873341431,42,cuda,True,None,renyi_cubic,1,5,1,passthrough,SA_VSA_OGM,0.25,0.5,16384
993,8.871129381711727,0.6885789514485483,42,cuda,True,None,renyi_cubic,3,1,1,passthrough,SA_VSA_OGM,0.25,0.5,16384
994,8.442619322257432,0.6945425425285731,42,cuda,True,None,renyi_cubic,3,3,1,passthrough,SA_VSA_OGM,0.25,0.5,16384
995,7.370344297485082,0.7240590947853045,42,cuda,True,None,renyi_cubic,3,5,1,passthrough,SA_VSA_OGM,0.25,0.5,16384
996,4.967294778692969,0.7099738856793966,42,cuda,True,None,renyi_cubic,5,1,1,passthrough,SA_VSA_OGM,0.25,0.5,16384
997,5.078461644266772,0.7038522932853908,42,cuda,True,None,renyi_cubic,5,3,1,passthrough,SA_VSA_OGM,0.25,0.5,16384
998,4.983753132657661,0.7071902519134281,42,cuda,True,None,renyi_cubic,5,5,1,passthrough,SA_VSA_OGM,0.25,0.5,16384
999,0.670090138702229,0.5838801667651458,42,cuda,True,None,renyi_normalize,1,1,1,passthrough,SA_VSA_OGM,0.25,0.5,16384
1000,1.0040851721572015,0.4922977327033819,42,cuda,True,None,renyi_normalize,1,3,1,passthrough,SA_VSA_OGM,0.25,0.5,16384
1001,1.318210606770155,0.5358311200734374,42,cuda,True,None,renyi_normalize,1,5,1,passthrough,SA_VSA_OGM,0.25,0.5,16384
1002,0.7668403980197962,0.7480977536794358,42,cuda,True,None,renyi_normalize,3,1,1,passthrough,SA_VSA_OGM,0.25,0.5,16384
1003,0.6691673662145283,0.7266754490285602,42,cuda,True,None,renyi_normalize,3,3,1,passthrough,SA_VSA_OGM,0.25,0.5,16384
1004,0.7394215521433191,0.8287650808790041,42,cuda,True,None,renyi_normalize,3,5,1,passthrough,SA_VSA_OGM,0.25,0.5,16384
1005,1.0332274941380828,0.7562261699360496,42,cuda,True,None,renyi_normalize,5,1,1,passthrough,SA_VSA_OGM,0.25,0.5,16384
1006,0.6433052392613438,0.7060237230230704,42,cuda,True,None,renyi_normalize,5,3,1,passthrough,SA_VSA_OGM,0.25,0.5,16384
1007,0.5462833050324175,0.9007115196681631,42,cuda,True,None,renyi_normalize,5,5,1,passthrough,SA_VSA_OGM,0.25,0.5,16384
1008,0.4749247514292627,0.9171904400455366,42,cuda,True,None,renyi_normalize_squaring,1,1,1,passthrough,SA_VSA_OGM,0.25,0.5,16384
1009,0.7678382402924813,0.9750866526066978,42,cuda,True,None,renyi_normalize_squaring,1,3,1,passthrough,SA_VSA_OGM,0.25,0.5,16384
1010,0.9971880815078664,0.9728393760241524,42,cuda,True,None,renyi_normalize_squaring,1,5,1,passthrough,SA_VSA_OGM,0.25,0.5,16384
1011,0.5405883399968717,0.9460510512696502,42,cuda,True,None,renyi_normalize_squaring,3,1,1,passthrough,SA_VSA_OGM,0.25,0.5,16384
1012,0.29646906496553954,0.9701584879987464,42,cuda,True,None,renyi_normalize_squaring,3,3,1,passthrough,SA_VSA_OGM,0.25,0.5,16384
1013,0.3566587411848232,0.9687504123694036,42,cuda,True,None,renyi_normalize_squaring,3,5,1,passthrough,SA_VSA_OGM,0.25,0.5,16384
1014,0.5898329953911604,0.9106398447134784,42,cuda,True,None,renyi_normalize_squaring,5,1,1,passthrough,SA_VSA_OGM,0.25,0.5,16384
1015,0.3229495921627112,0.9705356732070036,42,cuda,True,None,renyi_normalize_squaring,5,3,1,passthrough,SA_VSA_OGM,0.25,0.5,16384
1016,0.32172892780646706,0.9761309747575218,42,cuda,True,None,renyi_normalize_squaring,5,5,1,passthrough,SA_VSA_OGM,0.25,0.5,16384
1017,0.2804151461859596,0.9663114733846246,42,cuda,True,None,renyi_normalize_cubic,1,1,1,passthrough,SA_VSA_OGM,0.25,0.5,16384
1018,0.43083652694974817,0.9807200932741048,42,cuda,True,None,renyi_normalize_cubic,1,3,1,passthrough,SA_VSA_OGM,0.25,0.5,16384
1019,0.5302129548725761,0.9753364428482338,42,cuda,True,None,renyi_normalize_cubic,1,5,1,passthrough,SA_VSA_OGM,0.25,0.5,16384
1020,0.28123914578918413,0.96682782058324,42,cuda,True,None,renyi_normalize_cubic,3,1,1,passthrough,SA_VSA_OGM,0.25,0.5,16384
1021,0.25210553871231556,0.9745059457609914,42,cuda,True,None,renyi_normalize_cubic,3,3,1,passthrough,SA_VSA_OGM,0.25,0.5,16384
1022,0.27931051382401684,0.9691870555683666,42,cuda,True,None,renyi_normalize_cubic,3,5,1,passthrough,SA_VSA_OGM,0.25,0.5,16384
1023,0.37137006931172034,0.949558058711518,42,cuda,True,None,renyi_normalize_cubic,5,1,1,passthrough,SA_VSA_OGM,0.25,0.5,16384
1024,0.32514343917380434,0.9794086131379448,42,cuda,True,None,renyi_normalize_cubic,5,3,1,passthrough,SA_VSA_OGM,0.25,0.5,16384
1025,0.40660961249126903,0.9744156319334464,42,cuda,True,None,renyi_normalize_cubic,5,5,1,passthrough,SA_VSA_OGM,0.25,0.5,16384
1026,0.803204443571139,0.35662489845229417,42,cuda,True,None,renyi,1,1,1,passthrough,SA_VSA_OGM,0.25,1.0,16384
1027,1.532737130030697,0.17201296144955452,42,cuda,True,None,renyi,1,3,1,passthrough,SA_VSA_OGM,0.25,1.0,16384
1028,1.5670100442337245,0.24434072443989707,42,cuda,True,None,renyi,1,5,1,passthrough,SA_VSA_OGM,0.25,1.0,16384
1029,0.9329147572770108,0.49725576038865826,42,cuda,True,None,renyi,3,1,1,passthrough,SA_VSA_OGM,0.25,1.0,16384
1030,0.8448116092307841,0.2775551798109283,42,cuda,True,None,renyi,3,3,1,passthrough,SA_VSA_OGM,0.25,1.0,16384
1031,0.8463315934574973,0.4296684839794829,42,cuda,True,None,renyi,3,5,1,passthrough,SA_VSA_OGM,0.25,1.0,16384
1032,1.0409192581085969,0.6340598778474851,42,cuda,True,None,renyi,5,1,1,passthrough,SA_VSA_OGM,0.25,1.0,16384
1033,0.8320074735814785,0.3812477268098115,42,cuda,True,None,renyi,5,3,1,passthrough,SA_VSA_OGM,0.25,1.0,16384
1034,0.7240593397005022,0.5119739859276118,42,cuda,True,None,renyi,5,5,1,passthrough,SA_VSA_OGM,0.25,1.0,16384
1035,0.4289052981700435,0.9017189028089424,42,cuda,True,None,renyi_squaring,1,1,1,passthrough,SA_VSA_OGM,0.25,1.0,16384
1036,0.5055159412527765,0.9235895520608624,42,cuda,True,None,renyi_squaring,1,3,1,passthrough,SA_VSA_OGM,0.25,1.0,16384
1037,0.4996401162670899,0.90862007934728,42,cuda,True,None,renyi_squaring,1,5,1,passthrough,SA_VSA_OGM,0.25,1.0,16384
1038,0.4704750187677998,0.95065171920173,42,cuda,True,None,renyi_squaring,3,1,1,passthrough,SA_VSA_OGM,0.25,1.0,16384
1039,0.32812008936653214,0.970919930089464,42,cuda,True,None,renyi_squaring,3,3,1,passthrough,SA_VSA_OGM,0.25,1.0,16384
1040,0.3252171803493212,0.944233392939914,42,cuda,True,None,renyi_squaring,3,5,1,passthrough,SA_VSA_OGM,0.25,1.0,16384
1041,0.5643277738859265,0.9039599650518289,42,cuda,True,None,renyi_squaring,5,1,1,passthrough,SA_VSA_OGM,0.25,1.0,16384
1042,0.3811756552559689,0.9598758966064498,42,cuda,True,None,renyi_squaring,5,3,1,passthrough,SA_VSA_OGM,0.25,1.0,16384
1043,0.3724555272529026,0.9457888718876788,42,cuda,True,None,renyi_squaring,5,5,1,passthrough,SA_VSA_OGM,0.25,1.0,16384
1044,0.4128724935438011,0.9044086936101834,42,cuda,True,None,renyi_cubic,1,1,1,passthrough,SA_VSA_OGM,0.25,1.0,16384
1045,0.3670213129559241,0.9249878382789004,42,cuda,True,None,renyi_cubic,1,3,1,passthrough,SA_VSA_OGM,0.25,1.0,16384
1046,0.4477140666407584,0.8906728438960234,42,cuda,True,None,renyi_cubic,1,5,1,passthrough,SA_VSA_OGM,0.25,1.0,16384
1047,0.4830311061301981,0.9020465763718905,42,cuda,True,None,renyi_cubic,3,1,1,passthrough,SA_VSA_OGM,0.25,1.0,16384
1048,0.3963272407291622,0.9100991798767244,42,cuda,True,None,renyi_cubic,3,3,1,passthrough,SA_VSA_OGM,0.25,1.0,16384
1049,0.35633961959423244,0.9198188491340386,42,cuda,True,None,renyi_cubic,3,5,1,passthrough,SA_VSA_OGM,0.25,1.0,16384
1050,0.5844409627460894,0.8742309297113027,42,cuda,True,None,renyi_cubic,5,1,1,passthrough,SA_VSA_OGM,0.25,1.0,16384
1051,0.41825680302496304,0.916725600247602,42,cuda,True,None,renyi_cubic,5,3,1,passthrough,SA_VSA_OGM,0.25,1.0,16384
1052,0.4985418792138622,0.8562038366672207,42,cuda,True,None,renyi_cubic,5,5,1,passthrough,SA_VSA_OGM,0.25,1.0,16384
1053,0.7495420679774073,0.4174652917296024,42,cuda,True,None,renyi_normalize,1,1,1,passthrough,SA_VSA_OGM,0.25,1.0,16384
1054,1.3179375652607623,0.26301385020081575,42,cuda,True,None,renyi_normalize,1,3,1,passthrough,SA_VSA_OGM,0.25,1.0,16384
1055,1.4530682592700177,0.33250663518802226,42,cuda,True,None,renyi_normalize,1,5,1,passthrough,SA_VSA_OGM,0.25,1.0,16384
1056,0.96056993478831,0.5543114105349662,42,cuda,True,None,renyi_normalize,3,1,1,passthrough,SA_VSA_OGM,0.25,1.0,16384
1057,0.859915863753414,0.3917999409355315,42,cuda,True,None,renyi_normalize,3,3,1,passthrough,SA_VSA_OGM,0.25,1.0,16384
1058,1.0148942722420202,0.3820736715297731,42,cuda,True,None,renyi_normalize,3,5,1,passthrough,SA_VSA_OGM,0.25,1.0,16384
1059,1.044057122126769,0.6499140004243029,42,cuda,True,None,renyi_normalize,5,1,1,passthrough,SA_VSA_OGM,0.25,1.0,16384
1060,0.7825499857574731,0.5242576330690352,42,cuda,True,None,renyi_normalize,5,3,1,passthrough,SA_VSA_OGM,0.25,1.0,16384
1061,0.6525339642073081,0.6608856147542737,42,cuda,True,None,renyi_normalize,5,5,1,passthrough,SA_VSA_OGM,0.25,1.0,16384
1062,0.5855649561102679,0.7403418526059273,42,cuda,True,None,renyi_normalize_squaring,1,1,1,passthrough,SA_VSA_OGM,0.25,1.0,16384
1063,0.992080479188656,0.919571397167058,42,cuda,True,None,renyi_normalize_squaring,1,3,1,passthrough,SA_VSA_OGM,0.25,1.0,16384
1064,1.1837308332603862,0.969998670919754,42,cuda,True,None,renyi_normalize_squaring,1,5,1,passthrough,SA_VSA_OGM,0.25,1.0,16384
1065,0.7332428715452025,0.9065050917476756,42,cuda,True,None,renyi_normalize_squaring,3,1,1,passthrough,SA_VSA_OGM,0.25,1.0,16384
1066,0.3890888506540483,0.967683660447424,42,cuda,True,None,renyi_normalize_squaring,3,3,1,passthrough,SA_VSA_OGM,0.25,1.0,16384
1067,0.3940790853659336,0.9729016539183972,42,cuda,True,None,renyi_normalize_squaring,3,5,1,passthrough,SA_VSA_OGM,0.25,1.0,16384
1068,0.9799414582095476,0.8869174384883822,42,cuda,True,None,renyi_normalize_squaring,5,1,1,passthrough,SA_VSA_OGM,0.25,1.0,16384
1069,0.4252008387628406,0.9629378080066108,42,cuda,True,None,renyi_normalize_squaring,5,3,1,passthrough,SA_VSA_OGM,0.25,1.0,16384
1070,0.36839079898343546,0.9598986782127036,42,cuda,True,None,renyi_normalize_squaring,5,5,1,passthrough,SA_VSA_OGM,0.25,1.0,16384
1071,0.4229542914515883,0.9120466161087596,42,cuda,True,None,renyi_normalize_cubic,1,1,1,passthrough,SA_VSA_OGM,0.25,1.0,16384
1072,0.6515807027919692,0.9756902014904464,42,cuda,True,None,renyi_normalize_cubic,1,3,1,passthrough,SA_VSA_OGM,0.25,1.0,16384
1073,0.8282595967185471,0.9733977187168548,42,cuda,True,None,renyi_normalize_cubic,1,5,1,passthrough,SA_VSA_OGM,0.25,1.0,16384
1074,0.4835397471938032,0.9583117398844456,42,cuda,True,None,renyi_normalize_cubic,3,1,1,passthrough,SA_VSA_OGM,0.25,1.0,16384
1075,0.2503196159782807,0.9772240494065748,42,cuda,True,None,renyi_normalize_cubic,3,3,1,passthrough,SA_VSA_OGM,0.25,1.0,16384
1076,0.23262066739805867,0.9780723410519384,42,cuda,True,None,renyi_normalize_cubic,3,5,1,passthrough,SA_VSA_OGM,0.25,1.0,16384
1077,0.6598148834058726,0.8941883755470343,42,cuda,True,None,renyi_normalize_cubic,5,1,1,passthrough,SA_VSA_OGM,0.25,1.0,16384
1078,0.30476140170582955,0.9674640676791156,42,cuda,True,None,renyi_normalize_cubic,5,3,1,passthrough,SA_VSA_OGM,0.25,1.0,16384
1079,0.27072812629637116,0.974446745187984,42,cuda,True,None,renyi_normalize_cubic,5,5,1,passthrough,SA_VSA_OGM,0.25,1.0,16384
1080,0.6320700219121802,0.7090236805454914,42,cuda,True,None,renyi,1,1,1,passthrough,SA_VSA_OGM,0.25,0.1,8192
1081,0.613643570855598,0.7617687656375722,42,cuda,True,None,renyi,1,3,1,passthrough,SA_VSA_OGM,0.25,0.1,8192
1082,0.5733360938816745,0.8353631955358437,42,cuda,True,None,renyi,1,5,1,passthrough,SA_VSA_OGM,0.25,0.1,8192
1083,0.6191880971898722,0.7899175501547636,42,cuda,True,None,renyi,3,1,1,passthrough,SA_VSA_OGM,0.25,0.1,8192
1084,0.5183408722458037,0.9010662669661128,42,cuda,True,None,renyi,3,3,1,passthrough,SA_VSA_OGM,0.25,0.1,8192
1085,0.5253494250553822,0.870333692823226,42,cuda,True,None,renyi,3,5,1,passthrough,SA_VSA_OGM,0.25,0.1,8192
1086,0.6289412092702613,0.716218549445727,42,cuda,True,None,renyi,5,1,1,passthrough,SA_VSA_OGM,0.25,0.1,8192
1087,0.5992822875326259,0.8487550406871993,42,cuda,True,None,renyi,5,3,1,passthrough,SA_VSA_OGM,0.25,0.1,8192
1088,0.5068379297791721,0.8898665628850203,42,cuda,True,None,renyi,5,5,1,passthrough,SA_VSA_OGM,0.25,0.1,8192
1089,12.732259158461748,0.6467767720629682,42,cuda,True,None,renyi_squaring,1,1,1,passthrough,SA_VSA_OGM,0.25,0.1,8192
1090,14.657060168931428,0.5933807546025396,42,cuda,True,None,renyi_squaring,1,3,1,passthrough,SA_VSA_OGM,0.25,0.1,8192
1091,13.721342539146471,0.6089010792027982,42,cuda,True,None,renyi_squaring,1,5,1,passthrough,SA_VSA_OGM,0.25,0.1,8192
1092,9.82826391543033,0.6767113709294754,42,cuda,True,None,renyi_squaring,3,1,1,passthrough,SA_VSA_OGM,0.25,0.1,8192
1093,0.7222407597610467,0.7074228550915729,42,cuda,True,None,renyi_squaring,3,3,1,passthrough,SA_VSA_OGM,0.25,0.1,8192
1094,9.152435473794798,0.6953419024281023,42,cuda,True,None,renyi_squaring,3,5,1,passthrough,SA_VSA_OGM,0.25,0.1,8192
1095,3.5800669186175376,0.7278719771274653,42,cuda,True,None,renyi_squaring,5,1,1,passthrough,SA_VSA_OGM,0.25,0.1,8192
1096,0.7237971283474108,0.718398406037919,42,cuda,True,None,renyi_squaring,5,3,1,passthrough,SA_VSA_OGM,0.25,0.1,8192
1097,3.7340614798529175,0.732554137374532,42,cuda,True,None,renyi_squaring,5,5,1,passthrough,SA_VSA_OGM,0.25,0.1,8192
1098,18.023216653028022,0.5,42,cuda,True,None,renyi_cubic,1,1,1,passthrough,SA_VSA_OGM,0.25,0.1,8192
1099,18.023137372863637,0.5,42,cuda,True,None,renyi_cubic,1,3,1,passthrough,SA_VSA_OGM,0.25,0.1,8192
1100,18.023214128126178,0.5,42,cuda,True,None,renyi_cubic,1,5,1,passthrough,SA_VSA_OGM,0.25,0.1,8192
1101,18.023150569132113,0.5,42,cuda,True,None,renyi_cubic,3,1,1,passthrough,SA_VSA_OGM,0.25,0.1,8192
1102,18.023118247134366,0.5,42,cuda,True,None,renyi_cubic,3,3,1,passthrough,SA_VSA_OGM,0.25,0.1,8192
1103,18.0231326240292,0.5,42,cuda,True,None,renyi_cubic,3,5,1,passthrough,SA_VSA_OGM,0.25,0.1,8192
1104,18.023053778642936,0.5,42,cuda,True,None,renyi_cubic,5,1,1,passthrough,SA_VSA_OGM,0.25,0.1,8192
1105,18.02300611316599,0.5,42,cuda,True,None,renyi_cubic,5,3,1,passthrough,SA_VSA_OGM,0.25,0.1,8192
1106,18.022989543099975,0.5,42,cuda,True,None,renyi_cubic,5,5,1,passthrough,SA_VSA_OGM,0.25,0.1,8192
1107,0.686585564517237,0.5363262733414429,42,cuda,True,None,renyi_normalize,1,1,1,passthrough,SA_VSA_OGM,0.25,0.1,8192
1108,0.7267521713079785,0.6726542156359568,42,cuda,True,None,renyi_normalize,1,3,1,passthrough,SA_VSA_OGM,0.25,0.1,8192
1109,0.7356564936813966,0.6647506384822518,42,cuda,True,None,renyi_normalize,1,5,1,passthrough,SA_VSA_OGM,0.25,0.1,8192
1110,0.8053800695576528,0.5973487818659389,42,cuda,True,None,renyi_normalize,3,1,1,passthrough,SA_VSA_OGM,0.25,0.1,8192
1111,0.6404156461476007,0.6553303706829137,42,cuda,True,None,renyi_normalize,3,3,1,passthrough,SA_VSA_OGM,0.25,0.1,8192
1112,0.7122583732581403,0.6385507796539813,42,cuda,True,None,renyi_normalize,3,5,1,passthrough,SA_VSA_OGM,0.25,0.1,8192
1113,0.8005345923689682,0.5798363003172177,42,cuda,True,None,renyi_normalize,5,1,1,passthrough,SA_VSA_OGM,0.25,0.1,8192
1114,0.7012420643645104,0.7017710009149273,42,cuda,True,None,renyi_normalize,5,3,1,passthrough,SA_VSA_OGM,0.25,0.1,8192
1115,0.6631476685155999,0.6703539175080904,42,cuda,True,None,renyi_normalize,5,5,1,passthrough,SA_VSA_OGM,0.25,0.1,8192
1116,0.6138570245130728,0.7217568483488035,42,cuda,True,None,renyi_normalize_squaring,1,1,1,passthrough,SA_VSA_OGM,0.25,0.1,8192
1117,0.8270406373170632,0.8226540690873793,42,cuda,True,None,renyi_normalize_squaring,1,3,1,passthrough,SA_VSA_OGM,0.25,0.1,8192
1118,0.9350397719752028,0.751610828926403,42,cuda,True,None,renyi_normalize_squaring,1,5,1,passthrough,SA_VSA_OGM,0.25,0.1,8192
1119,0.7089437688616991,0.6657471240584798,42,cuda,True,None,renyi_normalize_squaring,3,1,1,passthrough,SA_VSA_OGM,0.25,0.1,8192
1120,0.7345333761874316,0.8530144840296477,42,cuda,True,None,renyi_normalize_squaring,3,3,1,passthrough,SA_VSA_OGM,0.25,0.1,8192
1121,0.7034162750090353,0.8256156660210825,42,cuda,True,None,renyi_normalize_squaring,3,5,1,passthrough,SA_VSA_OGM,0.25,0.1,8192
1122,0.7097126774822798,0.620507335765433,42,cuda,True,None,renyi_normalize_squaring,5,1,1,passthrough,SA_VSA_OGM,0.25,0.1,8192
1123,0.6858604875859944,0.8238644676540942,42,cuda,True,None,renyi_normalize_squaring,5,3,1,passthrough,SA_VSA_OGM,0.25,0.1,8192
1124,0.5881352542292327,0.8064805913385167,42,cuda,True,None,renyi_normalize_squaring,5,5,1,passthrough,SA_VSA_OGM,0.25,0.1,8192
1125,2.099130377268383,0.7430588268131456,42,cuda,True,None,renyi_normalize_cubic,1,1,1,passthrough,SA_VSA_OGM,0.25,0.1,8192
1126,0.8290591238815835,0.8040955296143296,42,cuda,True,None,renyi_normalize_cubic,1,3,1,passthrough,SA_VSA_OGM,0.25,0.1,8192
1127,0.789778422335526,0.8254034637342601,42,cuda,True,None,renyi_normalize_cubic,1,5,1,passthrough,SA_VSA_OGM,0.25,0.1,8192
1128,0.7038456856557551,0.7522118119482999,42,cuda,True,None,renyi_normalize_cubic,3,1,1,passthrough,SA_VSA_OGM,0.25,0.1,8192
1129,0.7030438464050571,0.8484477850860187,42,cuda,True,None,renyi_normalize_cubic,3,3,1,passthrough,SA_VSA_OGM,0.25,0.1,8192
1130,0.6855463222629647,0.908966933336479,42,cuda,True,None,renyi_normalize_cubic,3,5,1,passthrough,SA_VSA_OGM,0.25,0.1,8192
1131,0.7232974315614024,0.7052524614351449,42,cuda,True,None,renyi_normalize_cubic,5,1,1,passthrough,SA_VSA_OGM,0.25,0.1,8192
1132,0.5513294827923123,0.8433167750404424,42,cuda,True,None,renyi_normalize_cubic,5,3,1,passthrough,SA_VSA_OGM,0.25,0.1,8192
1133,0.8071273082665155,0.8577182958333465,42,cuda,True,None,renyi_normalize_cubic,5,5,1,passthrough,SA_VSA_OGM,0.25,0.1,8192
1134,0.5871843708639225,0.7736672872943882,42,cuda,True,None,renyi,1,1,1,passthrough,SA_VSA_OGM,0.25,0.2,8192
1135,0.7234749824055624,0.6609299477363093,42,cuda,True,None,renyi,1,3,1,passthrough,SA_VSA_OGM,0.25,0.2,8192
1136,0.6753298023619648,0.8839249917000398,42,cuda,True,None,renyi,1,5,1,passthrough,SA_VSA_OGM,0.25,0.2,8192
1137,0.550417612011242,0.8743001972966437,42,cuda,True,None,renyi,3,1,1,passthrough,SA_VSA_OGM,0.25,0.2,8192
1138,0.431930641818069,0.9357163836258048,42,cuda,True,None,renyi,3,3,1,passthrough,SA_VSA_OGM,0.25,0.2,8192
1139,0.4652552691239074,0.918923153105758,42,cuda,True,None,renyi,3,5,1,passthrough,SA_VSA_OGM,0.25,0.2,8192
1140,0.5862738897294029,0.8128268558183415,42,cuda,True,None,renyi,5,1,1,passthrough,SA_VSA_OGM,0.25,0.2,8192
1141,0.4959227465574356,0.9028004003306068,42,cuda,True,None,renyi,5,3,1,passthrough,SA_VSA_OGM,0.25,0.2,8192
1142,0.4728309360159967,0.9547719371393532,42,cuda,True,None,renyi,5,5,1,passthrough,SA_VSA_OGM,0.25,0.2,8192
1143,0.4993836369644203,0.878280664177614,42,cuda,True,None,renyi_squaring,1,1,1,passthrough,SA_VSA_OGM,0.25,0.2,8192
1144,0.4656279916425983,0.8984254375091371,42,cuda,True,None,renyi_squaring,1,3,1,passthrough,SA_VSA_OGM,0.25,0.2,8192
1145,0.48567425530376607,0.8873255121642256,42,cuda,True,None,renyi_squaring,1,5,1,passthrough,SA_VSA_OGM,0.25,0.2,8192
1146,0.5293529984942381,0.8827641273136912,42,cuda,True,None,renyi_squaring,3,1,1,passthrough,SA_VSA_OGM,0.25,0.2,8192
1147,0.48879674916578,0.8815444719724187,42,cuda,True,None,renyi_squaring,3,3,1,passthrough,SA_VSA_OGM,0.25,0.2,8192
1148,0.4089750650471319,0.8989467518347117,42,cuda,True,None,renyi_squaring,3,5,1,passthrough,SA_VSA_OGM,0.25,0.2,8192
1149,0.771237592676744,0.7979614175306546,42,cuda,True,None,renyi_squaring,5,1,1,passthrough,SA_VSA_OGM,0.25,0.2,8192
1150,0.706041005814254,0.8604646560962839,42,cuda,True,None,renyi_squaring,5,3,1,passthrough,SA_VSA_OGM,0.25,0.2,8192
1151,0.5335243295734258,0.8375416833780079,42,cuda,True,None,renyi_squaring,5,5,1,passthrough,SA_VSA_OGM,0.25,0.2,8192
1152,18.022288162883463,0.5,42,cuda,True,None,renyi_cubic,1,1,1,passthrough,SA_VSA_OGM,0.25,0.2,8192
1153,18.022243143471215,0.5,42,cuda,True,None,renyi_cubic,1,3,1,passthrough,SA_VSA_OGM,0.25,0.2,8192
1154,17.599972548027868,0.5117179633281933,42,cuda,True,None,renyi_cubic,1,5,1,passthrough,SA_VSA_OGM,0.25,0.2,8192
1155,18.022346355074564,0.5,42,cuda,True,None,renyi_cubic,3,1,1,passthrough,SA_VSA_OGM,0.25,0.2,8192
1156,18.02228656748736,0.5,42,cuda,True,None,renyi_cubic,3,3,1,passthrough,SA_VSA_OGM,0.25,0.2,8192
1157,18.022286170360477,0.5,42,cuda,True,None,renyi_cubic,3,5,1,passthrough,SA_VSA_OGM,0.25,0.2,8192
1158,18.02238943700025,0.5,42,cuda,True,None,renyi_cubic,5,1,1,passthrough,SA_VSA_OGM,0.25,0.2,8192
1159,18.022403748122688,0.5,42,cuda,True,None,renyi_cubic,5,3,1,passthrough,SA_VSA_OGM,0.25,0.2,8192
1160,18.022329333587013,0.5,42,cuda,True,None,renyi_cubic,5,5,1,passthrough,SA_VSA_OGM,0.25,0.2,8192
1161,0.6957169804665656,0.519687309195242,42,cuda,True,None,renyi_normalize,1,1,1,passthrough,SA_VSA_OGM,0.25,0.2,8192
1162,0.7338207981555923,0.6195189278112704,42,cuda,True,None,renyi_normalize,1,3,1,passthrough,SA_VSA_OGM,0.25,0.2,8192
1163,0.9100937864757932,0.6207571786668364,42,cuda,True,None,renyi_normalize,1,5,1,passthrough,SA_VSA_OGM,0.25,0.2,8192
1164,0.704296546377516,0.7421246226088866,42,cuda,True,None,renyi_normalize,3,1,1,passthrough,SA_VSA_OGM,0.25,0.2,8192
1165,0.6120711015641964,0.7609686599866886,42,cuda,True,None,renyi_normalize,3,3,1,passthrough,SA_VSA_OGM,0.25,0.2,8192
1166,0.646364669263064,0.8493008672804614,42,cuda,True,None,renyi_normalize,3,5,1,passthrough,SA_VSA_OGM,0.25,0.2,8192
1167,0.8705415021255829,0.7783765084115635,42,cuda,True,None,renyi_normalize,5,1,1,passthrough,SA_VSA_OGM,0.25,0.2,8192
1168,0.5887433745687705,0.7673560697740224,42,cuda,True,None,renyi_normalize,5,3,1,passthrough,SA_VSA_OGM,0.25,0.2,8192
1169,0.5392361017712207,0.9000900678746095,42,cuda,True,None,renyi_normalize,5,5,1,passthrough,SA_VSA_OGM,0.25,0.2,8192
1170,0.4759883947951113,0.9089158186430132,42,cuda,True,None,renyi_normalize_squaring,1,1,1,passthrough,SA_VSA_OGM,0.25,0.2,8192
1171,0.6557331657976154,0.9615813704682894,42,cuda,True,None,renyi_normalize_squaring,1,3,1,passthrough,SA_VSA_OGM,0.25,0.2,8192
1172,0.926377345323934,0.959161079244026,42,cuda,True,None,renyi_normalize_squaring,1,5,1,passthrough,SA_VSA_OGM,0.25,0.2,8192
1173,0.5149790490455871,0.9036716431757174,42,cuda,True,None,renyi_normalize_squaring,3,1,1,passthrough,SA_VSA_OGM,0.25,0.2,8192
1174,0.5069194993502065,0.933302874071602,42,cuda,True,None,renyi_normalize_squaring,3,3,1,passthrough,SA_VSA_OGM,0.25,0.2,8192
1175,0.5846255217426543,0.9170666462580188,42,cuda,True,None,renyi_normalize_squaring,3,5,1,passthrough,SA_VSA_OGM,0.25,0.2,8192
1176,0.5525110916781507,0.8840884748305611,42,cuda,True,None,renyi_normalize_squaring,5,1,1,passthrough,SA_VSA_OGM,0.25,0.2,8192
1177,0.6580032768261251,0.9314077410368644,42,cuda,True,None,renyi_normalize_squaring,5,3,1,passthrough,SA_VSA_OGM,0.25,0.2,8192
1178,0.4601062426162213,0.950347266931538,42,cuda,True,None,renyi_normalize_squaring,5,5,1,passthrough,SA_VSA_OGM,0.25,0.2,8192
1179,0.36147171478776,0.9516820384424952,42,cuda,True,None,renyi_normalize_cubic,1,1,1,passthrough,SA_VSA_OGM,0.25,0.2,8192
1180,0.488358854283936,0.9693584792363434,42,cuda,True,None,renyi_normalize_cubic,1,3,1,passthrough,SA_VSA_OGM,0.25,0.2,8192
1181,0.7749873767984056,0.9620206376482824,42,cuda,True,None,renyi_normalize_cubic,1,5,1,passthrough,SA_VSA_OGM,0.25,0.2,8192
1182,0.4248668080291969,0.9445231092802724,42,cuda,True,None,renyi_normalize_cubic,3,1,1,passthrough,SA_VSA_OGM,0.25,0.2,8192
1183,0.5107344329120828,0.9424243634976688,42,cuda,True,None,renyi_normalize_cubic,3,3,1,passthrough,SA_VSA_OGM,0.25,0.2,8192
1184,0.3497958687435962,0.9613016326217432,42,cuda,True,None,renyi_normalize_cubic,3,5,1,passthrough,SA_VSA_OGM,0.25,0.2,8192
1185,0.4387380324763781,0.912639092575412,42,cuda,True,None,renyi_normalize_cubic,5,1,1,passthrough,SA_VSA_OGM,0.25,0.2,8192
1186,0.47924362082462973,0.9544117980645244,42,cuda,True,None,renyi_normalize_cubic,5,3,1,passthrough,SA_VSA_OGM,0.25,0.2,8192
1187,0.5049179024211496,0.9626777101317298,42,cuda,True,None,renyi_normalize_cubic,5,5,1,passthrough,SA_VSA_OGM,0.25,0.2,8192
1188,0.7126195913995977,0.5324252607113843,42,cuda,True,None,renyi,1,1,1,passthrough,SA_VSA_OGM,0.25,0.5,8192
1189,0.9670206786234756,0.47411746113665815,42,cuda,True,None,renyi,1,3,1,passthrough,SA_VSA_OGM,0.25,0.5,8192
1190,0.9828538345123278,0.5686013508175642,42,cuda,True,None,renyi,1,5,1,passthrough,SA_VSA_OGM,0.25,0.5,8192
1191,0.6995448988652018,0.7763641232598342,42,cuda,True,None,renyi,3,1,1,passthrough,SA_VSA_OGM,0.25,0.5,8192
1192,0.5902281705965416,0.772484296048966,42,cuda,True,None,renyi,3,3,1,passthrough,SA_VSA_OGM,0.25,0.5,8192
1193,0.5080507530623452,0.9334272236019682,42,cuda,True,None,renyi,3,5,1,passthrough,SA_VSA_OGM,0.25,0.5,8192
1194,0.8497170310199226,0.7336080930957455,42,cuda,True,None,renyi,5,1,1,passthrough,SA_VSA_OGM,0.25,0.5,8192
1195,0.6131561375531194,0.8050814649598571,42,cuda,True,None,renyi,5,3,1,passthrough,SA_VSA_OGM,0.25,0.5,8192
1196,0.5300203490361866,0.8610555155113219,42,cuda,True,None,renyi,5,5,1,passthrough,SA_VSA_OGM,0.25,0.5,8192
1197,0.3796392762914009,0.964324583219168,42,cuda,True,None,renyi_squaring,1,1,1,passthrough,SA_VSA_OGM,0.25,0.5,8192
1198,0.3027489352529313,0.958822263978788,42,cuda,True,None,renyi_squaring,1,3,1,passthrough,SA_VSA_OGM,0.25,0.5,8192
1199,0.33323569189225466,0.9396142769448722,42,cuda,True,None,renyi_squaring,1,5,1,passthrough,SA_VSA_OGM,0.25,0.5,8192
1200,0.41359181126868194,0.9488277510345744,42,cuda,True,None,renyi_squaring,3,1,1,passthrough,SA_VSA_OGM,0.25,0.5,8192
1201,0.3265507873762396,0.9616987349491056,42,cuda,True,None,renyi_squaring,3,3,1,passthrough,SA_VSA_OGM,0.25,0.5,8192
1202,0.33105114115968814,0.937989725021468,42,cuda,True,None,renyi_squaring,3,5,1,passthrough,SA_VSA_OGM,0.25,0.5,8192
1203,0.5487747713147162,0.9166908814954176,42,cuda,True,None,renyi_squaring,5,1,1,passthrough,SA_VSA_OGM,0.25,0.5,8192
1204,0.44881460540824575,0.9108612502506976,42,cuda,True,None,renyi_squaring,5,3,1,passthrough,SA_VSA_OGM,0.25,0.5,8192
1205,0.42822054205375265,0.8954703878180755,42,cuda,True,None,renyi_squaring,5,5,1,passthrough,SA_VSA_OGM,0.25,0.5,8192
1206,11.655804995010994,0.6673721457108277,42,cuda,True,None,renyi_cubic,1,1,1,passthrough,SA_VSA_OGM,0.25,0.5,8192
1207,11.403280415045652,0.6644113445311394,42,cuda,True,None,renyi_cubic,1,3,1,passthrough,SA_VSA_OGM,0.25,0.5,8192
1208,12.089651075602376,0.6556823340452331,42,cuda,True,None,renyi_cubic,1,5,1,passthrough,SA_VSA_OGM,0.25,0.5,8192
1209,5.705357346983706,0.7565688894253507,42,cuda,True,None,renyi_cubic,3,1,1,passthrough,SA_VSA_OGM,0.25,0.5,8192
1210,8.857897117775087,0.6888389908037857,42,cuda,True,None,renyi_cubic,3,3,1,passthrough,SA_VSA_OGM,0.25,0.5,8192
1211,7.91842227768969,0.7087478241787402,42,cuda,True,None,renyi_cubic,3,5,1,passthrough,SA_VSA_OGM,0.25,0.5,8192
1212,6.290354521562074,0.6854591620753367,42,cuda,True,None,renyi_cubic,5,1,1,passthrough,SA_VSA_OGM,0.25,0.5,8192
1213,4.287503735452983,0.7149109093547142,42,cuda,True,None,renyi_cubic,5,3,1,passthrough,SA_VSA_OGM,0.25,0.5,8192
1214,5.071608454597586,0.7080646103333541,42,cuda,True,None,renyi_cubic,5,5,1,passthrough,SA_VSA_OGM,0.25,0.5,8192
1215,0.7321797882443093,0.496938408770339,42,cuda,True,None,renyi_normalize,1,1,1,passthrough,SA_VSA_OGM,0.25,0.5,8192
1216,0.9261645941584702,0.4479963838419146,42,cuda,True,None,renyi_normalize,1,3,1,passthrough,SA_VSA_OGM,0.25,0.5,8192
1217,1.0546329438857889,0.5226741073938086,42,cuda,True,None,renyi_normalize,1,5,1,passthrough,SA_VSA_OGM,0.25,0.5,8192
1218,0.8277387306598917,0.7320978435748823,42,cuda,True,None,renyi_normalize,3,1,1,passthrough,SA_VSA_OGM,0.25,0.5,8192
1219,0.7203085634125428,0.5892483248357512,42,cuda,True,None,renyi_normalize,3,3,1,passthrough,SA_VSA_OGM,0.25,0.5,8192
1220,0.7543742691478471,0.7325893508014252,42,cuda,True,None,renyi_normalize,3,5,1,passthrough,SA_VSA_OGM,0.25,0.5,8192
1221,0.95361093488259,0.7627024611925852,42,cuda,True,None,renyi_normalize,5,1,1,passthrough,SA_VSA_OGM,0.25,0.5,8192
1222,0.5831826385953701,0.7875438897844844,42,cuda,True,None,renyi_normalize,5,3,1,passthrough,SA_VSA_OGM,0.25,0.5,8192
1223,0.577485494444776,0.8609584838659963,42,cuda,True,None,renyi_normalize,5,5,1,passthrough,SA_VSA_OGM,0.25,0.5,8192
1224,0.476324838628888,0.8980603328974566,42,cuda,True,None,renyi_normalize_squaring,1,1,1,passthrough,SA_VSA_OGM,0.25,0.5,8192
1225,0.8157012906999358,0.977001651055736,42,cuda,True,None,renyi_normalize_squaring,1,3,1,passthrough,SA_VSA_OGM,0.25,0.5,8192
1226,0.9822798445189084,0.9675856543944104,42,cuda,True,None,renyi_normalize_squaring,1,5,1,passthrough,SA_VSA_OGM,0.25,0.5,8192
1227,0.4697114509198238,0.934375180263742,42,cuda,True,None,renyi_normalize_squaring,3,1,1,passthrough,SA_VSA_OGM,0.25,0.5,8192
1228,0.3722432639073172,0.9634105120101764,42,cuda,True,None,renyi_normalize_squaring,3,3,1,passthrough,SA_VSA_OGM,0.25,0.5,8192
1229,0.3590129255503893,0.9617969199558958,42,cuda,True,None,renyi_normalize_squaring,3,5,1,passthrough,SA_VSA_OGM,0.25,0.5,8192
1230,0.6859062302623603,0.8658960184354563,42,cuda,True,None,renyi_normalize_squaring,5,1,1,passthrough,SA_VSA_OGM,0.25,0.5,8192
1231,0.3465829068113365,0.9652791243533162,42,cuda,True,None,renyi_normalize_squaring,5,3,1,passthrough,SA_VSA_OGM,0.25,0.5,8192
1232,0.6000665110921539,0.9183031805540448,42,cuda,True,None,renyi_normalize_squaring,5,5,1,passthrough,SA_VSA_OGM,0.25,0.5,8192
1233,0.2912555643987255,0.9678584313937616,42,cuda,True,None,renyi_normalize_cubic,1,1,1,passthrough,SA_VSA_OGM,0.25,0.5,8192
1234,0.479859514935505,0.97584277381078,42,cuda,True,None,renyi_normalize_cubic,1,3,1,passthrough,SA_VSA_OGM,0.25,0.5,8192
1235,0.6179481086523966,0.9758474155884008,42,cuda,True,None,renyi_normalize_cubic,1,5,1,passthrough,SA_VSA_OGM,0.25,0.5,8192
1236,0.27430946082726715,0.9725820348354426,42,cuda,True,None,renyi_normalize_cubic,3,1,1,passthrough,SA_VSA_OGM,0.25,0.5,8192
1237,0.2815322002176843,0.971994602895666,42,cuda,True,None,renyi_normalize_cubic,3,3,1,passthrough,SA_VSA_OGM,0.25,0.5,8192
1238,0.275977930849001,0.9717016108472626,42,cuda,True,None,renyi_normalize_cubic,3,5,1,passthrough,SA_VSA_OGM,0.25,0.5,8192
1239,0.37892331108758814,0.9481165807390232,42,cuda,True,None,renyi_normalize_cubic,5,1,1,passthrough,SA_VSA_OGM,0.25,0.5,8192
1240,0.4211568048975672,0.971664873310326,42,cuda,True,None,renyi_normalize_cubic,5,3,1,passthrough,SA_VSA_OGM,0.25,0.5,8192
1241,0.37965728980256136,0.9676123735163678,42,cuda,True,None,renyi_normalize_cubic,5,5,1,passthrough,SA_VSA_OGM,0.25,0.5,8192
1242,0.9111165503917402,0.3382288322231484,42,cuda,True,None,renyi,1,1,1,passthrough,SA_VSA_OGM,0.25,1.0,8192
1243,1.336568609171465,0.17083200968658996,42,cuda,True,None,renyi,1,3,1,passthrough,SA_VSA_OGM,0.25,1.0,8192
1244,1.5421734576144512,0.2519467000149684,42,cuda,True,None,renyi,1,5,1,passthrough,SA_VSA_OGM,0.25,1.0,8192
1245,0.999625189219104,0.4003714061504795,42,cuda,True,None,renyi,3,1,1,passthrough,SA_VSA_OGM,0.25,1.0,8192
1246,0.9063485312013048,0.24022829098042817,42,cuda,True,None,renyi,3,3,1,passthrough,SA_VSA_OGM,0.25,1.0,8192
1247,0.9038925578791248,0.36590854372597026,42,cuda,True,None,renyi,3,5,1,passthrough,SA_VSA_OGM,0.25,1.0,8192
1248,1.0485730422457396,0.628795925460933,42,cuda,True,None,renyi,5,1,1,passthrough,SA_VSA_OGM,0.25,1.0,8192
1249,0.8175834527621342,0.3973236084241272,42,cuda,True,None,renyi,5,3,1,passthrough,SA_VSA_OGM,0.25,1.0,8192
1250,0.774261066940786,0.4614557950283464,42,cuda,True,None,renyi,5,5,1,passthrough,SA_VSA_OGM,0.25,1.0,8192
1251,0.4294412224256222,0.9137736286441128,42,cuda,True,None,renyi_squaring,1,1,1,passthrough,SA_VSA_OGM,0.25,1.0,8192
1252,0.4813903944596318,0.9344850484418288,42,cuda,True,None,renyi_squaring,1,3,1,passthrough,SA_VSA_OGM,0.25,1.0,8192
1253,0.4654856863637648,0.9208300067556328,42,cuda,True,None,renyi_squaring,1,5,1,passthrough,SA_VSA_OGM,0.25,1.0,8192
1254,0.48095642700081337,0.9588911604166098,42,cuda,True,None,renyi_squaring,3,1,1,passthrough,SA_VSA_OGM,0.25,1.0,8192
1255,0.329677966670987,0.960750279604716,42,cuda,True,None,renyi_squaring,3,3,1,passthrough,SA_VSA_OGM,0.25,1.0,8192
1256,0.3167325497103553,0.94840004235163,42,cuda,True,None,renyi_squaring,3,5,1,passthrough,SA_VSA_OGM,0.25,1.0,8192
1257,0.5707529713081024,0.9218506602204304,42,cuda,True,None,renyi_squaring,5,1,1,passthrough,SA_VSA_OGM,0.25,1.0,8192
1258,0.40972287047595574,0.951058829343754,42,cuda,True,None,renyi_squaring,5,3,1,passthrough,SA_VSA_OGM,0.25,1.0,8192
1259,0.3651823278758049,0.9585876800330162,42,cuda,True,None,renyi_squaring,5,5,1,passthrough,SA_VSA_OGM,0.25,1.0,8192
1260,0.4547692926205531,0.8901276134993416,42,cuda,True,None,renyi_cubic,1,1,1,passthrough,SA_VSA_OGM,0.25,1.0,8192
1261,0.36060655523445767,0.9191841991968944,42,cuda,True,None,renyi_cubic,1,3,1,passthrough,SA_VSA_OGM,0.25,1.0,8192
1262,0.41259544419164734,0.9048842328893414,42,cuda,True,None,renyi_cubic,1,5,1,passthrough,SA_VSA_OGM,0.25,1.0,8192
1263,0.4774449780362248,0.8942963679356084,42,cuda,True,None,renyi_cubic,3,1,1,passthrough,SA_VSA_OGM,0.25,1.0,8192
1264,0.36516483176353354,0.9429932571247746,42,cuda,True,None,renyi_cubic,3,3,1,passthrough,SA_VSA_OGM,0.25,1.0,8192
1265,0.3759336835361272,0.902714656103752,42,cuda,True,None,renyi_cubic,3,5,1,passthrough,SA_VSA_OGM,0.25,1.0,8192
1266,0.5934222305581135,0.8891981666892078,42,cuda,True,None,renyi_cubic,5,1,1,passthrough,SA_VSA_OGM,0.25,1.0,8192
1267,0.4893341659936003,0.9062062379690672,42,cuda,True,None,renyi_cubic,5,3,1,passthrough,SA_VSA_OGM,0.25,1.0,8192
1268,0.48871421412754623,0.8706322094696813,42,cuda,True,None,renyi_cubic,5,5,1,passthrough,SA_VSA_OGM,0.25,1.0,8192
1269,0.733601642595234,0.44419717086326366,42,cuda,True,None,renyi_normalize,1,1,1,passthrough,SA_VSA_OGM,0.25,1.0,8192
1270,1.392177767565861,0.23863174757346003,42,cuda,True,None,renyi_normalize,1,3,1,passthrough,SA_VSA_OGM,0.25,1.0,8192
1271,1.4716274589654097,0.31169096813227876,42,cuda,True,None,renyi_normalize,1,5,1,passthrough,SA_VSA_OGM,0.25,1.0,8192
1272,0.8656369100679463,0.5421618825746525,42,cuda,True,None,renyi_normalize,3,1,1,passthrough,SA_VSA_OGM,0.25,1.0,8192
1273,0.7688884721166703,0.3802205226530164,42,cuda,True,None,renyi_normalize,3,3,1,passthrough,SA_VSA_OGM,0.25,1.0,8192
1274,1.1569980199084369,0.4140338159428521,42,cuda,True,None,renyi_normalize,3,5,1,passthrough,SA_VSA_OGM,0.25,1.0,8192
1275,1.245680728508451,0.6835540878118198,42,cuda,True,None,renyi_normalize,5,1,1,passthrough,SA_VSA_OGM,0.25,1.0,8192
1276,0.7264849942351648,0.522398734065662,42,cuda,True,None,renyi_normalize,5,3,1,passthrough,SA_VSA_OGM,0.25,1.0,8192
1277,0.96055446745429,0.52877538786559,42,cuda,True,None,renyi_normalize,5,5,1,passthrough,SA_VSA_OGM,0.25,1.0,8192
1278,0.5890514644649747,0.7612050522991294,42,cuda,True,None,renyi_normalize_squaring,1,1,1,passthrough,SA_VSA_OGM,0.25,1.0,8192
1279,0.9529677609943904,0.959386508016968,42,cuda,True,None,renyi_normalize_squaring,1,3,1,passthrough,SA_VSA_OGM,0.25,1.0,8192
1280,1.1689792759654676,0.9642596980152114,42,cuda,True,None,renyi_normalize_squaring,1,5,1,passthrough,SA_VSA_OGM,0.25,1.0,8192
1281,0.7399768892176445,0.909450384848166,42,cuda,True,None,renyi_normalize_squaring,3,1,1,passthrough,SA_VSA_OGM,0.25,1.0,8192
1282,0.37676233849778273,0.9744564165470602,42,cuda,True,None,renyi_normalize_squaring,3,3,1,passthrough,SA_VSA_OGM,0.25,1.0,8192
1283,0.4212009975839512,0.96494544616405,42,cuda,True,None,renyi_normalize_squaring,3,5,1,passthrough,SA_VSA_OGM,0.25,1.0,8192
1284,1.078834469062609,0.8606311032324754,42,cuda,True,None,renyi_normalize_squaring,5,1,1,passthrough,SA_VSA_OGM,0.25,1.0,8192
1285,0.41223483647547227,0.95935176360649,42,cuda,True,None,renyi_normalize_squaring,5,3,1,passthrough,SA_VSA_OGM,0.25,1.0,8192
1286,0.32611531549561484,0.9710026040819376,42,cuda,True,None,renyi_normalize_squaring,5,5,1,passthrough,SA_VSA_OGM,0.25,1.0,8192
1287,0.3995330357663301,0.921653439702844,42,cuda,True,None,renyi_normalize_cubic,1,1,1,passthrough,SA_VSA_OGM,0.25,1.0,8192
1288,0.6048371393694691,0.976657094511232,42,cuda,True,None,renyi_normalize_cubic,1,3,1,passthrough,SA_VSA_OGM,0.25,1.0,8192
1289,0.7787596211739181,0.9786149404052048,42,cuda,True,None,renyi_normalize_cubic,1,5,1,passthrough,SA_VSA_OGM,0.25,1.0,8192
1290,0.4852709877350142,0.9604542427748004,42,cuda,True,None,renyi_normalize_cubic,3,1,1,passthrough,SA_VSA_OGM,0.25,1.0,8192
1291,0.2526790037162532,0.9756958712386758,42,cuda,True,None,renyi_normalize_cubic,3,3,1,passthrough,SA_VSA_OGM,0.25,1.0,8192
1292,0.2480186147162812,0.9779556339427308,42,cuda,True,None,renyi_normalize_cubic,3,5,1,passthrough,SA_VSA_OGM,0.25,1.0,8192
1293,0.6525108659853325,0.9062824906377656,42,cuda,True,None,renyi_normalize_cubic,5,1,1,passthrough,SA_VSA_OGM,0.25,1.0,8192
1294,0.294431710899314,0.9714814237726102,42,cuda,True,None,renyi_normalize_cubic,5,3,1,passthrough,SA_VSA_OGM,0.25,1.0,8192
1295,0.27339251331033954,0.972395819750372,42,cuda,True,None,renyi_normalize_cubic,5,5,1,passthrough,SA_VSA_OGM,0.25,1.0,8192
1296,0.6227543349713376,0.7052595875062453,42,cuda,True,None,renyi,1,1,1,passthrough,SA_VSA_OGM,0.5,0.1,32768
1297,0.6952800999194834,0.7866134582480836,42,cuda,True,None,renyi,1,3,1,passthrough,SA_VSA_OGM,0.5,0.1,32768
1298,0.6210079259018808,0.8141589955812467,42,cuda,True,None,renyi,1,5,1,passthrough,SA_VSA_OGM,0.5,0.1,32768
1299,0.5806636908372558,0.7625798858625797,42,cuda,True,None,renyi,3,1,1,passthrough,SA_VSA_OGM,0.5,0.1,32768
1300,0.5194824455953243,0.8957237832398759,42,cuda,True,None,renyi,3,3,1,passthrough,SA_VSA_OGM,0.5,0.1,32768
1301,0.516870324187385,0.8589925422215821,42,cuda,True,None,renyi,3,5,1,passthrough,SA_VSA_OGM,0.5,0.1,32768
1302,0.57681907203352,0.7458099373689299,42,cuda,True,None,renyi,5,1,1,passthrough,SA_VSA_OGM,0.5,0.1,32768
1303,0.6131188455329848,0.8948287371200391,42,cuda,True,None,renyi,5,3,1,passthrough,SA_VSA_OGM,0.5,0.1,32768
1304,0.5333848332512996,0.8801578852803635,42,cuda,True,None,renyi,5,5,1,passthrough,SA_VSA_OGM,0.5,0.1,32768
1305,16.782364491381152,0.5343836164426609,42,cuda,True,None,renyi_squaring,1,1,1,passthrough,SA_VSA_OGM,0.5,0.1,32768
1306,18.02170850572901,0.5,42,cuda,True,None,renyi_squaring,1,3,1,passthrough,SA_VSA_OGM,0.5,0.1,32768
1307,17.360540866487884,0.5183426302691926,42,cuda,True,None,renyi_squaring,1,5,1,passthrough,SA_VSA_OGM,0.5,0.1,32768
1308,14.420955730195065,0.5563452684401754,42,cuda,True,None,renyi_squaring,3,1,1,passthrough,SA_VSA_OGM,0.5,0.1,32768
1309,12.340794175894208,0.5756533356963499,42,cuda,True,None,renyi_squaring,3,3,1,passthrough,SA_VSA_OGM,0.5,0.1,32768
1310,13.761602189275164,0.5559817622689213,42,cuda,True,None,renyi_squaring,3,5,1,passthrough,SA_VSA_OGM,0.5,0.1,32768
1311,6.390233340027833,0.6104390834504656,42,cuda,True,None,renyi_squaring,5,1,1,passthrough,SA_VSA_OGM,0.5,0.1,32768
1312,9.98957659616512,0.5531056798680367,42,cuda,True,None,renyi_squaring,5,3,1,passthrough,SA_VSA_OGM,0.5,0.1,32768
1313,10.897763010912673,0.5790521357017329,42,cuda,True,None,renyi_squaring,5,5,1,passthrough,SA_VSA_OGM,0.5,0.1,32768
1314,18.021722276949625,0.5,42,cuda,True,None,renyi_cubic,1,1,1,passthrough,SA_VSA_OGM,0.5,0.1,32768
1315,18.021735398577345,0.5,42,cuda,True,None,renyi_cubic,1,3,1,passthrough,SA_VSA_OGM,0.5,0.1,32768
1316,18.021735467898516,0.5,42,cuda,True,None,renyi_cubic,1,5,1,passthrough,SA_VSA_OGM,0.5,0.1,32768
1317,18.021657402162425,0.5,42,cuda,True,None,renyi_cubic,3,1,1,passthrough,SA_VSA_OGM,0.5,0.1,32768
1318,18.021683555749487,0.5,42,cuda,True,None,renyi_cubic,3,3,1,passthrough,SA_VSA_OGM,0.5,0.1,32768
1319,18.02173567523183,0.5,42,cuda,True,None,renyi_cubic,3,5,1,passthrough,SA_VSA_OGM,0.5,0.1,32768
1320,18.021748737051514,0.5,42,cuda,True,None,renyi_cubic,5,1,1,passthrough,SA_VSA_OGM,0.5,0.1,32768
1321,18.02178774528973,0.5,42,cuda,True,None,renyi_cubic,5,3,1,passthrough,SA_VSA_OGM,0.5,0.1,32768
1322,18.021800748006083,0.5,42,cuda,True,None,renyi_cubic,5,5,1,passthrough,SA_VSA_OGM,0.5,0.1,32768
1323,0.7214607483569888,0.497760166435989,42,cuda,True,None,renyi_normalize,1,1,1,passthrough,SA_VSA_OGM,0.5,0.1,32768
1324,0.8271720060393513,0.567451022768612,42,cuda,True,None,renyi_normalize,1,3,1,passthrough,SA_VSA_OGM,0.5,0.1,32768
1325,0.9271665237631386,0.7528483749968313,42,cuda,True,None,renyi_normalize,1,5,1,passthrough,SA_VSA_OGM,0.5,0.1,32768
1326,0.8106442986107716,0.4751319054158963,42,cuda,True,None,renyi_normalize,3,1,1,passthrough,SA_VSA_OGM,0.5,0.1,32768
1327,0.6602864626297789,0.6644444366593963,42,cuda,True,None,renyi_normalize,3,3,1,passthrough,SA_VSA_OGM,0.5,0.1,32768
1328,0.7011340850761221,0.7265476967554263,42,cuda,True,None,renyi_normalize,3,5,1,passthrough,SA_VSA_OGM,0.5,0.1,32768
1329,0.9220846680620696,0.6088610983955306,42,cuda,True,None,renyi_normalize,5,1,1,passthrough,SA_VSA_OGM,0.5,0.1,32768
1330,0.7714335999867312,0.5133179739875138,42,cuda,True,None,renyi_normalize,5,3,1,passthrough,SA_VSA_OGM,0.5,0.1,32768
1331,0.7223797475300103,0.6852263136085583,42,cuda,True,None,renyi_normalize,5,5,1,passthrough,SA_VSA_OGM,0.5,0.1,32768
1332,0.6381329412925699,0.7268387003072584,42,cuda,True,None,renyi_normalize_squaring,1,1,1,passthrough,SA_VSA_OGM,0.5,0.1,32768
1333,0.7277525802585298,0.8124125353292979,42,cuda,True,None,renyi_normalize_squaring,1,3,1,passthrough,SA_VSA_OGM,0.5,0.1,32768
1334,1.131480643198225,0.843301233469803,42,cuda,True,None,renyi_normalize_squaring,1,5,1,passthrough,SA_VSA_OGM,0.5,0.1,32768
1335,0.6633357135870563,0.6252601603132593,42,cuda,True,None,renyi_normalize_squaring,3,1,1,passthrough,SA_VSA_OGM,0.5,0.1,32768
1336,0.6760229404066962,0.8653142593065585,42,cuda,True,None,renyi_normalize_squaring,3,3,1,passthrough,SA_VSA_OGM,0.5,0.1,32768
1337,1.0004537966665366,0.7409931806844298,42,cuda,True,None,renyi_normalize_squaring,3,5,1,passthrough,SA_VSA_OGM,0.5,0.1,32768
1338,0.6498956604640778,0.7043737204037127,42,cuda,True,None,renyi_normalize_squaring,5,1,1,passthrough,SA_VSA_OGM,0.5,0.1,32768
1339,0.7138632373688257,0.8434530739910678,42,cuda,True,None,renyi_normalize_squaring,5,3,1,passthrough,SA_VSA_OGM,0.5,0.1,32768
1340,0.6191534385163839,0.8953951302795733,42,cuda,True,None,renyi_normalize_squaring,5,5,1,passthrough,SA_VSA_OGM,0.5,0.1,32768
1341,0.7152479374173035,0.8262251418582951,42,cuda,True,None,renyi_normalize_cubic,1,1,1,passthrough,SA_VSA_OGM,0.5,0.1,32768
1342,0.7093511517469369,0.8800543473768512,42,cuda,True,None,renyi_normalize_cubic,1,3,1,passthrough,SA_VSA_OGM,0.5,0.1,32768
1343,0.892019494720741,0.8427689965707632,42,cuda,True,None,renyi_normalize_cubic,1,5,1,passthrough,SA_VSA_OGM,0.5,0.1,32768
1344,0.5266906135516821,0.8458274554049572,42,cuda,True,None,renyi_normalize_cubic,3,1,1,passthrough,SA_VSA_OGM,0.5,0.1,32768
1345,0.5458326135596643,0.8714262338292545,42,cuda,True,None,renyi_normalize_cubic,3,3,1,passthrough,SA_VSA_OGM,0.5,0.1,32768
1346,0.8037200522468044,0.8941321759636174,42,cuda,True,None,renyi_normalize_cubic,3,5,1,passthrough,SA_VSA_OGM,0.5,0.1,32768
1347,0.5804523779587804,0.8033837628288101,42,cuda,True,None,renyi_normalize_cubic,5,1,1,passthrough,SA_VSA_OGM,0.5,0.1,32768
1348,0.7065989364856199,0.8851372293123928,42,cuda,True,None,renyi_normalize_cubic,5,3,1,passthrough,SA_VSA_OGM,0.5,0.1,32768
1349,0.8468134243906441,0.8377468490655791,42,cuda,True,None,renyi_normalize_cubic,5,5,1,passthrough,SA_VSA_OGM,0.5,0.1,32768
1350,0.5539990112862339,0.8016785562720148,42,cuda,True,None,renyi,1,1,1,passthrough,SA_VSA_OGM,0.5,0.2,32768
1351,0.6323455452252563,0.8960931874919859,42,cuda,True,None,renyi,1,3,1,passthrough,SA_VSA_OGM,0.5,0.2,32768
1352,0.7022184603638897,0.8789285939380741,42,cuda,True,None,renyi,1,5,1,passthrough,SA_VSA_OGM,0.5,0.2,32768
1353,0.5056763394431518,0.8488842639328553,42,cuda,True,None,renyi,3,1,1,passthrough,SA_VSA_OGM,0.5,0.2,32768
1354,0.48117140348567744,0.9175855621363908,42,cuda,True,None,renyi,3,3,1,passthrough,SA_VSA_OGM,0.5,0.2,32768
1355,0.4656115918924327,0.8787488226792919,42,cuda,True,None,renyi,3,5,1,passthrough,SA_VSA_OGM,0.5,0.2,32768
1356,0.5984802014300624,0.7400175585001483,42,cuda,True,None,renyi,5,1,1,passthrough,SA_VSA_OGM,0.5,0.2,32768
1357,0.6075405066120081,0.8930424836412857,42,cuda,True,None,renyi,5,3,1,passthrough,SA_VSA_OGM,0.5,0.2,32768
1358,0.539580670226073,0.8924089361205336,42,cuda,True,None,renyi,5,5,1,passthrough,SA_VSA_OGM,0.5,0.2,32768
1359,3.1879013495140223,0.705966624942179,42,cuda,True,None,renyi_squaring,1,1,1,passthrough,SA_VSA_OGM,0.5,0.2,32768
1360,3.8025342906315904,0.76984499221801,42,cuda,True,None,renyi_squaring,1,3,1,passthrough,SA_VSA_OGM,0.5,0.2,32768
1361,1.0733435153317188,0.7889255038492218,42,cuda,True,None,renyi_squaring,1,5,1,passthrough,SA_VSA_OGM,0.5,0.2,32768
1362,0.8114540392998701,0.7374218988096672,42,cuda,True,None,renyi_squaring,3,1,1,passthrough,SA_VSA_OGM,0.5,0.2,32768
1363,0.988298478223448,0.7419666410272103,42,cuda,True,None,renyi_squaring,3,3,1,passthrough,SA_VSA_OGM,0.5,0.2,32768
1364,0.8848094155692369,0.7215220378142996,42,cuda,True,None,renyi_squaring,3,5,1,passthrough,SA_VSA_OGM,0.5,0.2,32768
1365,1.0452621550497156,0.6128272613920329,42,cuda,True,None,renyi_squaring,5,1,1,passthrough,SA_VSA_OGM,0.5,0.2,32768
1366,0.9219499064283276,0.7126701166199411,42,cuda,True,None,renyi_squaring,5,3,1,passthrough,SA_VSA_OGM,0.5,0.2,32768
1367,0.679813055141553,0.6997411503627523,42,cuda,True,None,renyi_squaring,5,5,1,passthrough,SA_VSA_OGM,0.5,0.2,32768
1368,18.022102516456577,0.5,42,cuda,True,None,renyi_cubic,1,1,1,passthrough,SA_VSA_OGM,0.5,0.2,32768
1369,18.02208978691908,0.5,42,cuda,True,None,renyi_cubic,1,3,1,passthrough,SA_VSA_OGM,0.5,0.2,32768
1370,18.022039518742385,0.5,42,cuda,True,None,renyi_cubic,1,5,1,passthrough,SA_VSA_OGM,0.5,0.2,32768
1371,18.02195179400807,0.5,42,cuda,True,None,renyi_cubic,3,1,1,passthrough,SA_VSA_OGM,0.5,0.2,32768
1372,18.021914200393457,0.5,42,cuda,True,None,renyi_cubic,3,3,1,passthrough,SA_VSA_OGM,0.5,0.2,32768
1373,18.02190164497111,0.5,42,cuda,True,None,renyi_cubic,3,5,1,passthrough,SA_VSA_OGM,0.5,0.2,32768
1374,18.02191407311224,0.5,42,cuda,True,None,renyi_cubic,5,1,1,passthrough,SA_VSA_OGM,0.5,0.2,32768
1375,18.021914009610388,0.5,42,cuda,True,None,renyi_cubic,5,3,1,passthrough,SA_VSA_OGM,0.5,0.2,32768
1376,18.021963804282016,0.5,42,cuda,True,None,renyi_cubic,5,5,1,passthrough,SA_VSA_OGM,0.5,0.2,32768
1377,0.6603732797312729,0.608459369527876,42,cuda,True,None,renyi_normalize,1,1,1,passthrough,SA_VSA_OGM,0.5,0.2,32768
1378,0.7190578280988643,0.782855305710425,42,cuda,True,None,renyi_normalize,1,3,1,passthrough,SA_VSA_OGM,0.5,0.2,32768
1379,0.9248579136000784,0.8368155500144656,42,cuda,True,None,renyi_normalize,1,5,1,passthrough,SA_VSA_OGM,0.5,0.2,32768
1380,0.728234869090568,0.5584063483006172,42,cuda,True,None,renyi_normalize,3,1,1,passthrough,SA_VSA_OGM,0.5,0.2,32768
1381,0.6463655189917417,0.7215407637079047,42,cuda,True,None,renyi_normalize,3,3,1,passthrough,SA_VSA_OGM,0.5,0.2,32768
1382,0.7226318945409304,0.7712543211860632,42,cuda,True,None,renyi_normalize,3,5,1,passthrough,SA_VSA_OGM,0.5,0.2,32768
1383,0.7971793346825484,0.5619542418336303,42,cuda,True,None,renyi_normalize,5,1,1,passthrough,SA_VSA_OGM,0.5,0.2,32768
1384,0.6876065083355489,0.6241636116532576,42,cuda,True,None,renyi_normalize,5,3,1,passthrough,SA_VSA_OGM,0.5,0.2,32768
1385,0.6893207214159509,0.7564862593361827,42,cuda,True,None,renyi_normalize,5,5,1,passthrough,SA_VSA_OGM,0.5,0.2,32768
1386,0.4988222994710014,0.884365071564589,42,cuda,True,None,renyi_normalize_squaring,1,1,1,passthrough,SA_VSA_OGM,0.5,0.2,32768
1387,0.9505493138608572,0.923187561302982,42,cuda,True,None,renyi_normalize_squaring,1,3,1,passthrough,SA_VSA_OGM,0.5,0.2,32768
1388,0.8473206627166804,0.9063621919988516,42,cuda,True,None,renyi_normalize_squaring,1,5,1,passthrough,SA_VSA_OGM,0.5,0.2,32768
1389,0.48830944102832147,0.8655645778535668,42,cuda,True,None,renyi_normalize_squaring,3,1,1,passthrough,SA_VSA_OGM,0.5,0.2,32768
1390,0.5711608620778369,0.9145708988064752,42,cuda,True,None,renyi_normalize_squaring,3,3,1,passthrough,SA_VSA_OGM,0.5,0.2,32768
1391,0.6734628343145902,0.9009894111539296,42,cuda,True,None,renyi_normalize_squaring,3,5,1,passthrough,SA_VSA_OGM,0.5,0.2,32768
1392,0.553505811832647,0.843742965301705,42,cuda,True,None,renyi_normalize_squaring,5,1,1,passthrough,SA_VSA_OGM,0.5,0.2,32768
1393,0.6800287432734111,0.9086428293971288,42,cuda,True,None,renyi_normalize_squaring,5,3,1,passthrough,SA_VSA_OGM,0.5,0.2,32768
1394,0.923653989663585,0.9211460791864006,42,cuda,True,None,renyi_normalize_squaring,5,5,1,passthrough,SA_VSA_OGM,0.5,0.2,32768
1395,0.9728444022308173,0.9002050249621335,42,cuda,True,None,renyi_normalize_cubic,1,1,1,passthrough,SA_VSA_OGM,0.5,0.2,32768
1396,0.6534745424358657,0.919490348695691,42,cuda,True,None,renyi_normalize_cubic,1,3,1,passthrough,SA_VSA_OGM,0.5,0.2,32768
1397,0.6000488943067672,0.9105379196784904,42,cuda,True,None,renyi_normalize_cubic,1,5,1,passthrough,SA_VSA_OGM,0.5,0.2,32768
1398,0.552813826567532,0.896476315785926,42,cuda,True,None,renyi_normalize_cubic,3,1,1,passthrough,SA_VSA_OGM,0.5,0.2,32768
1399,0.545324515375474,0.9268343613272928,42,cuda,True,None,renyi_normalize_cubic,3,3,1,passthrough,SA_VSA_OGM,0.5,0.2,32768
1400,0.6554857085478019,0.9462310808896428,42,cuda,True,None,renyi_normalize_cubic,3,5,1,passthrough,SA_VSA_OGM,0.5,0.2,32768
1401,0.49407535083388615,0.8913900681967227,42,cuda,True,None,renyi_normalize_cubic,5,1,1,passthrough,SA_VSA_OGM,0.5,0.2,32768
1402,0.7046956206062513,0.9516852071065942,42,cuda,True,None,renyi_normalize_cubic,5,3,1,passthrough,SA_VSA_OGM,0.5,0.2,32768
1403,0.832178343502449,0.9374472210748266,42,cuda,True,None,renyi_normalize_cubic,5,5,1,passthrough,SA_VSA_OGM,0.5,0.2,32768
1404,0.6323760829386508,0.6940780988837284,42,cuda,True,None,renyi,1,1,1,passthrough,SA_VSA_OGM,0.5,0.5,32768
1405,0.7955801326153391,0.8014356303240395,42,cuda,True,None,renyi,1,3,1,passthrough,SA_VSA_OGM,0.5,0.5,32768
1406,0.941226796766542,0.8475011140239311,42,cuda,True,None,renyi,1,5,1,passthrough,SA_VSA_OGM,0.5,0.5,32768
1407,0.7036424082315867,0.805864322868803,42,cuda,True,None,renyi,3,1,1,passthrough,SA_VSA_OGM,0.5,0.5,32768
1408,0.48307434346776035,0.906803860791144,42,cuda,True,None,renyi,3,3,1,passthrough,SA_VSA_OGM,0.5,0.5,32768
1409,0.44263143556764073,0.897617499434693,42,cuda,True,None,renyi,3,5,1,passthrough,SA_VSA_OGM,0.5,0.5,32768
1410,0.7196122337135165,0.6495052765318814,42,cuda,True,None,renyi,5,1,1,passthrough,SA_VSA_OGM,0.5,0.5,32768
1411,0.5775371075489232,0.7949550330931251,42,cuda,True,None,renyi,5,3,1,passthrough,SA_VSA_OGM,0.5,0.5,32768
1412,0.533341754999509,0.8846083935735668,42,cuda,True,None,renyi,5,5,1,passthrough,SA_VSA_OGM,0.5,0.5,32768
1413,0.47522662613798206,0.9040354478010536,42,cuda,True,None,renyi_squaring,1,1,1,passthrough,SA_VSA_OGM,0.5,0.5,32768
1414,0.3860972075027061,0.9012197649993876,42,cuda,True,None,renyi_squaring,1,3,1,passthrough,SA_VSA_OGM,0.5,0.5,32768
1415,0.37054266172600514,0.9122275037742754,42,cuda,True,None,renyi_squaring,1,5,1,passthrough,SA_VSA_OGM,0.5,0.5,32768
1416,0.5181856253988236,0.8419551269725815,42,cuda,True,None,renyi_squaring,3,1,1,passthrough,SA_VSA_OGM,0.5,0.5,32768
1417,0.4469853158022212,0.8796030833658429,42,cuda,True,None,renyi_squaring,3,3,1,passthrough,SA_VSA_OGM,0.5,0.5,32768
1418,0.475741964304903,0.8650854906865459,42,cuda,True,None,renyi_squaring,3,5,1,passthrough,SA_VSA_OGM,0.5,0.5,32768
1419,0.6012496273086056,0.7634627816887645,42,cuda,True,None,renyi_squaring,5,1,1,passthrough,SA_VSA_OGM,0.5,0.5,32768
1420,0.5477604495573725,0.8478768712165172,42,cuda,True,None,renyi_squaring,5,3,1,passthrough,SA_VSA_OGM,0.5,0.5,32768
1421,0.5489925117149487,0.8856513813370526,42,cuda,True,None,renyi_squaring,5,5,1,passthrough,SA_VSA_OGM,0.5,0.5,32768
1422,14.786111434243107,0.5649528291005576,42,cuda,True,None,renyi_cubic,1,1,1,passthrough,SA_VSA_OGM,0.5,0.5,32768
1423,14.13899257543452,0.586627685973037,42,cuda,True,None,renyi_cubic,1,3,1,passthrough,SA_VSA_OGM,0.5,0.5,32768
1424,15.332784922596089,0.5559378709935154,42,cuda,True,None,renyi_cubic,1,5,1,passthrough,SA_VSA_OGM,0.5,0.5,32768
1425,10.750906051207783,0.603337608608928,42,cuda,True,None,renyi_cubic,3,1,1,passthrough,SA_VSA_OGM,0.5,0.5,32768
1426,8.279195296399228,0.6200167008898991,42,cuda,True,None,renyi_cubic,3,3,1,passthrough,SA_VSA_OGM,0.5,0.5,32768
1427,12.177326801683506,0.5768659851771372,42,cuda,True,None,renyi_cubic,3,5,1,passthrough,SA_VSA_OGM,0.5,0.5,32768
1428,5.480996373836183,0.5936054874989041,42,cuda,True,None,renyi_cubic,5,1,1,passthrough,SA_VSA_OGM,0.5,0.5,32768
1429,3.14022835164147,0.6022515199760177,42,cuda,True,None,renyi_cubic,5,3,1,passthrough,SA_VSA_OGM,0.5,0.5,32768
1430,4.929287623179874,0.6127819349951691,42,cuda,True,None,renyi_cubic,5,5,1,passthrough,SA_VSA_OGM,0.5,0.5,32768
1431,0.6876699413519066,0.5432299642310556,42,cuda,True,None,renyi_normalize,1,1,1,passthrough,SA_VSA_OGM,0.5,0.5,32768
1432,0.9575160184030208,0.4401327679657317,42,cuda,True,None,renyi_normalize,1,3,1,passthrough,SA_VSA_OGM,0.5,0.5,32768
1433,0.9558535302049488,0.8051564502332262,42,cuda,True,None,renyi_normalize,1,5,1,passthrough,SA_VSA_OGM,0.5,0.5,32768
1434,0.7616608194832348,0.714397567657805,42,cuda,True,None,renyi_normalize,3,1,1,passthrough,SA_VSA_OGM,0.5,0.5,32768
1435,0.6637604285614567,0.6422829758944342,42,cuda,True,None,renyi_normalize,3,3,1,passthrough,SA_VSA_OGM,0.5,0.5,32768
1436,0.6916268371764221,0.8745331819308433,42,cuda,True,None,renyi_normalize,3,5,1,passthrough,SA_VSA_OGM,0.5,0.5,32768
1437,1.0169646768321206,0.6630391560965743,42,cuda,True,None,renyi_normalize,5,1,1,passthrough,SA_VSA_OGM,0.5,0.5,32768
1438,0.6495293264613352,0.6418878159290651,42,cuda,True,None,renyi_normalize,5,3,1,passthrough,SA_VSA_OGM,0.5,0.5,32768
1439,0.5981065856347355,0.856010575175766,42,cuda,True,None,renyi_normalize,5,5,1,passthrough,SA_VSA_OGM,0.5,0.5,32768
1440,0.4269297805620189,0.9095469085477332,42,cuda,True,None,renyi_normalize_squaring,1,1,1,passthrough,SA_VSA_OGM,0.5,0.5,32768
1441,0.7549939609517583,0.937918201786213,42,cuda,True,None,renyi_normalize_squaring,1,3,1,passthrough,SA_VSA_OGM,0.5,0.5,32768
1442,0.7211488977514898,0.9455124127658534,42,cuda,True,None,renyi_normalize_squaring,1,5,1,passthrough,SA_VSA_OGM,0.5,0.5,32768
1443,0.4911304112762057,0.874123522059694,42,cuda,True,None,renyi_normalize_squaring,3,1,1,passthrough,SA_VSA_OGM,0.5,0.5,32768
1444,0.40090448086662056,0.9342010431180638,42,cuda,True,None,renyi_normalize_squaring,3,3,1,passthrough,SA_VSA_OGM,0.5,0.5,32768
1445,0.475665764350046,0.9043272367196856,42,cuda,True,None,renyi_normalize_squaring,3,5,1,passthrough,SA_VSA_OGM,0.5,0.5,32768
1446,0.6295743214047119,0.8268063604962532,42,cuda,True,None,renyi_normalize_squaring,5,1,1,passthrough,SA_VSA_OGM,0.5,0.5,32768
1447,0.5665115231009743,0.9241081920135532,42,cuda,True,None,renyi_normalize_squaring,5,3,1,passthrough,SA_VSA_OGM,0.5,0.5,32768
1448,0.50607704401504,0.9349652523803104,42,cuda,True,None,renyi_normalize_squaring,5,5,1,passthrough,SA_VSA_OGM,0.5,0.5,32768
1449,0.44725553776084975,0.9359928242988944,42,cuda,True,None,renyi_normalize_cubic,1,1,1,passthrough,SA_VSA_OGM,0.5,0.5,32768
1450,0.47388854628022886,0.9353435608437526,42,cuda,True,None,renyi_normalize_cubic,1,3,1,passthrough,SA_VSA_OGM,0.5,0.5,32768
1451,0.5203705327455742,0.9354557732035576,42,cuda,True,None,renyi_normalize_cubic,1,5,1,passthrough,SA_VSA_OGM,0.5,0.5,32768
1452,0.40690540319846347,0.8970185406732156,42,cuda,True,None,renyi_normalize_cubic,3,1,1,passthrough,SA_VSA_OGM,0.5,0.5,32768
1453,0.541314439198202,0.9282175650395648,42,cuda,True,None,renyi_normalize_cubic,3,3,1,passthrough,SA_VSA_OGM,0.5,0.5,32768
1454,0.4202877789565566,0.9204785754982778,42,cuda,True,None,renyi_normalize_cubic,3,5,1,passthrough,SA_VSA_OGM,0.5,0.5,32768
1455,0.5043005584949384,0.8511610138589378,42,cuda,True,None,renyi_normalize_cubic,5,1,1,passthrough,SA_VSA_OGM,0.5,0.5,32768
1456,0.6919185457694853,0.9454195465978604,42,cuda,True,None,renyi_normalize_cubic,5,3,1,passthrough,SA_VSA_OGM,0.5,0.5,32768
1457,0.7461536304663624,0.9400391858639,42,cuda,True,None,renyi_normalize_cubic,5,5,1,passthrough,SA_VSA_OGM,0.5,0.5,32768
1458,0.7700807601460092,0.3845150533131435,42,cuda,True,None,renyi,1,1,1,passthrough,SA_VSA_OGM,0.5,1.0,32768
1459,1.240289402406532,0.4092745497842808,42,cuda,True,None,renyi,1,3,1,passthrough,SA_VSA_OGM,0.5,1.0,32768
1460,1.161171714939956,0.7014093151388774,42,cuda,True,None,renyi,1,5,1,passthrough,SA_VSA_OGM,0.5,1.0,32768
1461,0.8257414623193481,0.6074952646293535,42,cuda,True,None,renyi,3,1,1,passthrough,SA_VSA_OGM,0.5,1.0,32768
1462,0.7168142430671168,0.6238270546953599,42,cuda,True,None,renyi,3,3,1,passthrough,SA_VSA_OGM,0.5,1.0,32768
1463,0.5845414744120291,0.834548184547625,42,cuda,True,None,renyi,3,5,1,passthrough,SA_VSA_OGM,0.5,1.0,32768
1464,1.06972927393581,0.409884923819922,42,cuda,True,None,renyi,5,1,1,passthrough,SA_VSA_OGM,0.5,1.0,32768
1465,0.678084887294379,0.6142923880240266,42,cuda,True,None,renyi,5,3,1,passthrough,SA_VSA_OGM,0.5,1.0,32768
1466,0.6374008820267497,0.8326901522339542,42,cuda,True,None,renyi,5,5,1,passthrough,SA_VSA_OGM,0.5,1.0,32768
1467,0.4299566304599021,0.8906708396159003,42,cuda,True,None,renyi_squaring,1,1,1,passthrough,SA_VSA_OGM,0.5,1.0,32768
1468,0.4439784771622532,0.8969186270070527,42,cuda,True,None,renyi_squaring,1,3,1,passthrough,SA_VSA_OGM,0.5,1.0,32768
1469,0.39441267730155455,0.8870438004135335,42,cuda,True,None,renyi_squaring,1,5,1,passthrough,SA_VSA_OGM,0.5,1.0,32768
1470,0.4960557913293625,0.8727595978537817,42,cuda,True,None,renyi_squaring,3,1,1,passthrough,SA_VSA_OGM,0.5,1.0,32768
1471,0.4020673374262479,0.9242687513836548,42,cuda,True,None,renyi_squaring,3,3,1,passthrough,SA_VSA_OGM,0.5,1.0,32768
1472,0.4971822994940538,0.893255447266994,42,cuda,True,None,renyi_squaring,3,5,1,passthrough,SA_VSA_OGM,0.5,1.0,32768
1473,0.582403515618923,0.7667829201464196,42,cuda,True,None,renyi_squaring,5,1,1,passthrough,SA_VSA_OGM,0.5,1.0,32768
1474,0.534394537883254,0.8986216830077332,42,cuda,True,None,renyi_squaring,5,3,1,passthrough,SA_VSA_OGM,0.5,1.0,32768
1475,0.5089655956443994,0.9129297215331664,42,cuda,True,None,renyi_squaring,5,5,1,passthrough,SA_VSA_OGM,0.5,1.0,32768
1476,0.7277734833464894,0.8817895282689894,42,cuda,True,None,renyi_cubic,1,1,1,passthrough,SA_VSA_OGM,0.5,1.0,32768
1477,0.3953713528949713,0.8933070764052938,42,cuda,True,None,renyi_cubic,1,3,1,passthrough,SA_VSA_OGM,0.5,1.0,32768
1478,0.415601413395597,0.8718540382244064,42,cuda,True,None,renyi_cubic,1,5,1,passthrough,SA_VSA_OGM,0.5,1.0,32768
1479,0.5748703461605695,0.8668519016887054,42,cuda,True,None,renyi_cubic,3,1,1,passthrough,SA_VSA_OGM,0.5,1.0,32768
1480,0.4889765000905342,0.8452797730030674,42,cuda,True,None,renyi_cubic,3,3,1,passthrough,SA_VSA_OGM,0.5,1.0,32768
1481,0.5958763996325934,0.8221884670023937,42,cuda,True,None,renyi_cubic,3,5,1,passthrough,SA_VSA_OGM,0.5,1.0,32768
1482,0.7999271116389883,0.8148719132645904,42,cuda,True,None,renyi_cubic,5,1,1,passthrough,SA_VSA_OGM,0.5,1.0,32768
1483,0.5618770714099672,0.8065445269953384,42,cuda,True,None,renyi_cubic,5,3,1,passthrough,SA_VSA_OGM,0.5,1.0,32768
1484,0.5926071884791503,0.7980710933375019,42,cuda,True,None,renyi_cubic,5,5,1,passthrough,SA_VSA_OGM,0.5,1.0,32768
1485,0.7027601734533081,0.5327672741016374,42,cuda,True,None,renyi_normalize,1,1,1,passthrough,SA_VSA_OGM,0.5,1.0,32768
1486,1.2142047586983802,0.4757740733737989,42,cuda,True,None,renyi_normalize,1,3,1,passthrough,SA_VSA_OGM,0.5,1.0,32768
1487,1.5435409111601217,0.671441899898514,42,cuda,True,None,renyi_normalize,1,5,1,passthrough,SA_VSA_OGM,0.5,1.0,32768
1488,0.8791655497699711,0.5532466799824356,42,cuda,True,None,renyi_normalize,3,1,1,passthrough,SA_VSA_OGM,0.5,1.0,32768
1489,0.6794124146304373,0.5846195156058487,42,cuda,True,None,renyi_normalize,3,3,1,passthrough,SA_VSA_OGM,0.5,1.0,32768
1490,0.8461224311805244,0.8205974389409909,42,cuda,True,None,renyi_normalize,3,5,1,passthrough,SA_VSA_OGM,0.5,1.0,32768
1491,1.0759480224402986,0.5370253568034931,42,cuda,True,None,renyi_normalize,5,1,1,passthrough,SA_VSA_OGM,0.5,1.0,32768
1492,0.6754660807071992,0.600650472513119,42,cuda,True,None,renyi_normalize,5,3,1,passthrough,SA_VSA_OGM,0.5,1.0,32768
1493,0.5971382069393606,0.8920142137022397,42,cuda,True,None,renyi_normalize,5,5,1,passthrough,SA_VSA_OGM,0.5,1.0,32768
1494,0.5629077049629659,0.7909382223399466,42,cuda,True,None,renyi_normalize_squaring,1,1,1,passthrough,SA_VSA_OGM,0.5,1.0,32768
1495,0.7379791052103867,0.9478403609801564,42,cuda,True,None,renyi_normalize_squaring,1,3,1,passthrough,SA_VSA_OGM,0.5,1.0,32768
1496,0.9258057949383172,0.9345959774986274,42,cuda,True,None,renyi_normalize_squaring,1,5,1,passthrough,SA_VSA_OGM,0.5,1.0,32768
1497,0.7655499082205087,0.8431299166256498,42,cuda,True,None,renyi_normalize_squaring,3,1,1,passthrough,SA_VSA_OGM,0.5,1.0,32768
1498,0.4148356563020418,0.9367220148236344,42,cuda,True,None,renyi_normalize_squaring,3,3,1,passthrough,SA_VSA_OGM,0.5,1.0,32768
1499,0.3853425835339867,0.9247156483239652,42,cuda,True,None,renyi_normalize_squaring,3,5,1,passthrough,SA_VSA_OGM,0.5,1.0,32768
1500,0.8385370715827228,0.7154643390481181,42,cuda,True,None,renyi_normalize_squaring,5,1,1,passthrough,SA_VSA_OGM,0.5,1.0,32768
1501,0.435958779016736,0.9469971198354652,42,cuda,True,None,renyi_normalize_squaring,5,3,1,passthrough,SA_VSA_OGM,0.5,1.0,32768
1502,0.415343599068739,0.9346849648377044,42,cuda,True,None,renyi_normalize_squaring,5,5,1,passthrough,SA_VSA_OGM,0.5,1.0,32768
1503,0.39215664307251824,0.9243466068792427,42,cuda,True,None,renyi_normalize_cubic,1,1,1,passthrough,SA_VSA_OGM,0.5,1.0,32768
1504,0.4914700614607997,0.9422032080855652,42,cuda,True,None,renyi_normalize_cubic,1,3,1,passthrough,SA_VSA_OGM,0.5,1.0,32768
1505,0.4683906576579476,0.9401784342565618,42,cuda,True,None,renyi_normalize_cubic,1,5,1,passthrough,SA_VSA_OGM,0.5,1.0,32768
1506,0.563875061632168,0.8872576721000333,42,cuda,True,None,renyi_normalize_cubic,3,1,1,passthrough,SA_VSA_OGM,0.5,1.0,32768
1507,0.3447986457862104,0.9431892375806044,42,cuda,True,None,renyi_normalize_cubic,3,3,1,passthrough,SA_VSA_OGM,0.5,1.0,32768
1508,0.3435271994290271,0.927336960410839,42,cuda,True,None,renyi_normalize_cubic,3,5,1,passthrough,SA_VSA_OGM,0.5,1.0,32768
1509,0.6171790690152898,0.8266000751240534,42,cuda,True,None,renyi_normalize_cubic,5,1,1,passthrough,SA_VSA_OGM,0.5,1.0,32768
1510,0.3993704053342484,0.9379624047762276,42,cuda,True,None,renyi_normalize_cubic,5,3,1,passthrough,SA_VSA_OGM,0.5,1.0,32768
1511,0.4312585608099813,0.9507353910477008,42,cuda,True,None,renyi_normalize_cubic,5,5,1,passthrough,SA_VSA_OGM,0.5,1.0,32768
1512,0.6790095698633655,0.6136440822675322,42,cuda,True,None,renyi,1,1,1,passthrough,SA_VSA_OGM,0.5,0.1,16384
1513,0.6457999253293416,0.7307564526145683,42,cuda,True,None,renyi,1,3,1,passthrough,SA_VSA_OGM,0.5,0.1,16384
1514,0.7377737133297705,0.6584859823888275,42,cuda,True,None,renyi,1,5,1,passthrough,SA_VSA_OGM,0.5,0.1,16384
1515,0.6577810682636621,0.78364327565534,42,cuda,True,None,renyi,3,1,1,passthrough,SA_VSA_OGM,0.5,0.1,16384
1516,0.6481759899715106,0.6694172288338707,42,cuda,True,None,renyi,3,3,1,passthrough,SA_VSA_OGM,0.5,0.1,16384
1517,0.5257699844029904,0.8317156014561271,42,cuda,True,None,renyi,3,5,1,passthrough,SA_VSA_OGM,0.5,0.1,16384
1518,0.6223337486114185,0.7182643419509861,42,cuda,True,None,renyi,5,1,1,passthrough,SA_VSA_OGM,0.5,0.1,16384
1519,0.5959487408440358,0.8189621189170722,42,cuda,True,None,renyi,5,3,1,passthrough,SA_VSA_OGM,0.5,0.1,16384
1520,0.7380788126912626,0.7245899731576918,42,cuda,True,None,renyi,5,5,1,passthrough,SA_VSA_OGM,0.5,0.1,16384
1521,16.900156591201906,0.5311381892830529,42,cuda,True,None,renyi_squaring,1,1,1,passthrough,SA_VSA_OGM,0.5,0.1,16384
1522,15.941768790879689,0.5577265805212591,42,cuda,True,None,renyi_squaring,1,3,1,passthrough,SA_VSA_OGM,0.5,0.1,16384
1523,17.335607520501497,0.5190598070452753,42,cuda,True,None,renyi_squaring,1,5,1,passthrough,SA_VSA_OGM,0.5,0.1,16384
1524,13.468811962853591,0.5738863382155381,42,cuda,True,None,renyi_squaring,3,1,1,passthrough,SA_VSA_OGM,0.5,0.1,16384
1525,13.82844815188668,0.5521980398638927,42,cuda,True,None,renyi_squaring,3,3,1,passthrough,SA_VSA_OGM,0.5,0.1,16384
1526,10.245199330063953,0.5984555393074271,42,cuda,True,None,renyi_squaring,3,5,1,passthrough,SA_VSA_OGM,0.5,0.1,16384
1527,7.350695177937624,0.6320125525490208,42,cuda,True,None,renyi_squaring,5,1,1,passthrough,SA_VSA_OGM,0.5,0.1,16384
1528,7.165148932093266,0.6275908413337353,42,cuda,True,None,renyi_squaring,5,3,1,passthrough,SA_VSA_OGM,0.5,0.1,16384
1529,7.350799230335814,0.632013451221673,42,cuda,True,None,renyi_squaring,5,5,1,passthrough,SA_VSA_OGM,0.5,0.1,16384
1530,18.02272355383857,0.5,42,cuda,True,None,renyi_cubic,1,1,1,passthrough,SA_VSA_OGM,0.5,0.1,16384
1531,18.02267815472815,0.5,42,cuda,True,None,renyi_cubic,1,3,1,passthrough,SA_VSA_OGM,0.5,0.1,16384
1532,18.022699991537525,0.5,42,cuda,True,None,renyi_cubic,1,5,1,passthrough,SA_VSA_OGM,0.5,0.1,16384
1533,18.022699422243537,0.5,42,cuda,True,None,renyi_cubic,3,1,1,passthrough,SA_VSA_OGM,0.5,0.1,16384
1534,18.022732398273327,0.5,42,cuda,True,None,renyi_cubic,3,3,1,passthrough,SA_VSA_OGM,0.5,0.1,16384
1535,18.022653588888556,0.5,42,cuda,True,None,renyi_cubic,3,5,1,passthrough,SA_VSA_OGM,0.5,0.1,16384
1536,18.02266421787368,0.5,42,cuda,True,None,renyi_cubic,5,1,1,passthrough,SA_VSA_OGM,0.5,0.1,16384
1537,18.022641353886517,0.5,42,cuda,True,None,renyi_cubic,5,3,1,passthrough,SA_VSA_OGM,0.5,0.1,16384
1538,18.022674281939853,0.5,42,cuda,True,None,renyi_cubic,5,5,1,passthrough,SA_VSA_OGM,0.5,0.1,16384
1539,0.6879436086227221,0.5593979819181734,42,cuda,True,None,renyi_normalize,1,1,1,passthrough,SA_VSA_OGM,0.5,0.1,16384
1540,1.2017477127368503,0.5337984517825357,42,cuda,True,None,renyi_normalize,1,3,1,passthrough,SA_VSA_OGM,0.5,0.1,16384
1541,0.8187898980787488,0.6275248142487326,42,cuda,True,None,renyi_normalize,1,5,1,passthrough,SA_VSA_OGM,0.5,0.1,16384
1542,0.7125975682861748,0.6270774797854938,42,cuda,True,None,renyi_normalize,3,1,1,passthrough,SA_VSA_OGM,0.5,0.1,16384
1543,0.7160888687473999,0.583124906165425,42,cuda,True,None,renyi_normalize,3,3,1,passthrough,SA_VSA_OGM,0.5,0.1,16384
1544,0.6864181396983081,0.6967704940854373,42,cuda,True,None,renyi_normalize,3,5,1,passthrough,SA_VSA_OGM,0.5,0.1,16384
1545,0.9108575987092044,0.40092128076701006,42,cuda,True,None,renyi_normalize,5,1,1,passthrough,SA_VSA_OGM,0.5,0.1,16384
1546,0.6776907234116346,0.5857467939182259,42,cuda,True,None,renyi_normalize,5,3,1,passthrough,SA_VSA_OGM,0.5,0.1,16384
1547,0.6201232272409151,0.7340523756467706,42,cuda,True,None,renyi_normalize,5,5,1,passthrough,SA_VSA_OGM,0.5,0.1,16384
1548,0.6604817372197407,0.6653213522901643,42,cuda,True,None,renyi_normalize_squaring,1,1,1,passthrough,SA_VSA_OGM,0.5,0.1,16384
1549,0.9154978628820124,0.6877961184471809,42,cuda,True,None,renyi_normalize_squaring,1,3,1,passthrough,SA_VSA_OGM,0.5,0.1,16384
1550,0.8775452409312327,0.7647314395817094,42,cuda,True,None,renyi_normalize_squaring,1,5,1,passthrough,SA_VSA_OGM,0.5,0.1,16384
1551,0.6811569085975865,0.6348264746398361,42,cuda,True,None,renyi_normalize_squaring,3,1,1,passthrough,SA_VSA_OGM,0.5,0.1,16384
1552,0.7264165294637595,0.6770499297694109,42,cuda,True,None,renyi_normalize_squaring,3,3,1,passthrough,SA_VSA_OGM,0.5,0.1,16384
1553,0.7856529455428781,0.8221069634675104,42,cuda,True,None,renyi_normalize_squaring,3,5,1,passthrough,SA_VSA_OGM,0.5,0.1,16384
1554,0.6586384280135454,0.6635045527212987,42,cuda,True,None,renyi_normalize_squaring,5,1,1,passthrough,SA_VSA_OGM,0.5,0.1,16384
1555,0.6902305345752837,0.6778430974125611,42,cuda,True,None,renyi_normalize_squaring,5,3,1,passthrough,SA_VSA_OGM,0.5,0.1,16384
1556,0.7831829288836035,0.8171825917621663,42,cuda,True,None,renyi_normalize_squaring,5,5,1,passthrough,SA_VSA_OGM,0.5,0.1,16384
1557,0.8284792491278196,0.8362161185442724,42,cuda,True,None,renyi_normalize_cubic,1,1,1,passthrough,SA_VSA_OGM,0.5,0.1,16384
1558,1.1154886995077873,0.8304114635941846,42,cuda,True,None,renyi_normalize_cubic,1,3,1,passthrough,SA_VSA_OGM,0.5,0.1,16384
1559,1.2406970221172715,0.7374037559785749,42,cuda,True,None,renyi_normalize_cubic,1,5,1,passthrough,SA_VSA_OGM,0.5,0.1,16384
1560,0.5834942652230845,0.8229121116237043,42,cuda,True,None,renyi_normalize_cubic,3,1,1,passthrough,SA_VSA_OGM,0.5,0.1,16384
1561,0.6256724376044887,0.7904799363085808,42,cuda,True,None,renyi_normalize_cubic,3,3,1,passthrough,SA_VSA_OGM,0.5,0.1,16384
1562,0.8641088900218604,0.8163571098224521,42,cuda,True,None,renyi_normalize_cubic,3,5,1,passthrough,SA_VSA_OGM,0.5,0.1,16384
1563,0.6481693966305203,0.704643716021689,42,cuda,True,None,renyi_normalize_cubic,5,1,1,passthrough,SA_VSA_OGM,0.5,0.1,16384
1564,0.6055776144492149,0.8845419465690769,42,cuda,True,None,renyi_normalize_cubic,5,3,1,passthrough,SA_VSA_OGM,0.5,0.1,16384
1565,0.8387001961975892,0.8032640728942391,42,cuda,True,None,renyi_normalize_cubic,5,5,1,passthrough,SA_VSA_OGM,0.5,0.1,16384
1566,0.5582332981619601,0.8015389054881249,42,cuda,True,None,renyi,1,1,1,passthrough,SA_VSA_OGM,0.5,0.2,16384
1567,0.7730590483893676,0.777517265314308,42,cuda,True,None,renyi,1,3,1,passthrough,SA_VSA_OGM,0.5,0.2,16384
1568,0.6665940726246385,0.8602240800286529,42,cuda,True,None,renyi,1,5,1,passthrough,SA_VSA_OGM,0.5,0.2,16384
1569,0.5468668278527931,0.8225091110517299,42,cuda,True,None,renyi,3,1,1,passthrough,SA_VSA_OGM,0.5,0.2,16384
1570,0.49332511059222933,0.9097253912778196,42,cuda,True,None,renyi,3,3,1,passthrough,SA_VSA_OGM,0.5,0.2,16384
1571,0.5764496859283547,0.8338610337385151,42,cuda,True,None,renyi,3,5,1,passthrough,SA_VSA_OGM,0.5,0.2,16384
1572,0.6036455734741736,0.7417657724120573,42,cuda,True,None,renyi,5,1,1,passthrough,SA_VSA_OGM,0.5,0.2,16384
1573,0.636502789095174,0.7641781215580062,42,cuda,True,None,renyi,5,3,1,passthrough,SA_VSA_OGM,0.5,0.2,16384
1574,0.5868854724110499,0.910746110629088,42,cuda,True,None,renyi,5,5,1,passthrough,SA_VSA_OGM,0.5,0.2,16384
1575,3.299130304241518,0.7209591670749786,42,cuda,True,None,renyi_squaring,1,1,1,passthrough,SA_VSA_OGM,0.5,0.2,16384
1576,2.6369340968213764,0.779333521431641,42,cuda,True,None,renyi_squaring,1,3,1,passthrough,SA_VSA_OGM,0.5,0.2,16384
1577,0.7430593885817101,0.7382312503266218,42,cuda,True,None,renyi_squaring,1,5,1,passthrough,SA_VSA_OGM,0.5,0.2,16384
1578,0.8632277895854243,0.7217859587056138,42,cuda,True,None,renyi_squaring,3,1,1,passthrough,SA_VSA_OGM,0.5,0.2,16384
1579,0.9838359501531734,0.7059266700490461,42,cuda,True,None,renyi_squaring,3,3,1,passthrough,SA_VSA_OGM,0.5,0.2,16384
1580,0.5958722971211684,0.7406505397647235,42,cuda,True,None,renyi_squaring,3,5,1,passthrough,SA_VSA_OGM,0.5,0.2,16384
1581,1.2276802568644067,0.618937182939137,42,cuda,True,None,renyi_squaring,5,1,1,passthrough,SA_VSA_OGM,0.5,0.2,16384
1582,0.7846946718008514,0.6722888502562221,42,cuda,True,None,renyi_squaring,5,3,1,passthrough,SA_VSA_OGM,0.5,0.2,16384
1583,0.6566206907175105,0.6880233904269234,42,cuda,True,None,renyi_squaring,5,5,1,passthrough,SA_VSA_OGM,0.5,0.2,16384
1584,18.022346476851695,0.5,42,cuda,True,None,renyi_cubic,1,1,1,passthrough,SA_VSA_OGM,0.5,0.2,16384
1585,18.02229203926995,0.5,42,cuda,True,None,renyi_cubic,1,3,1,passthrough,SA_VSA_OGM,0.5,0.2,16384
1586,18.022345821801547,0.5,42,cuda,True,None,renyi_cubic,1,5,1,passthrough,SA_VSA_OGM,0.5,0.2,16384
1587,18.022345494895223,0.5,42,cuda,True,None,renyi_cubic,3,1,1,passthrough,SA_VSA_OGM,0.5,0.2,16384
1588,18.02231276378525,0.5,42,cuda,True,None,renyi_cubic,3,3,1,passthrough,SA_VSA_OGM,0.5,0.2,16384
1589,18.022355637061136,0.5,42,cuda,True,None,renyi_cubic,3,5,1,passthrough,SA_VSA_OGM,0.5,0.2,16384
1590,18.022312152761707,0.5,42,cuda,True,None,renyi_cubic,5,1,1,passthrough,SA_VSA_OGM,0.5,0.2,16384
1591,18.022301066641937,0.5,42,cuda,True,None,renyi_cubic,5,3,1,passthrough,SA_VSA_OGM,0.5,0.2,16384
1592,18.022322317688303,0.5,42,cuda,True,None,renyi_cubic,5,5,1,passthrough,SA_VSA_OGM,0.5,0.2,16384
1593,0.6920330715003782,0.5467026372483358,42,cuda,True,None,renyi_normalize,1,1,1,passthrough,SA_VSA_OGM,0.5,0.2,16384
1594,0.8795803644454638,0.7104658441458922,42,cuda,True,None,renyi_normalize,1,3,1,passthrough,SA_VSA_OGM,0.5,0.2,16384
1595,0.9048688632095429,0.8526737094886367,42,cuda,True,None,renyi_normalize,1,5,1,passthrough,SA_VSA_OGM,0.5,0.2,16384
1596,0.6871073867181254,0.7004362775479002,42,cuda,True,None,renyi_normalize,3,1,1,passthrough,SA_VSA_OGM,0.5,0.2,16384
1597,0.6248148561708895,0.7278703224124838,42,cuda,True,None,renyi_normalize,3,3,1,passthrough,SA_VSA_OGM,0.5,0.2,16384
1598,0.6909879287918859,0.80987777017341,42,cuda,True,None,renyi_normalize,3,5,1,passthrough,SA_VSA_OGM,0.5,0.2,16384
1599,0.9608745411805008,0.4472824015440109,42,cuda,True,None,renyi_normalize,5,1,1,passthrough,SA_VSA_OGM,0.5,0.2,16384
1600,0.7222603565774718,0.5312748121757027,42,cuda,True,None,renyi_normalize,5,3,1,passthrough,SA_VSA_OGM,0.5,0.2,16384
1601,0.6198753914664138,0.7802376034300637,42,cuda,True,None,renyi_normalize,5,5,1,passthrough,SA_VSA_OGM,0.5,0.2,16384
1602,0.5851560501563078,0.8223689843762062,42,cuda,True,None,renyi_normalize_squaring,1,1,1,passthrough,SA_VSA_OGM,0.5,0.2,16384
1603,0.8404796059357746,0.8829286832639018,42,cuda,True,None,renyi_normalize_squaring,1,3,1,passthrough,SA_VSA_OGM,0.5,0.2,16384
1604,0.9406016153122324,0.9142716056834456,42,cuda,True,None,renyi_normalize_squaring,1,5,1,passthrough,SA_VSA_OGM,0.5,0.2,16384
1605,0.5147477958607483,0.8634807388206671,42,cuda,True,None,renyi_normalize_squaring,3,1,1,passthrough,SA_VSA_OGM,0.5,0.2,16384
1606,0.6488759940835488,0.8929255471794275,42,cuda,True,None,renyi_normalize_squaring,3,3,1,passthrough,SA_VSA_OGM,0.5,0.2,16384
1607,0.5359947135993578,0.9283465123385692,42,cuda,True,None,renyi_normalize_squaring,3,5,1,passthrough,SA_VSA_OGM,0.5,0.2,16384
1608,0.5654556142305714,0.7929449869321316,42,cuda,True,None,renyi_normalize_squaring,5,1,1,passthrough,SA_VSA_OGM,0.5,0.2,16384
1609,0.639193391878353,0.9190205152561258,42,cuda,True,None,renyi_normalize_squaring,5,3,1,passthrough,SA_VSA_OGM,0.5,0.2,16384
1610,0.7716288017517826,0.8381141611292559,42,cuda,True,None,renyi_normalize_squaring,5,5,1,passthrough,SA_VSA_OGM,0.5,0.2,16384
1611,1.0550220723600234,0.8781672232164535,42,cuda,True,None,renyi_normalize_cubic,1,1,1,passthrough,SA_VSA_OGM,0.5,0.2,16384
1612,0.8984178476987221,0.92478335185029,42,cuda,True,None,renyi_normalize_cubic,1,3,1,passthrough,SA_VSA_OGM,0.5,0.2,16384
1613,0.9268758066928984,0.8979908941653431,42,cuda,True,None,renyi_normalize_cubic,1,5,1,passthrough,SA_VSA_OGM,0.5,0.2,16384
1614,0.4627885186847555,0.8985546892143947,42,cuda,True,None,renyi_normalize_cubic,3,1,1,passthrough,SA_VSA_OGM,0.5,0.2,16384
1615,0.6791159934341345,0.9197870349178802,42,cuda,True,None,renyi_normalize_cubic,3,3,1,passthrough,SA_VSA_OGM,0.5,0.2,16384
1616,0.8411040435431739,0.8393777483964171,42,cuda,True,None,renyi_normalize_cubic,3,5,1,passthrough,SA_VSA_OGM,0.5,0.2,16384
1617,0.6006012915395844,0.8410079962313025,42,cuda,True,None,renyi_normalize_cubic,5,1,1,passthrough,SA_VSA_OGM,0.5,0.2,16384
1618,0.9006830893696757,0.8884044846551992,42,cuda,True,None,renyi_normalize_cubic,5,3,1,passthrough,SA_VSA_OGM,0.5,0.2,16384
1619,0.9482674265340796,0.9389109382348158,42,cuda,True,None,renyi_normalize_cubic,5,5,1,passthrough,SA_VSA_OGM,0.5,0.2,16384
1620,0.6940887707980514,0.6311901278829556,42,cuda,True,None,renyi,1,1,1,passthrough,SA_VSA_OGM,0.5,0.5,16384
1621,0.8623361752834692,0.7702897355004319,42,cuda,True,None,renyi,1,3,1,passthrough,SA_VSA_OGM,0.5,0.5,16384
1622,0.7422197019999386,0.8618550851867446,42,cuda,True,None,renyi,1,5,1,passthrough,SA_VSA_OGM,0.5,0.5,16384
1623,0.7241945206842973,0.7429496661971362,42,cuda,True,None,renyi,3,1,1,passthrough,SA_VSA_OGM,0.5,0.5,16384
1624,0.5088651543699512,0.8979616309232448,42,cuda,True,None,renyi,3,3,1,passthrough,SA_VSA_OGM,0.5,0.5,16384
1625,0.45579404043471833,0.8910131982422287,42,cuda,True,None,renyi,3,5,1,passthrough,SA_VSA_OGM,0.5,0.5,16384
1626,0.7366322367281757,0.6822073873057884,42,cuda,True,None,renyi,5,1,1,passthrough,SA_VSA_OGM,0.5,0.5,16384
1627,0.5989383185657842,0.7446097144545869,42,cuda,True,None,renyi,5,3,1,passthrough,SA_VSA_OGM,0.5,0.5,16384
1628,0.5114413391098741,0.9035632415065744,42,cuda,True,None,renyi,5,5,1,passthrough,SA_VSA_OGM,0.5,0.5,16384
1629,0.43613782208899415,0.9126383209243978,42,cuda,True,None,renyi_squaring,1,1,1,passthrough,SA_VSA_OGM,0.5,0.5,16384
1630,0.4674095718727546,0.9088295025186476,42,cuda,True,None,renyi_squaring,1,3,1,passthrough,SA_VSA_OGM,0.5,0.5,16384
1631,0.5003689836545487,0.9039097146437788,42,cuda,True,None,renyi_squaring,1,5,1,passthrough,SA_VSA_OGM,0.5,0.5,16384
1632,0.5576149618230603,0.8642095317366556,42,cuda,True,None,renyi_squaring,3,1,1,passthrough,SA_VSA_OGM,0.5,0.5,16384
1633,0.47361347880473775,0.8654977072402031,42,cuda,True,None,renyi_squaring,3,3,1,passthrough,SA_VSA_OGM,0.5,0.5,16384
1634,0.4764619191665027,0.845506707850414,42,cuda,True,None,renyi_squaring,3,5,1,passthrough,SA_VSA_OGM,0.5,0.5,16384
1635,0.5847521566004986,0.7933755068614422,42,cuda,True,None,renyi_squaring,5,1,1,passthrough,SA_VSA_OGM,0.5,0.5,16384
1636,0.5234423212413022,0.8539243866243935,42,cuda,True,None,renyi_squaring,5,3,1,passthrough,SA_VSA_OGM,0.5,0.5,16384
1637,0.5396617212377273,0.8924108797447445,42,cuda,True,None,renyi_squaring,5,5,1,passthrough,SA_VSA_OGM,0.5,0.5,16384
1638,13.358400201444244,0.5949722379541098,42,cuda,True,None,renyi_cubic,1,1,1,passthrough,SA_VSA_OGM,0.5,0.5,16384
1639,12.762571191809949,0.6050759299038921,42,cuda,True,None,renyi_cubic,1,3,1,passthrough,SA_VSA_OGM,0.5,0.5,16384
1640,15.129715993786244,0.5802485076446906,42,cuda,True,None,renyi_cubic,1,5,1,passthrough,SA_VSA_OGM,0.5,0.5,16384
1641,9.705492621966014,0.6068361477663298,42,cuda,True,None,renyi_cubic,3,1,1,passthrough,SA_VSA_OGM,0.5,0.5,16384
1642,6.741170602184943,0.6356146677367198,42,cuda,True,None,renyi_cubic,3,3,1,passthrough,SA_VSA_OGM,0.5,0.5,16384
1643,5.965364418375517,0.6659274353202072,42,cuda,True,None,renyi_cubic,3,5,1,passthrough,SA_VSA_OGM,0.5,0.5,16384
1644,1.9477273107772333,0.6289355110982296,42,cuda,True,None,renyi_cubic,5,1,1,passthrough,SA_VSA_OGM,0.5,0.5,16384
1645,3.998847415708501,0.5986879811761214,42,cuda,True,None,renyi_cubic,5,3,1,passthrough,SA_VSA_OGM,0.5,0.5,16384
1646,4.695568477852029,0.6157791968516368,42,cuda,True,None,renyi_cubic,5,5,1,passthrough,SA_VSA_OGM,0.5,0.5,16384
1647,0.7157929927250992,0.48995791746056294,42,cuda,True,None,renyi_normalize,1,1,1,passthrough,SA_VSA_OGM,0.5,0.5,16384
1648,0.8256816870249333,0.6378021919330791,42,cuda,True,None,renyi_normalize,1,3,1,passthrough,SA_VSA_OGM,0.5,0.5,16384
1649,1.0066148382619182,0.8205040391774663,42,cuda,True,None,renyi_normalize,1,5,1,passthrough,SA_VSA_OGM,0.5,0.5,16384
1650,0.7868062009293886,0.7599503273573182,42,cuda,True,None,renyi_normalize,3,1,1,passthrough,SA_VSA_OGM,0.5,0.5,16384
1651,0.5995275378206153,0.7458998739123415,42,cuda,True,None,renyi_normalize,3,3,1,passthrough,SA_VSA_OGM,0.5,0.5,16384
1652,0.6254064006547746,0.8032662940770745,42,cuda,True,None,renyi_normalize,3,5,1,passthrough,SA_VSA_OGM,0.5,0.5,16384
1653,0.901661260666603,0.6822531022201106,42,cuda,True,None,renyi_normalize,5,1,1,passthrough,SA_VSA_OGM,0.5,0.5,16384
1654,0.6535392356085941,0.6288470698431881,42,cuda,True,None,renyi_normalize,5,3,1,passthrough,SA_VSA_OGM,0.5,0.5,16384
1655,0.5673743708871604,0.8536643307726786,42,cuda,True,None,renyi_normalize,5,5,1,passthrough,SA_VSA_OGM,0.5,0.5,16384
1656,0.5050446403482971,0.8795293153614078,42,cuda,True,None,renyi_normalize_squaring,1,1,1,passthrough,SA_VSA_OGM,0.5,0.5,16384
1657,0.7485986526069851,0.9276842171439094,42,cuda,True,None,renyi_normalize_squaring,1,3,1,passthrough,SA_VSA_OGM,0.5,0.5,16384
1658,0.8313329384253392,0.9279361425574502,42,cuda,True,None,renyi_normalize_squaring,1,5,1,passthrough,SA_VSA_OGM,0.5,0.5,16384
1659,0.4958481965480863,0.8969960259131209,42,cuda,True,None,renyi_normalize_squaring,3,1,1,passthrough,SA_VSA_OGM,0.5,0.5,16384
1660,0.4666241867938811,0.909821096937337,42,cuda,True,None,renyi_normalize_squaring,3,3,1,passthrough,SA_VSA_OGM,0.5,0.5,16384
1661,0.45317088942615513,0.913109242526943,42,cuda,True,None,renyi_normalize_squaring,3,5,1,passthrough,SA_VSA_OGM,0.5,0.5,16384
1662,0.5829618796691542,0.8087654844079197,42,cuda,True,None,renyi_normalize_squaring,5,1,1,passthrough,SA_VSA_OGM,0.5,0.5,16384
1663,0.5290904233752796,0.906986102982638,42,cuda,True,None,renyi_normalize_squaring,5,3,1,passthrough,SA_VSA_OGM,0.5,0.5,16384
1664,0.5173880447599385,0.9249244714502568,42,cuda,True,None,renyi_normalize_squaring,5,5,1,passthrough,SA_VSA_OGM,0.5,0.5,16384
1665,0.4323816143409871,0.935458008218658,42,cuda,True,None,renyi_normalize_cubic,1,1,1,passthrough,SA_VSA_OGM,0.5,0.5,16384
1666,0.45681468430733974,0.937948557450979,42,cuda,True,None,renyi_normalize_cubic,1,3,1,passthrough,SA_VSA_OGM,0.5,0.5,16384
1667,0.46413162508319133,0.9356961931000872,42,cuda,True,None,renyi_normalize_cubic,1,5,1,passthrough,SA_VSA_OGM,0.5,0.5,16384
1668,0.4060183054389677,0.9004230162403265,42,cuda,True,None,renyi_normalize_cubic,3,1,1,passthrough,SA_VSA_OGM,0.5,0.5,16384
1669,0.5354433662793416,0.9311601383259624,42,cuda,True,None,renyi_normalize_cubic,3,3,1,passthrough,SA_VSA_OGM,0.5,0.5,16384
1670,0.571583265546626,0.9127649981986724,42,cuda,True,None,renyi_normalize_cubic,3,5,1,passthrough,SA_VSA_OGM,0.5,0.5,16384
1671,0.5129842154135617,0.8167968649244088,42,cuda,True,None,renyi_normalize_cubic,5,1,1,passthrough,SA_VSA_OGM,0.5,0.5,16384
1672,0.6790501295965753,0.9373882936477004,42,cuda,True,None,renyi_normalize_cubic,5,3,1,passthrough,SA_VSA_OGM,0.5,0.5,16384
1673,0.6784405413799542,0.9497724648371022,42,cuda,True,None,renyi_normalize_cubic,5,5,1,passthrough,SA_VSA_OGM,0.5,0.5,16384
1674,1.2466747520260966,0.3700064354082946,42,cuda,True,None,renyi,1,1,1,passthrough,SA_VSA_OGM,0.5,1.0,16384
1675,1.4986239009449531,0.4465393978194609,42,cuda,True,None,renyi,1,3,1,passthrough,SA_VSA_OGM,0.5,1.0,16384
1676,1.2811507502858253,0.6377531007163426,42,cuda,True,None,renyi,1,5,1,passthrough,SA_VSA_OGM,0.5,1.0,16384
1677,0.9408765313666284,0.5733707032399686,42,cuda,True,None,renyi,3,1,1,passthrough,SA_VSA_OGM,0.5,1.0,16384
1678,0.6991073042122925,0.6655770106840376,42,cuda,True,None,renyi,3,3,1,passthrough,SA_VSA_OGM,0.5,1.0,16384
1679,0.6572987810760998,0.8044388609181701,42,cuda,True,None,renyi,3,5,1,passthrough,SA_VSA_OGM,0.5,1.0,16384
1680,0.8595511924746313,0.5218556399674076,42,cuda,True,None,renyi,5,1,1,passthrough,SA_VSA_OGM,0.5,1.0,16384
1681,0.7788066481806769,0.5264870790800573,42,cuda,True,None,renyi,5,3,1,passthrough,SA_VSA_OGM,0.5,1.0,16384
1682,0.7038541950339615,0.6725638384899966,42,cuda,True,None,renyi,5,5,1,passthrough,SA_VSA_OGM,0.5,1.0,16384
1683,0.40290266171534367,0.9195284976698046,42,cuda,True,None,renyi_squaring,1,1,1,passthrough,SA_VSA_OGM,0.5,1.0,16384
1684,0.4038212719718626,0.911780037458124,42,cuda,True,None,renyi_squaring,1,3,1,passthrough,SA_VSA_OGM,0.5,1.0,16384
1685,0.440683526323831,0.8713917659735685,42,cuda,True,None,renyi_squaring,1,5,1,passthrough,SA_VSA_OGM,0.5,1.0,16384
1686,0.5088829300995114,0.8918678809145394,42,cuda,True,None,renyi_squaring,3,1,1,passthrough,SA_VSA_OGM,0.5,1.0,16384
1687,0.4017140829267789,0.937771301235696,42,cuda,True,None,renyi_squaring,3,3,1,passthrough,SA_VSA_OGM,0.5,1.0,16384
1688,0.4697370727407216,0.8925919062957397,42,cuda,True,None,renyi_squaring,3,5,1,passthrough,SA_VSA_OGM,0.5,1.0,16384
1689,0.5713453417449273,0.7781873214132655,42,cuda,True,None,renyi_squaring,5,1,1,passthrough,SA_VSA_OGM,0.5,1.0,16384
1690,0.5093270961244325,0.918315852857868,42,cuda,True,None,renyi_squaring,5,3,1,passthrough,SA_VSA_OGM,0.5,1.0,16384
1691,0.5052295797738637,0.9270377103033538,42,cuda,True,None,renyi_squaring,5,5,1,passthrough,SA_VSA_OGM,0.5,1.0,16384
1692,0.6527035478235118,0.8792590878780849,42,cuda,True,None,renyi_cubic,1,1,1,passthrough,SA_VSA_OGM,0.5,1.0,16384
1693,0.4550041277791146,0.8861131174080339,42,cuda,True,None,renyi_cubic,1,3,1,passthrough,SA_VSA_OGM,0.5,1.0,16384
1694,0.4326704850847955,0.870109374491791,42,cuda,True,None,renyi_cubic,1,5,1,passthrough,SA_VSA_OGM,0.5,1.0,16384
1695,0.673059124577948,0.8388789518080325,42,cuda,True,None,renyi_cubic,3,1,1,passthrough,SA_VSA_OGM,0.5,1.0,16384
1696,0.4963895435773665,0.8428821447821301,42,cuda,True,None,renyi_cubic,3,3,1,passthrough,SA_VSA_OGM,0.5,1.0,16384
1697,0.6140435046914599,0.8253065851066279,42,cuda,True,None,renyi_cubic,3,5,1,passthrough,SA_VSA_OGM,0.5,1.0,16384
1698,0.9028651642093548,0.7618883379353648,42,cuda,True,None,renyi_cubic,5,1,1,passthrough,SA_VSA_OGM,0.5,1.0,16384
1699,0.5572552168914601,0.8148346402917102,42,cuda,True,None,renyi_cubic,5,3,1,passthrough,SA_VSA_OGM,0.5,1.0,16384
1700,0.5585342479136822,0.8319097000747114,42,cuda,True,None,renyi_cubic,5,5,1,passthrough,SA_VSA_OGM,0.5,1.0,16384
1701,0.7229636237540239,0.45609701271794106,42,cuda,True,None,renyi_normalize,1,1,1,passthrough,SA_VSA_OGM,0.5,1.0,16384
1702,1.0066289637827996,0.4276751587824869,42,cuda,True,None,renyi_normalize,1,3,1,passthrough,SA_VSA_OGM,0.5,1.0,16384
1703,1.49851616189335,0.6881477871409167,42,cuda,True,None,renyi_normalize,1,5,1,passthrough,SA_VSA_OGM,0.5,1.0,16384
1704,0.7189765858552277,0.6164591238233794,42,cuda,True,None,renyi_normalize,3,1,1,passthrough,SA_VSA_OGM,0.5,1.0,16384
1705,0.7028955260356977,0.6278583730538603,42,cuda,True,None,renyi_normalize,3,3,1,passthrough,SA_VSA_OGM,0.5,1.0,16384
1706,0.9505160205515966,0.7172472633078224,42,cuda,True,None,renyi_normalize,3,5,1,passthrough,SA_VSA_OGM,0.5,1.0,16384
1707,1.2082846197339727,0.6080155835499517,42,cuda,True,None,renyi_normalize,5,1,1,passthrough,SA_VSA_OGM,0.5,1.0,16384
1708,0.767985581581991,0.5603891879161405,42,cuda,True,None,renyi_normalize,5,3,1,passthrough,SA_VSA_OGM,0.5,1.0,16384
1709,0.8081004502321386,0.6213467701330119,42,cuda,True,None,renyi_normalize,5,5,1,passthrough,SA_VSA_OGM,0.5,1.0,16384
1710,0.5485338766438006,0.8170880609484867,42,cuda,True,None,renyi_normalize_squaring,1,1,1,passthrough,SA_VSA_OGM,0.5,1.0,16384
1711,0.7343707580641017,0.9399820891985552,42,cuda,True,None,renyi_normalize_squaring,1,3,1,passthrough,SA_VSA_OGM,0.5,1.0,16384
1712,0.8919303099526205,0.9439615462098342,42,cuda,True,None,renyi_normalize_squaring,1,5,1,passthrough,SA_VSA_OGM,0.5,1.0,16384
1713,0.7453327721660663,0.8570647598603429,42,cuda,True,None,renyi_normalize_squaring,3,1,1,passthrough,SA_VSA_OGM,0.5,1.0,16384
1714,0.4096330197081696,0.9459361266928742,42,cuda,True,None,renyi_normalize_squaring,3,3,1,passthrough,SA_VSA_OGM,0.5,1.0,16384
1715,0.3699235011818026,0.937889313634523,42,cuda,True,None,renyi_normalize_squaring,3,5,1,passthrough,SA_VSA_OGM,0.5,1.0,16384
1716,1.0046230063265194,0.7093229690469605,42,cuda,True,None,renyi_normalize_squaring,5,1,1,passthrough,SA_VSA_OGM,0.5,1.0,16384
1717,0.466637312826425,0.9267858597946376,42,cuda,True,None,renyi_normalize_squaring,5,3,1,passthrough,SA_VSA_OGM,0.5,1.0,16384
1718,0.4380476035609204,0.9224079232701712,42,cuda,True,None,renyi_normalize_squaring,5,5,1,passthrough,SA_VSA_OGM,0.5,1.0,16384
1719,0.41165003195291294,0.9053492048897416,42,cuda,True,None,renyi_normalize_cubic,1,1,1,passthrough,SA_VSA_OGM,0.5,1.0,16384
1720,0.5227903920542395,0.9405237568212272,42,cuda,True,None,renyi_normalize_cubic,1,3,1,passthrough,SA_VSA_OGM,0.5,1.0,16384
1721,0.553743696591217,0.9468153347581916,42,cuda,True,None,renyi_normalize_cubic,1,5,1,passthrough,SA_VSA_OGM,0.5,1.0,16384
1722,0.5865051122922538,0.9028796630992384,42,cuda,True,None,renyi_normalize_cubic,3,1,1,passthrough,SA_VSA_OGM,0.5,1.0,16384
1723,0.34770872041276474,0.944147844027818,42,cuda,True,None,renyi_normalize_cubic,3,3,1,passthrough,SA_VSA_OGM,0.5,1.0,16384
1724,0.33665911872397153,0.940649261277652,42,cuda,True,None,renyi_normalize_cubic,3,5,1,passthrough,SA_VSA_OGM,0.5,1.0,16384
1725,0.6303761375850337,0.7547772351552021,42,cuda,True,None,renyi_normalize_cubic,5,1,1,passthrough,SA_VSA_OGM,0.5,1.0,16384
1726,0.4126343676970018,0.9237245277811672,42,cuda,True,None,renyi_normalize_cubic,5,3,1,passthrough,SA_VSA_OGM,0.5,1.0,16384
1727,0.4593199398886824,0.9327768758350096,42,cuda,True,None,renyi_normalize_cubic,5,5,1,passthrough,SA_VSA_OGM,0.5,1.0,16384
1728,1.0595575442469218,0.596658735917447,42,cuda,True,None,renyi,1,1,1,passthrough,SA_VSA_OGM,0.5,0.1,8192
1729,1.106523777411453,0.5705868744296223,42,cuda,True,None,renyi,1,3,1,passthrough,SA_VSA_OGM,0.5,0.1,8192
1730,0.5956321701094659,0.8135027082742684,42,cuda,True,None,renyi,1,5,1,passthrough,SA_VSA_OGM,0.5,0.1,8192
1731,0.7298195765093793,0.6324879987326135,42,cuda,True,None,renyi,3,1,1,passthrough,SA_VSA_OGM,0.5,0.1,8192
1732,0.6777768373209759,0.7030059749828678,42,cuda,True,None,renyi,3,3,1,passthrough,SA_VSA_OGM,0.5,0.1,8192
1733,0.5745931073754494,0.8156432796655639,42,cuda,True,None,renyi,3,5,1,passthrough,SA_VSA_OGM,0.5,0.1,8192
1734,0.6388035634514465,0.689515218192683,42,cuda,True,None,renyi,5,1,1,passthrough,SA_VSA_OGM,0.5,0.1,8192
1735,0.6621508061968348,0.7129516911947231,42,cuda,True,None,renyi,5,3,1,passthrough,SA_VSA_OGM,0.5,0.1,8192
1736,0.6604321755331486,0.6894009029039709,42,cuda,True,None,renyi,5,5,1,passthrough,SA_VSA_OGM,0.5,0.1,8192
1737,17.362922481238584,0.518295385861891,42,cuda,True,None,renyi_squaring,1,1,1,passthrough,SA_VSA_OGM,0.5,0.1,8192
1738,16.454743514061548,0.5434908057205524,42,cuda,True,None,renyi_squaring,1,3,1,passthrough,SA_VSA_OGM,0.5,0.1,8192
1739,16.06272491231835,0.5543651225746649,42,cuda,True,None,renyi_squaring,1,5,1,passthrough,SA_VSA_OGM,0.5,0.1,8192
1740,11.93941001913631,0.5856381838734295,42,cuda,True,None,renyi_squaring,3,1,1,passthrough,SA_VSA_OGM,0.5,0.1,8192
1741,13.686158900290405,0.5528277053575174,42,cuda,True,None,renyi_squaring,3,3,1,passthrough,SA_VSA_OGM,0.5,0.1,8192
1742,11.752720170314989,0.5735879260466292,42,cuda,True,None,renyi_squaring,3,5,1,passthrough,SA_VSA_OGM,0.5,0.1,8192
1743,7.182773176668731,0.5805247138955462,42,cuda,True,None,renyi_squaring,5,1,1,passthrough,SA_VSA_OGM,0.5,0.1,8192
1744,11.510650266717006,0.5350835666466058,42,cuda,True,None,renyi_squaring,5,3,1,passthrough,SA_VSA_OGM,0.5,0.1,8192
1745,18.02231820785957,0.5,42,cuda,True,None,renyi_squaring,5,5,1,passthrough,SA_VSA_OGM,0.5,0.1,8192
1746,18.02231792651252,0.5,42,cuda,True,None,renyi_cubic,1,1,1,passthrough,SA_VSA_OGM,0.5,0.1,8192
1747,18.022317645487373,0.5,42,cuda,True,None,renyi_cubic,1,3,1,passthrough,SA_VSA_OGM,0.5,0.1,8192
1748,18.022356618401584,0.5,42,cuda,True,None,renyi_cubic,1,5,1,passthrough,SA_VSA_OGM,0.5,0.1,8192
1749,18.0223661233848,0.5,42,cuda,True,None,renyi_cubic,3,1,1,passthrough,SA_VSA_OGM,0.5,0.1,8192
1750,18.02235601312021,0.5,42,cuda,True,None,renyi_cubic,3,3,1,passthrough,SA_VSA_OGM,0.5,0.1,8192
1751,18.022336117796293,0.5,42,cuda,True,None,renyi_cubic,3,5,1,passthrough,SA_VSA_OGM,0.5,0.1,8192
1752,18.022365200232215,0.5,42,cuda,True,None,renyi_cubic,5,1,1,passthrough,SA_VSA_OGM,0.5,0.1,8192
1753,18.022355107786296,0.5,42,cuda,True,None,renyi_cubic,5,3,1,passthrough,SA_VSA_OGM,0.5,0.1,8192
1754,18.022384146259338,0.5,42,cuda,True,None,renyi_cubic,5,5,1,passthrough,SA_VSA_OGM,0.5,0.1,8192
1755,0.7518181159290325,0.4757581583974973,42,cuda,True,None,renyi_normalize,1,1,1,passthrough,SA_VSA_OGM,0.5,0.1,8192
1756,0.8141147705503816,0.5819155775373993,42,cuda,True,None,renyi_normalize,1,3,1,passthrough,SA_VSA_OGM,0.5,0.1,8192
1757,0.7977877561643089,0.6614000856020876,42,cuda,True,None,renyi_normalize,1,5,1,passthrough,SA_VSA_OGM,0.5,0.1,8192
1758,0.8058360338821983,0.589335161109211,42,cuda,True,None,renyi_normalize,3,1,1,passthrough,SA_VSA_OGM,0.5,0.1,8192
1759,1.0219488542566442,0.6290737487017597,42,cuda,True,None,renyi_normalize,3,3,1,passthrough,SA_VSA_OGM,0.5,0.1,8192
1760,0.6837173898720639,0.7681685124352964,42,cuda,True,None,renyi_normalize,3,5,1,passthrough,SA_VSA_OGM,0.5,0.1,8192
1761,0.9972628020945812,0.5435617377365267,42,cuda,True,None,renyi_normalize,5,1,1,passthrough,SA_VSA_OGM,0.5,0.1,8192
1762,0.7365380498627233,0.5275533690214173,42,cuda,True,None,renyi_normalize,5,3,1,passthrough,SA_VSA_OGM,0.5,0.1,8192
1763,0.754419760431197,0.48107814797672904,42,cuda,True,None,renyi_normalize,5,5,1,passthrough,SA_VSA_OGM,0.5,0.1,8192
1764,1.4978020508069043,0.5645297586094431,42,cuda,True,None,renyi_normalize_squaring,1,1,1,passthrough,SA_VSA_OGM,0.5,0.1,8192
1765,0.8707142817317143,0.5460446314005418,42,cuda,True,None,renyi_normalize_squaring,1,3,1,passthrough,SA_VSA_OGM,0.5,0.1,8192
1766,0.7322279629482202,0.6738224178167362,42,cuda,True,None,renyi_normalize_squaring,1,5,1,passthrough,SA_VSA_OGM,0.5,0.1,8192
1767,0.6963700449484135,0.5872866971973894,42,cuda,True,None,renyi_normalize_squaring,3,1,1,passthrough,SA_VSA_OGM,0.5,0.1,8192
1768,0.7692529609116264,0.5968154420206553,42,cuda,True,None,renyi_normalize_squaring,3,3,1,passthrough,SA_VSA_OGM,0.5,0.1,8192
1769,0.8420769480356922,0.7035543424705459,42,cuda,True,None,renyi_normalize_squaring,3,5,1,passthrough,SA_VSA_OGM,0.5,0.1,8192
1770,0.8559523717778742,0.48857120264695897,42,cuda,True,None,renyi_normalize_squaring,5,1,1,passthrough,SA_VSA_OGM,0.5,0.1,8192
1771,0.7747121638686905,0.8281989347116719,42,cuda,True,None,renyi_normalize_squaring,5,3,1,passthrough,SA_VSA_OGM,0.5,0.1,8192
1772,0.9201058443519412,0.6872677757284996,42,cuda,True,None,renyi_normalize_squaring,5,5,1,passthrough,SA_VSA_OGM,0.5,0.1,8192
1773,0.6614080957980499,0.6949390516125533,42,cuda,True,None,renyi_normalize_cubic,1,1,1,passthrough,SA_VSA_OGM,0.5,0.1,8192
1774,0.8783053823923507,0.7535964833578404,42,cuda,True,None,renyi_normalize_cubic,1,3,1,passthrough,SA_VSA_OGM,0.5,0.1,8192
1775,1.347473583919392,0.8220444568647938,42,cuda,True,None,renyi_normalize_cubic,1,5,1,passthrough,SA_VSA_OGM,0.5,0.1,8192
1776,0.6137733543865814,0.7823486170083236,42,cuda,True,None,renyi_normalize_cubic,3,1,1,passthrough,SA_VSA_OGM,0.5,0.1,8192
1777,0.7746780837982312,0.7141891417211232,42,cuda,True,None,renyi_normalize_cubic,3,3,1,passthrough,SA_VSA_OGM,0.5,0.1,8192
1778,0.775658197878171,0.724393409001753,42,cuda,True,None,renyi_normalize_cubic,3,5,1,passthrough,SA_VSA_OGM,0.5,0.1,8192
1779,0.7688104903797693,0.563441483051874,42,cuda,True,None,renyi_normalize_cubic,5,1,1,passthrough,SA_VSA_OGM,0.5,0.1,8192
1780,0.6840540404338089,0.791062531826837,42,cuda,True,None,renyi_normalize_cubic,5,3,1,passthrough,SA_VSA_OGM,0.5,0.1,8192
1781,1.450802770763214,0.7446926782675514,42,cuda,True,None,renyi_normalize_cubic,5,5,1,passthrough,SA_VSA_OGM,0.5,0.1,8192
1782,0.6494504757433444,0.6832425970962543,42,cuda,True,None,renyi,1,1,1,passthrough,SA_VSA_OGM,0.5,0.2,8192
1783,0.6858791437508229,0.782137348634745,42,cuda,True,None,renyi,1,3,1,passthrough,SA_VSA_OGM,0.5,0.2,8192
1784,0.6892407934519028,0.8066670669637606,42,cuda,True,None,renyi,1,5,1,passthrough,SA_VSA_OGM,0.5,0.2,8192
1785,0.7126867871609325,0.6380721636386869,42,cuda,True,None,renyi,3,1,1,passthrough,SA_VSA_OGM,0.5,0.2,8192
1786,0.5627605781069586,0.8139301105091001,42,cuda,True,None,renyi,3,3,1,passthrough,SA_VSA_OGM,0.5,0.2,8192
1787,0.6850153577530705,0.7446759790307306,42,cuda,True,None,renyi,3,5,1,passthrough,SA_VSA_OGM,0.5,0.2,8192
1788,0.6840957884332967,0.6023640230463996,42,cuda,True,None,renyi,5,1,1,passthrough,SA_VSA_OGM,0.5,0.2,8192
1789,0.6587576348451025,0.66989371953349,42,cuda,True,None,renyi,5,3,1,passthrough,SA_VSA_OGM,0.5,0.2,8192
1790,0.6365615758969397,0.8203505530712373,42,cuda,True,None,renyi,5,5,1,passthrough,SA_VSA_OGM,0.5,0.2,8192
1791,3.041825896743583,0.720479270830888,42,cuda,True,None,renyi_squaring,1,1,1,passthrough,SA_VSA_OGM,0.5,0.2,8192
1792,1.9367320322244888,0.7891607434640592,42,cuda,True,None,renyi_squaring,1,3,1,passthrough,SA_VSA_OGM,0.5,0.2,8192
1793,2.3726002209023136,0.7745814756737068,42,cuda,True,None,renyi_squaring,1,5,1,passthrough,SA_VSA_OGM,0.5,0.2,8192
1794,0.917562503210754,0.676477520653149,42,cuda,True,None,renyi_squaring,3,1,1,passthrough,SA_VSA_OGM,0.5,0.2,8192
1795,0.9817514387775054,0.7426568046329722,42,cuda,True,None,renyi_squaring,3,3,1,passthrough,SA_VSA_OGM,0.5,0.2,8192
1796,0.895833195138108,0.7086723148248485,42,cuda,True,None,renyi_squaring,3,5,1,passthrough,SA_VSA_OGM,0.5,0.2,8192
1797,1.0687975328793569,0.6102472465182511,42,cuda,True,None,renyi_squaring,5,1,1,passthrough,SA_VSA_OGM,0.5,0.2,8192
1798,0.6946062446257812,0.6081597321045904,42,cuda,True,None,renyi_squaring,5,3,1,passthrough,SA_VSA_OGM,0.5,0.2,8192
1799,0.7140756860428186,0.6571643069960639,42,cuda,True,None,renyi_squaring,5,5,1,passthrough,SA_VSA_OGM,0.5,0.2,8192
1800,18.022103066401808,0.5,42,cuda,True,None,renyi_cubic,1,1,1,passthrough,SA_VSA_OGM,0.5,0.2,8192
1801,18.02209338825735,0.5,42,cuda,True,None,renyi_cubic,1,3,1,passthrough,SA_VSA_OGM,0.5,0.2,8192
1802,18.02205516237183,0.5,42,cuda,True,None,renyi_cubic,1,5,1,passthrough,SA_VSA_OGM,0.5,0.2,8192
1803,18.022093092588054,0.5,42,cuda,True,None,renyi_cubic,3,1,1,passthrough,SA_VSA_OGM,0.5,0.2,8192
1804,18.022083436054817,0.5,42,cuda,True,None,renyi_cubic,3,3,1,passthrough,SA_VSA_OGM,0.5,0.2,8192
1805,18.02211180493185,0.5,42,cuda,True,None,renyi_cubic,3,5,1,passthrough,SA_VSA_OGM,0.5,0.2,8192
1806,18.02214964082975,0.5,42,cuda,True,None,renyi_cubic,5,1,1,passthrough,SA_VSA_OGM,0.5,0.2,8192
1807,18.022073516879505,0.5,42,cuda,True,None,renyi_cubic,5,3,1,passthrough,SA_VSA_OGM,0.5,0.2,8192
1808,18.0220733804382,0.5,42,cuda,True,None,renyi_cubic,5,5,1,passthrough,SA_VSA_OGM,0.5,0.2,8192
1809,0.6882931068844125,0.5421230181593402,42,cuda,True,None,renyi_normalize,1,1,1,passthrough,SA_VSA_OGM,0.5,0.2,8192
1810,0.7541117328685037,0.6162271780709063,42,cuda,True,None,renyi_normalize,1,3,1,passthrough,SA_VSA_OGM,0.5,0.2,8192
1811,0.9351707302067696,0.5778080997910092,42,cuda,True,None,renyi_normalize,1,5,1,passthrough,SA_VSA_OGM,0.5,0.2,8192
1812,0.6754267144676004,0.7554974798356732,42,cuda,True,None,renyi_normalize,3,1,1,passthrough,SA_VSA_OGM,0.5,0.2,8192
1813,0.6453293639142318,0.6656915742713071,42,cuda,True,None,renyi_normalize,3,3,1,passthrough,SA_VSA_OGM,0.5,0.2,8192
1814,0.7456397175934067,0.709675330862592,42,cuda,True,None,renyi_normalize,3,5,1,passthrough,SA_VSA_OGM,0.5,0.2,8192
1815,0.948884562609601,0.4156999557991658,42,cuda,True,None,renyi_normalize,5,1,1,passthrough,SA_VSA_OGM,0.5,0.2,8192
1816,0.6836910145459828,0.5785067378442225,42,cuda,True,None,renyi_normalize,5,3,1,passthrough,SA_VSA_OGM,0.5,0.2,8192
1817,0.804345574308543,0.5398634784354323,42,cuda,True,None,renyi_normalize,5,5,1,passthrough,SA_VSA_OGM,0.5,0.2,8192
1818,0.6195435410986287,0.7406062337348234,42,cuda,True,None,renyi_normalize_squaring,1,1,1,passthrough,SA_VSA_OGM,0.5,0.2,8192
1819,1.0099214941536192,0.8324854079594107,42,cuda,True,None,renyi_normalize_squaring,1,3,1,passthrough,SA_VSA_OGM,0.5,0.2,8192
1820,1.36825708384036,0.8280771549916968,42,cuda,True,None,renyi_normalize_squaring,1,5,1,passthrough,SA_VSA_OGM,0.5,0.2,8192
1821,0.9615631714186504,0.6998140333705553,42,cuda,True,None,renyi_normalize_squaring,3,1,1,passthrough,SA_VSA_OGM,0.5,0.2,8192
1822,0.7403827705721028,0.815067929070483,42,cuda,True,None,renyi_normalize_squaring,3,3,1,passthrough,SA_VSA_OGM,0.5,0.2,8192
1823,0.8834014888586265,0.8826014724229185,42,cuda,True,None,renyi_normalize_squaring,3,5,1,passthrough,SA_VSA_OGM,0.5,0.2,8192
1824,0.648722606000467,0.6614350146779852,42,cuda,True,None,renyi_normalize_squaring,5,1,1,passthrough,SA_VSA_OGM,0.5,0.2,8192
1825,0.6715100860176263,0.8725929465828673,42,cuda,True,None,renyi_normalize_squaring,5,3,1,passthrough,SA_VSA_OGM,0.5,0.2,8192
1826,0.8717354212162469,0.8606957485151381,42,cuda,True,None,renyi_normalize_squaring,5,5,1,passthrough,SA_VSA_OGM,0.5,0.2,8192
1827,0.5729315825703155,0.8851390264883152,42,cuda,True,None,renyi_normalize_cubic,1,1,1,passthrough,SA_VSA_OGM,0.5,0.2,8192
1828,0.7175515859310028,0.899920566985036,42,cuda,True,None,renyi_normalize_cubic,1,3,1,passthrough,SA_VSA_OGM,0.5,0.2,8192
1829,0.9297196755168168,0.9034897804947876,42,cuda,True,None,renyi_normalize_cubic,1,5,1,passthrough,SA_VSA_OGM,0.5,0.2,8192
1830,0.5769449683918421,0.8168751134052431,42,cuda,True,None,renyi_normalize_cubic,3,1,1,passthrough,SA_VSA_OGM,0.5,0.2,8192
1831,0.5923567278100644,0.8783892063751404,42,cuda,True,None,renyi_normalize_cubic,3,3,1,passthrough,SA_VSA_OGM,0.5,0.2,8192
1832,0.9001594174553975,0.8754829134082553,42,cuda,True,None,renyi_normalize_cubic,3,5,1,passthrough,SA_VSA_OGM,0.5,0.2,8192
1833,0.7015028825158172,0.7636352312045903,42,cuda,True,None,renyi_normalize_cubic,5,1,1,passthrough,SA_VSA_OGM,0.5,0.2,8192
1834,1.249892175726126,0.8972559284645876,42,cuda,True,None,renyi_normalize_cubic,5,3,1,passthrough,SA_VSA_OGM,0.5,0.2,8192
1835,1.0949850859393662,0.8962225978045736,42,cuda,True,None,renyi_normalize_cubic,5,5,1,passthrough,SA_VSA_OGM,0.5,0.2,8192
1836,0.6660782029037757,0.625053659392671,42,cuda,True,None,renyi,1,1,1,passthrough,SA_VSA_OGM,0.5,0.5,8192
1837,0.8643042754828357,0.690873538643339,42,cuda,True,None,renyi,1,3,1,passthrough,SA_VSA_OGM,0.5,0.5,8192
1838,0.9093292325194716,0.7265775672870978,42,cuda,True,None,renyi,1,5,1,passthrough,SA_VSA_OGM,0.5,0.5,8192
1839,0.6626784072073961,0.6927061795153842,42,cuda,True,None,renyi,3,1,1,passthrough,SA_VSA_OGM,0.5,0.5,8192
1840,0.5770437806207953,0.7928596957491617,42,cuda,True,None,renyi,3,3,1,passthrough,SA_VSA_OGM,0.5,0.5,8192
1841,0.4921428633340886,0.8910586009973458,42,cuda,True,None,renyi,3,5,1,passthrough,SA_VSA_OGM,0.5,0.5,8192
1842,0.7613614563953992,0.6014654255522026,42,cuda,True,None,renyi,5,1,1,passthrough,SA_VSA_OGM,0.5,0.5,8192
1843,0.6214485760596657,0.6914710820235371,42,cuda,True,None,renyi,5,3,1,passthrough,SA_VSA_OGM,0.5,0.5,8192
1844,0.5680842296824108,0.874782801014713,42,cuda,True,None,renyi,5,5,1,passthrough,SA_VSA_OGM,0.5,0.5,8192
1845,0.4312607650814169,0.8989593504098287,42,cuda,True,None,renyi_squaring,1,1,1,passthrough,SA_VSA_OGM,0.5,0.5,8192
1846,0.3952726895586066,0.9076687492773688,42,cuda,True,None,renyi_squaring,1,3,1,passthrough,SA_VSA_OGM,0.5,0.5,8192
1847,0.41968903025395016,0.890197192985595,42,cuda,True,None,renyi_squaring,1,5,1,passthrough,SA_VSA_OGM,0.5,0.5,8192
1848,0.5170183735534514,0.8404823703667051,42,cuda,True,None,renyi_squaring,3,1,1,passthrough,SA_VSA_OGM,0.5,0.5,8192
1849,0.45176612559260687,0.8710153548959039,42,cuda,True,None,renyi_squaring,3,3,1,passthrough,SA_VSA_OGM,0.5,0.5,8192
1850,0.46569211252162057,0.8557441862150116,42,cuda,True,None,renyi_squaring,3,5,1,passthrough,SA_VSA_OGM,0.5,0.5,8192
1851,0.5979974924311073,0.7690994134508624,42,cuda,True,None,renyi_squaring,5,1,1,passthrough,SA_VSA_OGM,0.5,0.5,8192
1852,0.5919321899435294,0.8294326799080488,42,cuda,True,None,renyi_squaring,5,3,1,passthrough,SA_VSA_OGM,0.5,0.5,8192
1853,0.5747617845503202,0.8997140311405609,42,cuda,True,None,renyi_squaring,5,5,1,passthrough,SA_VSA_OGM,0.5,0.5,8192
1854,11.400290717422196,0.637791252859176,42,cuda,True,None,renyi_cubic,1,1,1,passthrough,SA_VSA_OGM,0.5,0.5,8192
1855,13.79825395171243,0.5973942582672196,42,cuda,True,None,renyi_cubic,1,3,1,passthrough,SA_VSA_OGM,0.5,0.5,8192
1856,11.65169207674269,0.6253112774369782,42,cuda,True,None,renyi_cubic,1,5,1,passthrough,SA_VSA_OGM,0.5,0.5,8192
1857,6.68860672109078,0.6400198417367071,42,cuda,True,None,renyi_cubic,3,1,1,passthrough,SA_VSA_OGM,0.5,0.5,8192
1858,9.857622836033404,0.6135342802805508,42,cuda,True,None,renyi_cubic,3,3,1,passthrough,SA_VSA_OGM,0.5,0.5,8192
1859,5.44779965336156,0.6542500163190421,42,cuda,True,None,renyi_cubic,3,5,1,passthrough,SA_VSA_OGM,0.5,0.5,8192
1860,4.115822226802633,0.6794330148916249,42,cuda,True,None,renyi_cubic,5,1,1,passthrough,SA_VSA_OGM,0.5,0.5,8192
1861,6.112280066983062,0.5950686339208535,42,cuda,True,None,renyi_cubic,5,3,1,passthrough,SA_VSA_OGM,0.5,0.5,8192
1862,7.03488970700235,0.5651326556407301,42,cuda,True,None,renyi_cubic,5,5,1,passthrough,SA_VSA_OGM,0.5,0.5,8192
1863,0.7258531212637249,0.5142851513808897,42,cuda,True,None,renyi_normalize,1,1,1,passthrough,SA_VSA_OGM,0.5,0.5,8192
1864,0.829173065266416,0.6365416112412529,42,cuda,True,None,renyi_normalize,1,3,1,passthrough,SA_VSA_OGM,0.5,0.5,8192
1865,1.069828065129769,0.7622267157759385,42,cuda,True,None,renyi_normalize,1,5,1,passthrough,SA_VSA_OGM,0.5,0.5,8192
1866,0.8051383694123203,0.6511077399951652,42,cuda,True,None,renyi_normalize,3,1,1,passthrough,SA_VSA_OGM,0.5,0.5,8192
1867,0.6566158806832867,0.7193240807341006,42,cuda,True,None,renyi_normalize,3,3,1,passthrough,SA_VSA_OGM,0.5,0.5,8192
1868,0.6677683196649161,0.8339120683590803,42,cuda,True,None,renyi_normalize,3,5,1,passthrough,SA_VSA_OGM,0.5,0.5,8192
1869,1.025924350059908,0.5788669635105274,42,cuda,True,None,renyi_normalize,5,1,1,passthrough,SA_VSA_OGM,0.5,0.5,8192
1870,0.6562196732325394,0.6322010282763905,42,cuda,True,None,renyi_normalize,5,3,1,passthrough,SA_VSA_OGM,0.5,0.5,8192
1871,0.5963197140175708,0.7574820799649347,42,cuda,True,None,renyi_normalize,5,5,1,passthrough,SA_VSA_OGM,0.5,0.5,8192
1872,0.5170839673678738,0.8481766198356215,42,cuda,True,None,renyi_normalize_squaring,1,1,1,passthrough,SA_VSA_OGM,0.5,0.5,8192
1873,0.7960915686140947,0.9234486963677644,42,cuda,True,None,renyi_normalize_squaring,1,3,1,passthrough,SA_VSA_OGM,0.5,0.5,8192
1874,0.9091430656699814,0.925056052910942,42,cuda,True,None,renyi_normalize_squaring,1,5,1,passthrough,SA_VSA_OGM,0.5,0.5,8192
1875,0.4947179517092959,0.8789534582617311,42,cuda,True,None,renyi_normalize_squaring,3,1,1,passthrough,SA_VSA_OGM,0.5,0.5,8192
1876,0.4284075329489228,0.9196896764431864,42,cuda,True,None,renyi_normalize_squaring,3,3,1,passthrough,SA_VSA_OGM,0.5,0.5,8192
1877,0.6245406065049673,0.8923240173251143,42,cuda,True,None,renyi_normalize_squaring,3,5,1,passthrough,SA_VSA_OGM,0.5,0.5,8192
1878,0.6012507245091909,0.7867282414617097,42,cuda,True,None,renyi_normalize_squaring,5,1,1,passthrough,SA_VSA_OGM,0.5,0.5,8192
1879,0.5634769435551874,0.9158793969518384,42,cuda,True,None,renyi_normalize_squaring,5,3,1,passthrough,SA_VSA_OGM,0.5,0.5,8192
1880,0.5278809715916407,0.9238090133720626,42,cuda,True,None,renyi_normalize_squaring,5,5,1,passthrough,SA_VSA_OGM,0.5,0.5,8192
1881,0.4511797318945159,0.9211826033590292,42,cuda,True,None,renyi_normalize_cubic,1,1,1,passthrough,SA_VSA_OGM,0.5,0.5,8192
1882,0.621321038018571,0.9331288908385318,42,cuda,True,None,renyi_normalize_cubic,1,3,1,passthrough,SA_VSA_OGM,0.5,0.5,8192
1883,0.5320840372518989,0.9318241144413936,42,cuda,True,None,renyi_normalize_cubic,1,5,1,passthrough,SA_VSA_OGM,0.5,0.5,8192
1884,0.3962297577421225,0.9102333405186516,42,cuda,True,None,renyi_normalize_cubic,3,1,1,passthrough,SA_VSA_OGM,0.5,0.5,8192
1885,0.47137082099747174,0.9404549691347596,42,cuda,True,None,renyi_normalize_cubic,3,3,1,passthrough,SA_VSA_OGM,0.5,0.5,8192
1886,0.49666259159542053,0.9116909468005664,42,cuda,True,None,renyi_normalize_cubic,3,5,1,passthrough,SA_VSA_OGM,0.5,0.5,8192
1887,0.5480134860649454,0.7993510842425071,42,cuda,True,None,renyi_normalize_cubic,5,1,1,passthrough,SA_VSA_OGM,0.5,0.5,8192
1888,0.7824249795247877,0.9108213074766762,42,cuda,True,None,renyi_normalize_cubic,5,3,1,passthrough,SA_VSA_OGM,0.5,0.5,8192
1889,0.6950044497516968,0.933948021235392,42,cuda,True,None,renyi_normalize_cubic,5,5,1,passthrough,SA_VSA_OGM,0.5,0.5,8192
1890,0.7250218912969473,0.47469224032416246,42,cuda,True,None,renyi,1,1,1,passthrough,SA_VSA_OGM,0.5,1.0,8192
1891,1.5006801252520727,0.363795369093716,42,cuda,True,None,renyi,1,3,1,passthrough,SA_VSA_OGM,0.5,1.0,8192
1892,1.123866234036614,0.7291461135675054,42,cuda,True,None,renyi,1,5,1,passthrough,SA_VSA_OGM,0.5,1.0,8192
1893,0.8356352744144926,0.5967031371850198,42,cuda,True,None,renyi,3,1,1,passthrough,SA_VSA_OGM,0.5,1.0,8192
1894,0.6807170279836511,0.5611784367882053,42,cuda,True,None,renyi,3,3,1,passthrough,SA_VSA_OGM,0.5,1.0,8192
1895,0.710260658387911,0.7489708865448443,42,cuda,True,None,renyi,3,5,1,passthrough,SA_VSA_OGM,0.5,1.0,8192
1896,0.9775382681120544,0.43254420721045006,42,cuda,True,None,renyi,5,1,1,passthrough,SA_VSA_OGM,0.5,1.0,8192
1897,0.7809826604886192,0.44290190592849,42,cuda,True,None,renyi,5,3,1,passthrough,SA_VSA_OGM,0.5,1.0,8192
1898,0.6814947115204915,0.7095642119979151,42,cuda,True,None,renyi,5,5,1,passthrough,SA_VSA_OGM,0.5,1.0,8192
1899,0.4762106859936316,0.8811125130210901,42,cuda,True,None,renyi_squaring,1,1,1,passthrough,SA_VSA_OGM,0.5,1.0,8192
1900,0.38666199675407825,0.9187035247690132,42,cuda,True,None,renyi_squaring,1,3,1,passthrough,SA_VSA_OGM,0.5,1.0,8192
1901,0.4325678122572114,0.8843794969330563,42,cuda,True,None,renyi_squaring,1,5,1,passthrough,SA_VSA_OGM,0.5,1.0,8192
1902,0.5341079671140658,0.8564252203942493,42,cuda,True,None,renyi_squaring,3,1,1,passthrough,SA_VSA_OGM,0.5,1.0,8192
1903,0.4296623830463577,0.903225020219034,42,cuda,True,None,renyi_squaring,3,3,1,passthrough,SA_VSA_OGM,0.5,1.0,8192
1904,0.4757735976611346,0.8836469100825379,42,cuda,True,None,renyi_squaring,3,5,1,passthrough,SA_VSA_OGM,0.5,1.0,8192
1905,0.5881195266145952,0.7641363059983385,42,cuda,True,None,renyi_squaring,5,1,1,passthrough,SA_VSA_OGM,0.5,1.0,8192
1906,0.5127619928684735,0.9275072255092824,42,cuda,True,None,renyi_squaring,5,3,1,passthrough,SA_VSA_OGM,0.5,1.0,8192
1907,0.5160072864549173,0.891763207737304,42,cuda,True,None,renyi_squaring,5,5,1,passthrough,SA_VSA_OGM,0.5,1.0,8192
1908,0.4558523130318402,0.923485624626043,42,cuda,True,None,renyi_cubic,1,1,1,passthrough,SA_VSA_OGM,0.5,1.0,8192
1909,0.4244763260485878,0.8776018277067054,42,cuda,True,None,renyi_cubic,1,3,1,passthrough,SA_VSA_OGM,0.5,1.0,8192
1910,0.3786671211078144,0.8982664722939296,42,cuda,True,None,renyi_cubic,1,5,1,passthrough,SA_VSA_OGM,0.5,1.0,8192
1911,0.5288991155912115,0.8623903399488226,42,cuda,True,None,renyi_cubic,3,1,1,passthrough,SA_VSA_OGM,0.5,1.0,8192
1912,0.6134204502331523,0.8405020413607224,42,cuda,True,None,renyi_cubic,3,3,1,passthrough,SA_VSA_OGM,0.5,1.0,8192
1913,0.5234350277972416,0.8221359825489166,42,cuda,True,None,renyi_cubic,3,5,1,passthrough,SA_VSA_OGM,0.5,1.0,8192
1914,0.8712418518799401,0.7710398642828094,42,cuda,True,None,renyi_cubic,5,1,1,passthrough,SA_VSA_OGM,0.5,1.0,8192
1915,0.5822955618506236,0.7831831684068041,42,cuda,True,None,renyi_cubic,5,3,1,passthrough,SA_VSA_OGM,0.5,1.0,8192
1916,0.6239589020719231,0.7796375661998759,42,cuda,True,None,renyi_cubic,5,5,1,passthrough,SA_VSA_OGM,0.5,1.0,8192
1917,0.70808326223023,0.5041309327677577,42,cuda,True,None,renyi_normalize,1,1,1,passthrough,SA_VSA_OGM,0.5,1.0,8192
1918,1.4498149880738451,0.357676233526856,42,cuda,True,None,renyi_normalize,1,3,1,passthrough,SA_VSA_OGM,0.5,1.0,8192
1919,1.2306508579136466,0.6465174911083471,42,cuda,True,None,renyi_normalize,1,5,1,passthrough,SA_VSA_OGM,0.5,1.0,8192
1920,0.8976537683737502,0.5831037002414926,42,cuda,True,None,renyi_normalize,3,1,1,passthrough,SA_VSA_OGM,0.5,1.0,8192
1921,0.7078269832110323,0.5722615202138162,42,cuda,True,None,renyi_normalize,3,3,1,passthrough,SA_VSA_OGM,0.5,1.0,8192
1922,1.0021881535617545,0.6297311287566321,42,cuda,True,None,renyi_normalize,3,5,1,passthrough,SA_VSA_OGM,0.5,1.0,8192
1923,0.9760341489713004,0.5723486306641564,42,cuda,True,None,renyi_normalize,5,1,1,passthrough,SA_VSA_OGM,0.5,1.0,8192
1924,1.335681266502519,0.45805908672979945,42,cuda,True,None,renyi_normalize,5,3,1,passthrough,SA_VSA_OGM,0.5,1.0,8192
1925,0.6199541889449095,0.7634502807799274,42,cuda,True,None,renyi_normalize,5,5,1,passthrough,SA_VSA_OGM,0.5,1.0,8192
1926,0.5521636667043173,0.8282216982044638,42,cuda,True,None,renyi_normalize_squaring,1,1,1,passthrough,SA_VSA_OGM,0.5,1.0,8192
1927,0.8077435148355201,0.9252159625855532,42,cuda,True,None,renyi_normalize_squaring,1,3,1,passthrough,SA_VSA_OGM,0.5,1.0,8192
1928,0.9221941988109416,0.9388822599065564,42,cuda,True,None,renyi_normalize_squaring,1,5,1,passthrough,SA_VSA_OGM,0.5,1.0,8192
1929,0.7508352360494821,0.8559144988352192,42,cuda,True,None,renyi_normalize_squaring,3,1,1,passthrough,SA_VSA_OGM,0.5,1.0,8192
1930,0.4304880085547892,0.9324487438934312,42,cuda,True,None,renyi_normalize_squaring,3,3,1,passthrough,SA_VSA_OGM,0.5,1.0,8192
1931,0.3702118808809914,0.9351956295449176,42,cuda,True,None,renyi_normalize_squaring,3,5,1,passthrough,SA_VSA_OGM,0.5,1.0,8192
1932,0.8469300593467665,0.670928724737768,42,cuda,True,None,renyi_normalize_squaring,5,1,1,passthrough,SA_VSA_OGM,0.5,1.0,8192
1933,0.4816972569452407,0.9230133954421064,42,cuda,True,None,renyi_normalize_squaring,5,3,1,passthrough,SA_VSA_OGM,0.5,1.0,8192
1934,0.438231191733317,0.9305778331490108,42,cuda,True,None,renyi_normalize_squaring,5,5,1,passthrough,SA_VSA_OGM,0.5,1.0,8192
1935,0.3976485145885527,0.9243657139980376,42,cuda,True,None,renyi_normalize_cubic,1,1,1,passthrough,SA_VSA_OGM,0.5,1.0,8192
1936,0.5606963108721736,0.944166458462831,42,cuda,True,None,renyi_normalize_cubic,1,3,1,passthrough,SA_VSA_OGM,0.5,1.0,8192
1937,0.46049963324929655,0.9379444913058212,42,cuda,True,None,renyi_normalize_cubic,1,5,1,passthrough,SA_VSA_OGM,0.5,1.0,8192
1938,0.5712618575769851,0.8997973877704214,42,cuda,True,None,renyi_normalize_cubic,3,1,1,passthrough,SA_VSA_OGM,0.5,1.0,8192
1939,0.33712985566305664,0.9411902356227694,42,cuda,True,None,renyi_normalize_cubic,3,3,1,passthrough,SA_VSA_OGM,0.5,1.0,8192
1940,0.336398182378252,0.9358924684928704,42,cuda,True,None,renyi_normalize_cubic,3,5,1,passthrough,SA_VSA_OGM,0.5,1.0,8192
1941,0.6291523096443095,0.814646728198562,42,cuda,True,None,renyi_normalize_cubic,5,1,1,passthrough,SA_VSA_OGM,0.5,1.0,8192
1942,0.4232043059704865,0.9334124520082354,42,cuda,True,None,renyi_normalize_cubic,5,3,1,passthrough,SA_VSA_OGM,0.5,1.0,8192
1943,0.4644775104832265,0.942066639318164,42,cuda,True,None,renyi_normalize_cubic,5,5,1,passthrough,SA_VSA_OGM,0.5,1.0,8192
