,summary,config,name
0,"{'_runtime': 4.948119646, '_step': 88, '_timestamp': 1740609432.1258776, '_wandb': {'runtime': 4}, 'cpu2gpu_time': 7.677078247070312e-05, 'decoding': {'decoding_time': 0.1228799968957901}, 'empty': {'axis_fd_matrix': 0.060416001826524734, 'axis_fd_power_matrix': 0.16076800227165222, 'axis_fd_power_unsqueeze': 0.004095999989658594, 'dot_product': 13.624320030212402, 'hm_clone': 0.015359999611973764, 'hm_decoding': 0.02252800017595291, 'index_add': 0.02457600086927414, 'power_matrix': 0.06451199948787689, 'powers': 0.062463998794555664, 'qv_norm': 0.01740800030529499, 'tile_memory_calculation': 0.14950400590896606, 'world_bound_norm': 0.15052799880504608, 'xy_axis_fd_matrix': 0.1157120019197464, 'xy_axis_ifft': 0.06451199948787689}, 'occupied': {'axis_fd_matrix': 0.062463998794555664, 'axis_fd_power_matrix': 0.0942080020904541, 'axis_fd_power_unsqueeze': 0.004095999989658594, 'dot_product': 13.636608123779297, 'hm_clone': 0.03788800165057182, 'hm_decoding': 0.021503999829292297, 'index_add': 0.05632000043988228, 'power_matrix': 0.06143999844789505, 'powers': 0.06656000018119812, 'qv_norm': 0.07065600156784058, 'tile_memory_calculation': 0.17100800573825836, 'world_bound_norm': 0.12492799758911131, 'xy_axis_fd_matrix': 0.08601599931716919, 'xy_axis_ifft': 0.07884799689054489}, 'ogm_conversion': 0.030719999223947525, 'split_time': 0.00015091896057128906, 'test_auc': 0.5203915343915344, 'test_nll': 0.689784137438536, 'train_auc': 0.5698005698005698, 'train_nll': 0.8237635424183845}","{'data': {'data_dir': 'datasets/sa/toysim0/npz', 'test_split': 0.2, 'file_prefix': 'results_frame_', 'file_suffix': '.npz', 'dataset_name': 'toysim', 'world_bounds': [-50, 50, -50, 50]}, 'wandb': {'notes': 'This experiment evaluates the performance of the decoding method on the ablation dataset.', 'online': True, 'enabled': True, 'verbose': False, 'project_name': 'decoding_method_evaluation_toymap_no_entropy'}, 'logging': {'enabled': True, 'verbose': False, 'save_dir': 'logs/decoding_method_evaluation_toymap_no_entropy/mapping-axis_resolution=1-0_mapping-vector_dimensionality=32768_mapping-vector_length_scale=0-1_mapping-decoding-method=relu', 'log_images': True, 'override_existing': False}, 'mapping': {'seed': 42, 'device': 'cuda', 'verbose': True, 'decoding': {'alpha': 'None', 'method': 'relu', 'disk_radii_1': 3, 'disk_radii_2': 3}, 'num_tiles': 1, 'data_filter': 'passthrough', 'mapping_type': 'SA_VSA_OGM', 'axis_resolution': 1, 'vector_length_scale': 0.1, 'vector_dimensionality': 32768}, 'experiment_name': 'mapping-axis_resolution=1-0_mapping-vector_dimensionality=32768_mapping-vector_length_scale=0-1_mapping-decoding-method=relu', 'experiment_type': 'single_agent', 'mapping_manager': {'seed': 42, 'metrics': ['auc', 'nll'], 'verbose': True, 'num_mappers': 1, 'plotting_flags': {'plot_images': False, 'plot_metrics': True, 'plot_predictions': False, 'plot_point_clouds': False}}, 'experiment_parameters': {'mapping': {'decoding': {'method': ['relu', 'relu_normalize', 'relu_squaring', 'relu_normalize_squaring', 'tanh', 'tanh_normalize', 'tanh_squaring', 'tanh_normalize_squaring', 'sigmoid', 'sigmoid_normalize', 'sigmoid_squaring', 'sigmoid_normalize_squaring']}, 'axis_resolution': [1], 'vector_length_scale': [0.1, 0.2, 0.5, 1], 'vector_dimensionality': [32768, 16384, 8192]}}}",mapping-axis_resolution=1-0_mapping-vector_dimensionality=32768_mapping-vector_length_scale=0-1_mapping-decoding-method=relu
1,"{'_runtime': 4.203439677, '_step': 88, '_timestamp': 1740609437.989637, '_wandb': {'runtime': 4}, 'cpu2gpu_time': 5.9604644775390625e-05, 'decoding': {'decoding_time': 0.16793599724769592}, 'empty': {'axis_fd_matrix': 0.05939200147986412, 'axis_fd_power_matrix': 0.159743994474411, 'axis_fd_power_unsqueeze': 0.004095999989658594, 'dot_product': 13.58131217956543, 'hm_clone': 0.006144000217318535, 'hm_decoding': 0.023552000522613525, 'index_add': 0.02457600086927414, 'power_matrix': 0.05632000043988228, 'powers': 0.05939200147986412, 'qv_norm': 0.01945599913597107, 'tile_memory_calculation': 0.116736002266407, 'world_bound_norm': 0.11980800330638884, 'xy_axis_fd_matrix': 0.11468800157308578, 'xy_axis_ifft': 0.06656000018119812}, 'occupied': {'axis_fd_matrix': 0.062463998794555664, 'axis_fd_power_matrix': 0.0942080020904541, 'axis_fd_power_unsqueeze': 0.003072000108659267, 'dot_product': 13.637632369995115, 'hm_clone': 0.03379200026392937, 'hm_decoding': 0.023552000522613525, 'index_add': 0.05324799939990043, 'power_matrix': 0.058368001133203506, 'powers': 0.062463998794555664, 'qv_norm': 0.06451199948787689, 'tile_memory_calculation': 0.15052799880504608, 'world_bound_norm': 0.11468800157308578, 'xy_axis_fd_matrix': 0.06860800087451935, 'xy_axis_ifft': 0.062463998794555664}, 'ogm_conversion': 0.027648000046610832, 'split_time': 0.00013899803161621094, 'test_auc': 0.4911904761904762, 'test_nll': 0.7285535910106564, 'train_auc': 0.584045584045584, 'train_nll': 0.6985088839569965}","{'data': {'data_dir': 'datasets/sa/toysim0/npz', 'test_split': 0.2, 'file_prefix': 'results_frame_', 'file_suffix': '.npz', 'dataset_name': 'toysim', 'world_bounds': [-50, 50, -50, 50]}, 'wandb': {'notes': 'This experiment evaluates the performance of the decoding method on the ablation dataset.', 'online': True, 'enabled': True, 'verbose': False, 'project_name': 'decoding_method_evaluation_toymap_no_entropy'}, 'logging': {'enabled': True, 'verbose': False, 'save_dir': 'logs/decoding_method_evaluation_toymap_no_entropy/mapping-axis_resolution=1-0_mapping-vector_dimensionality=32768_mapping-vector_length_scale=0-1_mapping-decoding-method=relu_normalize', 'log_images': True, 'override_existing': False}, 'mapping': {'seed': 42, 'device': 'cuda', 'verbose': True, 'decoding': {'alpha': 'None', 'method': 'relu_normalize', 'disk_radii_1': 3, 'disk_radii_2': 3}, 'num_tiles': 1, 'data_filter': 'passthrough', 'mapping_type': 'SA_VSA_OGM', 'axis_resolution': 1, 'vector_length_scale': 0.1, 'vector_dimensionality': 32768}, 'experiment_name': 'mapping-axis_resolution=1-0_mapping-vector_dimensionality=32768_mapping-vector_length_scale=0-1_mapping-decoding-method=relu_normalize', 'experiment_type': 'single_agent', 'mapping_manager': {'seed': 42, 'metrics': ['auc', 'nll'], 'verbose': True, 'num_mappers': 1, 'plotting_flags': {'plot_images': False, 'plot_metrics': True, 'plot_predictions': False, 'plot_point_clouds': False}}, 'experiment_parameters': {'mapping': {'decoding': {'method': ['relu', 'relu_normalize', 'relu_squaring', 'relu_normalize_squaring', 'tanh', 'tanh_normalize', 'tanh_squaring', 'tanh_normalize_squaring', 'sigmoid', 'sigmoid_normalize', 'sigmoid_squaring', 'sigmoid_normalize_squaring']}, 'axis_resolution': [1], 'vector_length_scale': [0.1, 0.2, 0.5, 1], 'vector_dimensionality': [32768, 16384, 8192]}}}",mapping-axis_resolution=1-0_mapping-vector_dimensionality=32768_mapping-vector_length_scale=0-1_mapping-decoding-method=relu_normalize
2,"{'_runtime': 4.229859422, '_step': 88, '_timestamp': 1740609443.8682852, '_wandb': {'runtime': 4}, 'cpu2gpu_time': 5.5789947509765625e-05, 'decoding': {'decoding_time': 0.15360000729560852}, 'empty': {'axis_fd_matrix': 0.06143999844789505, 'axis_fd_power_matrix': 0.16076800227165222, 'axis_fd_power_unsqueeze': 0.004095999989658594, 'dot_product': 13.634559631347656, 'hm_clone': 0.03379200026392937, 'hm_decoding': 0.021503999829292297, 'index_add': 0.025599999353289604, 'power_matrix': 0.05632000043988228, 'powers': 0.062463998794555664, 'qv_norm': 0.01740800030529499, 'tile_memory_calculation': 0.15052799880504608, 'world_bound_norm': 0.14847999811172485, 'xy_axis_fd_matrix': 0.1157120019197464, 'xy_axis_ifft': 0.06451199948787689}, 'occupied': {'axis_fd_matrix': 0.062463998794555664, 'axis_fd_power_matrix': 0.09318400174379347, 'axis_fd_power_unsqueeze': 0.004095999989658594, 'dot_product': 13.641728401184082, 'hm_clone': 0.03379200026392937, 'hm_decoding': 0.02252800017595291, 'index_add': 0.06451199948787689, 'power_matrix': 0.06143999844789505, 'powers': 0.0655359998345375, 'qv_norm': 0.06963200122117996, 'tile_memory_calculation': 0.1658879965543747, 'world_bound_norm': 0.11776000261306764, 'xy_axis_fd_matrix': 0.07577600330114365, 'xy_axis_ifft': 0.07577600330114365}, 'ogm_conversion': 0.02969600073993206, 'split_time': 0.00014543533325195312, 'test_auc': 0.4966507936507937, 'test_nll': 0.6739246410019787, 'train_auc': 0.4358974358974359, 'train_nll': 0.830891124929791}","{'data': {'data_dir': 'datasets/sa/toysim0/npz', 'test_split': 0.2, 'file_prefix': 'results_frame_', 'file_suffix': '.npz', 'dataset_name': 'toysim', 'world_bounds': [-50, 50, -50, 50]}, 'wandb': {'notes': 'This experiment evaluates the performance of the decoding method on the ablation dataset.', 'online': True, 'enabled': True, 'verbose': False, 'project_name': 'decoding_method_evaluation_toymap_no_entropy'}, 'logging': {'enabled': True, 'verbose': False, 'save_dir': 'logs/decoding_method_evaluation_toymap_no_entropy/mapping-axis_resolution=1-0_mapping-vector_dimensionality=32768_mapping-vector_length_scale=0-1_mapping-decoding-method=relu_squaring', 'log_images': True, 'override_existing': False}, 'mapping': {'seed': 42, 'device': 'cuda', 'verbose': True, 'decoding': {'alpha': 'None', 'method': 'relu_squaring', 'disk_radii_1': 3, 'disk_radii_2': 3}, 'num_tiles': 1, 'data_filter': 'passthrough', 'mapping_type': 'SA_VSA_OGM', 'axis_resolution': 1, 'vector_length_scale': 0.1, 'vector_dimensionality': 32768}, 'experiment_name': 'mapping-axis_resolution=1-0_mapping-vector_dimensionality=32768_mapping-vector_length_scale=0-1_mapping-decoding-method=relu_squaring', 'experiment_type': 'single_agent', 'mapping_manager': {'seed': 42, 'metrics': ['auc', 'nll'], 'verbose': True, 'num_mappers': 1, 'plotting_flags': {'plot_images': False, 'plot_metrics': True, 'plot_predictions': False, 'plot_point_clouds': False}}, 'experiment_parameters': {'mapping': {'decoding': {'method': ['relu', 'relu_normalize', 'relu_squaring', 'relu_normalize_squaring', 'tanh', 'tanh_normalize', 'tanh_squaring', 'tanh_normalize_squaring', 'sigmoid', 'sigmoid_normalize', 'sigmoid_squaring', 'sigmoid_normalize_squaring']}, 'axis_resolution': [1], 'vector_length_scale': [0.1, 0.2, 0.5, 1], 'vector_dimensionality': [32768, 16384, 8192]}}}",mapping-axis_resolution=1-0_mapping-vector_dimensionality=32768_mapping-vector_length_scale=0-1_mapping-decoding-method=relu_squaring
3,"{'_runtime': 4.305539261, '_step': 88, '_timestamp': 1740609449.8207612, '_wandb': {'runtime': 4}, 'cpu2gpu_time': 6.67572021484375e-05, 'decoding': {'decoding_time': 0.23449599742889404}, 'empty': {'axis_fd_matrix': 0.05939200147986412, 'axis_fd_power_matrix': 0.158720001578331, 'axis_fd_power_unsqueeze': 0.004095999989658594, 'dot_product': 13.60588836669922, 'hm_clone': 0.0071680000983178616, 'hm_decoding': 0.023552000522613525, 'index_add': 0.025599999353289604, 'power_matrix': 0.055296000093221664, 'powers': 0.06143999844789505, 'qv_norm': 0.018432000651955605, 'tile_memory_calculation': 0.13516800105571747, 'world_bound_norm': 0.6707199811935425, 'xy_axis_fd_matrix': 0.11468800157308578, 'xy_axis_ifft': 0.0655359998345375}, 'occupied': {'axis_fd_matrix': 0.062463998794555664, 'axis_fd_power_matrix': 0.09523200243711472, 'axis_fd_power_unsqueeze': 0.004095999989658594, 'dot_product': 13.649920463562012, 'hm_clone': 0.035840000957250595, 'hm_decoding': 0.023552000522613525, 'index_add': 0.05734400078654289, 'power_matrix': 0.060416001826524734, 'powers': 0.06656000018119812, 'qv_norm': 0.06860800087451935, 'tile_memory_calculation': 0.16486400365829468, 'world_bound_norm': 0.12390399724245071, 'xy_axis_fd_matrix': 0.07475200295448303, 'xy_axis_ifft': 0.07577600330114365}, 'ogm_conversion': 0.03276799991726875, 'split_time': 0.00014281272888183594, 'test_auc': 0.5053835978835979, 'test_nll': 0.7304210585933285, 'train_auc': 0.5356125356125356, 'train_nll': 0.6584920205065743}","{'data': {'data_dir': 'datasets/sa/toysim0/npz', 'test_split': 0.2, 'file_prefix': 'results_frame_', 'file_suffix': '.npz', 'dataset_name': 'toysim', 'world_bounds': [-50, 50, -50, 50]}, 'wandb': {'notes': 'This experiment evaluates the performance of the decoding method on the ablation dataset.', 'online': True, 'enabled': True, 'verbose': False, 'project_name': 'decoding_method_evaluation_toymap_no_entropy'}, 'logging': {'enabled': True, 'verbose': False, 'save_dir': 'logs/decoding_method_evaluation_toymap_no_entropy/mapping-axis_resolution=1-0_mapping-vector_dimensionality=32768_mapping-vector_length_scale=0-1_mapping-decoding-method=relu_normalize_squaring', 'log_images': True, 'override_existing': False}, 'mapping': {'seed': 42, 'device': 'cuda', 'verbose': True, 'decoding': {'alpha': 'None', 'method': 'relu_normalize_squaring', 'disk_radii_1': 3, 'disk_radii_2': 3}, 'num_tiles': 1, 'data_filter': 'passthrough', 'mapping_type': 'SA_VSA_OGM', 'axis_resolution': 1, 'vector_length_scale': 0.1, 'vector_dimensionality': 32768}, 'experiment_name': 'mapping-axis_resolution=1-0_mapping-vector_dimensionality=32768_mapping-vector_length_scale=0-1_mapping-decoding-method=relu_normalize_squaring', 'experiment_type': 'single_agent', 'mapping_manager': {'seed': 42, 'metrics': ['auc', 'nll'], 'verbose': True, 'num_mappers': 1, 'plotting_flags': {'plot_images': False, 'plot_metrics': True, 'plot_predictions': False, 'plot_point_clouds': False}}, 'experiment_parameters': {'mapping': {'decoding': {'method': ['relu', 'relu_normalize', 'relu_squaring', 'relu_normalize_squaring', 'tanh', 'tanh_normalize', 'tanh_squaring', 'tanh_normalize_squaring', 'sigmoid', 'sigmoid_normalize', 'sigmoid_squaring', 'sigmoid_normalize_squaring']}, 'axis_resolution': [1], 'vector_length_scale': [0.1, 0.2, 0.5, 1], 'vector_dimensionality': [32768, 16384, 8192]}}}",mapping-axis_resolution=1-0_mapping-vector_dimensionality=32768_mapping-vector_length_scale=0-1_mapping-decoding-method=relu_normalize_squaring
4,"{'_runtime': 4.376433499, '_step': 88, '_timestamp': 1740609455.927482, '_wandb': {'runtime': 4}, 'cpu2gpu_time': 6.628036499023438e-05, 'decoding': {'decoding_time': 0.1372160017490387}, 'empty': {'axis_fd_matrix': 0.05939200147986412, 'axis_fd_power_matrix': 0.159743994474411, 'axis_fd_power_unsqueeze': 0.004095999989658594, 'dot_product': 13.60588836669922, 'hm_clone': 0.0071680000983178616, 'hm_decoding': 0.021503999829292297, 'index_add': 0.02457600086927414, 'power_matrix': 0.06963200122117996, 'powers': 0.05939200147986412, 'qv_norm': 0.018432000651955605, 'tile_memory_calculation': 0.11776000261306764, 'world_bound_norm': 0.11468800157308578, 'xy_axis_fd_matrix': 0.11366400122642516, 'xy_axis_ifft': 0.06451199948787689}, 'occupied': {'axis_fd_matrix': 0.06348799914121628, 'axis_fd_power_matrix': 0.09625600278377532, 'axis_fd_power_unsqueeze': 0.004095999989658594, 'dot_product': 13.63967990875244, 'hm_clone': 0.035840000957250595, 'hm_decoding': 0.02252800017595291, 'index_add': 0.05632000043988228, 'power_matrix': 0.060416001826524734, 'powers': 0.07577600330114365, 'qv_norm': 0.06860800087451935, 'tile_memory_calculation': 0.158720001578331, 'world_bound_norm': 0.116736002266407, 'xy_axis_fd_matrix': 0.07065600156784058, 'xy_axis_ifft': 0.06860800087451935}, 'ogm_conversion': 0.030719999223947525, 'split_time': 0.00013637542724609375, 'test_auc': 0.5025264550264551, 'test_nll': 0.713378889923304, 'train_auc': 0.5584045584045585, 'train_nll': 0.7297902626416752}","{'data': {'data_dir': 'datasets/sa/toysim0/npz', 'test_split': 0.2, 'file_prefix': 'results_frame_', 'file_suffix': '.npz', 'dataset_name': 'toysim', 'world_bounds': [-50, 50, -50, 50]}, 'wandb': {'notes': 'This experiment evaluates the performance of the decoding method on the ablation dataset.', 'online': True, 'enabled': True, 'verbose': False, 'project_name': 'decoding_method_evaluation_toymap_no_entropy'}, 'logging': {'enabled': True, 'verbose': False, 'save_dir': 'logs/decoding_method_evaluation_toymap_no_entropy/mapping-axis_resolution=1-0_mapping-vector_dimensionality=32768_mapping-vector_length_scale=0-1_mapping-decoding-method=tanh', 'log_images': True, 'override_existing': False}, 'mapping': {'seed': 42, 'device': 'cuda', 'verbose': True, 'decoding': {'alpha': 'None', 'method': 'tanh', 'disk_radii_1': 3, 'disk_radii_2': 3}, 'num_tiles': 1, 'data_filter': 'passthrough', 'mapping_type': 'SA_VSA_OGM', 'axis_resolution': 1, 'vector_length_scale': 0.1, 'vector_dimensionality': 32768}, 'experiment_name': 'mapping-axis_resolution=1-0_mapping-vector_dimensionality=32768_mapping-vector_length_scale=0-1_mapping-decoding-method=tanh', 'experiment_type': 'single_agent', 'mapping_manager': {'seed': 42, 'metrics': ['auc', 'nll'], 'verbose': True, 'num_mappers': 1, 'plotting_flags': {'plot_images': False, 'plot_metrics': True, 'plot_predictions': False, 'plot_point_clouds': False}}, 'experiment_parameters': {'mapping': {'decoding': {'method': ['relu', 'relu_normalize', 'relu_squaring', 'relu_normalize_squaring', 'tanh', 'tanh_normalize', 'tanh_squaring', 'tanh_normalize_squaring', 'sigmoid', 'sigmoid_normalize', 'sigmoid_squaring', 'sigmoid_normalize_squaring']}, 'axis_resolution': [1], 'vector_length_scale': [0.1, 0.2, 0.5, 1], 'vector_dimensionality': [32768, 16384, 8192]}}}",mapping-axis_resolution=1-0_mapping-vector_dimensionality=32768_mapping-vector_length_scale=0-1_mapping-decoding-method=tanh
5,"{'_runtime': 4.393404025, '_step': 88, '_timestamp': 1740609461.970431, '_wandb': {'runtime': 4}, 'cpu2gpu_time': 7.033348083496094e-05, 'decoding': {'decoding_time': 0.158720001578331}, 'empty': {'axis_fd_matrix': 0.05939200147986412, 'axis_fd_power_matrix': 0.15667200088500977, 'axis_fd_power_unsqueeze': 0.003072000108659267, 'dot_product': 13.616127967834473, 'hm_clone': 0.0071680000983178616, 'hm_decoding': 0.023552000522613525, 'index_add': 0.02457600086927414, 'power_matrix': 0.058368001133203506, 'powers': 0.060416001826524734, 'qv_norm': 0.01945599913597107, 'tile_memory_calculation': 0.12185599654912949, 'world_bound_norm': 0.12083200365304948, 'xy_axis_fd_matrix': 0.11468800157308578, 'xy_axis_ifft': 0.0655359998345375}, 'occupied': {'axis_fd_matrix': 0.062463998794555664, 'axis_fd_power_matrix': 0.0942080020904541, 'axis_fd_power_unsqueeze': 0.003072000108659267, 'dot_product': 13.647871971130373, 'hm_clone': 0.04710400104522705, 'hm_decoding': 0.023552000522613525, 'index_add': 0.05324799939990043, 'power_matrix': 0.05939200147986412, 'powers': 0.0655359998345375, 'qv_norm': 0.06656000018119812, 'tile_memory_calculation': 0.15360000729560852, 'world_bound_norm': 0.116736002266407, 'xy_axis_fd_matrix': 0.07168000191450119, 'xy_axis_ifft': 0.06656000018119812}, 'ogm_conversion': 0.02867200039327145, 'split_time': 0.00015020370483398438, 'test_auc': 0.4920873015873016, 'test_nll': 0.7339886332267156, 'train_auc': 0.50997150997151, 'train_nll': 0.7405273831315352}","{'data': {'data_dir': 'datasets/sa/toysim0/npz', 'test_split': 0.2, 'file_prefix': 'results_frame_', 'file_suffix': '.npz', 'dataset_name': 'toysim', 'world_bounds': [-50, 50, -50, 50]}, 'wandb': {'notes': 'This experiment evaluates the performance of the decoding method on the ablation dataset.', 'online': True, 'enabled': True, 'verbose': False, 'project_name': 'decoding_method_evaluation_toymap_no_entropy'}, 'logging': {'enabled': True, 'verbose': False, 'save_dir': 'logs/decoding_method_evaluation_toymap_no_entropy/mapping-axis_resolution=1-0_mapping-vector_dimensionality=32768_mapping-vector_length_scale=0-1_mapping-decoding-method=tanh_normalize', 'log_images': True, 'override_existing': False}, 'mapping': {'seed': 42, 'device': 'cuda', 'verbose': True, 'decoding': {'alpha': 'None', 'method': 'tanh_normalize', 'disk_radii_1': 3, 'disk_radii_2': 3}, 'num_tiles': 1, 'data_filter': 'passthrough', 'mapping_type': 'SA_VSA_OGM', 'axis_resolution': 1, 'vector_length_scale': 0.1, 'vector_dimensionality': 32768}, 'experiment_name': 'mapping-axis_resolution=1-0_mapping-vector_dimensionality=32768_mapping-vector_length_scale=0-1_mapping-decoding-method=tanh_normalize', 'experiment_type': 'single_agent', 'mapping_manager': {'seed': 42, 'metrics': ['auc', 'nll'], 'verbose': True, 'num_mappers': 1, 'plotting_flags': {'plot_images': False, 'plot_metrics': True, 'plot_predictions': False, 'plot_point_clouds': False}}, 'experiment_parameters': {'mapping': {'decoding': {'method': ['relu', 'relu_normalize', 'relu_squaring', 'relu_normalize_squaring', 'tanh', 'tanh_normalize', 'tanh_squaring', 'tanh_normalize_squaring', 'sigmoid', 'sigmoid_normalize', 'sigmoid_squaring', 'sigmoid_normalize_squaring']}, 'axis_resolution': [1], 'vector_length_scale': [0.1, 0.2, 0.5, 1], 'vector_dimensionality': [32768, 16384, 8192]}}}",mapping-axis_resolution=1-0_mapping-vector_dimensionality=32768_mapping-vector_length_scale=0-1_mapping-decoding-method=tanh_normalize
6,"{'_runtime': 4.453931309, '_step': 88, '_timestamp': 1740609468.0931315, '_wandb': {'runtime': 4}, 'cpu2gpu_time': 9.5367431640625e-05, 'decoding': {'decoding_time': 0.14233599603176117}, 'empty': {'axis_fd_matrix': 0.05939200147986412, 'axis_fd_power_matrix': 0.15564799308776855, 'axis_fd_power_unsqueeze': 0.004095999989658594, 'dot_product': 13.606911659240724, 'hm_clone': 0.0071680000983178616, 'hm_decoding': 0.02252800017595291, 'index_add': 0.025599999353289604, 'power_matrix': 0.06656000018119812, 'powers': 0.060416001826524734, 'qv_norm': 0.01740800030529499, 'tile_memory_calculation': 0.116736002266407, 'world_bound_norm': 0.11366400122642516, 'xy_axis_fd_matrix': 0.1157120019197464, 'xy_axis_ifft': 0.0655359998345375}, 'occupied': {'axis_fd_matrix': 0.07372800260782242, 'axis_fd_power_matrix': 0.09523200243711472, 'axis_fd_power_unsqueeze': 0.003072000108659267, 'dot_product': 13.645824432373049, 'hm_clone': 0.03788800165057182, 'hm_decoding': 0.02252800017595291, 'index_add': 0.05939200147986412, 'power_matrix': 0.06656000018119812, 'powers': 0.06963200122117996, 'qv_norm': 0.07168000191450119, 'tile_memory_calculation': 0.17510400712490082, 'world_bound_norm': 0.13312000036239624, 'xy_axis_fd_matrix': 0.0798719972372055, 'xy_axis_ifft': 0.07884799689054489}, 'ogm_conversion': 0.02867200039327145, 'split_time': 0.00016736984252929688, 'test_auc': 0.537441798941799, 'test_nll': 0.700600382150603, 'train_auc': 0.5356125356125357, 'train_nll': 1.0041687239965569}","{'data': {'data_dir': 'datasets/sa/toysim0/npz', 'test_split': 0.2, 'file_prefix': 'results_frame_', 'file_suffix': '.npz', 'dataset_name': 'toysim', 'world_bounds': [-50, 50, -50, 50]}, 'wandb': {'notes': 'This experiment evaluates the performance of the decoding method on the ablation dataset.', 'online': True, 'enabled': True, 'verbose': False, 'project_name': 'decoding_method_evaluation_toymap_no_entropy'}, 'logging': {'enabled': True, 'verbose': False, 'save_dir': 'logs/decoding_method_evaluation_toymap_no_entropy/mapping-axis_resolution=1-0_mapping-vector_dimensionality=32768_mapping-vector_length_scale=0-1_mapping-decoding-method=tanh_squaring', 'log_images': True, 'override_existing': False}, 'mapping': {'seed': 42, 'device': 'cuda', 'verbose': True, 'decoding': {'alpha': 'None', 'method': 'tanh_squaring', 'disk_radii_1': 3, 'disk_radii_2': 3}, 'num_tiles': 1, 'data_filter': 'passthrough', 'mapping_type': 'SA_VSA_OGM', 'axis_resolution': 1, 'vector_length_scale': 0.1, 'vector_dimensionality': 32768}, 'experiment_name': 'mapping-axis_resolution=1-0_mapping-vector_dimensionality=32768_mapping-vector_length_scale=0-1_mapping-decoding-method=tanh_squaring', 'experiment_type': 'single_agent', 'mapping_manager': {'seed': 42, 'metrics': ['auc', 'nll'], 'verbose': True, 'num_mappers': 1, 'plotting_flags': {'plot_images': False, 'plot_metrics': True, 'plot_predictions': False, 'plot_point_clouds': False}}, 'experiment_parameters': {'mapping': {'decoding': {'method': ['relu', 'relu_normalize', 'relu_squaring', 'relu_normalize_squaring', 'tanh', 'tanh_normalize', 'tanh_squaring', 'tanh_normalize_squaring', 'sigmoid', 'sigmoid_normalize', 'sigmoid_squaring', 'sigmoid_normalize_squaring']}, 'axis_resolution': [1], 'vector_length_scale': [0.1, 0.2, 0.5, 1], 'vector_dimensionality': [32768, 16384, 8192]}}}",mapping-axis_resolution=1-0_mapping-vector_dimensionality=32768_mapping-vector_length_scale=0-1_mapping-decoding-method=tanh_squaring
7,"{'_runtime': 4.542448028, '_step': 88, '_timestamp': 1740609474.2540634, '_wandb': {'runtime': 4}, 'cpu2gpu_time': 6.103515625e-05, 'decoding': {'decoding_time': 0.2314240038394928}, 'empty': {'axis_fd_matrix': 0.058368001133203506, 'axis_fd_power_matrix': 0.159743994474411, 'axis_fd_power_unsqueeze': 0.003072000108659267, 'dot_product': 13.628416061401367, 'hm_clone': 0.043007999658584595, 'hm_decoding': 0.02457600086927414, 'index_add': 0.025599999353289604, 'power_matrix': 0.05734400078654289, 'powers': 0.060416001826524734, 'qv_norm': 0.4894720017910004, 'tile_memory_calculation': 0.11980800330638884, 'world_bound_norm': 0.12390399724245071, 'xy_axis_fd_matrix': 0.11468800157308578, 'xy_axis_ifft': 0.06656000018119812}, 'occupied': {'axis_fd_matrix': 0.06348799914121628, 'axis_fd_power_matrix': 0.09625600278377532, 'axis_fd_power_unsqueeze': 0.004095999989658594, 'dot_product': 13.642751693725586, 'hm_clone': 0.03481600061058998, 'hm_decoding': 0.02457600086927414, 'index_add': 0.05734400078654289, 'power_matrix': 0.06143999844789505, 'powers': 0.06656000018119812, 'qv_norm': 0.06963200122117996, 'tile_memory_calculation': 0.16998399794101715, 'world_bound_norm': 0.11878400295972824, 'xy_axis_fd_matrix': 0.07577600330114365, 'xy_axis_ifft': 0.08601599931716919}, 'ogm_conversion': 0.03174399957060814, 'split_time': 0.00016450881958007812, 'test_auc': 0.48334126984126985, 'test_nll': 0.6991089828167392, 'train_auc': 0.4387464387464387, 'train_nll': 0.7378061593815195}","{'data': {'data_dir': 'datasets/sa/toysim0/npz', 'test_split': 0.2, 'file_prefix': 'results_frame_', 'file_suffix': '.npz', 'dataset_name': 'toysim', 'world_bounds': [-50, 50, -50, 50]}, 'wandb': {'notes': 'This experiment evaluates the performance of the decoding method on the ablation dataset.', 'online': True, 'enabled': True, 'verbose': False, 'project_name': 'decoding_method_evaluation_toymap_no_entropy'}, 'logging': {'enabled': True, 'verbose': False, 'save_dir': 'logs/decoding_method_evaluation_toymap_no_entropy/mapping-axis_resolution=1-0_mapping-vector_dimensionality=32768_mapping-vector_length_scale=0-1_mapping-decoding-method=tanh_normalize_squaring', 'log_images': True, 'override_existing': False}, 'mapping': {'seed': 42, 'device': 'cuda', 'verbose': True, 'decoding': {'alpha': 'None', 'method': 'tanh_normalize_squaring', 'disk_radii_1': 3, 'disk_radii_2': 3}, 'num_tiles': 1, 'data_filter': 'passthrough', 'mapping_type': 'SA_VSA_OGM', 'axis_resolution': 1, 'vector_length_scale': 0.1, 'vector_dimensionality': 32768}, 'experiment_name': 'mapping-axis_resolution=1-0_mapping-vector_dimensionality=32768_mapping-vector_length_scale=0-1_mapping-decoding-method=tanh_normalize_squaring', 'experiment_type': 'single_agent', 'mapping_manager': {'seed': 42, 'metrics': ['auc', 'nll'], 'verbose': True, 'num_mappers': 1, 'plotting_flags': {'plot_images': False, 'plot_metrics': True, 'plot_predictions': False, 'plot_point_clouds': False}}, 'experiment_parameters': {'mapping': {'decoding': {'method': ['relu', 'relu_normalize', 'relu_squaring', 'relu_normalize_squaring', 'tanh', 'tanh_normalize', 'tanh_squaring', 'tanh_normalize_squaring', 'sigmoid', 'sigmoid_normalize', 'sigmoid_squaring', 'sigmoid_normalize_squaring']}, 'axis_resolution': [1], 'vector_length_scale': [0.1, 0.2, 0.5, 1], 'vector_dimensionality': [32768, 16384, 8192]}}}",mapping-axis_resolution=1-0_mapping-vector_dimensionality=32768_mapping-vector_length_scale=0-1_mapping-decoding-method=tanh_normalize_squaring
8,"{'_runtime': 4.776089916, '_step': 88, '_timestamp': 1740609485.7827303, '_wandb': {'runtime': 4}, 'cpu2gpu_time': 0.00011014938354492188, 'decoding': {'decoding_time': 0.10751999914646149}, 'empty': {'axis_fd_matrix': 0.05939200147986412, 'axis_fd_power_matrix': 0.15667200088500977, 'axis_fd_power_unsqueeze': 0.004095999989658594, 'dot_product': 13.614080429077148, 'hm_clone': 0.0071680000983178616, 'hm_decoding': 0.02252800017595291, 'index_add': 0.02457600086927414, 'power_matrix': 0.058368001133203506, 'powers': 0.06143999844789505, 'qv_norm': 0.01740800030529499, 'tile_memory_calculation': 0.12185599654912949, 'world_bound_norm': 0.116736002266407, 'xy_axis_fd_matrix': 0.11468800157308578, 'xy_axis_ifft': 0.06451199948787689}, 'occupied': {'axis_fd_matrix': 0.06758400052785873, 'axis_fd_power_matrix': 0.09625600278377532, 'axis_fd_power_unsqueeze': 0.003072000108659267, 'dot_product': 13.648896217346191, 'hm_clone': 0.03788800165057182, 'hm_decoding': 0.02252800017595291, 'index_add': 0.05734400078654289, 'power_matrix': 0.06451199948787689, 'powers': 0.06860800087451935, 'qv_norm': 0.0727040022611618, 'tile_memory_calculation': 0.18534399569034576, 'world_bound_norm': 0.1372160017490387, 'xy_axis_fd_matrix': 0.07782399654388428, 'xy_axis_ifft': 0.0798719972372055}, 'ogm_conversion': 0.02867200039327145, 'split_time': 0.0001819133758544922, 'test_auc': 0.4603359788359789, 'test_nll': 0.7374242843612606, 'train_auc': 0.3675213675213675, 'train_nll': 0.7654956195310607}","{'data': {'data_dir': 'datasets/sa/toysim0/npz', 'test_split': 0.2, 'file_prefix': 'results_frame_', 'file_suffix': '.npz', 'dataset_name': 'toysim', 'world_bounds': [-50, 50, -50, 50]}, 'wandb': {'notes': 'This experiment evaluates the performance of the decoding method on the ablation dataset.', 'online': True, 'enabled': True, 'verbose': False, 'project_name': 'decoding_method_evaluation_toymap_no_entropy'}, 'logging': {'enabled': True, 'verbose': False, 'save_dir': 'logs/decoding_method_evaluation_toymap_no_entropy/mapping-axis_resolution=1-0_mapping-vector_dimensionality=32768_mapping-vector_length_scale=0-1_mapping-decoding-method=sigmoid', 'log_images': True, 'override_existing': False}, 'mapping': {'seed': 42, 'device': 'cuda', 'verbose': True, 'decoding': {'alpha': 'None', 'method': 'sigmoid', 'disk_radii_1': 3, 'disk_radii_2': 3}, 'num_tiles': 1, 'data_filter': 'passthrough', 'mapping_type': 'SA_VSA_OGM', 'axis_resolution': 1, 'vector_length_scale': 0.1, 'vector_dimensionality': 32768}, 'experiment_name': 'mapping-axis_resolution=1-0_mapping-vector_dimensionality=32768_mapping-vector_length_scale=0-1_mapping-decoding-method=sigmoid', 'experiment_type': 'single_agent', 'mapping_manager': {'seed': 42, 'metrics': ['auc', 'nll'], 'verbose': True, 'num_mappers': 1, 'plotting_flags': {'plot_images': False, 'plot_metrics': True, 'plot_predictions': False, 'plot_point_clouds': False}}, 'experiment_parameters': {'mapping': {'decoding': {'method': ['relu', 'relu_normalize', 'relu_squaring', 'relu_normalize_squaring', 'tanh', 'tanh_normalize', 'tanh_squaring', 'tanh_normalize_squaring', 'sigmoid', 'sigmoid_normalize', 'sigmoid_squaring', 'sigmoid_normalize_squaring']}, 'axis_resolution': [1], 'vector_length_scale': [0.1, 0.2, 0.5, 1], 'vector_dimensionality': [32768, 16384, 8192]}}}",mapping-axis_resolution=1-0_mapping-vector_dimensionality=32768_mapping-vector_length_scale=0-1_mapping-decoding-method=sigmoid
9,"{'_runtime': 4.662996859, '_step': 88, '_timestamp': 1740609492.117344, '_wandb': {'runtime': 4}, 'cpu2gpu_time': 9.822845458984376e-05, 'decoding': {'decoding_time': 0.17612800002098083}, 'empty': {'axis_fd_matrix': 0.060416001826524734, 'axis_fd_power_matrix': 0.15667200088500977, 'axis_fd_power_unsqueeze': 0.004095999989658594, 'dot_product': 13.628416061401367, 'hm_clone': 0.04505600035190582, 'hm_decoding': 0.02457600086927414, 'index_add': 0.025599999353289604, 'power_matrix': 0.05939200147986412, 'powers': 0.06143999844789505, 'qv_norm': 0.13209599256515503, 'tile_memory_calculation': 0.12390399724245071, 'world_bound_norm': 0.11468800157308578, 'xy_axis_fd_matrix': 0.11366400122642516, 'xy_axis_ifft': 0.0655359998345375}, 'occupied': {'axis_fd_matrix': 0.06451199948787689, 'axis_fd_power_matrix': 0.0942080020904541, 'axis_fd_power_unsqueeze': 0.004095999989658594, 'dot_product': 13.648896217346191, 'hm_clone': 0.03788800165057182, 'hm_decoding': 0.02457600086927414, 'index_add': 0.06963200122117996, 'power_matrix': 0.06143999844789505, 'powers': 0.06758400052785873, 'qv_norm': 0.0727040022611618, 'tile_memory_calculation': 0.17612800002098083, 'world_bound_norm': 0.12492799758911131, 'xy_axis_fd_matrix': 0.08191999793052673, 'xy_axis_ifft': 0.08191999793052673}, 'ogm_conversion': 0.02969600073993206, 'split_time': 0.00018024444580078125, 'test_auc': 0.4983253968253968, 'test_nll': 0.7189600752990415, 'train_auc': 0.6410256410256411, 'train_nll': 0.7090383670963767}","{'data': {'data_dir': 'datasets/sa/toysim0/npz', 'test_split': 0.2, 'file_prefix': 'results_frame_', 'file_suffix': '.npz', 'dataset_name': 'toysim', 'world_bounds': [-50, 50, -50, 50]}, 'wandb': {'notes': 'This experiment evaluates the performance of the decoding method on the ablation dataset.', 'online': True, 'enabled': True, 'verbose': False, 'project_name': 'decoding_method_evaluation_toymap_no_entropy'}, 'logging': {'enabled': True, 'verbose': False, 'save_dir': 'logs/decoding_method_evaluation_toymap_no_entropy/mapping-axis_resolution=1-0_mapping-vector_dimensionality=32768_mapping-vector_length_scale=0-1_mapping-decoding-method=sigmoid_normalize', 'log_images': True, 'override_existing': False}, 'mapping': {'seed': 42, 'device': 'cuda', 'verbose': True, 'decoding': {'alpha': 'None', 'method': 'sigmoid_normalize', 'disk_radii_1': 3, 'disk_radii_2': 3}, 'num_tiles': 1, 'data_filter': 'passthrough', 'mapping_type': 'SA_VSA_OGM', 'axis_resolution': 1, 'vector_length_scale': 0.1, 'vector_dimensionality': 32768}, 'experiment_name': 'mapping-axis_resolution=1-0_mapping-vector_dimensionality=32768_mapping-vector_length_scale=0-1_mapping-decoding-method=sigmoid_normalize', 'experiment_type': 'single_agent', 'mapping_manager': {'seed': 42, 'metrics': ['auc', 'nll'], 'verbose': True, 'num_mappers': 1, 'plotting_flags': {'plot_images': False, 'plot_metrics': True, 'plot_predictions': False, 'plot_point_clouds': False}}, 'experiment_parameters': {'mapping': {'decoding': {'method': ['relu', 'relu_normalize', 'relu_squaring', 'relu_normalize_squaring', 'tanh', 'tanh_normalize', 'tanh_squaring', 'tanh_normalize_squaring', 'sigmoid', 'sigmoid_normalize', 'sigmoid_squaring', 'sigmoid_normalize_squaring']}, 'axis_resolution': [1], 'vector_length_scale': [0.1, 0.2, 0.5, 1], 'vector_dimensionality': [32768, 16384, 8192]}}}",mapping-axis_resolution=1-0_mapping-vector_dimensionality=32768_mapping-vector_length_scale=0-1_mapping-decoding-method=sigmoid_normalize
10,"{'_runtime': 4.801401854, '_step': 88, '_timestamp': 1740609503.8781035, '_wandb': {'runtime': 4}, 'cpu2gpu_time': 9.560585021972656e-05, 'decoding': {'decoding_time': 0.14131200313568115}, 'empty': {'axis_fd_matrix': 0.05939200147986412, 'axis_fd_power_matrix': 0.15667200088500977, 'axis_fd_power_unsqueeze': 0.003072000108659267, 'dot_product': 13.623295783996582, 'hm_clone': 0.008191999979317188, 'hm_decoding': 0.02252800017595291, 'index_add': 0.025599999353289604, 'power_matrix': 0.05734400078654289, 'powers': 0.05939200147986412, 'qv_norm': 0.01740800030529499, 'tile_memory_calculation': 0.13209599256515503, 'world_bound_norm': 0.11468800157308578, 'xy_axis_fd_matrix': 0.116736002266407, 'xy_axis_ifft': 0.06451199948787689}, 'occupied': {'axis_fd_matrix': 0.06348799914121628, 'axis_fd_power_matrix': 0.09728000313043594, 'axis_fd_power_unsqueeze': 0.004095999989658594, 'dot_product': 13.65503978729248, 'hm_clone': 0.03788800165057182, 'hm_decoding': 0.02252800017595291, 'index_add': 0.058368001133203506, 'power_matrix': 0.06656000018119812, 'powers': 0.06656000018119812, 'qv_norm': 0.07168000191450119, 'tile_memory_calculation': 0.18329599499702456, 'world_bound_norm': 0.11980800330638884, 'xy_axis_fd_matrix': 0.07884799689054489, 'xy_axis_ifft': 0.0798719972372055}, 'ogm_conversion': 0.030719999223947525, 'split_time': 0.0001595020294189453, 'test_auc': 0.491021164021164, 'test_nll': 0.6930054524959072, 'train_auc': 0.6011396011396012, 'train_nll': 0.8852917898007945}","{'data': {'data_dir': 'datasets/sa/toysim0/npz', 'test_split': 0.2, 'file_prefix': 'results_frame_', 'file_suffix': '.npz', 'dataset_name': 'toysim', 'world_bounds': [-50, 50, -50, 50]}, 'wandb': {'notes': 'This experiment evaluates the performance of the decoding method on the ablation dataset.', 'online': True, 'enabled': True, 'verbose': False, 'project_name': 'decoding_method_evaluation_toymap_no_entropy'}, 'logging': {'enabled': True, 'verbose': False, 'save_dir': 'logs/decoding_method_evaluation_toymap_no_entropy/mapping-axis_resolution=1-0_mapping-vector_dimensionality=32768_mapping-vector_length_scale=0-1_mapping-decoding-method=sigmoid_squaring', 'log_images': True, 'override_existing': False}, 'mapping': {'seed': 42, 'device': 'cuda', 'verbose': True, 'decoding': {'alpha': 'None', 'method': 'sigmoid_squaring', 'disk_radii_1': 3, 'disk_radii_2': 3}, 'num_tiles': 1, 'data_filter': 'passthrough', 'mapping_type': 'SA_VSA_OGM', 'axis_resolution': 1, 'vector_length_scale': 0.1, 'vector_dimensionality': 32768}, 'experiment_name': 'mapping-axis_resolution=1-0_mapping-vector_dimensionality=32768_mapping-vector_length_scale=0-1_mapping-decoding-method=sigmoid_squaring', 'experiment_type': 'single_agent', 'mapping_manager': {'seed': 42, 'metrics': ['auc', 'nll'], 'verbose': True, 'num_mappers': 1, 'plotting_flags': {'plot_images': False, 'plot_metrics': True, 'plot_predictions': False, 'plot_point_clouds': False}}, 'experiment_parameters': {'mapping': {'decoding': {'method': ['relu', 'relu_normalize', 'relu_squaring', 'relu_normalize_squaring', 'tanh', 'tanh_normalize', 'tanh_squaring', 'tanh_normalize_squaring', 'sigmoid', 'sigmoid_normalize', 'sigmoid_squaring', 'sigmoid_normalize_squaring']}, 'axis_resolution': [1], 'vector_length_scale': [0.1, 0.2, 0.5, 1], 'vector_dimensionality': [32768, 16384, 8192]}}}",mapping-axis_resolution=1-0_mapping-vector_dimensionality=32768_mapping-vector_length_scale=0-1_mapping-decoding-method=sigmoid_squaring
11,"{'_runtime': 5.129899739, '_step': 88, '_timestamp': 1740609510.6359608, '_wandb': {'runtime': 5}, 'cpu2gpu_time': 6.842613220214844e-05, 'decoding': {'decoding_time': 0.19251200556755063}, 'empty': {'axis_fd_matrix': 0.05939200147986412, 'axis_fd_power_matrix': 0.158720001578331, 'axis_fd_power_unsqueeze': 0.004095999989658594, 'dot_product': 13.616127967834473, 'hm_clone': 0.006144000217318535, 'hm_decoding': 0.02457600086927414, 'index_add': 0.02457600086927414, 'power_matrix': 0.058368001133203506, 'powers': 0.06143999844789505, 'qv_norm': 0.01945599913597107, 'tile_memory_calculation': 0.12083200365304948, 'world_bound_norm': 0.1157120019197464, 'xy_axis_fd_matrix': 0.11366400122642516, 'xy_axis_ifft': 0.0655359998345375}, 'occupied': {'axis_fd_matrix': 0.06451199948787689, 'axis_fd_power_matrix': 0.09625600278377532, 'axis_fd_power_unsqueeze': 0.004095999989658594, 'dot_product': 13.642751693725586, 'hm_clone': 0.035840000957250595, 'hm_decoding': 0.02457600086927414, 'index_add': 0.05734400078654289, 'power_matrix': 0.06348799914121628, 'powers': 0.06656000018119812, 'qv_norm': 0.0798719972372055, 'tile_memory_calculation': 0.158720001578331, 'world_bound_norm': 0.116736002266407, 'xy_axis_fd_matrix': 0.07372800260782242, 'xy_axis_ifft': 0.0727040022611618}, 'ogm_conversion': 0.02969600073993206, 'split_time': 0.00014662742614746094, 'test_auc': 0.4929232804232804, 'test_nll': 0.694091450963971, 'train_auc': 0.4017094017094017, 'train_nll': 0.7512751517421448}","{'data': {'data_dir': 'datasets/sa/toysim0/npz', 'test_split': 0.2, 'file_prefix': 'results_frame_', 'file_suffix': '.npz', 'dataset_name': 'toysim', 'world_bounds': [-50, 50, -50, 50]}, 'wandb': {'notes': 'This experiment evaluates the performance of the decoding method on the ablation dataset.', 'online': True, 'enabled': True, 'verbose': False, 'project_name': 'decoding_method_evaluation_toymap_no_entropy'}, 'logging': {'enabled': True, 'verbose': False, 'save_dir': 'logs/decoding_method_evaluation_toymap_no_entropy/mapping-axis_resolution=1-0_mapping-vector_dimensionality=32768_mapping-vector_length_scale=0-1_mapping-decoding-method=sigmoid_normalize_squaring', 'log_images': True, 'override_existing': False}, 'mapping': {'seed': 42, 'device': 'cuda', 'verbose': True, 'decoding': {'alpha': 'None', 'method': 'sigmoid_normalize_squaring', 'disk_radii_1': 3, 'disk_radii_2': 3}, 'num_tiles': 1, 'data_filter': 'passthrough', 'mapping_type': 'SA_VSA_OGM', 'axis_resolution': 1, 'vector_length_scale': 0.1, 'vector_dimensionality': 32768}, 'experiment_name': 'mapping-axis_resolution=1-0_mapping-vector_dimensionality=32768_mapping-vector_length_scale=0-1_mapping-decoding-method=sigmoid_normalize_squaring', 'experiment_type': 'single_agent', 'mapping_manager': {'seed': 42, 'metrics': ['auc', 'nll'], 'verbose': True, 'num_mappers': 1, 'plotting_flags': {'plot_images': False, 'plot_metrics': True, 'plot_predictions': False, 'plot_point_clouds': False}}, 'experiment_parameters': {'mapping': {'decoding': {'method': ['relu', 'relu_normalize', 'relu_squaring', 'relu_normalize_squaring', 'tanh', 'tanh_normalize', 'tanh_squaring', 'tanh_normalize_squaring', 'sigmoid', 'sigmoid_normalize', 'sigmoid_squaring', 'sigmoid_normalize_squaring']}, 'axis_resolution': [1], 'vector_length_scale': [0.1, 0.2, 0.5, 1], 'vector_dimensionality': [32768, 16384, 8192]}}}",mapping-axis_resolution=1-0_mapping-vector_dimensionality=32768_mapping-vector_length_scale=0-1_mapping-decoding-method=sigmoid_normalize_squaring
12,"{'_runtime': 4.8052011839999995, '_step': 88, '_timestamp': 1740609517.3317857, '_wandb': {'runtime': 4}, 'cpu2gpu_time': 6.818771362304688e-05, 'decoding': {'decoding_time': 0.10751999914646149}, 'empty': {'axis_fd_matrix': 0.060416001826524734, 'axis_fd_power_matrix': 0.159743994474411, 'axis_fd_power_unsqueeze': 0.004095999989658594, 'dot_product': 13.613056182861328, 'hm_clone': 0.0071680000983178616, 'hm_decoding': 0.02252800017595291, 'index_add': 0.025599999353289604, 'power_matrix': 0.062463998794555664, 'powers': 0.0798719972372055, 'qv_norm': 0.018432000651955605, 'tile_memory_calculation': 0.12492799758911131, 'world_bound_norm': 0.12185599654912949, 'xy_axis_fd_matrix': 0.11468800157308578, 'xy_axis_ifft': 0.06451199948787689}, 'occupied': {'axis_fd_matrix': 0.06348799914121628, 'axis_fd_power_matrix': 0.09216000139713287, 'axis_fd_power_unsqueeze': 0.004095999989658594, 'dot_product': 13.63967990875244, 'hm_clone': 0.030719999223947525, 'hm_decoding': 0.02252800017595291, 'index_add': 0.05222399905323982, 'power_matrix': 0.062463998794555664, 'powers': 0.06451199948787689, 'qv_norm': 0.06656000018119812, 'tile_memory_calculation': 0.14950400590896606, 'world_bound_norm': 0.1157120019197464, 'xy_axis_fd_matrix': 0.07065600156784058, 'xy_axis_ifft': 0.0655359998345375}, 'ogm_conversion': 0.02867200039327145, 'split_time': 0.0001418590545654297, 'test_auc': 0.502031746031746, 'test_nll': 0.6880701546689121, 'train_auc': 0.4572649572649573, 'train_nll': 0.8753066388922888}","{'data': {'data_dir': 'datasets/sa/toysim0/npz', 'test_split': 0.2, 'file_prefix': 'results_frame_', 'file_suffix': '.npz', 'dataset_name': 'toysim', 'world_bounds': [-50, 50, -50, 50]}, 'wandb': {'notes': 'This experiment evaluates the performance of the decoding method on the ablation dataset.', 'online': True, 'enabled': True, 'verbose': False, 'project_name': 'decoding_method_evaluation_toymap_no_entropy'}, 'logging': {'enabled': True, 'verbose': False, 'save_dir': 'logs/decoding_method_evaluation_toymap_no_entropy/mapping-axis_resolution=1-0_mapping-vector_dimensionality=32768_mapping-vector_length_scale=0-2_mapping-decoding-method=relu', 'log_images': True, 'override_existing': False}, 'mapping': {'seed': 42, 'device': 'cuda', 'verbose': True, 'decoding': {'alpha': 'None', 'method': 'relu', 'disk_radii_1': 3, 'disk_radii_2': 3}, 'num_tiles': 1, 'data_filter': 'passthrough', 'mapping_type': 'SA_VSA_OGM', 'axis_resolution': 1, 'vector_length_scale': 0.2, 'vector_dimensionality': 32768}, 'experiment_name': 'mapping-axis_resolution=1-0_mapping-vector_dimensionality=32768_mapping-vector_length_scale=0-2_mapping-decoding-method=relu', 'experiment_type': 'single_agent', 'mapping_manager': {'seed': 42, 'metrics': ['auc', 'nll'], 'verbose': True, 'num_mappers': 1, 'plotting_flags': {'plot_images': False, 'plot_metrics': True, 'plot_predictions': False, 'plot_point_clouds': False}}, 'experiment_parameters': {'mapping': {'decoding': {'method': ['relu', 'relu_normalize', 'relu_squaring', 'relu_normalize_squaring', 'tanh', 'tanh_normalize', 'tanh_squaring', 'tanh_normalize_squaring', 'sigmoid', 'sigmoid_normalize', 'sigmoid_squaring', 'sigmoid_normalize_squaring']}, 'axis_resolution': [1], 'vector_length_scale': [0.1, 0.2, 0.5, 1], 'vector_dimensionality': [32768, 16384, 8192]}}}",mapping-axis_resolution=1-0_mapping-vector_dimensionality=32768_mapping-vector_length_scale=0-2_mapping-decoding-method=relu
13,"{'_runtime': 4.895453946, '_step': 88, '_timestamp': 1740609523.863494, '_wandb': {'runtime': 4}, 'cpu2gpu_time': 8.678436279296875e-05, 'decoding': {'decoding_time': 0.15769599378108978}, 'empty': {'axis_fd_matrix': 0.058368001133203506, 'axis_fd_power_matrix': 0.15360000729560852, 'axis_fd_power_unsqueeze': 0.004095999989658594, 'dot_product': 13.60588836669922, 'hm_clone': 0.0071680000983178616, 'hm_decoding': 0.02252800017595291, 'index_add': 0.025599999353289604, 'power_matrix': 0.06963200122117996, 'powers': 0.05939200147986412, 'qv_norm': 0.018432000651955605, 'tile_memory_calculation': 0.116736002266407, 'world_bound_norm': 0.11468800157308578, 'xy_axis_fd_matrix': 0.1157120019197464, 'xy_axis_ifft': 0.0655359998345375}, 'occupied': {'axis_fd_matrix': 0.06348799914121628, 'axis_fd_power_matrix': 0.0942080020904541, 'axis_fd_power_unsqueeze': 0.003072000108659267, 'dot_product': 13.643775939941406, 'hm_clone': 0.03686400130391121, 'hm_decoding': 0.02457600086927414, 'index_add': 0.05734400078654289, 'power_matrix': 0.062463998794555664, 'powers': 0.07680000364780426, 'qv_norm': 0.07065600156784058, 'tile_memory_calculation': 0.16998399794101715, 'world_bound_norm': 0.11980800330638884, 'xy_axis_fd_matrix': 0.0798719972372055, 'xy_axis_ifft': 0.07884799689054489}, 'ogm_conversion': 0.027648000046610832, 'split_time': 0.0001633167266845703, 'test_auc': 0.4468359788359788, 'test_nll': 0.7550344203416047, 'train_auc': 0.5754985754985755, 'train_nll': 0.6825124164286567}","{'data': {'data_dir': 'datasets/sa/toysim0/npz', 'test_split': 0.2, 'file_prefix': 'results_frame_', 'file_suffix': '.npz', 'dataset_name': 'toysim', 'world_bounds': [-50, 50, -50, 50]}, 'wandb': {'notes': 'This experiment evaluates the performance of the decoding method on the ablation dataset.', 'online': True, 'enabled': True, 'verbose': False, 'project_name': 'decoding_method_evaluation_toymap_no_entropy'}, 'logging': {'enabled': True, 'verbose': False, 'save_dir': 'logs/decoding_method_evaluation_toymap_no_entropy/mapping-axis_resolution=1-0_mapping-vector_dimensionality=32768_mapping-vector_length_scale=0-2_mapping-decoding-method=relu_normalize', 'log_images': True, 'override_existing': False}, 'mapping': {'seed': 42, 'device': 'cuda', 'verbose': True, 'decoding': {'alpha': 'None', 'method': 'relu_normalize', 'disk_radii_1': 3, 'disk_radii_2': 3}, 'num_tiles': 1, 'data_filter': 'passthrough', 'mapping_type': 'SA_VSA_OGM', 'axis_resolution': 1, 'vector_length_scale': 0.2, 'vector_dimensionality': 32768}, 'experiment_name': 'mapping-axis_resolution=1-0_mapping-vector_dimensionality=32768_mapping-vector_length_scale=0-2_mapping-decoding-method=relu_normalize', 'experiment_type': 'single_agent', 'mapping_manager': {'seed': 42, 'metrics': ['auc', 'nll'], 'verbose': True, 'num_mappers': 1, 'plotting_flags': {'plot_images': False, 'plot_metrics': True, 'plot_predictions': False, 'plot_point_clouds': False}}, 'experiment_parameters': {'mapping': {'decoding': {'method': ['relu', 'relu_normalize', 'relu_squaring', 'relu_normalize_squaring', 'tanh', 'tanh_normalize', 'tanh_squaring', 'tanh_normalize_squaring', 'sigmoid', 'sigmoid_normalize', 'sigmoid_squaring', 'sigmoid_normalize_squaring']}, 'axis_resolution': [1], 'vector_length_scale': [0.1, 0.2, 0.5, 1], 'vector_dimensionality': [32768, 16384, 8192]}}}",mapping-axis_resolution=1-0_mapping-vector_dimensionality=32768_mapping-vector_length_scale=0-2_mapping-decoding-method=relu_normalize
14,"{'_runtime': 4.956875085, '_step': 88, '_timestamp': 1740609530.526125, '_wandb': {'runtime': 4}, 'cpu2gpu_time': 7.128715515136719e-05, 'decoding': {'decoding_time': 0.14336000382900238}, 'empty': {'axis_fd_matrix': 0.058368001133203506, 'axis_fd_power_matrix': 0.15667200088500977, 'axis_fd_power_unsqueeze': 0.004095999989658594, 'dot_product': 13.621248245239258, 'hm_clone': 0.010239999741315842, 'hm_decoding': 0.02252800017595291, 'index_add': 0.02457600086927414, 'power_matrix': 0.05632000043988228, 'powers': 0.06143999844789505, 'qv_norm': 0.018432000651955605, 'tile_memory_calculation': 0.12390399724245071, 'world_bound_norm': 0.11878400295972824, 'xy_axis_fd_matrix': 0.11468800157308578, 'xy_axis_ifft': 0.06348799914121628}, 'occupied': {'axis_fd_matrix': 0.06758400052785873, 'axis_fd_power_matrix': 0.09523200243711472, 'axis_fd_power_unsqueeze': 0.003072000108659267, 'dot_product': 13.63967990875244, 'hm_clone': 0.03481600061058998, 'hm_decoding': 0.023552000522613525, 'index_add': 0.05427199974656105, 'power_matrix': 0.06143999844789505, 'powers': 0.07884799689054489, 'qv_norm': 0.06758400052785873, 'tile_memory_calculation': 0.15667200088500977, 'world_bound_norm': 0.1157120019197464, 'xy_axis_fd_matrix': 0.07475200295448303, 'xy_axis_ifft': 0.06860800087451935}, 'ogm_conversion': 0.02867200039327145, 'split_time': 0.00014448165893554688, 'test_auc': 0.5631693121693122, 'test_nll': 0.6828042104709265, 'train_auc': 0.5854700854700855, 'train_nll': 0.7914510661191198}","{'data': {'data_dir': 'datasets/sa/toysim0/npz', 'test_split': 0.2, 'file_prefix': 'results_frame_', 'file_suffix': '.npz', 'dataset_name': 'toysim', 'world_bounds': [-50, 50, -50, 50]}, 'wandb': {'notes': 'This experiment evaluates the performance of the decoding method on the ablation dataset.', 'online': True, 'enabled': True, 'verbose': False, 'project_name': 'decoding_method_evaluation_toymap_no_entropy'}, 'logging': {'enabled': True, 'verbose': False, 'save_dir': 'logs/decoding_method_evaluation_toymap_no_entropy/mapping-axis_resolution=1-0_mapping-vector_dimensionality=32768_mapping-vector_length_scale=0-2_mapping-decoding-method=relu_squaring', 'log_images': True, 'override_existing': False}, 'mapping': {'seed': 42, 'device': 'cuda', 'verbose': True, 'decoding': {'alpha': 'None', 'method': 'relu_squaring', 'disk_radii_1': 3, 'disk_radii_2': 3}, 'num_tiles': 1, 'data_filter': 'passthrough', 'mapping_type': 'SA_VSA_OGM', 'axis_resolution': 1, 'vector_length_scale': 0.2, 'vector_dimensionality': 32768}, 'experiment_name': 'mapping-axis_resolution=1-0_mapping-vector_dimensionality=32768_mapping-vector_length_scale=0-2_mapping-decoding-method=relu_squaring', 'experiment_type': 'single_agent', 'mapping_manager': {'seed': 42, 'metrics': ['auc', 'nll'], 'verbose': True, 'num_mappers': 1, 'plotting_flags': {'plot_images': False, 'plot_metrics': True, 'plot_predictions': False, 'plot_point_clouds': False}}, 'experiment_parameters': {'mapping': {'decoding': {'method': ['relu', 'relu_normalize', 'relu_squaring', 'relu_normalize_squaring', 'tanh', 'tanh_normalize', 'tanh_squaring', 'tanh_normalize_squaring', 'sigmoid', 'sigmoid_normalize', 'sigmoid_squaring', 'sigmoid_normalize_squaring']}, 'axis_resolution': [1], 'vector_length_scale': [0.1, 0.2, 0.5, 1], 'vector_dimensionality': [32768, 16384, 8192]}}}",mapping-axis_resolution=1-0_mapping-vector_dimensionality=32768_mapping-vector_length_scale=0-2_mapping-decoding-method=relu_squaring
15,"{'_runtime': 5.156855275, '_step': 88, '_timestamp': 1740609537.4228036, '_wandb': {'runtime': 5}, 'cpu2gpu_time': 0.00010585784912109376, 'decoding': {'decoding_time': 0.20479999482631683}, 'empty': {'axis_fd_matrix': 0.05939200147986412, 'axis_fd_power_matrix': 0.15564799308776855, 'axis_fd_power_unsqueeze': 0.004095999989658594, 'dot_product': 13.628416061401367, 'hm_clone': 0.0071680000983178616, 'hm_decoding': 0.02457600086927414, 'index_add': 0.025599999353289604, 'power_matrix': 0.058368001133203506, 'powers': 0.060416001826524734, 'qv_norm': 0.01945599913597107, 'tile_memory_calculation': 0.1228799968957901, 'world_bound_norm': 0.116736002266407, 'xy_axis_fd_matrix': 0.1157120019197464, 'xy_axis_ifft': 0.06656000018119812}, 'occupied': {'axis_fd_matrix': 0.06348799914121628, 'axis_fd_power_matrix': 0.09523200243711472, 'axis_fd_power_unsqueeze': 0.003072000108659267, 'dot_product': 13.64684772491455, 'hm_clone': 0.03891199827194214, 'hm_decoding': 0.023552000522613525, 'index_add': 0.06963200122117996, 'power_matrix': 0.06348799914121628, 'powers': 0.06860800087451935, 'qv_norm': 0.07475200295448303, 'tile_memory_calculation': 0.17817600071430206, 'world_bound_norm': 0.13209599256515503, 'xy_axis_fd_matrix': 0.08601599931716919, 'xy_axis_ifft': 0.08191999793052673}, 'ogm_conversion': 0.02867200039327145, 'split_time': 0.00019073486328125, 'test_auc': 0.5173095238095238, 'test_nll': 0.6912493628431979, 'train_auc': 0.6638176638176638, 'train_nll': 0.7068246090754258}","{'data': {'data_dir': 'datasets/sa/toysim0/npz', 'test_split': 0.2, 'file_prefix': 'results_frame_', 'file_suffix': '.npz', 'dataset_name': 'toysim', 'world_bounds': [-50, 50, -50, 50]}, 'wandb': {'notes': 'This experiment evaluates the performance of the decoding method on the ablation dataset.', 'online': True, 'enabled': True, 'verbose': False, 'project_name': 'decoding_method_evaluation_toymap_no_entropy'}, 'logging': {'enabled': True, 'verbose': False, 'save_dir': 'logs/decoding_method_evaluation_toymap_no_entropy/mapping-axis_resolution=1-0_mapping-vector_dimensionality=32768_mapping-vector_length_scale=0-2_mapping-decoding-method=relu_normalize_squaring', 'log_images': True, 'override_existing': False}, 'mapping': {'seed': 42, 'device': 'cuda', 'verbose': True, 'decoding': {'alpha': 'None', 'method': 'relu_normalize_squaring', 'disk_radii_1': 3, 'disk_radii_2': 3}, 'num_tiles': 1, 'data_filter': 'passthrough', 'mapping_type': 'SA_VSA_OGM', 'axis_resolution': 1, 'vector_length_scale': 0.2, 'vector_dimensionality': 32768}, 'experiment_name': 'mapping-axis_resolution=1-0_mapping-vector_dimensionality=32768_mapping-vector_length_scale=0-2_mapping-decoding-method=relu_normalize_squaring', 'experiment_type': 'single_agent', 'mapping_manager': {'seed': 42, 'metrics': ['auc', 'nll'], 'verbose': True, 'num_mappers': 1, 'plotting_flags': {'plot_images': False, 'plot_metrics': True, 'plot_predictions': False, 'plot_point_clouds': False}}, 'experiment_parameters': {'mapping': {'decoding': {'method': ['relu', 'relu_normalize', 'relu_squaring', 'relu_normalize_squaring', 'tanh', 'tanh_normalize', 'tanh_squaring', 'tanh_normalize_squaring', 'sigmoid', 'sigmoid_normalize', 'sigmoid_squaring', 'sigmoid_normalize_squaring']}, 'axis_resolution': [1], 'vector_length_scale': [0.1, 0.2, 0.5, 1], 'vector_dimensionality': [32768, 16384, 8192]}}}",mapping-axis_resolution=1-0_mapping-vector_dimensionality=32768_mapping-vector_length_scale=0-2_mapping-decoding-method=relu_normalize_squaring
16,"{'_runtime': 5.155203775, '_step': 88, '_timestamp': 1740609544.2551577, '_wandb': {'runtime': 5}, 'cpu2gpu_time': 9.059906005859376e-05, 'decoding': {'decoding_time': 0.1085439994931221}, 'empty': {'axis_fd_matrix': 0.05939200147986412, 'axis_fd_power_matrix': 0.159743994474411, 'axis_fd_power_unsqueeze': 0.004095999989658594, 'dot_product': 13.617152214050291, 'hm_clone': 0.006144000217318535, 'hm_decoding': 0.02252800017595291, 'index_add': 0.025599999353289604, 'power_matrix': 0.05632000043988228, 'powers': 0.060416001826524734, 'qv_norm': 0.018432000651955605, 'tile_memory_calculation': 0.11878400295972824, 'world_bound_norm': 0.1157120019197464, 'xy_axis_fd_matrix': 0.1157120019197464, 'xy_axis_ifft': 0.06451199948787689}, 'occupied': {'axis_fd_matrix': 0.062463998794555664, 'axis_fd_power_matrix': 0.09830400347709656, 'axis_fd_power_unsqueeze': 0.004095999989658594, 'dot_product': 13.644800186157228, 'hm_clone': 0.03686400130391121, 'hm_decoding': 0.02252800017595291, 'index_add': 0.058368001133203506, 'power_matrix': 0.062463998794555664, 'powers': 0.06656000018119812, 'qv_norm': 0.0727040022611618, 'tile_memory_calculation': 0.18534399569034576, 'world_bound_norm': 0.12185599654912949, 'xy_axis_fd_matrix': 0.07680000364780426, 'xy_axis_ifft': 0.0798719972372055}, 'ogm_conversion': 0.02867200039327145, 'split_time': 0.00015878677368164062, 'test_auc': 0.5445132275132275, 'test_nll': 0.6845275529596068, 'train_auc': 0.5726495726495726, 'train_nll': 0.8556796932943687}","{'data': {'data_dir': 'datasets/sa/toysim0/npz', 'test_split': 0.2, 'file_prefix': 'results_frame_', 'file_suffix': '.npz', 'dataset_name': 'toysim', 'world_bounds': [-50, 50, -50, 50]}, 'wandb': {'notes': 'This experiment evaluates the performance of the decoding method on the ablation dataset.', 'online': True, 'enabled': True, 'verbose': False, 'project_name': 'decoding_method_evaluation_toymap_no_entropy'}, 'logging': {'enabled': True, 'verbose': False, 'save_dir': 'logs/decoding_method_evaluation_toymap_no_entropy/mapping-axis_resolution=1-0_mapping-vector_dimensionality=32768_mapping-vector_length_scale=0-2_mapping-decoding-method=tanh', 'log_images': True, 'override_existing': False}, 'mapping': {'seed': 42, 'device': 'cuda', 'verbose': True, 'decoding': {'alpha': 'None', 'method': 'tanh', 'disk_radii_1': 3, 'disk_radii_2': 3}, 'num_tiles': 1, 'data_filter': 'passthrough', 'mapping_type': 'SA_VSA_OGM', 'axis_resolution': 1, 'vector_length_scale': 0.2, 'vector_dimensionality': 32768}, 'experiment_name': 'mapping-axis_resolution=1-0_mapping-vector_dimensionality=32768_mapping-vector_length_scale=0-2_mapping-decoding-method=tanh', 'experiment_type': 'single_agent', 'mapping_manager': {'seed': 42, 'metrics': ['auc', 'nll'], 'verbose': True, 'num_mappers': 1, 'plotting_flags': {'plot_images': False, 'plot_metrics': True, 'plot_predictions': False, 'plot_point_clouds': False}}, 'experiment_parameters': {'mapping': {'decoding': {'method': ['relu', 'relu_normalize', 'relu_squaring', 'relu_normalize_squaring', 'tanh', 'tanh_normalize', 'tanh_squaring', 'tanh_normalize_squaring', 'sigmoid', 'sigmoid_normalize', 'sigmoid_squaring', 'sigmoid_normalize_squaring']}, 'axis_resolution': [1], 'vector_length_scale': [0.1, 0.2, 0.5, 1], 'vector_dimensionality': [32768, 16384, 8192]}}}",mapping-axis_resolution=1-0_mapping-vector_dimensionality=32768_mapping-vector_length_scale=0-2_mapping-decoding-method=tanh
17,"{'_runtime': 5.183402887, '_step': 88, '_timestamp': 1740609551.0949702, '_wandb': {'runtime': 5}, 'cpu2gpu_time': 8.153915405273438e-05, 'decoding': {'decoding_time': 0.187391996383667}, 'empty': {'axis_fd_matrix': 0.06348799914121628, 'axis_fd_power_matrix': 0.159743994474411, 'axis_fd_power_unsqueeze': 0.004095999989658594, 'dot_product': 13.63865566253662, 'hm_clone': 0.0071680000983178616, 'hm_decoding': 0.02457600086927414, 'index_add': 0.02457600086927414, 'power_matrix': 0.05632000043988228, 'powers': 0.060416001826524734, 'qv_norm': 0.01945599913597107, 'tile_memory_calculation': 0.11980800330638884, 'world_bound_norm': 0.1157120019197464, 'xy_axis_fd_matrix': 0.11366400122642516, 'xy_axis_ifft': 0.0655359998345375}, 'occupied': {'axis_fd_matrix': 0.062463998794555664, 'axis_fd_power_matrix': 0.09113600105047226, 'axis_fd_power_unsqueeze': 0.003072000108659267, 'dot_product': 13.636608123779297, 'hm_clone': 0.03174399957060814, 'hm_decoding': 0.02457600086927414, 'index_add': 0.06348799914121628, 'power_matrix': 0.06143999844789505, 'powers': 0.0655359998345375, 'qv_norm': 0.06758400052785873, 'tile_memory_calculation': 0.15667200088500977, 'world_bound_norm': 0.1157120019197464, 'xy_axis_fd_matrix': 0.07372800260782242, 'xy_axis_ifft': 0.06656000018119812}, 'ogm_conversion': 0.02969600073993206, 'split_time': 0.0001442432403564453, 'test_auc': 0.48383862433862435, 'test_nll': 0.7415499159556792, 'train_auc': 0.5213675213675215, 'train_nll': 0.7881232222319383}","{'data': {'data_dir': 'datasets/sa/toysim0/npz', 'test_split': 0.2, 'file_prefix': 'results_frame_', 'file_suffix': '.npz', 'dataset_name': 'toysim', 'world_bounds': [-50, 50, -50, 50]}, 'wandb': {'notes': 'This experiment evaluates the performance of the decoding method on the ablation dataset.', 'online': True, 'enabled': True, 'verbose': False, 'project_name': 'decoding_method_evaluation_toymap_no_entropy'}, 'logging': {'enabled': True, 'verbose': False, 'save_dir': 'logs/decoding_method_evaluation_toymap_no_entropy/mapping-axis_resolution=1-0_mapping-vector_dimensionality=32768_mapping-vector_length_scale=0-2_mapping-decoding-method=tanh_normalize', 'log_images': True, 'override_existing': False}, 'mapping': {'seed': 42, 'device': 'cuda', 'verbose': True, 'decoding': {'alpha': 'None', 'method': 'tanh_normalize', 'disk_radii_1': 3, 'disk_radii_2': 3}, 'num_tiles': 1, 'data_filter': 'passthrough', 'mapping_type': 'SA_VSA_OGM', 'axis_resolution': 1, 'vector_length_scale': 0.2, 'vector_dimensionality': 32768}, 'experiment_name': 'mapping-axis_resolution=1-0_mapping-vector_dimensionality=32768_mapping-vector_length_scale=0-2_mapping-decoding-method=tanh_normalize', 'experiment_type': 'single_agent', 'mapping_manager': {'seed': 42, 'metrics': ['auc', 'nll'], 'verbose': True, 'num_mappers': 1, 'plotting_flags': {'plot_images': False, 'plot_metrics': True, 'plot_predictions': False, 'plot_point_clouds': False}}, 'experiment_parameters': {'mapping': {'decoding': {'method': ['relu', 'relu_normalize', 'relu_squaring', 'relu_normalize_squaring', 'tanh', 'tanh_normalize', 'tanh_squaring', 'tanh_normalize_squaring', 'sigmoid', 'sigmoid_normalize', 'sigmoid_squaring', 'sigmoid_normalize_squaring']}, 'axis_resolution': [1], 'vector_length_scale': [0.1, 0.2, 0.5, 1], 'vector_dimensionality': [32768, 16384, 8192]}}}",mapping-axis_resolution=1-0_mapping-vector_dimensionality=32768_mapping-vector_length_scale=0-2_mapping-decoding-method=tanh_normalize
18,"{'_runtime': 5.351677327, '_step': 88, '_timestamp': 1740609558.123313, '_wandb': {'runtime': 5}, 'cpu2gpu_time': 6.461143493652344e-05, 'decoding': {'decoding_time': 0.14028799533843994}, 'empty': {'axis_fd_matrix': 0.06143999844789505, 'axis_fd_power_matrix': 0.16179199516773224, 'axis_fd_power_unsqueeze': 0.003072000108659267, 'dot_product': 13.643775939941406, 'hm_clone': 0.04505600035190582, 'hm_decoding': 0.023552000522613525, 'index_add': 0.025599999353289604, 'power_matrix': 0.05939200147986412, 'powers': 0.0655359998345375, 'qv_norm': 0.03379200026392937, 'tile_memory_calculation': 0.1658879965543747, 'world_bound_norm': 0.15769599378108978, 'xy_axis_fd_matrix': 0.116736002266407, 'xy_axis_ifft': 0.06348799914121628}, 'occupied': {'axis_fd_matrix': 0.06348799914121628, 'axis_fd_power_matrix': 0.09523200243711472, 'axis_fd_power_unsqueeze': 0.004095999989658594, 'dot_product': 13.6560640335083, 'hm_clone': 0.035840000957250595, 'hm_decoding': 0.023552000522613525, 'index_add': 0.0655359998345375, 'power_matrix': 0.062463998794555664, 'powers': 0.06758400052785873, 'qv_norm': 0.07372800260782242, 'tile_memory_calculation': 0.17510400712490082, 'world_bound_norm': 0.12492799758911131, 'xy_axis_fd_matrix': 0.07884799689054489, 'xy_axis_ifft': 0.0798719972372055}, 'ogm_conversion': 0.030719999223947525, 'split_time': 0.00016188621520996094, 'test_auc': 0.5308068783068782, 'test_nll': 0.673116504874039, 'train_auc': 0.37321937321937326, 'train_nll': 0.836772568584274}","{'data': {'data_dir': 'datasets/sa/toysim0/npz', 'test_split': 0.2, 'file_prefix': 'results_frame_', 'file_suffix': '.npz', 'dataset_name': 'toysim', 'world_bounds': [-50, 50, -50, 50]}, 'wandb': {'notes': 'This experiment evaluates the performance of the decoding method on the ablation dataset.', 'online': True, 'enabled': True, 'verbose': False, 'project_name': 'decoding_method_evaluation_toymap_no_entropy'}, 'logging': {'enabled': True, 'verbose': False, 'save_dir': 'logs/decoding_method_evaluation_toymap_no_entropy/mapping-axis_resolution=1-0_mapping-vector_dimensionality=32768_mapping-vector_length_scale=0-2_mapping-decoding-method=tanh_squaring', 'log_images': True, 'override_existing': False}, 'mapping': {'seed': 42, 'device': 'cuda', 'verbose': True, 'decoding': {'alpha': 'None', 'method': 'tanh_squaring', 'disk_radii_1': 3, 'disk_radii_2': 3}, 'num_tiles': 1, 'data_filter': 'passthrough', 'mapping_type': 'SA_VSA_OGM', 'axis_resolution': 1, 'vector_length_scale': 0.2, 'vector_dimensionality': 32768}, 'experiment_name': 'mapping-axis_resolution=1-0_mapping-vector_dimensionality=32768_mapping-vector_length_scale=0-2_mapping-decoding-method=tanh_squaring', 'experiment_type': 'single_agent', 'mapping_manager': {'seed': 42, 'metrics': ['auc', 'nll'], 'verbose': True, 'num_mappers': 1, 'plotting_flags': {'plot_images': False, 'plot_metrics': True, 'plot_predictions': False, 'plot_point_clouds': False}}, 'experiment_parameters': {'mapping': {'decoding': {'method': ['relu', 'relu_normalize', 'relu_squaring', 'relu_normalize_squaring', 'tanh', 'tanh_normalize', 'tanh_squaring', 'tanh_normalize_squaring', 'sigmoid', 'sigmoid_normalize', 'sigmoid_squaring', 'sigmoid_normalize_squaring']}, 'axis_resolution': [1], 'vector_length_scale': [0.1, 0.2, 0.5, 1], 'vector_dimensionality': [32768, 16384, 8192]}}}",mapping-axis_resolution=1-0_mapping-vector_dimensionality=32768_mapping-vector_length_scale=0-2_mapping-decoding-method=tanh_squaring
19,"{'_runtime': 5.327969624, '_step': 88, '_timestamp': 1740609565.0600364, '_wandb': {'runtime': 5}, 'cpu2gpu_time': 0.00010442733764648438, 'decoding': {'decoding_time': 0.19968000054359436}, 'empty': {'axis_fd_matrix': 0.06143999844789505, 'axis_fd_power_matrix': 0.16179199516773224, 'axis_fd_power_unsqueeze': 0.004095999989658594, 'dot_product': 13.624320030212402, 'hm_clone': 0.0071680000983178616, 'hm_decoding': 0.02457600086927414, 'index_add': 0.025599999353289604, 'power_matrix': 0.060416001826524734, 'powers': 0.06143999844789505, 'qv_norm': 0.01945599913597107, 'tile_memory_calculation': 0.13312000036239624, 'world_bound_norm': 0.12902399897575378, 'xy_axis_fd_matrix': 0.116736002266407, 'xy_axis_ifft': 0.06451199948787689}, 'occupied': {'axis_fd_matrix': 0.06656000018119812, 'axis_fd_power_matrix': 0.09625600278377532, 'axis_fd_power_unsqueeze': 0.003072000108659267, 'dot_product': 13.66323184967041, 'hm_clone': 0.03891199827194214, 'hm_decoding': 0.023552000522613525, 'index_add': 0.05939200147986412, 'power_matrix': 0.062463998794555664, 'powers': 0.06963200122117996, 'qv_norm': 0.07475200295448303, 'tile_memory_calculation': 0.19660800695419312, 'world_bound_norm': 0.12902399897575378, 'xy_axis_fd_matrix': 0.08499199897050858, 'xy_axis_ifft': 0.08089599758386612}, 'ogm_conversion': 0.02867200039327145, 'split_time': 0.000179290771484375, 'test_auc': 0.521526455026455, 'test_nll': 0.7040850913259075, 'train_auc': 0.4245014245014246, 'train_nll': 0.7241269809435932}","{'data': {'data_dir': 'datasets/sa/toysim0/npz', 'test_split': 0.2, 'file_prefix': 'results_frame_', 'file_suffix': '.npz', 'dataset_name': 'toysim', 'world_bounds': [-50, 50, -50, 50]}, 'wandb': {'notes': 'This experiment evaluates the performance of the decoding method on the ablation dataset.', 'online': True, 'enabled': True, 'verbose': False, 'project_name': 'decoding_method_evaluation_toymap_no_entropy'}, 'logging': {'enabled': True, 'verbose': False, 'save_dir': 'logs/decoding_method_evaluation_toymap_no_entropy/mapping-axis_resolution=1-0_mapping-vector_dimensionality=32768_mapping-vector_length_scale=0-2_mapping-decoding-method=tanh_normalize_squaring', 'log_images': True, 'override_existing': False}, 'mapping': {'seed': 42, 'device': 'cuda', 'verbose': True, 'decoding': {'alpha': 'None', 'method': 'tanh_normalize_squaring', 'disk_radii_1': 3, 'disk_radii_2': 3}, 'num_tiles': 1, 'data_filter': 'passthrough', 'mapping_type': 'SA_VSA_OGM', 'axis_resolution': 1, 'vector_length_scale': 0.2, 'vector_dimensionality': 32768}, 'experiment_name': 'mapping-axis_resolution=1-0_mapping-vector_dimensionality=32768_mapping-vector_length_scale=0-2_mapping-decoding-method=tanh_normalize_squaring', 'experiment_type': 'single_agent', 'mapping_manager': {'seed': 42, 'metrics': ['auc', 'nll'], 'verbose': True, 'num_mappers': 1, 'plotting_flags': {'plot_images': False, 'plot_metrics': True, 'plot_predictions': False, 'plot_point_clouds': False}}, 'experiment_parameters': {'mapping': {'decoding': {'method': ['relu', 'relu_normalize', 'relu_squaring', 'relu_normalize_squaring', 'tanh', 'tanh_normalize', 'tanh_squaring', 'tanh_normalize_squaring', 'sigmoid', 'sigmoid_normalize', 'sigmoid_squaring', 'sigmoid_normalize_squaring']}, 'axis_resolution': [1], 'vector_length_scale': [0.1, 0.2, 0.5, 1], 'vector_dimensionality': [32768, 16384, 8192]}}}",mapping-axis_resolution=1-0_mapping-vector_dimensionality=32768_mapping-vector_length_scale=0-2_mapping-decoding-method=tanh_normalize_squaring
20,"{'_runtime': 5.405883035, '_step': 88, '_timestamp': 1740609572.1416063, '_wandb': {'runtime': 5}, 'cpu2gpu_time': 6.890296936035156e-05, 'decoding': {'decoding_time': 0.11161600053310394}, 'empty': {'axis_fd_matrix': 0.058368001133203506, 'axis_fd_power_matrix': 0.17715199291706085, 'axis_fd_power_unsqueeze': 0.004095999989658594, 'dot_product': 13.600768089294434, 'hm_clone': 0.0071680000983178616, 'hm_decoding': 0.02252800017595291, 'index_add': 0.02457600086927414, 'power_matrix': 0.05734400078654289, 'powers': 0.06143999844789505, 'qv_norm': 0.018432000651955605, 'tile_memory_calculation': 0.11878400295972824, 'world_bound_norm': 0.11468800157308578, 'xy_axis_fd_matrix': 0.11468800157308578, 'xy_axis_ifft': 0.06451199948787689}, 'occupied': {'axis_fd_matrix': 0.06143999844789505, 'axis_fd_power_matrix': 0.09728000313043594, 'axis_fd_power_unsqueeze': 0.004095999989658594, 'dot_product': 13.641728401184082, 'hm_clone': 0.035840000957250595, 'hm_decoding': 0.023552000522613525, 'index_add': 0.055296000093221664, 'power_matrix': 0.05939200147986412, 'powers': 0.0798719972372055, 'qv_norm': 0.07065600156784058, 'tile_memory_calculation': 0.16486400365829468, 'world_bound_norm': 0.11980800330638884, 'xy_axis_fd_matrix': 0.0727040022611618, 'xy_axis_ifft': 0.0727040022611618}, 'ogm_conversion': 0.02969600073993206, 'split_time': 0.0001418590545654297, 'test_auc': 0.43186507936507934, 'test_nll': 0.7504437638184899, 'train_auc': 0.5897435897435896, 'train_nll': 0.7361426333114408}","{'data': {'data_dir': 'datasets/sa/toysim0/npz', 'test_split': 0.2, 'file_prefix': 'results_frame_', 'file_suffix': '.npz', 'dataset_name': 'toysim', 'world_bounds': [-50, 50, -50, 50]}, 'wandb': {'notes': 'This experiment evaluates the performance of the decoding method on the ablation dataset.', 'online': True, 'enabled': True, 'verbose': False, 'project_name': 'decoding_method_evaluation_toymap_no_entropy'}, 'logging': {'enabled': True, 'verbose': False, 'save_dir': 'logs/decoding_method_evaluation_toymap_no_entropy/mapping-axis_resolution=1-0_mapping-vector_dimensionality=32768_mapping-vector_length_scale=0-2_mapping-decoding-method=sigmoid', 'log_images': True, 'override_existing': False}, 'mapping': {'seed': 42, 'device': 'cuda', 'verbose': True, 'decoding': {'alpha': 'None', 'method': 'sigmoid', 'disk_radii_1': 3, 'disk_radii_2': 3}, 'num_tiles': 1, 'data_filter': 'passthrough', 'mapping_type': 'SA_VSA_OGM', 'axis_resolution': 1, 'vector_length_scale': 0.2, 'vector_dimensionality': 32768}, 'experiment_name': 'mapping-axis_resolution=1-0_mapping-vector_dimensionality=32768_mapping-vector_length_scale=0-2_mapping-decoding-method=sigmoid', 'experiment_type': 'single_agent', 'mapping_manager': {'seed': 42, 'metrics': ['auc', 'nll'], 'verbose': True, 'num_mappers': 1, 'plotting_flags': {'plot_images': False, 'plot_metrics': True, 'plot_predictions': False, 'plot_point_clouds': False}}, 'experiment_parameters': {'mapping': {'decoding': {'method': ['relu', 'relu_normalize', 'relu_squaring', 'relu_normalize_squaring', 'tanh', 'tanh_normalize', 'tanh_squaring', 'tanh_normalize_squaring', 'sigmoid', 'sigmoid_normalize', 'sigmoid_squaring', 'sigmoid_normalize_squaring']}, 'axis_resolution': [1], 'vector_length_scale': [0.1, 0.2, 0.5, 1], 'vector_dimensionality': [32768, 16384, 8192]}}}",mapping-axis_resolution=1-0_mapping-vector_dimensionality=32768_mapping-vector_length_scale=0-2_mapping-decoding-method=sigmoid
21,"{'_runtime': 5.403158903, '_step': 88, '_timestamp': 1740609579.3894546, '_wandb': {'runtime': 5}, 'cpu2gpu_time': 0.00010347366333007812, 'decoding': {'decoding_time': 0.16281600296497345}, 'empty': {'axis_fd_matrix': 0.05939200147986412, 'axis_fd_power_matrix': 0.15769599378108978, 'axis_fd_power_unsqueeze': 0.004095999989658594, 'dot_product': 13.636608123779297, 'hm_clone': 0.0071680000983178616, 'hm_decoding': 0.02457600086927414, 'index_add': 0.025599999353289604, 'power_matrix': 0.05734400078654289, 'powers': 0.07065600156784058, 'qv_norm': 0.01945599913597107, 'tile_memory_calculation': 0.116736002266407, 'world_bound_norm': 0.12083200365304948, 'xy_axis_fd_matrix': 0.11468800157308578, 'xy_axis_ifft': 0.0655359998345375}, 'occupied': {'axis_fd_matrix': 0.06348799914121628, 'axis_fd_power_matrix': 0.09625600278377532, 'axis_fd_power_unsqueeze': 0.004095999989658594, 'dot_product': 13.650943756103516, 'hm_clone': 0.03788800165057182, 'hm_decoding': 0.023552000522613525, 'index_add': 0.060416001826524734, 'power_matrix': 0.06348799914121628, 'powers': 0.0655359998345375, 'qv_norm': 0.07168000191450119, 'tile_memory_calculation': 0.1730560064315796, 'world_bound_norm': 0.12595200538635254, 'xy_axis_fd_matrix': 0.0870399996638298, 'xy_axis_ifft': 0.08396799862384796}, 'ogm_conversion': 0.02867200039327145, 'split_time': 0.00016260147094726562, 'test_auc': 0.4847063492063493, 'test_nll': 0.7203271125517913, 'train_auc': 0.7207977207977208, 'train_nll': 0.670163913130672}","{'data': {'data_dir': 'datasets/sa/toysim0/npz', 'test_split': 0.2, 'file_prefix': 'results_frame_', 'file_suffix': '.npz', 'dataset_name': 'toysim', 'world_bounds': [-50, 50, -50, 50]}, 'wandb': {'notes': 'This experiment evaluates the performance of the decoding method on the ablation dataset.', 'online': True, 'enabled': True, 'verbose': False, 'project_name': 'decoding_method_evaluation_toymap_no_entropy'}, 'logging': {'enabled': True, 'verbose': False, 'save_dir': 'logs/decoding_method_evaluation_toymap_no_entropy/mapping-axis_resolution=1-0_mapping-vector_dimensionality=32768_mapping-vector_length_scale=0-2_mapping-decoding-method=sigmoid_normalize', 'log_images': True, 'override_existing': False}, 'mapping': {'seed': 42, 'device': 'cuda', 'verbose': True, 'decoding': {'alpha': 'None', 'method': 'sigmoid_normalize', 'disk_radii_1': 3, 'disk_radii_2': 3}, 'num_tiles': 1, 'data_filter': 'passthrough', 'mapping_type': 'SA_VSA_OGM', 'axis_resolution': 1, 'vector_length_scale': 0.2, 'vector_dimensionality': 32768}, 'experiment_name': 'mapping-axis_resolution=1-0_mapping-vector_dimensionality=32768_mapping-vector_length_scale=0-2_mapping-decoding-method=sigmoid_normalize', 'experiment_type': 'single_agent', 'mapping_manager': {'seed': 42, 'metrics': ['auc', 'nll'], 'verbose': True, 'num_mappers': 1, 'plotting_flags': {'plot_images': False, 'plot_metrics': True, 'plot_predictions': False, 'plot_point_clouds': False}}, 'experiment_parameters': {'mapping': {'decoding': {'method': ['relu', 'relu_normalize', 'relu_squaring', 'relu_normalize_squaring', 'tanh', 'tanh_normalize', 'tanh_squaring', 'tanh_normalize_squaring', 'sigmoid', 'sigmoid_normalize', 'sigmoid_squaring', 'sigmoid_normalize_squaring']}, 'axis_resolution': [1], 'vector_length_scale': [0.1, 0.2, 0.5, 1], 'vector_dimensionality': [32768, 16384, 8192]}}}",mapping-axis_resolution=1-0_mapping-vector_dimensionality=32768_mapping-vector_length_scale=0-2_mapping-decoding-method=sigmoid_normalize
22,"{'_runtime': 5.615308882, '_step': 88, '_timestamp': 1740609586.5756946, '_wandb': {'runtime': 5}, 'cpu2gpu_time': 9.250640869140624e-05, 'decoding': {'decoding_time': 0.18534399569034576}, 'empty': {'axis_fd_matrix': 0.060416001826524734, 'axis_fd_power_matrix': 0.158720001578331, 'axis_fd_power_unsqueeze': 0.003072000108659267, 'dot_product': 13.635583877563477, 'hm_clone': 0.03788800165057182, 'hm_decoding': 0.021503999829292297, 'index_add': 0.02457600086927414, 'power_matrix': 0.060416001826524734, 'powers': 0.06143999844789505, 'qv_norm': 0.018432000651955605, 'tile_memory_calculation': 0.14028799533843994, 'world_bound_norm': 0.12492799758911131, 'xy_axis_fd_matrix': 0.116736002266407, 'xy_axis_ifft': 0.06451199948787689}, 'occupied': {'axis_fd_matrix': 0.0655359998345375, 'axis_fd_power_matrix': 0.0942080020904541, 'axis_fd_power_unsqueeze': 0.004095999989658594, 'dot_product': 13.650943756103516, 'hm_clone': 0.03686400130391121, 'hm_decoding': 0.021503999829292297, 'index_add': 0.05939200147986412, 'power_matrix': 0.0655359998345375, 'powers': 0.06860800087451935, 'qv_norm': 0.0870399996638298, 'tile_memory_calculation': 0.18227200210094452, 'world_bound_norm': 0.1454080045223236, 'xy_axis_fd_matrix': 0.0870399996638298, 'xy_axis_ifft': 0.08294399827718735}, 'ogm_conversion': 0.03276799991726875, 'split_time': 0.00019359588623046875, 'test_auc': 0.4980687830687831, 'test_nll': 0.7000525184338414, 'train_auc': 0.6652421652421652, 'train_nll': 0.8712152921117232}","{'data': {'data_dir': 'datasets/sa/toysim0/npz', 'test_split': 0.2, 'file_prefix': 'results_frame_', 'file_suffix': '.npz', 'dataset_name': 'toysim', 'world_bounds': [-50, 50, -50, 50]}, 'wandb': {'notes': 'This experiment evaluates the performance of the decoding method on the ablation dataset.', 'online': True, 'enabled': True, 'verbose': False, 'project_name': 'decoding_method_evaluation_toymap_no_entropy'}, 'logging': {'enabled': True, 'verbose': False, 'save_dir': 'logs/decoding_method_evaluation_toymap_no_entropy/mapping-axis_resolution=1-0_mapping-vector_dimensionality=32768_mapping-vector_length_scale=0-2_mapping-decoding-method=sigmoid_squaring', 'log_images': True, 'override_existing': False}, 'mapping': {'seed': 42, 'device': 'cuda', 'verbose': True, 'decoding': {'alpha': 'None', 'method': 'sigmoid_squaring', 'disk_radii_1': 3, 'disk_radii_2': 3}, 'num_tiles': 1, 'data_filter': 'passthrough', 'mapping_type': 'SA_VSA_OGM', 'axis_resolution': 1, 'vector_length_scale': 0.2, 'vector_dimensionality': 32768}, 'experiment_name': 'mapping-axis_resolution=1-0_mapping-vector_dimensionality=32768_mapping-vector_length_scale=0-2_mapping-decoding-method=sigmoid_squaring', 'experiment_type': 'single_agent', 'mapping_manager': {'seed': 42, 'metrics': ['auc', 'nll'], 'verbose': True, 'num_mappers': 1, 'plotting_flags': {'plot_images': False, 'plot_metrics': True, 'plot_predictions': False, 'plot_point_clouds': False}}, 'experiment_parameters': {'mapping': {'decoding': {'method': ['relu', 'relu_normalize', 'relu_squaring', 'relu_normalize_squaring', 'tanh', 'tanh_normalize', 'tanh_squaring', 'tanh_normalize_squaring', 'sigmoid', 'sigmoid_normalize', 'sigmoid_squaring', 'sigmoid_normalize_squaring']}, 'axis_resolution': [1], 'vector_length_scale': [0.1, 0.2, 0.5, 1], 'vector_dimensionality': [32768, 16384, 8192]}}}",mapping-axis_resolution=1-0_mapping-vector_dimensionality=32768_mapping-vector_length_scale=0-2_mapping-decoding-method=sigmoid_squaring
23,"{'_runtime': 5.669778004, '_step': 88, '_timestamp': 1740609593.8646464, '_wandb': {'runtime': 5}, 'cpu2gpu_time': 0.00010824203491210938, 'decoding': {'decoding_time': 0.19763199985027313}, 'empty': {'axis_fd_matrix': 0.07372800260782242, 'axis_fd_power_matrix': 0.16486400365829468, 'axis_fd_power_unsqueeze': 0.004095999989658594, 'dot_product': 13.642751693725586, 'hm_clone': 0.01945599913597107, 'hm_decoding': 0.023552000522613525, 'index_add': 0.025599999353289604, 'power_matrix': 0.060416001826524734, 'powers': 0.06348799914121628, 'qv_norm': 0.018432000651955605, 'tile_memory_calculation': 0.1525759994983673, 'world_bound_norm': 0.14745600521564484, 'xy_axis_fd_matrix': 0.11468800157308578, 'xy_axis_ifft': 0.0655359998345375}, 'occupied': {'axis_fd_matrix': 0.06656000018119812, 'axis_fd_power_matrix': 0.09523200243711472, 'axis_fd_power_unsqueeze': 0.004095999989658594, 'dot_product': 13.65401554107666, 'hm_clone': 0.03993599861860275, 'hm_decoding': 0.023552000522613525, 'index_add': 0.05734400078654289, 'power_matrix': 0.08191999793052673, 'powers': 0.06860800087451935, 'qv_norm': 0.07577600330114365, 'tile_memory_calculation': 0.1812479943037033, 'world_bound_norm': 0.13926400244235992, 'xy_axis_fd_matrix': 0.08396799862384796, 'xy_axis_ifft': 0.08191999793052673}, 'ogm_conversion': 0.02969600073993206, 'split_time': 0.0001800060272216797, 'test_auc': 0.50544708994709, 'test_nll': 0.6947025985174015, 'train_auc': 0.5327635327635328, 'train_nll': 0.6898899572232287}","{'data': {'data_dir': 'datasets/sa/toysim0/npz', 'test_split': 0.2, 'file_prefix': 'results_frame_', 'file_suffix': '.npz', 'dataset_name': 'toysim', 'world_bounds': [-50, 50, -50, 50]}, 'wandb': {'notes': 'This experiment evaluates the performance of the decoding method on the ablation dataset.', 'online': True, 'enabled': True, 'verbose': False, 'project_name': 'decoding_method_evaluation_toymap_no_entropy'}, 'logging': {'enabled': True, 'verbose': False, 'save_dir': 'logs/decoding_method_evaluation_toymap_no_entropy/mapping-axis_resolution=1-0_mapping-vector_dimensionality=32768_mapping-vector_length_scale=0-2_mapping-decoding-method=sigmoid_normalize_squaring', 'log_images': True, 'override_existing': False}, 'mapping': {'seed': 42, 'device': 'cuda', 'verbose': True, 'decoding': {'alpha': 'None', 'method': 'sigmoid_normalize_squaring', 'disk_radii_1': 3, 'disk_radii_2': 3}, 'num_tiles': 1, 'data_filter': 'passthrough', 'mapping_type': 'SA_VSA_OGM', 'axis_resolution': 1, 'vector_length_scale': 0.2, 'vector_dimensionality': 32768}, 'experiment_name': 'mapping-axis_resolution=1-0_mapping-vector_dimensionality=32768_mapping-vector_length_scale=0-2_mapping-decoding-method=sigmoid_normalize_squaring', 'experiment_type': 'single_agent', 'mapping_manager': {'seed': 42, 'metrics': ['auc', 'nll'], 'verbose': True, 'num_mappers': 1, 'plotting_flags': {'plot_images': False, 'plot_metrics': True, 'plot_predictions': False, 'plot_point_clouds': False}}, 'experiment_parameters': {'mapping': {'decoding': {'method': ['relu', 'relu_normalize', 'relu_squaring', 'relu_normalize_squaring', 'tanh', 'tanh_normalize', 'tanh_squaring', 'tanh_normalize_squaring', 'sigmoid', 'sigmoid_normalize', 'sigmoid_squaring', 'sigmoid_normalize_squaring']}, 'axis_resolution': [1], 'vector_length_scale': [0.1, 0.2, 0.5, 1], 'vector_dimensionality': [32768, 16384, 8192]}}}",mapping-axis_resolution=1-0_mapping-vector_dimensionality=32768_mapping-vector_length_scale=0-2_mapping-decoding-method=sigmoid_normalize_squaring
24,"{'_runtime': 7.047661894, '_step': 88, '_timestamp': 1740609602.560953, '_wandb': {'runtime': 7}, 'cpu2gpu_time': 9.632110595703124e-05, 'decoding': {'decoding_time': 0.13414399325847626}, 'empty': {'axis_fd_matrix': 0.06143999844789505, 'axis_fd_power_matrix': 0.16281600296497345, 'axis_fd_power_unsqueeze': 0.003072000108659267, 'dot_product': 13.643775939941406, 'hm_clone': 0.04095999896526337, 'hm_decoding': 0.021503999829292297, 'index_add': 0.02457600086927414, 'power_matrix': 0.06143999844789505, 'powers': 0.07372800260782242, 'qv_norm': 0.018432000651955605, 'tile_memory_calculation': 0.14847999811172485, 'world_bound_norm': 0.1454080045223236, 'xy_axis_fd_matrix': 0.11468800157308578, 'xy_axis_ifft': 0.06348799914121628}, 'occupied': {'axis_fd_matrix': 0.06348799914121628, 'axis_fd_power_matrix': 0.09830400347709656, 'axis_fd_power_unsqueeze': 0.004095999989658594, 'dot_product': 13.648896217346191, 'hm_clone': 0.03993599861860275, 'hm_decoding': 0.021503999829292297, 'index_add': 0.058368001133203506, 'power_matrix': 0.0655359998345375, 'powers': 0.06758400052785873, 'qv_norm': 0.0727040022611618, 'tile_memory_calculation': 0.17510400712490082, 'world_bound_norm': 0.12390399724245071, 'xy_axis_fd_matrix': 0.07884799689054489, 'xy_axis_ifft': 0.08191999793052673}, 'ogm_conversion': 0.03174399957060814, 'split_time': 0.00016927719116210938, 'test_auc': 0.6387460317460317, 'test_nll': 0.6675605807237963, 'train_auc': 0.3675213675213676, 'train_nll': 0.6789440491399062}","{'data': {'data_dir': 'datasets/sa/toysim0/npz', 'test_split': 0.2, 'file_prefix': 'results_frame_', 'file_suffix': '.npz', 'dataset_name': 'toysim', 'world_bounds': [-50, 50, -50, 50]}, 'wandb': {'notes': 'This experiment evaluates the performance of the decoding method on the ablation dataset.', 'online': True, 'enabled': True, 'verbose': False, 'project_name': 'decoding_method_evaluation_toymap_no_entropy'}, 'logging': {'enabled': True, 'verbose': False, 'save_dir': 'logs/decoding_method_evaluation_toymap_no_entropy/mapping-axis_resolution=1-0_mapping-vector_dimensionality=32768_mapping-vector_length_scale=0-5_mapping-decoding-method=relu', 'log_images': True, 'override_existing': False}, 'mapping': {'seed': 42, 'device': 'cuda', 'verbose': True, 'decoding': {'alpha': 'None', 'method': 'relu', 'disk_radii_1': 3, 'disk_radii_2': 3}, 'num_tiles': 1, 'data_filter': 'passthrough', 'mapping_type': 'SA_VSA_OGM', 'axis_resolution': 1, 'vector_length_scale': 0.5, 'vector_dimensionality': 32768}, 'experiment_name': 'mapping-axis_resolution=1-0_mapping-vector_dimensionality=32768_mapping-vector_length_scale=0-5_mapping-decoding-method=relu', 'experiment_type': 'single_agent', 'mapping_manager': {'seed': 42, 'metrics': ['auc', 'nll'], 'verbose': True, 'num_mappers': 1, 'plotting_flags': {'plot_images': False, 'plot_metrics': True, 'plot_predictions': False, 'plot_point_clouds': False}}, 'experiment_parameters': {'mapping': {'decoding': {'method': ['relu', 'relu_normalize', 'relu_squaring', 'relu_normalize_squaring', 'tanh', 'tanh_normalize', 'tanh_squaring', 'tanh_normalize_squaring', 'sigmoid', 'sigmoid_normalize', 'sigmoid_squaring', 'sigmoid_normalize_squaring']}, 'axis_resolution': [1], 'vector_length_scale': [0.1, 0.2, 0.5, 1], 'vector_dimensionality': [32768, 16384, 8192]}}}",mapping-axis_resolution=1-0_mapping-vector_dimensionality=32768_mapping-vector_length_scale=0-5_mapping-decoding-method=relu
25,"{'_runtime': 5.882606835, '_step': 88, '_timestamp': 1740609610.108061, '_wandb': {'runtime': 5}, 'cpu2gpu_time': 7.200241088867188e-05, 'decoding': {'decoding_time': 0.1658879965543747}, 'empty': {'axis_fd_matrix': 0.05939200147986412, 'axis_fd_power_matrix': 0.158720001578331, 'axis_fd_power_unsqueeze': 0.004095999989658594, 'dot_product': 13.620223999023438, 'hm_clone': 0.0071680000983178616, 'hm_decoding': 0.023552000522613525, 'index_add': 0.025599999353289604, 'power_matrix': 0.05734400078654289, 'powers': 0.060416001826524734, 'qv_norm': 0.01945599913597107, 'tile_memory_calculation': 0.13312000036239624, 'world_bound_norm': 0.11776000261306764, 'xy_axis_fd_matrix': 0.11468800157308578, 'xy_axis_ifft': 0.06451199948787689}, 'occupied': {'axis_fd_matrix': 0.06656000018119812, 'axis_fd_power_matrix': 0.09523200243711472, 'axis_fd_power_unsqueeze': 0.004095999989658594, 'dot_product': 13.643775939941406, 'hm_clone': 0.03686400130391121, 'hm_decoding': 0.023552000522613525, 'index_add': 0.05632000043988228, 'power_matrix': 0.060416001826524734, 'powers': 0.0655359998345375, 'qv_norm': 0.07065600156784058, 'tile_memory_calculation': 0.16383999586105347, 'world_bound_norm': 0.12492799758911131, 'xy_axis_fd_matrix': 0.07782399654388428, 'xy_axis_ifft': 0.07475200295448303}, 'ogm_conversion': 0.02867200039327145, 'split_time': 0.0001475811004638672, 'test_auc': 0.5794365079365079, 'test_nll': 0.6719868380032215, 'train_auc': 0.3703703703703704, 'train_nll': 0.7064079747085391}","{'data': {'data_dir': 'datasets/sa/toysim0/npz', 'test_split': 0.2, 'file_prefix': 'results_frame_', 'file_suffix': '.npz', 'dataset_name': 'toysim', 'world_bounds': [-50, 50, -50, 50]}, 'wandb': {'notes': 'This experiment evaluates the performance of the decoding method on the ablation dataset.', 'online': True, 'enabled': True, 'verbose': False, 'project_name': 'decoding_method_evaluation_toymap_no_entropy'}, 'logging': {'enabled': True, 'verbose': False, 'save_dir': 'logs/decoding_method_evaluation_toymap_no_entropy/mapping-axis_resolution=1-0_mapping-vector_dimensionality=32768_mapping-vector_length_scale=0-5_mapping-decoding-method=relu_normalize', 'log_images': True, 'override_existing': False}, 'mapping': {'seed': 42, 'device': 'cuda', 'verbose': True, 'decoding': {'alpha': 'None', 'method': 'relu_normalize', 'disk_radii_1': 3, 'disk_radii_2': 3}, 'num_tiles': 1, 'data_filter': 'passthrough', 'mapping_type': 'SA_VSA_OGM', 'axis_resolution': 1, 'vector_length_scale': 0.5, 'vector_dimensionality': 32768}, 'experiment_name': 'mapping-axis_resolution=1-0_mapping-vector_dimensionality=32768_mapping-vector_length_scale=0-5_mapping-decoding-method=relu_normalize', 'experiment_type': 'single_agent', 'mapping_manager': {'seed': 42, 'metrics': ['auc', 'nll'], 'verbose': True, 'num_mappers': 1, 'plotting_flags': {'plot_images': False, 'plot_metrics': True, 'plot_predictions': False, 'plot_point_clouds': False}}, 'experiment_parameters': {'mapping': {'decoding': {'method': ['relu', 'relu_normalize', 'relu_squaring', 'relu_normalize_squaring', 'tanh', 'tanh_normalize', 'tanh_squaring', 'tanh_normalize_squaring', 'sigmoid', 'sigmoid_normalize', 'sigmoid_squaring', 'sigmoid_normalize_squaring']}, 'axis_resolution': [1], 'vector_length_scale': [0.1, 0.2, 0.5, 1], 'vector_dimensionality': [32768, 16384, 8192]}}}",mapping-axis_resolution=1-0_mapping-vector_dimensionality=32768_mapping-vector_length_scale=0-5_mapping-decoding-method=relu_normalize
26,"{'_runtime': 5.991817646, '_step': 88, '_timestamp': 1740609617.7570343, '_wandb': {'runtime': 5}, 'cpu2gpu_time': 9.894371032714844e-05, 'decoding': {'decoding_time': 0.13926400244235992}, 'empty': {'axis_fd_matrix': 0.062463998794555664, 'axis_fd_power_matrix': 0.16383999586105347, 'axis_fd_power_unsqueeze': 0.004095999989658594, 'dot_product': 13.651968002319336, 'hm_clone': 0.04095999896526337, 'hm_decoding': 0.021503999829292297, 'index_add': 0.025599999353289604, 'power_matrix': 0.06143999844789505, 'powers': 0.06656000018119812, 'qv_norm': 0.03481600061058998, 'tile_memory_calculation': 0.1884160041809082, 'world_bound_norm': 0.17919999361038208, 'xy_axis_fd_matrix': 0.116736002266407, 'xy_axis_ifft': 0.06451199948787689}, 'occupied': {'axis_fd_matrix': 0.06656000018119812, 'axis_fd_power_matrix': 0.09523200243711472, 'axis_fd_power_unsqueeze': 0.004095999989658594, 'dot_product': 13.649920463562012, 'hm_clone': 0.03686400130391121, 'hm_decoding': 0.02252800017595291, 'index_add': 0.05939200147986412, 'power_matrix': 0.06758400052785873, 'powers': 0.08806400001049042, 'qv_norm': 0.0798719972372055, 'tile_memory_calculation': 0.17919999361038208, 'world_bound_norm': 0.13414399325847626, 'xy_axis_fd_matrix': 0.08294399827718735, 'xy_axis_ifft': 0.08294399827718735}, 'ogm_conversion': 0.02867200039327145, 'split_time': 0.00017404556274414062, 'test_auc': 0.7181216931216932, 'test_nll': 0.7056495495166153, 'train_auc': 0.4757834757834758, 'train_nll': 0.6346686333982063}","{'data': {'data_dir': 'datasets/sa/toysim0/npz', 'test_split': 0.2, 'file_prefix': 'results_frame_', 'file_suffix': '.npz', 'dataset_name': 'toysim', 'world_bounds': [-50, 50, -50, 50]}, 'wandb': {'notes': 'This experiment evaluates the performance of the decoding method on the ablation dataset.', 'online': True, 'enabled': True, 'verbose': False, 'project_name': 'decoding_method_evaluation_toymap_no_entropy'}, 'logging': {'enabled': True, 'verbose': False, 'save_dir': 'logs/decoding_method_evaluation_toymap_no_entropy/mapping-axis_resolution=1-0_mapping-vector_dimensionality=32768_mapping-vector_length_scale=0-5_mapping-decoding-method=relu_squaring', 'log_images': True, 'override_existing': False}, 'mapping': {'seed': 42, 'device': 'cuda', 'verbose': True, 'decoding': {'alpha': 'None', 'method': 'relu_squaring', 'disk_radii_1': 3, 'disk_radii_2': 3}, 'num_tiles': 1, 'data_filter': 'passthrough', 'mapping_type': 'SA_VSA_OGM', 'axis_resolution': 1, 'vector_length_scale': 0.5, 'vector_dimensionality': 32768}, 'experiment_name': 'mapping-axis_resolution=1-0_mapping-vector_dimensionality=32768_mapping-vector_length_scale=0-5_mapping-decoding-method=relu_squaring', 'experiment_type': 'single_agent', 'mapping_manager': {'seed': 42, 'metrics': ['auc', 'nll'], 'verbose': True, 'num_mappers': 1, 'plotting_flags': {'plot_images': False, 'plot_metrics': True, 'plot_predictions': False, 'plot_point_clouds': False}}, 'experiment_parameters': {'mapping': {'decoding': {'method': ['relu', 'relu_normalize', 'relu_squaring', 'relu_normalize_squaring', 'tanh', 'tanh_normalize', 'tanh_squaring', 'tanh_normalize_squaring', 'sigmoid', 'sigmoid_normalize', 'sigmoid_squaring', 'sigmoid_normalize_squaring']}, 'axis_resolution': [1], 'vector_length_scale': [0.1, 0.2, 0.5, 1], 'vector_dimensionality': [32768, 16384, 8192]}}}",mapping-axis_resolution=1-0_mapping-vector_dimensionality=32768_mapping-vector_length_scale=0-5_mapping-decoding-method=relu_squaring
27,"{'_runtime': 5.815643297, '_step': 88, '_timestamp': 1740609625.2187088, '_wandb': {'runtime': 5}, 'cpu2gpu_time': 0.0001080036163330078, 'decoding': {'decoding_time': 0.19968000054359436}, 'empty': {'axis_fd_matrix': 0.06143999844789505, 'axis_fd_power_matrix': 0.15667200088500977, 'axis_fd_power_unsqueeze': 0.004095999989658594, 'dot_product': 13.618176460266112, 'hm_clone': 0.0071680000983178616, 'hm_decoding': 0.023552000522613525, 'index_add': 0.02457600086927414, 'power_matrix': 0.06758400052785873, 'powers': 0.060416001826524734, 'qv_norm': 0.018432000651955605, 'tile_memory_calculation': 0.12492799758911131, 'world_bound_norm': 0.116736002266407, 'xy_axis_fd_matrix': 0.11468800157308578, 'xy_axis_ifft': 0.0655359998345375}, 'occupied': {'axis_fd_matrix': 0.06656000018119812, 'axis_fd_power_matrix': 0.09625600278377532, 'axis_fd_power_unsqueeze': 0.004095999989658594, 'dot_product': 13.652992248535156, 'hm_clone': 0.03891199827194214, 'hm_decoding': 0.023552000522613525, 'index_add': 0.058368001133203506, 'power_matrix': 0.07475200295448303, 'powers': 0.07065600156784058, 'qv_norm': 0.07577600330114365, 'tile_memory_calculation': 0.18432000279426575, 'world_bound_norm': 0.12902399897575378, 'xy_axis_fd_matrix': 0.08089599758386612, 'xy_axis_ifft': 0.08191999793052673}, 'ogm_conversion': 0.02867200039327145, 'split_time': 0.00017976760864257812, 'test_auc': 0.6641455026455027, 'test_nll': 0.6673138860463225, 'train_auc': 0.7977207977207977, 'train_nll': 0.6714224526424146}","{'data': {'data_dir': 'datasets/sa/toysim0/npz', 'test_split': 0.2, 'file_prefix': 'results_frame_', 'file_suffix': '.npz', 'dataset_name': 'toysim', 'world_bounds': [-50, 50, -50, 50]}, 'wandb': {'notes': 'This experiment evaluates the performance of the decoding method on the ablation dataset.', 'online': True, 'enabled': True, 'verbose': False, 'project_name': 'decoding_method_evaluation_toymap_no_entropy'}, 'logging': {'enabled': True, 'verbose': False, 'save_dir': 'logs/decoding_method_evaluation_toymap_no_entropy/mapping-axis_resolution=1-0_mapping-vector_dimensionality=32768_mapping-vector_length_scale=0-5_mapping-decoding-method=relu_normalize_squaring', 'log_images': True, 'override_existing': False}, 'mapping': {'seed': 42, 'device': 'cuda', 'verbose': True, 'decoding': {'alpha': 'None', 'method': 'relu_normalize_squaring', 'disk_radii_1': 3, 'disk_radii_2': 3}, 'num_tiles': 1, 'data_filter': 'passthrough', 'mapping_type': 'SA_VSA_OGM', 'axis_resolution': 1, 'vector_length_scale': 0.5, 'vector_dimensionality': 32768}, 'experiment_name': 'mapping-axis_resolution=1-0_mapping-vector_dimensionality=32768_mapping-vector_length_scale=0-5_mapping-decoding-method=relu_normalize_squaring', 'experiment_type': 'single_agent', 'mapping_manager': {'seed': 42, 'metrics': ['auc', 'nll'], 'verbose': True, 'num_mappers': 1, 'plotting_flags': {'plot_images': False, 'plot_metrics': True, 'plot_predictions': False, 'plot_point_clouds': False}}, 'experiment_parameters': {'mapping': {'decoding': {'method': ['relu', 'relu_normalize', 'relu_squaring', 'relu_normalize_squaring', 'tanh', 'tanh_normalize', 'tanh_squaring', 'tanh_normalize_squaring', 'sigmoid', 'sigmoid_normalize', 'sigmoid_squaring', 'sigmoid_normalize_squaring']}, 'axis_resolution': [1], 'vector_length_scale': [0.1, 0.2, 0.5, 1], 'vector_dimensionality': [32768, 16384, 8192]}}}",mapping-axis_resolution=1-0_mapping-vector_dimensionality=32768_mapping-vector_length_scale=0-5_mapping-decoding-method=relu_normalize_squaring
28,"{'_runtime': 5.984798387, '_step': 88, '_timestamp': 1740609632.9910133, '_wandb': {'runtime': 5}, 'cpu2gpu_time': 9.65595245361328e-05, 'decoding': {'decoding_time': 0.10956799983978271}, 'empty': {'axis_fd_matrix': 0.058368001133203506, 'axis_fd_power_matrix': 0.15769599378108978, 'axis_fd_power_unsqueeze': 0.004095999989658594, 'dot_product': 13.600768089294434, 'hm_clone': 0.0071680000983178616, 'hm_decoding': 0.02252800017595291, 'index_add': 0.025599999353289604, 'power_matrix': 0.05632000043988228, 'powers': 0.060416001826524734, 'qv_norm': 0.018432000651955605, 'tile_memory_calculation': 0.11776000261306764, 'world_bound_norm': 0.12492799758911131, 'xy_axis_fd_matrix': 0.11468800157308578, 'xy_axis_ifft': 0.06451199948787689}, 'occupied': {'axis_fd_matrix': 0.06348799914121628, 'axis_fd_power_matrix': 0.09625600278377532, 'axis_fd_power_unsqueeze': 0.004095999989658594, 'dot_product': 13.66220760345459, 'hm_clone': 0.03788800165057182, 'hm_decoding': 0.02252800017595291, 'index_add': 0.058368001133203506, 'power_matrix': 0.06348799914121628, 'powers': 0.06758400052785873, 'qv_norm': 0.07168000191450119, 'tile_memory_calculation': 0.17612800002098083, 'world_bound_norm': 0.13516800105571747, 'xy_axis_fd_matrix': 0.0870399996638298, 'xy_axis_ifft': 0.0798719972372055}, 'ogm_conversion': 0.027648000046610832, 'split_time': 0.00017070770263671875, 'test_auc': 0.5267777777777778, 'test_nll': 0.703292169936996, 'train_auc': 0.3162393162393162, 'train_nll': 0.7347756495894864}","{'data': {'data_dir': 'datasets/sa/toysim0/npz', 'test_split': 0.2, 'file_prefix': 'results_frame_', 'file_suffix': '.npz', 'dataset_name': 'toysim', 'world_bounds': [-50, 50, -50, 50]}, 'wandb': {'notes': 'This experiment evaluates the performance of the decoding method on the ablation dataset.', 'online': True, 'enabled': True, 'verbose': False, 'project_name': 'decoding_method_evaluation_toymap_no_entropy'}, 'logging': {'enabled': True, 'verbose': False, 'save_dir': 'logs/decoding_method_evaluation_toymap_no_entropy/mapping-axis_resolution=1-0_mapping-vector_dimensionality=32768_mapping-vector_length_scale=0-5_mapping-decoding-method=tanh', 'log_images': True, 'override_existing': False}, 'mapping': {'seed': 42, 'device': 'cuda', 'verbose': True, 'decoding': {'alpha': 'None', 'method': 'tanh', 'disk_radii_1': 3, 'disk_radii_2': 3}, 'num_tiles': 1, 'data_filter': 'passthrough', 'mapping_type': 'SA_VSA_OGM', 'axis_resolution': 1, 'vector_length_scale': 0.5, 'vector_dimensionality': 32768}, 'experiment_name': 'mapping-axis_resolution=1-0_mapping-vector_dimensionality=32768_mapping-vector_length_scale=0-5_mapping-decoding-method=tanh', 'experiment_type': 'single_agent', 'mapping_manager': {'seed': 42, 'metrics': ['auc', 'nll'], 'verbose': True, 'num_mappers': 1, 'plotting_flags': {'plot_images': False, 'plot_metrics': True, 'plot_predictions': False, 'plot_point_clouds': False}}, 'experiment_parameters': {'mapping': {'decoding': {'method': ['relu', 'relu_normalize', 'relu_squaring', 'relu_normalize_squaring', 'tanh', 'tanh_normalize', 'tanh_squaring', 'tanh_normalize_squaring', 'sigmoid', 'sigmoid_normalize', 'sigmoid_squaring', 'sigmoid_normalize_squaring']}, 'axis_resolution': [1], 'vector_length_scale': [0.1, 0.2, 0.5, 1], 'vector_dimensionality': [32768, 16384, 8192]}}}",mapping-axis_resolution=1-0_mapping-vector_dimensionality=32768_mapping-vector_length_scale=0-5_mapping-decoding-method=tanh
29,"{'_runtime': 6.090912167, '_step': 88, '_timestamp': 1740609640.71268, '_wandb': {'runtime': 6}, 'cpu2gpu_time': 7.534027099609375e-05, 'decoding': {'decoding_time': 0.18227200210094452}, 'empty': {'axis_fd_matrix': 0.05939200147986412, 'axis_fd_power_matrix': 0.16076800227165222, 'axis_fd_power_unsqueeze': 0.004095999989658594, 'dot_product': 13.623295783996582, 'hm_clone': 0.0071680000983178616, 'hm_decoding': 0.023552000522613525, 'index_add': 0.02457600086927414, 'power_matrix': 0.05632000043988228, 'powers': 0.060416001826524734, 'qv_norm': 0.01945599913597107, 'tile_memory_calculation': 0.13516800105571747, 'world_bound_norm': 0.25088000297546387, 'xy_axis_fd_matrix': 0.11468800157308578, 'xy_axis_ifft': 0.0655359998345375}, 'occupied': {'axis_fd_matrix': 0.06758400052785873, 'axis_fd_power_matrix': 0.09523200243711472, 'axis_fd_power_unsqueeze': 0.004095999989658594, 'dot_product': 13.65401554107666, 'hm_clone': 0.03481600061058998, 'hm_decoding': 0.02252800017595291, 'index_add': 0.05734400078654289, 'power_matrix': 0.060416001826524734, 'powers': 0.06758400052785873, 'qv_norm': 0.06963200122117996, 'tile_memory_calculation': 0.16076800227165222, 'world_bound_norm': 0.13414399325847626, 'xy_axis_fd_matrix': 0.07782399654388428, 'xy_axis_ifft': 0.07372800260782242}, 'ogm_conversion': 0.03788800165057182, 'split_time': 0.00014543533325195312, 'test_auc': 0.5321455026455026, 'test_nll': 0.7077421400333996, 'train_auc': 0.5042735042735043, 'train_nll': 0.6833912742554406}","{'data': {'data_dir': 'datasets/sa/toysim0/npz', 'test_split': 0.2, 'file_prefix': 'results_frame_', 'file_suffix': '.npz', 'dataset_name': 'toysim', 'world_bounds': [-50, 50, -50, 50]}, 'wandb': {'notes': 'This experiment evaluates the performance of the decoding method on the ablation dataset.', 'online': True, 'enabled': True, 'verbose': False, 'project_name': 'decoding_method_evaluation_toymap_no_entropy'}, 'logging': {'enabled': True, 'verbose': False, 'save_dir': 'logs/decoding_method_evaluation_toymap_no_entropy/mapping-axis_resolution=1-0_mapping-vector_dimensionality=32768_mapping-vector_length_scale=0-5_mapping-decoding-method=tanh_normalize', 'log_images': True, 'override_existing': False}, 'mapping': {'seed': 42, 'device': 'cuda', 'verbose': True, 'decoding': {'alpha': 'None', 'method': 'tanh_normalize', 'disk_radii_1': 3, 'disk_radii_2': 3}, 'num_tiles': 1, 'data_filter': 'passthrough', 'mapping_type': 'SA_VSA_OGM', 'axis_resolution': 1, 'vector_length_scale': 0.5, 'vector_dimensionality': 32768}, 'experiment_name': 'mapping-axis_resolution=1-0_mapping-vector_dimensionality=32768_mapping-vector_length_scale=0-5_mapping-decoding-method=tanh_normalize', 'experiment_type': 'single_agent', 'mapping_manager': {'seed': 42, 'metrics': ['auc', 'nll'], 'verbose': True, 'num_mappers': 1, 'plotting_flags': {'plot_images': False, 'plot_metrics': True, 'plot_predictions': False, 'plot_point_clouds': False}}, 'experiment_parameters': {'mapping': {'decoding': {'method': ['relu', 'relu_normalize', 'relu_squaring', 'relu_normalize_squaring', 'tanh', 'tanh_normalize', 'tanh_squaring', 'tanh_normalize_squaring', 'sigmoid', 'sigmoid_normalize', 'sigmoid_squaring', 'sigmoid_normalize_squaring']}, 'axis_resolution': [1], 'vector_length_scale': [0.1, 0.2, 0.5, 1], 'vector_dimensionality': [32768, 16384, 8192]}}}",mapping-axis_resolution=1-0_mapping-vector_dimensionality=32768_mapping-vector_length_scale=0-5_mapping-decoding-method=tanh_normalize
30,"{'_runtime': 6.245589747, '_step': 88, '_timestamp': 1740609648.560083, '_wandb': {'runtime': 6}, 'cpu2gpu_time': 0.00010085105895996094, 'decoding': {'decoding_time': 0.14131200313568115}, 'empty': {'axis_fd_matrix': 0.06348799914121628, 'axis_fd_power_matrix': 0.159743994474411, 'axis_fd_power_unsqueeze': 0.004095999989658594, 'dot_product': 13.712384223937988, 'hm_clone': 0.01740800030529499, 'hm_decoding': 0.02252800017595291, 'index_add': 0.025599999353289604, 'power_matrix': 0.060416001826524734, 'powers': 0.062463998794555664, 'qv_norm': 0.018432000651955605, 'tile_memory_calculation': 0.14745600521564484, 'world_bound_norm': 0.1525759994983673, 'xy_axis_fd_matrix': 0.1157120019197464, 'xy_axis_ifft': 0.06348799914121628}, 'occupied': {'axis_fd_matrix': 0.06758400052785873, 'axis_fd_power_matrix': 0.09523200243711472, 'axis_fd_power_unsqueeze': 0.004095999989658594, 'dot_product': 13.65401554107666, 'hm_clone': 0.03788800165057182, 'hm_decoding': 0.02252800017595291, 'index_add': 0.058368001133203506, 'power_matrix': 0.062463998794555664, 'powers': 0.0727040022611618, 'qv_norm': 0.07372800260782242, 'tile_memory_calculation': 0.18943999707698825, 'world_bound_norm': 0.12185599654912949, 'xy_axis_fd_matrix': 0.08499199897050858, 'xy_axis_ifft': 0.08191999793052673}, 'ogm_conversion': 0.02867200039327145, 'split_time': 0.00016880035400390625, 'test_auc': 0.6412592592592592, 'test_nll': 0.6724233651220057, 'train_auc': 0.7578347578347578, 'train_nll': 0.655850130152106}","{'data': {'data_dir': 'datasets/sa/toysim0/npz', 'test_split': 0.2, 'file_prefix': 'results_frame_', 'file_suffix': '.npz', 'dataset_name': 'toysim', 'world_bounds': [-50, 50, -50, 50]}, 'wandb': {'notes': 'This experiment evaluates the performance of the decoding method on the ablation dataset.', 'online': True, 'enabled': True, 'verbose': False, 'project_name': 'decoding_method_evaluation_toymap_no_entropy'}, 'logging': {'enabled': True, 'verbose': False, 'save_dir': 'logs/decoding_method_evaluation_toymap_no_entropy/mapping-axis_resolution=1-0_mapping-vector_dimensionality=32768_mapping-vector_length_scale=0-5_mapping-decoding-method=tanh_squaring', 'log_images': True, 'override_existing': False}, 'mapping': {'seed': 42, 'device': 'cuda', 'verbose': True, 'decoding': {'alpha': 'None', 'method': 'tanh_squaring', 'disk_radii_1': 3, 'disk_radii_2': 3}, 'num_tiles': 1, 'data_filter': 'passthrough', 'mapping_type': 'SA_VSA_OGM', 'axis_resolution': 1, 'vector_length_scale': 0.5, 'vector_dimensionality': 32768}, 'experiment_name': 'mapping-axis_resolution=1-0_mapping-vector_dimensionality=32768_mapping-vector_length_scale=0-5_mapping-decoding-method=tanh_squaring', 'experiment_type': 'single_agent', 'mapping_manager': {'seed': 42, 'metrics': ['auc', 'nll'], 'verbose': True, 'num_mappers': 1, 'plotting_flags': {'plot_images': False, 'plot_metrics': True, 'plot_predictions': False, 'plot_point_clouds': False}}, 'experiment_parameters': {'mapping': {'decoding': {'method': ['relu', 'relu_normalize', 'relu_squaring', 'relu_normalize_squaring', 'tanh', 'tanh_normalize', 'tanh_squaring', 'tanh_normalize_squaring', 'sigmoid', 'sigmoid_normalize', 'sigmoid_squaring', 'sigmoid_normalize_squaring']}, 'axis_resolution': [1], 'vector_length_scale': [0.1, 0.2, 0.5, 1], 'vector_dimensionality': [32768, 16384, 8192]}}}",mapping-axis_resolution=1-0_mapping-vector_dimensionality=32768_mapping-vector_length_scale=0-5_mapping-decoding-method=tanh_squaring
31,"{'_runtime': 6.092828635, '_step': 88, '_timestamp': 1740609656.293162, '_wandb': {'runtime': 6}, 'cpu2gpu_time': 0.0001010894775390625, 'decoding': {'decoding_time': 0.1955839991569519}, 'empty': {'axis_fd_matrix': 0.06143999844789505, 'axis_fd_power_matrix': 0.16179199516773224, 'axis_fd_power_unsqueeze': 0.004095999989658594, 'dot_product': 13.637632369995115, 'hm_clone': 0.01740800030529499, 'hm_decoding': 0.02252800017595291, 'index_add': 0.02457600086927414, 'power_matrix': 0.06963200122117996, 'powers': 0.06348799914121628, 'qv_norm': 0.01740800030529499, 'tile_memory_calculation': 0.14745600521564484, 'world_bound_norm': 0.1443839967250824, 'xy_axis_fd_matrix': 0.11468800157308578, 'xy_axis_ifft': 0.06656000018119812}, 'occupied': {'axis_fd_matrix': 0.06451199948787689, 'axis_fd_power_matrix': 0.09523200243711472, 'axis_fd_power_unsqueeze': 0.004095999989658594, 'dot_product': 13.649920463562012, 'hm_clone': 0.03788800165057182, 'hm_decoding': 0.023552000522613525, 'index_add': 0.058368001133203506, 'power_matrix': 0.0655359998345375, 'powers': 0.06860800087451935, 'qv_norm': 0.07577600330114365, 'tile_memory_calculation': 0.1802240014076233, 'world_bound_norm': 0.12390399724245071, 'xy_axis_fd_matrix': 0.09625600278377532, 'xy_axis_ifft': 0.08294399827718735}, 'ogm_conversion': 0.02867200039327145, 'split_time': 0.00017189979553222656, 'test_auc': 0.6161084656084655, 'test_nll': 0.6665477375737014, 'train_auc': 0.5327635327635327, 'train_nll': 0.6652877224753181}","{'data': {'data_dir': 'datasets/sa/toysim0/npz', 'test_split': 0.2, 'file_prefix': 'results_frame_', 'file_suffix': '.npz', 'dataset_name': 'toysim', 'world_bounds': [-50, 50, -50, 50]}, 'wandb': {'notes': 'This experiment evaluates the performance of the decoding method on the ablation dataset.', 'online': True, 'enabled': True, 'verbose': False, 'project_name': 'decoding_method_evaluation_toymap_no_entropy'}, 'logging': {'enabled': True, 'verbose': False, 'save_dir': 'logs/decoding_method_evaluation_toymap_no_entropy/mapping-axis_resolution=1-0_mapping-vector_dimensionality=32768_mapping-vector_length_scale=0-5_mapping-decoding-method=tanh_normalize_squaring', 'log_images': True, 'override_existing': False}, 'mapping': {'seed': 42, 'device': 'cuda', 'verbose': True, 'decoding': {'alpha': 'None', 'method': 'tanh_normalize_squaring', 'disk_radii_1': 3, 'disk_radii_2': 3}, 'num_tiles': 1, 'data_filter': 'passthrough', 'mapping_type': 'SA_VSA_OGM', 'axis_resolution': 1, 'vector_length_scale': 0.5, 'vector_dimensionality': 32768}, 'experiment_name': 'mapping-axis_resolution=1-0_mapping-vector_dimensionality=32768_mapping-vector_length_scale=0-5_mapping-decoding-method=tanh_normalize_squaring', 'experiment_type': 'single_agent', 'mapping_manager': {'seed': 42, 'metrics': ['auc', 'nll'], 'verbose': True, 'num_mappers': 1, 'plotting_flags': {'plot_images': False, 'plot_metrics': True, 'plot_predictions': False, 'plot_point_clouds': False}}, 'experiment_parameters': {'mapping': {'decoding': {'method': ['relu', 'relu_normalize', 'relu_squaring', 'relu_normalize_squaring', 'tanh', 'tanh_normalize', 'tanh_squaring', 'tanh_normalize_squaring', 'sigmoid', 'sigmoid_normalize', 'sigmoid_squaring', 'sigmoid_normalize_squaring']}, 'axis_resolution': [1], 'vector_length_scale': [0.1, 0.2, 0.5, 1], 'vector_dimensionality': [32768, 16384, 8192]}}}",mapping-axis_resolution=1-0_mapping-vector_dimensionality=32768_mapping-vector_length_scale=0-5_mapping-decoding-method=tanh_normalize_squaring
32,"{'_runtime': 6.801342048, '_step': 88, '_timestamp': 1740609669.7177825, '_wandb': {'runtime': 6}, 'cpu2gpu_time': 0.00010013580322265624, 'decoding': {'decoding_time': 0.10956799983978271}, 'empty': {'axis_fd_matrix': 0.06656000018119812, 'axis_fd_power_matrix': 0.15667200088500977, 'axis_fd_power_unsqueeze': 0.004095999989658594, 'dot_product': 13.622271537780762, 'hm_clone': 0.006144000217318535, 'hm_decoding': 0.021503999829292297, 'index_add': 0.025599999353289604, 'power_matrix': 0.05632000043988228, 'powers': 0.05939200147986412, 'qv_norm': 0.018432000651955605, 'tile_memory_calculation': 0.12083200365304948, 'world_bound_norm': 0.116736002266407, 'xy_axis_fd_matrix': 0.11468800157308578, 'xy_axis_ifft': 0.06348799914121628}, 'occupied': {'axis_fd_matrix': 0.06963200122117996, 'axis_fd_power_matrix': 0.09728000313043594, 'axis_fd_power_unsqueeze': 0.004095999989658594, 'dot_product': 13.749247550964355, 'hm_clone': 0.035840000957250595, 'hm_decoding': 0.02252800017595291, 'index_add': 0.058368001133203506, 'power_matrix': 0.06348799914121628, 'powers': 0.06758400052785873, 'qv_norm': 0.07372800260782242, 'tile_memory_calculation': 0.17919999361038208, 'world_bound_norm': 0.12185599654912949, 'xy_axis_fd_matrix': 0.0798719972372055, 'xy_axis_ifft': 0.09011200070381165}, 'ogm_conversion': 0.02867200039327145, 'split_time': 0.0001666545867919922, 'test_auc': 0.5483280423280423, 'test_nll': 0.7665946541578379, 'train_auc': 0.5356125356125356, 'train_nll': 0.6297854098377886}","{'data': {'data_dir': 'datasets/sa/toysim0/npz', 'test_split': 0.2, 'file_prefix': 'results_frame_', 'file_suffix': '.npz', 'dataset_name': 'toysim', 'world_bounds': [-50, 50, -50, 50]}, 'wandb': {'notes': 'This experiment evaluates the performance of the decoding method on the ablation dataset.', 'online': True, 'enabled': True, 'verbose': False, 'project_name': 'decoding_method_evaluation_toymap_no_entropy'}, 'logging': {'enabled': True, 'verbose': False, 'save_dir': 'logs/decoding_method_evaluation_toymap_no_entropy/mapping-axis_resolution=1-0_mapping-vector_dimensionality=32768_mapping-vector_length_scale=0-5_mapping-decoding-method=sigmoid', 'log_images': True, 'override_existing': False}, 'mapping': {'seed': 42, 'device': 'cuda', 'verbose': True, 'decoding': {'alpha': 'None', 'method': 'sigmoid', 'disk_radii_1': 3, 'disk_radii_2': 3}, 'num_tiles': 1, 'data_filter': 'passthrough', 'mapping_type': 'SA_VSA_OGM', 'axis_resolution': 1, 'vector_length_scale': 0.5, 'vector_dimensionality': 32768}, 'experiment_name': 'mapping-axis_resolution=1-0_mapping-vector_dimensionality=32768_mapping-vector_length_scale=0-5_mapping-decoding-method=sigmoid', 'experiment_type': 'single_agent', 'mapping_manager': {'seed': 42, 'metrics': ['auc', 'nll'], 'verbose': True, 'num_mappers': 1, 'plotting_flags': {'plot_images': False, 'plot_metrics': True, 'plot_predictions': False, 'plot_point_clouds': False}}, 'experiment_parameters': {'mapping': {'decoding': {'method': ['relu', 'relu_normalize', 'relu_squaring', 'relu_normalize_squaring', 'tanh', 'tanh_normalize', 'tanh_squaring', 'tanh_normalize_squaring', 'sigmoid', 'sigmoid_normalize', 'sigmoid_squaring', 'sigmoid_normalize_squaring']}, 'axis_resolution': [1], 'vector_length_scale': [0.1, 0.2, 0.5, 1], 'vector_dimensionality': [32768, 16384, 8192]}}}",mapping-axis_resolution=1-0_mapping-vector_dimensionality=32768_mapping-vector_length_scale=0-5_mapping-decoding-method=sigmoid
33,"{'_runtime': 6.38637664, '_step': 88, '_timestamp': 1740609677.8399491, '_wandb': {'runtime': 6}, 'cpu2gpu_time': 0.00010967254638671876, 'decoding': {'decoding_time': 0.16076800227165222}, 'empty': {'axis_fd_matrix': 0.058368001133203506, 'axis_fd_power_matrix': 0.158720001578331, 'axis_fd_power_unsqueeze': 0.004095999989658594, 'dot_product': 13.593600273132324, 'hm_clone': 0.0071680000983178616, 'hm_decoding': 0.023552000522613525, 'index_add': 0.025599999353289604, 'power_matrix': 0.05734400078654289, 'powers': 0.06143999844789505, 'qv_norm': 0.01945599913597107, 'tile_memory_calculation': 0.116736002266407, 'world_bound_norm': 0.11468800157308578, 'xy_axis_fd_matrix': 0.11366400122642516, 'xy_axis_ifft': 0.0655359998345375}, 'occupied': {'axis_fd_matrix': 0.07168000191450119, 'axis_fd_power_matrix': 0.0942080020904541, 'axis_fd_power_unsqueeze': 0.004095999989658594, 'dot_product': 13.651968002319336, 'hm_clone': 0.03686400130391121, 'hm_decoding': 0.023552000522613525, 'index_add': 0.05939200147986412, 'power_matrix': 0.062463998794555664, 'powers': 0.06963200122117996, 'qv_norm': 0.07372800260782242, 'tile_memory_calculation': 0.17817600071430206, 'world_bound_norm': 0.1382399946451187, 'xy_axis_fd_matrix': 0.08499199897050858, 'xy_axis_ifft': 0.08089599758386612}, 'ogm_conversion': 0.027648000046610832, 'split_time': 0.0001800060272216797, 'test_auc': 0.493563492063492, 'test_nll': 0.6931557695055554, 'train_auc': 0.3903133903133903, 'train_nll': 0.7294993089062782}","{'data': {'data_dir': 'datasets/sa/toysim0/npz', 'test_split': 0.2, 'file_prefix': 'results_frame_', 'file_suffix': '.npz', 'dataset_name': 'toysim', 'world_bounds': [-50, 50, -50, 50]}, 'wandb': {'notes': 'This experiment evaluates the performance of the decoding method on the ablation dataset.', 'online': True, 'enabled': True, 'verbose': False, 'project_name': 'decoding_method_evaluation_toymap_no_entropy'}, 'logging': {'enabled': True, 'verbose': False, 'save_dir': 'logs/decoding_method_evaluation_toymap_no_entropy/mapping-axis_resolution=1-0_mapping-vector_dimensionality=32768_mapping-vector_length_scale=0-5_mapping-decoding-method=sigmoid_normalize', 'log_images': True, 'override_existing': False}, 'mapping': {'seed': 42, 'device': 'cuda', 'verbose': True, 'decoding': {'alpha': 'None', 'method': 'sigmoid_normalize', 'disk_radii_1': 3, 'disk_radii_2': 3}, 'num_tiles': 1, 'data_filter': 'passthrough', 'mapping_type': 'SA_VSA_OGM', 'axis_resolution': 1, 'vector_length_scale': 0.5, 'vector_dimensionality': 32768}, 'experiment_name': 'mapping-axis_resolution=1-0_mapping-vector_dimensionality=32768_mapping-vector_length_scale=0-5_mapping-decoding-method=sigmoid_normalize', 'experiment_type': 'single_agent', 'mapping_manager': {'seed': 42, 'metrics': ['auc', 'nll'], 'verbose': True, 'num_mappers': 1, 'plotting_flags': {'plot_images': False, 'plot_metrics': True, 'plot_predictions': False, 'plot_point_clouds': False}}, 'experiment_parameters': {'mapping': {'decoding': {'method': ['relu', 'relu_normalize', 'relu_squaring', 'relu_normalize_squaring', 'tanh', 'tanh_normalize', 'tanh_squaring', 'tanh_normalize_squaring', 'sigmoid', 'sigmoid_normalize', 'sigmoid_squaring', 'sigmoid_normalize_squaring']}, 'axis_resolution': [1], 'vector_length_scale': [0.1, 0.2, 0.5, 1], 'vector_dimensionality': [32768, 16384, 8192]}}}",mapping-axis_resolution=1-0_mapping-vector_dimensionality=32768_mapping-vector_length_scale=0-5_mapping-decoding-method=sigmoid_normalize
34,"{'_runtime': 6.40803998, '_step': 88, '_timestamp': 1740609685.9136093, '_wandb': {'runtime': 6}, 'cpu2gpu_time': 0.00011014938354492188, 'decoding': {'decoding_time': 0.14028799533843994}, 'empty': {'axis_fd_matrix': 0.062463998794555664, 'axis_fd_power_matrix': 0.159743994474411, 'axis_fd_power_unsqueeze': 0.004095999989658594, 'dot_product': 13.635583877563477, 'hm_clone': 0.035840000957250595, 'hm_decoding': 0.021503999829292297, 'index_add': 0.05632000043988228, 'power_matrix': 0.060416001826524734, 'powers': 0.06348799914121628, 'qv_norm': 0.0655359998345375, 'tile_memory_calculation': 0.1525759994983673, 'world_bound_norm': 0.14643199741840365, 'xy_axis_fd_matrix': 0.18329599499702456, 'xy_axis_ifft': 0.06348799914121628}, 'occupied': {'axis_fd_matrix': 0.06656000018119812, 'axis_fd_power_matrix': 0.09728000313043594, 'axis_fd_power_unsqueeze': 0.004095999989658594, 'dot_product': 13.651968002319336, 'hm_clone': 0.03788800165057182, 'hm_decoding': 0.021503999829292297, 'index_add': 0.060416001826524734, 'power_matrix': 0.06451199948787689, 'powers': 0.06758400052785873, 'qv_norm': 0.07475200295448303, 'tile_memory_calculation': 0.1802240014076233, 'world_bound_norm': 0.12492799758911131, 'xy_axis_fd_matrix': 0.08499199897050858, 'xy_axis_ifft': 0.09318400174379347}, 'ogm_conversion': 0.02867200039327145, 'split_time': 0.0001983642578125, 'test_auc': 0.6632962962962964, 'test_nll': 0.7173342077060427, 'train_auc': 0.6011396011396012, 'train_nll': 0.625500913991139}","{'data': {'data_dir': 'datasets/sa/toysim0/npz', 'test_split': 0.2, 'file_prefix': 'results_frame_', 'file_suffix': '.npz', 'dataset_name': 'toysim', 'world_bounds': [-50, 50, -50, 50]}, 'wandb': {'notes': 'This experiment evaluates the performance of the decoding method on the ablation dataset.', 'online': True, 'enabled': True, 'verbose': False, 'project_name': 'decoding_method_evaluation_toymap_no_entropy'}, 'logging': {'enabled': True, 'verbose': False, 'save_dir': 'logs/decoding_method_evaluation_toymap_no_entropy/mapping-axis_resolution=1-0_mapping-vector_dimensionality=32768_mapping-vector_length_scale=0-5_mapping-decoding-method=sigmoid_squaring', 'log_images': True, 'override_existing': False}, 'mapping': {'seed': 42, 'device': 'cuda', 'verbose': True, 'decoding': {'alpha': 'None', 'method': 'sigmoid_squaring', 'disk_radii_1': 3, 'disk_radii_2': 3}, 'num_tiles': 1, 'data_filter': 'passthrough', 'mapping_type': 'SA_VSA_OGM', 'axis_resolution': 1, 'vector_length_scale': 0.5, 'vector_dimensionality': 32768}, 'experiment_name': 'mapping-axis_resolution=1-0_mapping-vector_dimensionality=32768_mapping-vector_length_scale=0-5_mapping-decoding-method=sigmoid_squaring', 'experiment_type': 'single_agent', 'mapping_manager': {'seed': 42, 'metrics': ['auc', 'nll'], 'verbose': True, 'num_mappers': 1, 'plotting_flags': {'plot_images': False, 'plot_metrics': True, 'plot_predictions': False, 'plot_point_clouds': False}}, 'experiment_parameters': {'mapping': {'decoding': {'method': ['relu', 'relu_normalize', 'relu_squaring', 'relu_normalize_squaring', 'tanh', 'tanh_normalize', 'tanh_squaring', 'tanh_normalize_squaring', 'sigmoid', 'sigmoid_normalize', 'sigmoid_squaring', 'sigmoid_normalize_squaring']}, 'axis_resolution': [1], 'vector_length_scale': [0.1, 0.2, 0.5, 1], 'vector_dimensionality': [32768, 16384, 8192]}}}",mapping-axis_resolution=1-0_mapping-vector_dimensionality=32768_mapping-vector_length_scale=0-5_mapping-decoding-method=sigmoid_squaring
35,"{'_runtime': 6.447615201, '_step': 88, '_timestamp': 1740609693.9369178, '_wandb': {'runtime': 6}, 'cpu2gpu_time': 7.796287536621094e-05, 'decoding': {'decoding_time': 0.2170879989862442}, 'empty': {'axis_fd_matrix': 0.06451199948787689, 'axis_fd_power_matrix': 0.159743994474411, 'axis_fd_power_unsqueeze': 0.004095999989658594, 'dot_product': 13.615103721618652, 'hm_clone': 0.0071680000983178616, 'hm_decoding': 0.02457600086927414, 'index_add': 0.025599999353289604, 'power_matrix': 0.05939200147986412, 'powers': 0.08191999793052673, 'qv_norm': 0.01945599913597107, 'tile_memory_calculation': 0.1228799968957901, 'world_bound_norm': 0.11776000261306764, 'xy_axis_fd_matrix': 0.11468800157308578, 'xy_axis_ifft': 0.0655359998345375}, 'occupied': {'axis_fd_matrix': 0.06348799914121628, 'axis_fd_power_matrix': 0.09318400174379347, 'axis_fd_power_unsqueeze': 0.004095999989658594, 'dot_product': 13.645824432373049, 'hm_clone': 0.03481600061058998, 'hm_decoding': 0.023552000522613525, 'index_add': 0.055296000093221664, 'power_matrix': 0.06143999844789505, 'powers': 0.0655359998345375, 'qv_norm': 0.06963200122117996, 'tile_memory_calculation': 0.15667200088500977, 'world_bound_norm': 0.11776000261306764, 'xy_axis_fd_matrix': 0.07884799689054489, 'xy_axis_ifft': 0.08191999793052673}, 'ogm_conversion': 0.030719999223947525, 'split_time': 0.0001461505889892578, 'test_auc': 0.6192671957671958, 'test_nll': 0.6705265241682214, 'train_auc': 0.5641025641025641, 'train_nll': 0.6724565568271423}","{'data': {'data_dir': 'datasets/sa/toysim0/npz', 'test_split': 0.2, 'file_prefix': 'results_frame_', 'file_suffix': '.npz', 'dataset_name': 'toysim', 'world_bounds': [-50, 50, -50, 50]}, 'wandb': {'notes': 'This experiment evaluates the performance of the decoding method on the ablation dataset.', 'online': True, 'enabled': True, 'verbose': False, 'project_name': 'decoding_method_evaluation_toymap_no_entropy'}, 'logging': {'enabled': True, 'verbose': False, 'save_dir': 'logs/decoding_method_evaluation_toymap_no_entropy/mapping-axis_resolution=1-0_mapping-vector_dimensionality=32768_mapping-vector_length_scale=0-5_mapping-decoding-method=sigmoid_normalize_squaring', 'log_images': True, 'override_existing': False}, 'mapping': {'seed': 42, 'device': 'cuda', 'verbose': True, 'decoding': {'alpha': 'None', 'method': 'sigmoid_normalize_squaring', 'disk_radii_1': 3, 'disk_radii_2': 3}, 'num_tiles': 1, 'data_filter': 'passthrough', 'mapping_type': 'SA_VSA_OGM', 'axis_resolution': 1, 'vector_length_scale': 0.5, 'vector_dimensionality': 32768}, 'experiment_name': 'mapping-axis_resolution=1-0_mapping-vector_dimensionality=32768_mapping-vector_length_scale=0-5_mapping-decoding-method=sigmoid_normalize_squaring', 'experiment_type': 'single_agent', 'mapping_manager': {'seed': 42, 'metrics': ['auc', 'nll'], 'verbose': True, 'num_mappers': 1, 'plotting_flags': {'plot_images': False, 'plot_metrics': True, 'plot_predictions': False, 'plot_point_clouds': False}}, 'experiment_parameters': {'mapping': {'decoding': {'method': ['relu', 'relu_normalize', 'relu_squaring', 'relu_normalize_squaring', 'tanh', 'tanh_normalize', 'tanh_squaring', 'tanh_normalize_squaring', 'sigmoid', 'sigmoid_normalize', 'sigmoid_squaring', 'sigmoid_normalize_squaring']}, 'axis_resolution': [1], 'vector_length_scale': [0.1, 0.2, 0.5, 1], 'vector_dimensionality': [32768, 16384, 8192]}}}",mapping-axis_resolution=1-0_mapping-vector_dimensionality=32768_mapping-vector_length_scale=0-5_mapping-decoding-method=sigmoid_normalize_squaring
36,"{'_runtime': 6.5688654490000005, '_step': 88, '_timestamp': 1740609702.377901, '_wandb': {'runtime': 6}, 'cpu2gpu_time': 0.00010728836059570312, 'decoding': {'decoding_time': 0.12185599654912949}, 'empty': {'axis_fd_matrix': 0.06348799914121628, 'axis_fd_power_matrix': 0.1658879965543747, 'axis_fd_power_unsqueeze': 0.004095999989658594, 'dot_product': 13.668352127075195, 'hm_clone': 0.048128001391887665, 'hm_decoding': 0.021503999829292297, 'index_add': 0.02457600086927414, 'power_matrix': 0.062463998794555664, 'powers': 0.0655359998345375, 'qv_norm': 0.03993599861860275, 'tile_memory_calculation': 0.17203199863433838, 'world_bound_norm': 0.17817600071430206, 'xy_axis_fd_matrix': 0.11468800157308578, 'xy_axis_ifft': 0.06348799914121628}, 'occupied': {'axis_fd_matrix': 0.06860800087451935, 'axis_fd_power_matrix': 0.09830400347709656, 'axis_fd_power_unsqueeze': 0.004095999989658594, 'dot_product': 13.658111572265623, 'hm_clone': 0.03891199827194214, 'hm_decoding': 0.02252800017595291, 'index_add': 0.058368001133203506, 'power_matrix': 0.06348799914121628, 'powers': 0.07168000191450119, 'qv_norm': 0.07372800260782242, 'tile_memory_calculation': 0.17817600071430206, 'world_bound_norm': 0.131071999669075, 'xy_axis_fd_matrix': 0.0798719972372055, 'xy_axis_ifft': 0.08089599758386612}, 'ogm_conversion': 0.02969600073993206, 'split_time': 0.00019049644470214844, 'test_auc': 0.8553835978835979, 'test_nll': 0.5775963896681557, 'train_auc': 0.8262108262108262, 'train_nll': 0.5522147276682718}","{'data': {'data_dir': 'datasets/sa/toysim0/npz', 'test_split': 0.2, 'file_prefix': 'results_frame_', 'file_suffix': '.npz', 'dataset_name': 'toysim', 'world_bounds': [-50, 50, -50, 50]}, 'wandb': {'notes': 'This experiment evaluates the performance of the decoding method on the ablation dataset.', 'online': True, 'enabled': True, 'verbose': False, 'project_name': 'decoding_method_evaluation_toymap_no_entropy'}, 'logging': {'enabled': True, 'verbose': False, 'save_dir': 'logs/decoding_method_evaluation_toymap_no_entropy/mapping-axis_resolution=1-0_mapping-vector_dimensionality=32768_mapping-vector_length_scale=1-0_mapping-decoding-method=relu', 'log_images': True, 'override_existing': False}, 'mapping': {'seed': 42, 'device': 'cuda', 'verbose': True, 'decoding': {'alpha': 'None', 'method': 'relu', 'disk_radii_1': 3, 'disk_radii_2': 3}, 'num_tiles': 1, 'data_filter': 'passthrough', 'mapping_type': 'SA_VSA_OGM', 'axis_resolution': 1, 'vector_length_scale': 1, 'vector_dimensionality': 32768}, 'experiment_name': 'mapping-axis_resolution=1-0_mapping-vector_dimensionality=32768_mapping-vector_length_scale=1-0_mapping-decoding-method=relu', 'experiment_type': 'single_agent', 'mapping_manager': {'seed': 42, 'metrics': ['auc', 'nll'], 'verbose': True, 'num_mappers': 1, 'plotting_flags': {'plot_images': False, 'plot_metrics': True, 'plot_predictions': False, 'plot_point_clouds': False}}, 'experiment_parameters': {'mapping': {'decoding': {'method': ['relu', 'relu_normalize', 'relu_squaring', 'relu_normalize_squaring', 'tanh', 'tanh_normalize', 'tanh_squaring', 'tanh_normalize_squaring', 'sigmoid', 'sigmoid_normalize', 'sigmoid_squaring', 'sigmoid_normalize_squaring']}, 'axis_resolution': [1], 'vector_length_scale': [0.1, 0.2, 0.5, 1], 'vector_dimensionality': [32768, 16384, 8192]}}}",mapping-axis_resolution=1-0_mapping-vector_dimensionality=32768_mapping-vector_length_scale=1-0_mapping-decoding-method=relu
37,"{'_runtime': 6.707592011, '_step': 88, '_timestamp': 1740609710.6776202, '_wandb': {'runtime': 6}, 'cpu2gpu_time': 7.343292236328125e-05, 'decoding': {'decoding_time': 0.16486400365829468}, 'empty': {'axis_fd_matrix': 0.058368001133203506, 'axis_fd_power_matrix': 0.15667200088500977, 'axis_fd_power_unsqueeze': 0.004095999989658594, 'dot_product': 13.619199752807615, 'hm_clone': 0.0071680000983178616, 'hm_decoding': 0.023552000522613525, 'index_add': 0.025599999353289604, 'power_matrix': 0.05632000043988228, 'powers': 0.06143999844789505, 'qv_norm': 0.018432000651955605, 'tile_memory_calculation': 0.11776000261306764, 'world_bound_norm': 0.11366400122642516, 'xy_axis_fd_matrix': 0.1157120019197464, 'xy_axis_ifft': 0.0655359998345375}, 'occupied': {'axis_fd_matrix': 0.0655359998345375, 'axis_fd_power_matrix': 0.09318400174379347, 'axis_fd_power_unsqueeze': 0.004095999989658594, 'dot_product': 13.63865566253662, 'hm_clone': 0.03174399957060814, 'hm_decoding': 0.02457600086927414, 'index_add': 0.062463998794555664, 'power_matrix': 0.06143999844789505, 'powers': 0.06656000018119812, 'qv_norm': 0.06656000018119812, 'tile_memory_calculation': 0.15360000729560852, 'world_bound_norm': 0.11980800330638884, 'xy_axis_fd_matrix': 0.07372800260782242, 'xy_axis_ifft': 0.0655359998345375}, 'ogm_conversion': 0.3532800078392029, 'split_time': 0.00013899803161621094, 'test_auc': 0.8220502645502645, 'test_nll': 0.5871594548313221, 'train_auc': 0.9230769230769232, 'train_nll': 0.5087113321918627}","{'data': {'data_dir': 'datasets/sa/toysim0/npz', 'test_split': 0.2, 'file_prefix': 'results_frame_', 'file_suffix': '.npz', 'dataset_name': 'toysim', 'world_bounds': [-50, 50, -50, 50]}, 'wandb': {'notes': 'This experiment evaluates the performance of the decoding method on the ablation dataset.', 'online': True, 'enabled': True, 'verbose': False, 'project_name': 'decoding_method_evaluation_toymap_no_entropy'}, 'logging': {'enabled': True, 'verbose': False, 'save_dir': 'logs/decoding_method_evaluation_toymap_no_entropy/mapping-axis_resolution=1-0_mapping-vector_dimensionality=32768_mapping-vector_length_scale=1-0_mapping-decoding-method=relu_normalize', 'log_images': True, 'override_existing': False}, 'mapping': {'seed': 42, 'device': 'cuda', 'verbose': True, 'decoding': {'alpha': 'None', 'method': 'relu_normalize', 'disk_radii_1': 3, 'disk_radii_2': 3}, 'num_tiles': 1, 'data_filter': 'passthrough', 'mapping_type': 'SA_VSA_OGM', 'axis_resolution': 1, 'vector_length_scale': 1, 'vector_dimensionality': 32768}, 'experiment_name': 'mapping-axis_resolution=1-0_mapping-vector_dimensionality=32768_mapping-vector_length_scale=1-0_mapping-decoding-method=relu_normalize', 'experiment_type': 'single_agent', 'mapping_manager': {'seed': 42, 'metrics': ['auc', 'nll'], 'verbose': True, 'num_mappers': 1, 'plotting_flags': {'plot_images': False, 'plot_metrics': True, 'plot_predictions': False, 'plot_point_clouds': False}}, 'experiment_parameters': {'mapping': {'decoding': {'method': ['relu', 'relu_normalize', 'relu_squaring', 'relu_normalize_squaring', 'tanh', 'tanh_normalize', 'tanh_squaring', 'tanh_normalize_squaring', 'sigmoid', 'sigmoid_normalize', 'sigmoid_squaring', 'sigmoid_normalize_squaring']}, 'axis_resolution': [1], 'vector_length_scale': [0.1, 0.2, 0.5, 1], 'vector_dimensionality': [32768, 16384, 8192]}}}",mapping-axis_resolution=1-0_mapping-vector_dimensionality=32768_mapping-vector_length_scale=1-0_mapping-decoding-method=relu_normalize
38,"{'_runtime': 6.651389447, '_step': 88, '_timestamp': 1740609719.0327911, '_wandb': {'runtime': 6}, 'cpu2gpu_time': 6.890296936035156e-05, 'decoding': {'decoding_time': 0.14745600521564484}, 'empty': {'axis_fd_matrix': 0.05939200147986412, 'axis_fd_power_matrix': 0.15667200088500977, 'axis_fd_power_unsqueeze': 0.004095999989658594, 'dot_product': 13.630463600158691, 'hm_clone': 0.008191999979317188, 'hm_decoding': 0.023552000522613525, 'index_add': 0.025599999353289604, 'power_matrix': 0.058368001133203506, 'powers': 0.06143999844789505, 'qv_norm': 0.01740800030529499, 'tile_memory_calculation': 0.12902399897575378, 'world_bound_norm': 0.1228799968957901, 'xy_axis_fd_matrix': 0.1157120019197464, 'xy_axis_ifft': 0.06348799914121628}, 'occupied': {'axis_fd_matrix': 0.06451199948787689, 'axis_fd_power_matrix': 0.0942080020904541, 'axis_fd_power_unsqueeze': 0.004095999989658594, 'dot_product': 13.652992248535156, 'hm_clone': 0.03276799991726875, 'hm_decoding': 0.02252800017595291, 'index_add': 0.05427199974656105, 'power_matrix': 0.06143999844789505, 'powers': 0.06758400052785873, 'qv_norm': 0.06758400052785873, 'tile_memory_calculation': 0.1525759994983673, 'world_bound_norm': 0.12800000607967377, 'xy_axis_fd_matrix': 0.07372800260782242, 'xy_axis_ifft': 0.06451199948787689}, 'ogm_conversion': 0.02969600073993206, 'split_time': 0.00014448165893554688, 'test_auc': 0.8563941798941799, 'test_nll': 0.782777319884248, 'train_auc': 0.9344729344729346, 'train_nll': 0.5888278571568893}","{'data': {'data_dir': 'datasets/sa/toysim0/npz', 'test_split': 0.2, 'file_prefix': 'results_frame_', 'file_suffix': '.npz', 'dataset_name': 'toysim', 'world_bounds': [-50, 50, -50, 50]}, 'wandb': {'notes': 'This experiment evaluates the performance of the decoding method on the ablation dataset.', 'online': True, 'enabled': True, 'verbose': False, 'project_name': 'decoding_method_evaluation_toymap_no_entropy'}, 'logging': {'enabled': True, 'verbose': False, 'save_dir': 'logs/decoding_method_evaluation_toymap_no_entropy/mapping-axis_resolution=1-0_mapping-vector_dimensionality=32768_mapping-vector_length_scale=1-0_mapping-decoding-method=relu_squaring', 'log_images': True, 'override_existing': False}, 'mapping': {'seed': 42, 'device': 'cuda', 'verbose': True, 'decoding': {'alpha': 'None', 'method': 'relu_squaring', 'disk_radii_1': 3, 'disk_radii_2': 3}, 'num_tiles': 1, 'data_filter': 'passthrough', 'mapping_type': 'SA_VSA_OGM', 'axis_resolution': 1, 'vector_length_scale': 1, 'vector_dimensionality': 32768}, 'experiment_name': 'mapping-axis_resolution=1-0_mapping-vector_dimensionality=32768_mapping-vector_length_scale=1-0_mapping-decoding-method=relu_squaring', 'experiment_type': 'single_agent', 'mapping_manager': {'seed': 42, 'metrics': ['auc', 'nll'], 'verbose': True, 'num_mappers': 1, 'plotting_flags': {'plot_images': False, 'plot_metrics': True, 'plot_predictions': False, 'plot_point_clouds': False}}, 'experiment_parameters': {'mapping': {'decoding': {'method': ['relu', 'relu_normalize', 'relu_squaring', 'relu_normalize_squaring', 'tanh', 'tanh_normalize', 'tanh_squaring', 'tanh_normalize_squaring', 'sigmoid', 'sigmoid_normalize', 'sigmoid_squaring', 'sigmoid_normalize_squaring']}, 'axis_resolution': [1], 'vector_length_scale': [0.1, 0.2, 0.5, 1], 'vector_dimensionality': [32768, 16384, 8192]}}}",mapping-axis_resolution=1-0_mapping-vector_dimensionality=32768_mapping-vector_length_scale=1-0_mapping-decoding-method=relu_squaring
39,"{'_runtime': 6.841616682, '_step': 88, '_timestamp': 1740609727.537526, '_wandb': {'runtime': 6}, 'cpu2gpu_time': 0.00010085105895996094, 'decoding': {'decoding_time': 0.1945600062608719}, 'empty': {'axis_fd_matrix': 0.060416001826524734, 'axis_fd_power_matrix': 0.159743994474411, 'axis_fd_power_unsqueeze': 0.004095999989658594, 'dot_product': 13.636608123779297, 'hm_clone': 0.018432000651955605, 'hm_decoding': 0.02457600086927414, 'index_add': 0.025599999353289604, 'power_matrix': 0.058368001133203506, 'powers': 0.0798719972372055, 'qv_norm': 0.01945599913597107, 'tile_memory_calculation': 0.14847999811172485, 'world_bound_norm': 0.1443839967250824, 'xy_axis_fd_matrix': 0.11468800157308578, 'xy_axis_ifft': 0.0655359998345375}, 'occupied': {'axis_fd_matrix': 0.06348799914121628, 'axis_fd_power_matrix': 0.10649599879980089, 'axis_fd_power_unsqueeze': 0.004095999989658594, 'dot_product': 13.66220760345459, 'hm_clone': 0.035840000957250595, 'hm_decoding': 0.02457600086927414, 'index_add': 0.05939200147986412, 'power_matrix': 0.0655359998345375, 'powers': 0.06656000018119812, 'qv_norm': 0.07782399654388428, 'tile_memory_calculation': 0.1802240014076233, 'world_bound_norm': 0.12083200365304948, 'xy_axis_fd_matrix': 0.08806400001049042, 'xy_axis_ifft': 0.08601599931716919}, 'ogm_conversion': 0.027648000046610832, 'split_time': 0.00016546249389648438, 'test_auc': 0.8139603174603175, 'test_nll': 0.6363093262154839, 'train_auc': 0.8603988603988604, 'train_nll': 0.6240109107825387}","{'data': {'data_dir': 'datasets/sa/toysim0/npz', 'test_split': 0.2, 'file_prefix': 'results_frame_', 'file_suffix': '.npz', 'dataset_name': 'toysim', 'world_bounds': [-50, 50, -50, 50]}, 'wandb': {'notes': 'This experiment evaluates the performance of the decoding method on the ablation dataset.', 'online': True, 'enabled': True, 'verbose': False, 'project_name': 'decoding_method_evaluation_toymap_no_entropy'}, 'logging': {'enabled': True, 'verbose': False, 'save_dir': 'logs/decoding_method_evaluation_toymap_no_entropy/mapping-axis_resolution=1-0_mapping-vector_dimensionality=32768_mapping-vector_length_scale=1-0_mapping-decoding-method=relu_normalize_squaring', 'log_images': True, 'override_existing': False}, 'mapping': {'seed': 42, 'device': 'cuda', 'verbose': True, 'decoding': {'alpha': 'None', 'method': 'relu_normalize_squaring', 'disk_radii_1': 3, 'disk_radii_2': 3}, 'num_tiles': 1, 'data_filter': 'passthrough', 'mapping_type': 'SA_VSA_OGM', 'axis_resolution': 1, 'vector_length_scale': 1, 'vector_dimensionality': 32768}, 'experiment_name': 'mapping-axis_resolution=1-0_mapping-vector_dimensionality=32768_mapping-vector_length_scale=1-0_mapping-decoding-method=relu_normalize_squaring', 'experiment_type': 'single_agent', 'mapping_manager': {'seed': 42, 'metrics': ['auc', 'nll'], 'verbose': True, 'num_mappers': 1, 'plotting_flags': {'plot_images': False, 'plot_metrics': True, 'plot_predictions': False, 'plot_point_clouds': False}}, 'experiment_parameters': {'mapping': {'decoding': {'method': ['relu', 'relu_normalize', 'relu_squaring', 'relu_normalize_squaring', 'tanh', 'tanh_normalize', 'tanh_squaring', 'tanh_normalize_squaring', 'sigmoid', 'sigmoid_normalize', 'sigmoid_squaring', 'sigmoid_normalize_squaring']}, 'axis_resolution': [1], 'vector_length_scale': [0.1, 0.2, 0.5, 1], 'vector_dimensionality': [32768, 16384, 8192]}}}",mapping-axis_resolution=1-0_mapping-vector_dimensionality=32768_mapping-vector_length_scale=1-0_mapping-decoding-method=relu_normalize_squaring
40,"{'_runtime': 6.884866054, '_step': 88, '_timestamp': 1740609736.0570312, '_wandb': {'runtime': 6}, 'cpu2gpu_time': 6.723403930664062e-05, 'decoding': {'decoding_time': 0.10751999914646149}, 'empty': {'axis_fd_matrix': 0.060416001826524734, 'axis_fd_power_matrix': 0.15667200088500977, 'axis_fd_power_unsqueeze': 0.004095999989658594, 'dot_product': 13.623295783996582, 'hm_clone': 0.0071680000983178616, 'hm_decoding': 0.02252800017595291, 'index_add': 0.025599999353289604, 'power_matrix': 0.05734400078654289, 'powers': 0.06963200122117996, 'qv_norm': 0.01740800030529499, 'tile_memory_calculation': 0.11878400295972824, 'world_bound_norm': 0.11878400295972824, 'xy_axis_fd_matrix': 0.11468800157308578, 'xy_axis_ifft': 0.06348799914121628}, 'occupied': {'axis_fd_matrix': 0.07680000364780426, 'axis_fd_power_matrix': 0.09318400174379347, 'axis_fd_power_unsqueeze': 0.003072000108659267, 'dot_product': 13.64684772491455, 'hm_clone': 0.03174399957060814, 'hm_decoding': 0.02252800017595291, 'index_add': 0.05427199974656105, 'power_matrix': 0.062463998794555664, 'powers': 0.06656000018119812, 'qv_norm': 0.06758400052785873, 'tile_memory_calculation': 0.15462400019168854, 'world_bound_norm': 0.116736002266407, 'xy_axis_fd_matrix': 0.0727040022611618, 'xy_axis_ifft': 0.06758400052785873}, 'ogm_conversion': 0.02867200039327145, 'split_time': 0.0001399517059326172, 'test_auc': 0.8500978835978835, 'test_nll': 0.5854242448334253, 'train_auc': 0.9430199430199432, 'train_nll': 0.5095920548788648}","{'data': {'data_dir': 'datasets/sa/toysim0/npz', 'test_split': 0.2, 'file_prefix': 'results_frame_', 'file_suffix': '.npz', 'dataset_name': 'toysim', 'world_bounds': [-50, 50, -50, 50]}, 'wandb': {'notes': 'This experiment evaluates the performance of the decoding method on the ablation dataset.', 'online': True, 'enabled': True, 'verbose': False, 'project_name': 'decoding_method_evaluation_toymap_no_entropy'}, 'logging': {'enabled': True, 'verbose': False, 'save_dir': 'logs/decoding_method_evaluation_toymap_no_entropy/mapping-axis_resolution=1-0_mapping-vector_dimensionality=32768_mapping-vector_length_scale=1-0_mapping-decoding-method=tanh', 'log_images': True, 'override_existing': False}, 'mapping': {'seed': 42, 'device': 'cuda', 'verbose': True, 'decoding': {'alpha': 'None', 'method': 'tanh', 'disk_radii_1': 3, 'disk_radii_2': 3}, 'num_tiles': 1, 'data_filter': 'passthrough', 'mapping_type': 'SA_VSA_OGM', 'axis_resolution': 1, 'vector_length_scale': 1, 'vector_dimensionality': 32768}, 'experiment_name': 'mapping-axis_resolution=1-0_mapping-vector_dimensionality=32768_mapping-vector_length_scale=1-0_mapping-decoding-method=tanh', 'experiment_type': 'single_agent', 'mapping_manager': {'seed': 42, 'metrics': ['auc', 'nll'], 'verbose': True, 'num_mappers': 1, 'plotting_flags': {'plot_images': False, 'plot_metrics': True, 'plot_predictions': False, 'plot_point_clouds': False}}, 'experiment_parameters': {'mapping': {'decoding': {'method': ['relu', 'relu_normalize', 'relu_squaring', 'relu_normalize_squaring', 'tanh', 'tanh_normalize', 'tanh_squaring', 'tanh_normalize_squaring', 'sigmoid', 'sigmoid_normalize', 'sigmoid_squaring', 'sigmoid_normalize_squaring']}, 'axis_resolution': [1], 'vector_length_scale': [0.1, 0.2, 0.5, 1], 'vector_dimensionality': [32768, 16384, 8192]}}}",mapping-axis_resolution=1-0_mapping-vector_dimensionality=32768_mapping-vector_length_scale=1-0_mapping-decoding-method=tanh
41,"{'_runtime': 7.023698245, '_step': 88, '_timestamp': 1740609744.6787074, '_wandb': {'runtime': 7}, 'cpu2gpu_time': 8.535385131835938e-05, 'decoding': {'decoding_time': 0.19865599274635315}, 'empty': {'axis_fd_matrix': 0.05939200147986412, 'axis_fd_power_matrix': 0.15769599378108978, 'axis_fd_power_unsqueeze': 0.003072000108659267, 'dot_product': 13.636608123779297, 'hm_clone': 0.0071680000983178616, 'hm_decoding': 0.02457600086927414, 'index_add': 0.025599999353289604, 'power_matrix': 0.058368001133203506, 'powers': 0.060416001826524734, 'qv_norm': 0.018432000651955605, 'tile_memory_calculation': 0.1228799968957901, 'world_bound_norm': 0.12185599654912949, 'xy_axis_fd_matrix': 0.1157120019197464, 'xy_axis_ifft': 0.06451199948787689}, 'occupied': {'axis_fd_matrix': 0.06348799914121628, 'axis_fd_power_matrix': 0.09728000313043594, 'axis_fd_power_unsqueeze': 0.004095999989658594, 'dot_product': 13.650943756103516, 'hm_clone': 0.03686400130391121, 'hm_decoding': 0.023552000522613525, 'index_add': 0.05734400078654289, 'power_matrix': 0.06348799914121628, 'powers': 0.07065600156784058, 'qv_norm': 0.07475200295448303, 'tile_memory_calculation': 0.17203199863433838, 'world_bound_norm': 0.12390399724245071, 'xy_axis_fd_matrix': 0.0798719972372055, 'xy_axis_ifft': 0.0798719972372055}, 'ogm_conversion': 0.030719999223947525, 'split_time': 0.00016617774963378906, 'test_auc': 0.7833677248677249, 'test_nll': 0.5887119979962048, 'train_auc': 0.8917378917378918, 'train_nll': 0.49626255418969656}","{'data': {'data_dir': 'datasets/sa/toysim0/npz', 'test_split': 0.2, 'file_prefix': 'results_frame_', 'file_suffix': '.npz', 'dataset_name': 'toysim', 'world_bounds': [-50, 50, -50, 50]}, 'wandb': {'notes': 'This experiment evaluates the performance of the decoding method on the ablation dataset.', 'online': True, 'enabled': True, 'verbose': False, 'project_name': 'decoding_method_evaluation_toymap_no_entropy'}, 'logging': {'enabled': True, 'verbose': False, 'save_dir': 'logs/decoding_method_evaluation_toymap_no_entropy/mapping-axis_resolution=1-0_mapping-vector_dimensionality=32768_mapping-vector_length_scale=1-0_mapping-decoding-method=tanh_normalize', 'log_images': True, 'override_existing': False}, 'mapping': {'seed': 42, 'device': 'cuda', 'verbose': True, 'decoding': {'alpha': 'None', 'method': 'tanh_normalize', 'disk_radii_1': 3, 'disk_radii_2': 3}, 'num_tiles': 1, 'data_filter': 'passthrough', 'mapping_type': 'SA_VSA_OGM', 'axis_resolution': 1, 'vector_length_scale': 1, 'vector_dimensionality': 32768}, 'experiment_name': 'mapping-axis_resolution=1-0_mapping-vector_dimensionality=32768_mapping-vector_length_scale=1-0_mapping-decoding-method=tanh_normalize', 'experiment_type': 'single_agent', 'mapping_manager': {'seed': 42, 'metrics': ['auc', 'nll'], 'verbose': True, 'num_mappers': 1, 'plotting_flags': {'plot_images': False, 'plot_metrics': True, 'plot_predictions': False, 'plot_point_clouds': False}}, 'experiment_parameters': {'mapping': {'decoding': {'method': ['relu', 'relu_normalize', 'relu_squaring', 'relu_normalize_squaring', 'tanh', 'tanh_normalize', 'tanh_squaring', 'tanh_normalize_squaring', 'sigmoid', 'sigmoid_normalize', 'sigmoid_squaring', 'sigmoid_normalize_squaring']}, 'axis_resolution': [1], 'vector_length_scale': [0.1, 0.2, 0.5, 1], 'vector_dimensionality': [32768, 16384, 8192]}}}",mapping-axis_resolution=1-0_mapping-vector_dimensionality=32768_mapping-vector_length_scale=1-0_mapping-decoding-method=tanh_normalize
42,"{'_runtime': 7.039580052, '_step': 88, '_timestamp': 1740609753.3153093, '_wandb': {'runtime': 7}, 'cpu2gpu_time': 7.462501525878906e-05, 'decoding': {'decoding_time': 0.2242559939622879}, 'empty': {'axis_fd_matrix': 0.060416001826524734, 'axis_fd_power_matrix': 0.16998399794101715, 'axis_fd_power_unsqueeze': 0.004095999989658594, 'dot_product': 13.644800186157228, 'hm_clone': 0.04198399931192398, 'hm_decoding': 0.02252800017595291, 'index_add': 0.025599999353289604, 'power_matrix': 0.062463998794555664, 'powers': 0.06348799914121628, 'qv_norm': 0.027648000046610832, 'tile_memory_calculation': 0.14847999811172485, 'world_bound_norm': 0.14847999811172485, 'xy_axis_fd_matrix': 0.1157120019197464, 'xy_axis_ifft': 0.0655359998345375}, 'occupied': {'axis_fd_matrix': 0.06451199948787689, 'axis_fd_power_matrix': 0.09625600278377532, 'axis_fd_power_unsqueeze': 0.003072000108659267, 'dot_product': 13.648896217346191, 'hm_clone': 0.03686400130391121, 'hm_decoding': 0.023552000522613525, 'index_add': 0.05939200147986412, 'power_matrix': 0.06348799914121628, 'powers': 0.06963200122117996, 'qv_norm': 0.0727040022611618, 'tile_memory_calculation': 0.17612800002098083, 'world_bound_norm': 0.12697599828243256, 'xy_axis_fd_matrix': 0.08499199897050858, 'xy_axis_ifft': 0.09113600105047226}, 'ogm_conversion': 0.035840000957250595, 'split_time': 0.0001728534698486328, 'test_auc': 0.8388280423280424, 'test_nll': 0.7067086036568512, 'train_auc': 0.9088319088319088, 'train_nll': 0.5915130152874888}","{'data': {'data_dir': 'datasets/sa/toysim0/npz', 'test_split': 0.2, 'file_prefix': 'results_frame_', 'file_suffix': '.npz', 'dataset_name': 'toysim', 'world_bounds': [-50, 50, -50, 50]}, 'wandb': {'notes': 'This experiment evaluates the performance of the decoding method on the ablation dataset.', 'online': True, 'enabled': True, 'verbose': False, 'project_name': 'decoding_method_evaluation_toymap_no_entropy'}, 'logging': {'enabled': True, 'verbose': False, 'save_dir': 'logs/decoding_method_evaluation_toymap_no_entropy/mapping-axis_resolution=1-0_mapping-vector_dimensionality=32768_mapping-vector_length_scale=1-0_mapping-decoding-method=tanh_squaring', 'log_images': True, 'override_existing': False}, 'mapping': {'seed': 42, 'device': 'cuda', 'verbose': True, 'decoding': {'alpha': 'None', 'method': 'tanh_squaring', 'disk_radii_1': 3, 'disk_radii_2': 3}, 'num_tiles': 1, 'data_filter': 'passthrough', 'mapping_type': 'SA_VSA_OGM', 'axis_resolution': 1, 'vector_length_scale': 1, 'vector_dimensionality': 32768}, 'experiment_name': 'mapping-axis_resolution=1-0_mapping-vector_dimensionality=32768_mapping-vector_length_scale=1-0_mapping-decoding-method=tanh_squaring', 'experiment_type': 'single_agent', 'mapping_manager': {'seed': 42, 'metrics': ['auc', 'nll'], 'verbose': True, 'num_mappers': 1, 'plotting_flags': {'plot_images': False, 'plot_metrics': True, 'plot_predictions': False, 'plot_point_clouds': False}}, 'experiment_parameters': {'mapping': {'decoding': {'method': ['relu', 'relu_normalize', 'relu_squaring', 'relu_normalize_squaring', 'tanh', 'tanh_normalize', 'tanh_squaring', 'tanh_normalize_squaring', 'sigmoid', 'sigmoid_normalize', 'sigmoid_squaring', 'sigmoid_normalize_squaring']}, 'axis_resolution': [1], 'vector_length_scale': [0.1, 0.2, 0.5, 1], 'vector_dimensionality': [32768, 16384, 8192]}}}",mapping-axis_resolution=1-0_mapping-vector_dimensionality=32768_mapping-vector_length_scale=1-0_mapping-decoding-method=tanh_squaring
43,"{'_runtime': 7.660692277, '_step': 88, '_timestamp': 1740609762.57107, '_wandb': {'runtime': 7}, 'cpu2gpu_time': 7.271766662597656e-05, 'decoding': {'decoding_time': 0.24883200228214264}, 'empty': {'axis_fd_matrix': 0.06451199948787689, 'axis_fd_power_matrix': 0.16179199516773224, 'axis_fd_power_unsqueeze': 0.004095999989658594, 'dot_product': 13.65401554107666, 'hm_clone': 0.043007999658584595, 'hm_decoding': 0.02457600086927414, 'index_add': 0.025599999353289604, 'power_matrix': 0.060416001826524734, 'powers': 0.06348799914121628, 'qv_norm': 0.02457600086927414, 'tile_memory_calculation': 0.16179199516773224, 'world_bound_norm': 0.15360000729560852, 'xy_axis_fd_matrix': 0.11468800157308578, 'xy_axis_ifft': 0.0655359998345375}, 'occupied': {'axis_fd_matrix': 0.0655359998345375, 'axis_fd_power_matrix': 0.09625600278377532, 'axis_fd_power_unsqueeze': 0.003072000108659267, 'dot_product': 13.658111572265623, 'hm_clone': 0.03686400130391121, 'hm_decoding': 0.023552000522613525, 'index_add': 0.058368001133203506, 'power_matrix': 0.06348799914121628, 'powers': 0.07782399654388428, 'qv_norm': 0.07372800260782242, 'tile_memory_calculation': 0.17715199291706085, 'world_bound_norm': 0.12595200538635254, 'xy_axis_fd_matrix': 0.08294399827718735, 'xy_axis_ifft': 0.08191999793052673}, 'ogm_conversion': 0.03276799991726875, 'split_time': 0.00016307830810546875, 'test_auc': 0.8120396825396825, 'test_nll': 0.6258605265096588, 'train_auc': 0.8689458689458689, 'train_nll': 0.6099324606156091}","{'data': {'data_dir': 'datasets/sa/toysim0/npz', 'test_split': 0.2, 'file_prefix': 'results_frame_', 'file_suffix': '.npz', 'dataset_name': 'toysim', 'world_bounds': [-50, 50, -50, 50]}, 'wandb': {'notes': 'This experiment evaluates the performance of the decoding method on the ablation dataset.', 'online': True, 'enabled': True, 'verbose': False, 'project_name': 'decoding_method_evaluation_toymap_no_entropy'}, 'logging': {'enabled': True, 'verbose': False, 'save_dir': 'logs/decoding_method_evaluation_toymap_no_entropy/mapping-axis_resolution=1-0_mapping-vector_dimensionality=32768_mapping-vector_length_scale=1-0_mapping-decoding-method=tanh_normalize_squaring', 'log_images': True, 'override_existing': False}, 'mapping': {'seed': 42, 'device': 'cuda', 'verbose': True, 'decoding': {'alpha': 'None', 'method': 'tanh_normalize_squaring', 'disk_radii_1': 3, 'disk_radii_2': 3}, 'num_tiles': 1, 'data_filter': 'passthrough', 'mapping_type': 'SA_VSA_OGM', 'axis_resolution': 1, 'vector_length_scale': 1, 'vector_dimensionality': 32768}, 'experiment_name': 'mapping-axis_resolution=1-0_mapping-vector_dimensionality=32768_mapping-vector_length_scale=1-0_mapping-decoding-method=tanh_normalize_squaring', 'experiment_type': 'single_agent', 'mapping_manager': {'seed': 42, 'metrics': ['auc', 'nll'], 'verbose': True, 'num_mappers': 1, 'plotting_flags': {'plot_images': False, 'plot_metrics': True, 'plot_predictions': False, 'plot_point_clouds': False}}, 'experiment_parameters': {'mapping': {'decoding': {'method': ['relu', 'relu_normalize', 'relu_squaring', 'relu_normalize_squaring', 'tanh', 'tanh_normalize', 'tanh_squaring', 'tanh_normalize_squaring', 'sigmoid', 'sigmoid_normalize', 'sigmoid_squaring', 'sigmoid_normalize_squaring']}, 'axis_resolution': [1], 'vector_length_scale': [0.1, 0.2, 0.5, 1], 'vector_dimensionality': [32768, 16384, 8192]}}}",mapping-axis_resolution=1-0_mapping-vector_dimensionality=32768_mapping-vector_length_scale=1-0_mapping-decoding-method=tanh_normalize_squaring
44,"{'_runtime': 7.028752913, '_step': 88, '_timestamp': 1740609771.196082, '_wandb': {'runtime': 7}, 'cpu2gpu_time': 9.322166442871094e-05, 'decoding': {'decoding_time': 0.1372160017490387}, 'empty': {'axis_fd_matrix': 0.06348799914121628, 'axis_fd_power_matrix': 0.16281600296497345, 'axis_fd_power_unsqueeze': 0.004095999989658594, 'dot_product': 13.650943756103516, 'hm_clone': 0.048128001391887665, 'hm_decoding': 0.023552000522613525, 'index_add': 0.02457600086927414, 'power_matrix': 0.060416001826524734, 'powers': 0.06758400052785873, 'qv_norm': 0.060416001826524734, 'tile_memory_calculation': 0.18329599499702456, 'world_bound_norm': 0.18636800348758695, 'xy_axis_fd_matrix': 0.11366400122642516, 'xy_axis_ifft': 0.06451199948787689}, 'occupied': {'axis_fd_matrix': 0.0655359998345375, 'axis_fd_power_matrix': 0.09318400174379347, 'axis_fd_power_unsqueeze': 0.004095999989658594, 'dot_product': 13.648896217346191, 'hm_clone': 0.035840000957250595, 'hm_decoding': 0.02252800017595291, 'index_add': 0.06143999844789505, 'power_matrix': 0.06348799914121628, 'powers': 0.06963200122117996, 'qv_norm': 0.07782399654388428, 'tile_memory_calculation': 0.18534399569034576, 'world_bound_norm': 0.12800000607967377, 'xy_axis_fd_matrix': 0.08601599931716919, 'xy_axis_ifft': 0.08191999793052673}, 'ogm_conversion': 0.03276799991726875, 'split_time': 0.0001800060272216797, 'test_auc': 0.8455582010582011, 'test_nll': 0.5710635159094057, 'train_auc': 0.8689458689458689, 'train_nll': 0.51720129744465}","{'data': {'data_dir': 'datasets/sa/toysim0/npz', 'test_split': 0.2, 'file_prefix': 'results_frame_', 'file_suffix': '.npz', 'dataset_name': 'toysim', 'world_bounds': [-50, 50, -50, 50]}, 'wandb': {'notes': 'This experiment evaluates the performance of the decoding method on the ablation dataset.', 'online': True, 'enabled': True, 'verbose': False, 'project_name': 'decoding_method_evaluation_toymap_no_entropy'}, 'logging': {'enabled': True, 'verbose': False, 'save_dir': 'logs/decoding_method_evaluation_toymap_no_entropy/mapping-axis_resolution=1-0_mapping-vector_dimensionality=32768_mapping-vector_length_scale=1-0_mapping-decoding-method=sigmoid', 'log_images': True, 'override_existing': False}, 'mapping': {'seed': 42, 'device': 'cuda', 'verbose': True, 'decoding': {'alpha': 'None', 'method': 'sigmoid', 'disk_radii_1': 3, 'disk_radii_2': 3}, 'num_tiles': 1, 'data_filter': 'passthrough', 'mapping_type': 'SA_VSA_OGM', 'axis_resolution': 1, 'vector_length_scale': 1, 'vector_dimensionality': 32768}, 'experiment_name': 'mapping-axis_resolution=1-0_mapping-vector_dimensionality=32768_mapping-vector_length_scale=1-0_mapping-decoding-method=sigmoid', 'experiment_type': 'single_agent', 'mapping_manager': {'seed': 42, 'metrics': ['auc', 'nll'], 'verbose': True, 'num_mappers': 1, 'plotting_flags': {'plot_images': False, 'plot_metrics': True, 'plot_predictions': False, 'plot_point_clouds': False}}, 'experiment_parameters': {'mapping': {'decoding': {'method': ['relu', 'relu_normalize', 'relu_squaring', 'relu_normalize_squaring', 'tanh', 'tanh_normalize', 'tanh_squaring', 'tanh_normalize_squaring', 'sigmoid', 'sigmoid_normalize', 'sigmoid_squaring', 'sigmoid_normalize_squaring']}, 'axis_resolution': [1], 'vector_length_scale': [0.1, 0.2, 0.5, 1], 'vector_dimensionality': [32768, 16384, 8192]}}}",mapping-axis_resolution=1-0_mapping-vector_dimensionality=32768_mapping-vector_length_scale=1-0_mapping-decoding-method=sigmoid
45,"{'_runtime': 7.223729059, '_step': 88, '_timestamp': 1740609780.041906, '_wandb': {'runtime': 7}, 'cpu2gpu_time': 0.000102996826171875, 'decoding': {'decoding_time': 0.1730560064315796}, 'empty': {'axis_fd_matrix': 0.058368001133203506, 'axis_fd_power_matrix': 0.15667200088500977, 'axis_fd_power_unsqueeze': 0.004095999989658594, 'dot_product': 13.612031936645508, 'hm_clone': 0.0071680000983178616, 'hm_decoding': 0.023552000522613525, 'index_add': 0.025599999353289604, 'power_matrix': 0.05734400078654289, 'powers': 0.060416001826524734, 'qv_norm': 0.018432000651955605, 'tile_memory_calculation': 0.11776000261306764, 'world_bound_norm': 0.11264000087976456, 'xy_axis_fd_matrix': 0.11366400122642516, 'xy_axis_ifft': 0.06451199948787689}, 'occupied': {'axis_fd_matrix': 0.06451199948787689, 'axis_fd_power_matrix': 0.09625600278377532, 'axis_fd_power_unsqueeze': 0.004095999989658594, 'dot_product': 13.647871971130373, 'hm_clone': 0.03891199827194214, 'hm_decoding': 0.02252800017595291, 'index_add': 0.058368001133203506, 'power_matrix': 0.062463998794555664, 'powers': 0.06758400052785873, 'qv_norm': 0.07168000191450119, 'tile_memory_calculation': 0.17715199291706085, 'world_bound_norm': 0.1228799968957901, 'xy_axis_fd_matrix': 0.08294399827718735, 'xy_axis_ifft': 0.09523200243711472}, 'ogm_conversion': 0.02969600073993206, 'split_time': 0.00018262863159179688, 'test_auc': 0.8526957671957671, 'test_nll': 0.5669736700989776, 'train_auc': 0.96011396011396, 'train_nll': 0.4795117490625184}","{'data': {'data_dir': 'datasets/sa/toysim0/npz', 'test_split': 0.2, 'file_prefix': 'results_frame_', 'file_suffix': '.npz', 'dataset_name': 'toysim', 'world_bounds': [-50, 50, -50, 50]}, 'wandb': {'notes': 'This experiment evaluates the performance of the decoding method on the ablation dataset.', 'online': True, 'enabled': True, 'verbose': False, 'project_name': 'decoding_method_evaluation_toymap_no_entropy'}, 'logging': {'enabled': True, 'verbose': False, 'save_dir': 'logs/decoding_method_evaluation_toymap_no_entropy/mapping-axis_resolution=1-0_mapping-vector_dimensionality=32768_mapping-vector_length_scale=1-0_mapping-decoding-method=sigmoid_normalize', 'log_images': True, 'override_existing': False}, 'mapping': {'seed': 42, 'device': 'cuda', 'verbose': True, 'decoding': {'alpha': 'None', 'method': 'sigmoid_normalize', 'disk_radii_1': 3, 'disk_radii_2': 3}, 'num_tiles': 1, 'data_filter': 'passthrough', 'mapping_type': 'SA_VSA_OGM', 'axis_resolution': 1, 'vector_length_scale': 1, 'vector_dimensionality': 32768}, 'experiment_name': 'mapping-axis_resolution=1-0_mapping-vector_dimensionality=32768_mapping-vector_length_scale=1-0_mapping-decoding-method=sigmoid_normalize', 'experiment_type': 'single_agent', 'mapping_manager': {'seed': 42, 'metrics': ['auc', 'nll'], 'verbose': True, 'num_mappers': 1, 'plotting_flags': {'plot_images': False, 'plot_metrics': True, 'plot_predictions': False, 'plot_point_clouds': False}}, 'experiment_parameters': {'mapping': {'decoding': {'method': ['relu', 'relu_normalize', 'relu_squaring', 'relu_normalize_squaring', 'tanh', 'tanh_normalize', 'tanh_squaring', 'tanh_normalize_squaring', 'sigmoid', 'sigmoid_normalize', 'sigmoid_squaring', 'sigmoid_normalize_squaring']}, 'axis_resolution': [1], 'vector_length_scale': [0.1, 0.2, 0.5, 1], 'vector_dimensionality': [32768, 16384, 8192]}}}",mapping-axis_resolution=1-0_mapping-vector_dimensionality=32768_mapping-vector_length_scale=1-0_mapping-decoding-method=sigmoid_normalize
46,"{'_runtime': 7.313076837, '_step': 88, '_timestamp': 1740609788.9796088, '_wandb': {'runtime': 7}, 'cpu2gpu_time': 0.00010919570922851562, 'decoding': {'decoding_time': 0.14336000382900238}, 'empty': {'axis_fd_matrix': 0.058368001133203506, 'axis_fd_power_matrix': 0.15769599378108978, 'axis_fd_power_unsqueeze': 0.004095999989658594, 'dot_product': 13.614080429077148, 'hm_clone': 0.009216000325977802, 'hm_decoding': 0.023552000522613525, 'index_add': 0.025599999353289604, 'power_matrix': 0.05939200147986412, 'powers': 0.05939200147986412, 'qv_norm': 0.01945599913597107, 'tile_memory_calculation': 0.11980800330638884, 'world_bound_norm': 0.11264000087976456, 'xy_axis_fd_matrix': 0.116736002266407, 'xy_axis_ifft': 0.06451199948787689}, 'occupied': {'axis_fd_matrix': 0.06348799914121628, 'axis_fd_power_matrix': 0.09523200243711472, 'axis_fd_power_unsqueeze': 0.004095999989658594, 'dot_product': 13.64684772491455, 'hm_clone': 0.03788800165057182, 'hm_decoding': 0.023552000522613525, 'index_add': 0.060416001826524734, 'power_matrix': 0.06143999844789505, 'powers': 0.06758400052785873, 'qv_norm': 0.07372800260782242, 'tile_memory_calculation': 0.17510400712490082, 'world_bound_norm': 0.12390399724245071, 'xy_axis_fd_matrix': 0.09318400174379347, 'xy_axis_ifft': 0.08806400001049042}, 'ogm_conversion': 0.027648000046610832, 'split_time': 0.00017189979553222656, 'test_auc': 0.8526666666666667, 'test_nll': 0.6918546865519329, 'train_auc': 0.9173789173789172, 'train_nll': 0.5958717069267394}","{'data': {'data_dir': 'datasets/sa/toysim0/npz', 'test_split': 0.2, 'file_prefix': 'results_frame_', 'file_suffix': '.npz', 'dataset_name': 'toysim', 'world_bounds': [-50, 50, -50, 50]}, 'wandb': {'notes': 'This experiment evaluates the performance of the decoding method on the ablation dataset.', 'online': True, 'enabled': True, 'verbose': False, 'project_name': 'decoding_method_evaluation_toymap_no_entropy'}, 'logging': {'enabled': True, 'verbose': False, 'save_dir': 'logs/decoding_method_evaluation_toymap_no_entropy/mapping-axis_resolution=1-0_mapping-vector_dimensionality=32768_mapping-vector_length_scale=1-0_mapping-decoding-method=sigmoid_squaring', 'log_images': True, 'override_existing': False}, 'mapping': {'seed': 42, 'device': 'cuda', 'verbose': True, 'decoding': {'alpha': 'None', 'method': 'sigmoid_squaring', 'disk_radii_1': 3, 'disk_radii_2': 3}, 'num_tiles': 1, 'data_filter': 'passthrough', 'mapping_type': 'SA_VSA_OGM', 'axis_resolution': 1, 'vector_length_scale': 1, 'vector_dimensionality': 32768}, 'experiment_name': 'mapping-axis_resolution=1-0_mapping-vector_dimensionality=32768_mapping-vector_length_scale=1-0_mapping-decoding-method=sigmoid_squaring', 'experiment_type': 'single_agent', 'mapping_manager': {'seed': 42, 'metrics': ['auc', 'nll'], 'verbose': True, 'num_mappers': 1, 'plotting_flags': {'plot_images': False, 'plot_metrics': True, 'plot_predictions': False, 'plot_point_clouds': False}}, 'experiment_parameters': {'mapping': {'decoding': {'method': ['relu', 'relu_normalize', 'relu_squaring', 'relu_normalize_squaring', 'tanh', 'tanh_normalize', 'tanh_squaring', 'tanh_normalize_squaring', 'sigmoid', 'sigmoid_normalize', 'sigmoid_squaring', 'sigmoid_normalize_squaring']}, 'axis_resolution': [1], 'vector_length_scale': [0.1, 0.2, 0.5, 1], 'vector_dimensionality': [32768, 16384, 8192]}}}",mapping-axis_resolution=1-0_mapping-vector_dimensionality=32768_mapping-vector_length_scale=1-0_mapping-decoding-method=sigmoid_squaring
47,"{'_runtime': 7.375455984, '_step': 88, '_timestamp': 1740609798.0121338, '_wandb': {'runtime': 7}, 'cpu2gpu_time': 0.00010895729064941406, 'decoding': {'decoding_time': 0.19046400487422943}, 'empty': {'axis_fd_matrix': 0.05939200147986412, 'axis_fd_power_matrix': 0.158720001578331, 'axis_fd_power_unsqueeze': 0.003072000108659267, 'dot_product': 13.617152214050291, 'hm_clone': 0.0071680000983178616, 'hm_decoding': 0.02457600086927414, 'index_add': 0.02457600086927414, 'power_matrix': 0.058368001133203506, 'powers': 0.060416001826524734, 'qv_norm': 0.01740800030529499, 'tile_memory_calculation': 0.116736002266407, 'world_bound_norm': 0.11264000087976456, 'xy_axis_fd_matrix': 0.1157120019197464, 'xy_axis_ifft': 0.0655359998345375}, 'occupied': {'axis_fd_matrix': 0.06860800087451935, 'axis_fd_power_matrix': 0.1085439994931221, 'axis_fd_power_unsqueeze': 0.003072000108659267, 'dot_product': 13.64684772491455, 'hm_clone': 0.03788800165057182, 'hm_decoding': 0.02252800017595291, 'index_add': 0.058368001133203506, 'power_matrix': 0.0655359998345375, 'powers': 0.06963200122117996, 'qv_norm': 0.07372800260782242, 'tile_memory_calculation': 0.1802240014076233, 'world_bound_norm': 0.131071999669075, 'xy_axis_fd_matrix': 0.08499199897050858, 'xy_axis_ifft': 0.08396799862384796}, 'ogm_conversion': 0.02969600073993206, 'split_time': 0.0001862049102783203, 'test_auc': 0.8318915343915343, 'test_nll': 0.6322652897031474, 'train_auc': 0.9401709401709402, 'train_nll': 0.6342888023670692}","{'data': {'data_dir': 'datasets/sa/toysim0/npz', 'test_split': 0.2, 'file_prefix': 'results_frame_', 'file_suffix': '.npz', 'dataset_name': 'toysim', 'world_bounds': [-50, 50, -50, 50]}, 'wandb': {'notes': 'This experiment evaluates the performance of the decoding method on the ablation dataset.', 'online': True, 'enabled': True, 'verbose': False, 'project_name': 'decoding_method_evaluation_toymap_no_entropy'}, 'logging': {'enabled': True, 'verbose': False, 'save_dir': 'logs/decoding_method_evaluation_toymap_no_entropy/mapping-axis_resolution=1-0_mapping-vector_dimensionality=32768_mapping-vector_length_scale=1-0_mapping-decoding-method=sigmoid_normalize_squaring', 'log_images': True, 'override_existing': False}, 'mapping': {'seed': 42, 'device': 'cuda', 'verbose': True, 'decoding': {'alpha': 'None', 'method': 'sigmoid_normalize_squaring', 'disk_radii_1': 3, 'disk_radii_2': 3}, 'num_tiles': 1, 'data_filter': 'passthrough', 'mapping_type': 'SA_VSA_OGM', 'axis_resolution': 1, 'vector_length_scale': 1, 'vector_dimensionality': 32768}, 'experiment_name': 'mapping-axis_resolution=1-0_mapping-vector_dimensionality=32768_mapping-vector_length_scale=1-0_mapping-decoding-method=sigmoid_normalize_squaring', 'experiment_type': 'single_agent', 'mapping_manager': {'seed': 42, 'metrics': ['auc', 'nll'], 'verbose': True, 'num_mappers': 1, 'plotting_flags': {'plot_images': False, 'plot_metrics': True, 'plot_predictions': False, 'plot_point_clouds': False}}, 'experiment_parameters': {'mapping': {'decoding': {'method': ['relu', 'relu_normalize', 'relu_squaring', 'relu_normalize_squaring', 'tanh', 'tanh_normalize', 'tanh_squaring', 'tanh_normalize_squaring', 'sigmoid', 'sigmoid_normalize', 'sigmoid_squaring', 'sigmoid_normalize_squaring']}, 'axis_resolution': [1], 'vector_length_scale': [0.1, 0.2, 0.5, 1], 'vector_dimensionality': [32768, 16384, 8192]}}}",mapping-axis_resolution=1-0_mapping-vector_dimensionality=32768_mapping-vector_length_scale=1-0_mapping-decoding-method=sigmoid_normalize_squaring
48,"{'_runtime': 11.467693231, '_step': 88, '_timestamp': 1740609811.0626724, '_wandb': {'runtime': 11}, 'cpu2gpu_time': 0.00011396408081054688, 'decoding': {'decoding_time': 0.11980800330638884}, 'empty': {'axis_fd_matrix': 0.07475200295448303, 'axis_fd_power_matrix': 0.11264000087976456, 'axis_fd_power_unsqueeze': 0.004095999989658594, 'dot_product': 4.766719818115234, 'hm_clone': 0.03481600061058998, 'hm_decoding': 0.02867200039327145, 'index_add': 0.025599999353289604, 'power_matrix': 0.060416001826524734, 'powers': 0.062463998794555664, 'qv_norm': 0.03891199827194214, 'tile_memory_calculation': 0.12390399724245071, 'world_bound_norm': 0.11366400122642516, 'xy_axis_fd_matrix': 0.07782399654388428, 'xy_axis_ifft': 0.0798719972372055}, 'occupied': {'axis_fd_matrix': 0.06656000018119812, 'axis_fd_power_matrix': 0.09011200070381165, 'axis_fd_power_unsqueeze': 0.004095999989658594, 'dot_product': 4.798463821411133, 'hm_clone': 0.04095999896526337, 'hm_decoding': 0.02867200039327145, 'index_add': 0.055296000093221664, 'power_matrix': 0.0727040022611618, 'powers': 0.06758400052785873, 'qv_norm': 0.0727040022611618, 'tile_memory_calculation': 0.1812479943037033, 'world_bound_norm': 0.13414399325847626, 'xy_axis_fd_matrix': 0.08499199897050858, 'xy_axis_ifft': 0.0942080020904541}, 'ogm_conversion': 0.02969600073993206, 'split_time': 0.00018405914306640625, 'test_auc': 0.5326137566137565, 'test_nll': 0.7069204257993622, 'train_auc': 0.37321937321937326, 'train_nll': 0.8199877979609305}","{'data': {'data_dir': 'datasets/sa/toysim0/npz', 'test_split': 0.2, 'file_prefix': 'results_frame_', 'file_suffix': '.npz', 'dataset_name': 'toysim', 'world_bounds': [-50, 50, -50, 50]}, 'wandb': {'notes': 'This experiment evaluates the performance of the decoding method on the ablation dataset.', 'online': True, 'enabled': True, 'verbose': False, 'project_name': 'decoding_method_evaluation_toymap_no_entropy'}, 'logging': {'enabled': True, 'verbose': False, 'save_dir': 'logs/decoding_method_evaluation_toymap_no_entropy/mapping-axis_resolution=1-0_mapping-vector_dimensionality=16384_mapping-vector_length_scale=0-1_mapping-decoding-method=relu', 'log_images': True, 'override_existing': False}, 'mapping': {'seed': 42, 'device': 'cuda', 'verbose': True, 'decoding': {'alpha': 'None', 'method': 'relu', 'disk_radii_1': 3, 'disk_radii_2': 3}, 'num_tiles': 1, 'data_filter': 'passthrough', 'mapping_type': 'SA_VSA_OGM', 'axis_resolution': 1, 'vector_length_scale': 0.1, 'vector_dimensionality': 16384}, 'experiment_name': 'mapping-axis_resolution=1-0_mapping-vector_dimensionality=16384_mapping-vector_length_scale=0-1_mapping-decoding-method=relu', 'experiment_type': 'single_agent', 'mapping_manager': {'seed': 42, 'metrics': ['auc', 'nll'], 'verbose': True, 'num_mappers': 1, 'plotting_flags': {'plot_images': False, 'plot_metrics': True, 'plot_predictions': False, 'plot_point_clouds': False}}, 'experiment_parameters': {'mapping': {'decoding': {'method': ['relu', 'relu_normalize', 'relu_squaring', 'relu_normalize_squaring', 'tanh', 'tanh_normalize', 'tanh_squaring', 'tanh_normalize_squaring', 'sigmoid', 'sigmoid_normalize', 'sigmoid_squaring', 'sigmoid_normalize_squaring']}, 'axis_resolution': [1], 'vector_length_scale': [0.1, 0.2, 0.5, 1], 'vector_dimensionality': [32768, 16384, 8192]}}}",mapping-axis_resolution=1-0_mapping-vector_dimensionality=16384_mapping-vector_length_scale=0-1_mapping-decoding-method=relu
49,"{'_runtime': 5.933963118, '_step': 88, '_timestamp': 1740609818.6975143, '_wandb': {'runtime': 5}, 'cpu2gpu_time': 7.963180541992188e-05, 'decoding': {'decoding_time': 0.15667200088500977}, 'empty': {'axis_fd_matrix': 0.05939200147986412, 'axis_fd_power_matrix': 0.11161600053310394, 'axis_fd_power_unsqueeze': 0.004095999989658594, 'dot_product': 4.7718400955200195, 'hm_clone': 0.030719999223947525, 'hm_decoding': 0.02969600073993206, 'index_add': 0.02457600086927414, 'power_matrix': 0.05939200147986412, 'powers': 0.060416001826524734, 'qv_norm': 0.035840000957250595, 'tile_memory_calculation': 0.116736002266407, 'world_bound_norm': 0.11468800157308578, 'xy_axis_fd_matrix': 0.07680000364780426, 'xy_axis_ifft': 0.07884799689054489}, 'occupied': {'axis_fd_matrix': 0.06656000018119812, 'axis_fd_power_matrix': 0.08806400001049042, 'axis_fd_power_unsqueeze': 0.004095999989658594, 'dot_product': 4.794367790222168, 'hm_clone': 0.03788800165057182, 'hm_decoding': 0.02867200039327145, 'index_add': 0.05939200147986412, 'power_matrix': 0.062463998794555664, 'powers': 0.06451199948787689, 'qv_norm': 0.06963200122117996, 'tile_memory_calculation': 0.158720001578331, 'world_bound_norm': 0.11878400295972824, 'xy_axis_fd_matrix': 0.08191999793052673, 'xy_axis_ifft': 0.08806400001049042}, 'ogm_conversion': 0.027648000046610832, 'split_time': 0.00014519691467285156, 'test_auc': 0.5039074074074075, 'test_nll': 0.721690351198799, 'train_auc': 0.37179487179487186, 'train_nll': 0.7895838910208886}","{'data': {'data_dir': 'datasets/sa/toysim0/npz', 'test_split': 0.2, 'file_prefix': 'results_frame_', 'file_suffix': '.npz', 'dataset_name': 'toysim', 'world_bounds': [-50, 50, -50, 50]}, 'wandb': {'notes': 'This experiment evaluates the performance of the decoding method on the ablation dataset.', 'online': True, 'enabled': True, 'verbose': False, 'project_name': 'decoding_method_evaluation_toymap_no_entropy'}, 'logging': {'enabled': True, 'verbose': False, 'save_dir': 'logs/decoding_method_evaluation_toymap_no_entropy/mapping-axis_resolution=1-0_mapping-vector_dimensionality=16384_mapping-vector_length_scale=0-1_mapping-decoding-method=relu_normalize', 'log_images': True, 'override_existing': False}, 'mapping': {'seed': 42, 'device': 'cuda', 'verbose': True, 'decoding': {'alpha': 'None', 'method': 'relu_normalize', 'disk_radii_1': 3, 'disk_radii_2': 3}, 'num_tiles': 1, 'data_filter': 'passthrough', 'mapping_type': 'SA_VSA_OGM', 'axis_resolution': 1, 'vector_length_scale': 0.1, 'vector_dimensionality': 16384}, 'experiment_name': 'mapping-axis_resolution=1-0_mapping-vector_dimensionality=16384_mapping-vector_length_scale=0-1_mapping-decoding-method=relu_normalize', 'experiment_type': 'single_agent', 'mapping_manager': {'seed': 42, 'metrics': ['auc', 'nll'], 'verbose': True, 'num_mappers': 1, 'plotting_flags': {'plot_images': False, 'plot_metrics': True, 'plot_predictions': False, 'plot_point_clouds': False}}, 'experiment_parameters': {'mapping': {'decoding': {'method': ['relu', 'relu_normalize', 'relu_squaring', 'relu_normalize_squaring', 'tanh', 'tanh_normalize', 'tanh_squaring', 'tanh_normalize_squaring', 'sigmoid', 'sigmoid_normalize', 'sigmoid_squaring', 'sigmoid_normalize_squaring']}, 'axis_resolution': [1], 'vector_length_scale': [0.1, 0.2, 0.5, 1], 'vector_dimensionality': [32768, 16384, 8192]}}}",mapping-axis_resolution=1-0_mapping-vector_dimensionality=16384_mapping-vector_length_scale=0-1_mapping-decoding-method=relu_normalize
50,"{'_runtime': 6.056059215, '_step': 88, '_timestamp': 1740609826.3627236, '_wandb': {'runtime': 6}, 'cpu2gpu_time': 0.00010228157043457033, 'decoding': {'decoding_time': 0.13312000036239624}, 'empty': {'axis_fd_matrix': 0.05939200147986412, 'axis_fd_power_matrix': 0.11468800157308578, 'axis_fd_power_unsqueeze': 0.005119999870657921, 'dot_product': 4.765696048736572, 'hm_clone': 0.02969600073993206, 'hm_decoding': 0.027648000046610832, 'index_add': 0.02457600086927414, 'power_matrix': 0.05939200147986412, 'powers': 0.060416001826524734, 'qv_norm': 0.020479999482631683, 'tile_memory_calculation': 0.11776000261306764, 'world_bound_norm': 0.11366400122642516, 'xy_axis_fd_matrix': 0.07577600330114365, 'xy_axis_ifft': 0.0798719972372055}, 'occupied': {'axis_fd_matrix': 0.06758400052785873, 'axis_fd_power_matrix': 0.08908800035715103, 'axis_fd_power_unsqueeze': 0.005119999870657921, 'dot_product': 4.8066558837890625, 'hm_clone': 0.03891199827194214, 'hm_decoding': 0.02867200039327145, 'index_add': 0.05734400078654289, 'power_matrix': 0.06656000018119812, 'powers': 0.06758400052785873, 'qv_norm': 0.0727040022611618, 'tile_memory_calculation': 0.1884160041809082, 'world_bound_norm': 0.1228799968957901, 'xy_axis_fd_matrix': 0.08396799862384796, 'xy_axis_ifft': 0.09216000139713287}, 'ogm_conversion': 0.1525759994983673, 'split_time': 0.00017142295837402344, 'test_auc': 0.48621693121693127, 'test_nll': 0.6779407772407552, 'train_auc': 0.3789173789173789, 'train_nll': 0.789694165038684}","{'data': {'data_dir': 'datasets/sa/toysim0/npz', 'test_split': 0.2, 'file_prefix': 'results_frame_', 'file_suffix': '.npz', 'dataset_name': 'toysim', 'world_bounds': [-50, 50, -50, 50]}, 'wandb': {'notes': 'This experiment evaluates the performance of the decoding method on the ablation dataset.', 'online': True, 'enabled': True, 'verbose': False, 'project_name': 'decoding_method_evaluation_toymap_no_entropy'}, 'logging': {'enabled': True, 'verbose': False, 'save_dir': 'logs/decoding_method_evaluation_toymap_no_entropy/mapping-axis_resolution=1-0_mapping-vector_dimensionality=16384_mapping-vector_length_scale=0-1_mapping-decoding-method=relu_squaring', 'log_images': True, 'override_existing': False}, 'mapping': {'seed': 42, 'device': 'cuda', 'verbose': True, 'decoding': {'alpha': 'None', 'method': 'relu_squaring', 'disk_radii_1': 3, 'disk_radii_2': 3}, 'num_tiles': 1, 'data_filter': 'passthrough', 'mapping_type': 'SA_VSA_OGM', 'axis_resolution': 1, 'vector_length_scale': 0.1, 'vector_dimensionality': 16384}, 'experiment_name': 'mapping-axis_resolution=1-0_mapping-vector_dimensionality=16384_mapping-vector_length_scale=0-1_mapping-decoding-method=relu_squaring', 'experiment_type': 'single_agent', 'mapping_manager': {'seed': 42, 'metrics': ['auc', 'nll'], 'verbose': True, 'num_mappers': 1, 'plotting_flags': {'plot_images': False, 'plot_metrics': True, 'plot_predictions': False, 'plot_point_clouds': False}}, 'experiment_parameters': {'mapping': {'decoding': {'method': ['relu', 'relu_normalize', 'relu_squaring', 'relu_normalize_squaring', 'tanh', 'tanh_normalize', 'tanh_squaring', 'tanh_normalize_squaring', 'sigmoid', 'sigmoid_normalize', 'sigmoid_squaring', 'sigmoid_normalize_squaring']}, 'axis_resolution': [1], 'vector_length_scale': [0.1, 0.2, 0.5, 1], 'vector_dimensionality': [32768, 16384, 8192]}}}",mapping-axis_resolution=1-0_mapping-vector_dimensionality=16384_mapping-vector_length_scale=0-1_mapping-decoding-method=relu_squaring
51,"{'_runtime': 6.021953447, '_step': 88, '_timestamp': 1740609833.978459, '_wandb': {'runtime': 6}, 'cpu2gpu_time': 0.00010895729064941406, 'decoding': {'decoding_time': 0.20479999482631683}, 'empty': {'axis_fd_matrix': 0.06143999844789505, 'axis_fd_power_matrix': 0.11161600053310394, 'axis_fd_power_unsqueeze': 0.004095999989658594, 'dot_product': 4.790272235870361, 'hm_clone': 0.03686400130391121, 'hm_decoding': 0.02867200039327145, 'index_add': 0.025599999353289604, 'power_matrix': 0.060416001826524734, 'powers': 0.062463998794555664, 'qv_norm': 0.04915200173854828, 'tile_memory_calculation': 0.15052799880504608, 'world_bound_norm': 0.12595200538635254, 'xy_axis_fd_matrix': 0.07782399654388428, 'xy_axis_ifft': 0.07884799689054489}, 'occupied': {'axis_fd_matrix': 0.06963200122117996, 'axis_fd_power_matrix': 0.08908800035715103, 'axis_fd_power_unsqueeze': 0.005119999870657921, 'dot_product': 4.798463821411133, 'hm_clone': 0.043007999658584595, 'hm_decoding': 0.027648000046610832, 'index_add': 0.06348799914121628, 'power_matrix': 0.0655359998345375, 'powers': 0.0798719972372055, 'qv_norm': 0.07577600330114365, 'tile_memory_calculation': 0.17919999361038208, 'world_bound_norm': 0.13516800105571747, 'xy_axis_fd_matrix': 0.0870399996638298, 'xy_axis_ifft': 0.09216000139713287}, 'ogm_conversion': 0.02867200039327145, 'split_time': 0.0001852512359619141, 'test_auc': 0.5080608465608466, 'test_nll': 0.6954241613532749, 'train_auc': 0.4444444444444445, 'train_nll': 0.8195422353500428}","{'data': {'data_dir': 'datasets/sa/toysim0/npz', 'test_split': 0.2, 'file_prefix': 'results_frame_', 'file_suffix': '.npz', 'dataset_name': 'toysim', 'world_bounds': [-50, 50, -50, 50]}, 'wandb': {'notes': 'This experiment evaluates the performance of the decoding method on the ablation dataset.', 'online': True, 'enabled': True, 'verbose': False, 'project_name': 'decoding_method_evaluation_toymap_no_entropy'}, 'logging': {'enabled': True, 'verbose': False, 'save_dir': 'logs/decoding_method_evaluation_toymap_no_entropy/mapping-axis_resolution=1-0_mapping-vector_dimensionality=16384_mapping-vector_length_scale=0-1_mapping-decoding-method=relu_normalize_squaring', 'log_images': True, 'override_existing': False}, 'mapping': {'seed': 42, 'device': 'cuda', 'verbose': True, 'decoding': {'alpha': 'None', 'method': 'relu_normalize_squaring', 'disk_radii_1': 3, 'disk_radii_2': 3}, 'num_tiles': 1, 'data_filter': 'passthrough', 'mapping_type': 'SA_VSA_OGM', 'axis_resolution': 1, 'vector_length_scale': 0.1, 'vector_dimensionality': 16384}, 'experiment_name': 'mapping-axis_resolution=1-0_mapping-vector_dimensionality=16384_mapping-vector_length_scale=0-1_mapping-decoding-method=relu_normalize_squaring', 'experiment_type': 'single_agent', 'mapping_manager': {'seed': 42, 'metrics': ['auc', 'nll'], 'verbose': True, 'num_mappers': 1, 'plotting_flags': {'plot_images': False, 'plot_metrics': True, 'plot_predictions': False, 'plot_point_clouds': False}}, 'experiment_parameters': {'mapping': {'decoding': {'method': ['relu', 'relu_normalize', 'relu_squaring', 'relu_normalize_squaring', 'tanh', 'tanh_normalize', 'tanh_squaring', 'tanh_normalize_squaring', 'sigmoid', 'sigmoid_normalize', 'sigmoid_squaring', 'sigmoid_normalize_squaring']}, 'axis_resolution': [1], 'vector_length_scale': [0.1, 0.2, 0.5, 1], 'vector_dimensionality': [32768, 16384, 8192]}}}",mapping-axis_resolution=1-0_mapping-vector_dimensionality=16384_mapping-vector_length_scale=0-1_mapping-decoding-method=relu_normalize_squaring
52,"{'_runtime': 6.271032816, '_step': 88, '_timestamp': 1740609841.7771103, '_wandb': {'runtime': 6}, 'cpu2gpu_time': 0.00010466575622558594, 'decoding': {'decoding_time': 0.11059200018644331}, 'empty': {'axis_fd_matrix': 0.06143999844789505, 'axis_fd_power_matrix': 0.11468800157308578, 'axis_fd_power_unsqueeze': 0.005119999870657921, 'dot_product': 4.793344020843506, 'hm_clone': 0.03891199827194214, 'hm_decoding': 0.027648000046610832, 'index_add': 0.023552000522613525, 'power_matrix': 0.058368001133203506, 'powers': 0.062463998794555664, 'qv_norm': 0.06348799914121628, 'tile_memory_calculation': 0.14028799533843994, 'world_bound_norm': 0.12697599828243256, 'xy_axis_fd_matrix': 0.07680000364780426, 'xy_axis_ifft': 0.07884799689054489}, 'occupied': {'axis_fd_matrix': 0.06963200122117996, 'axis_fd_power_matrix': 0.09113600105047226, 'axis_fd_power_unsqueeze': 0.004095999989658594, 'dot_product': 4.81279993057251, 'hm_clone': 0.04915200173854828, 'hm_decoding': 0.02867200039327145, 'index_add': 0.05734400078654289, 'power_matrix': 0.06451199948787689, 'powers': 0.06656000018119812, 'qv_norm': 0.07372800260782242, 'tile_memory_calculation': 0.17715199291706085, 'world_bound_norm': 0.13516800105571747, 'xy_axis_fd_matrix': 0.08601599931716919, 'xy_axis_ifft': 0.09523200243711472}, 'ogm_conversion': 0.02867200039327145, 'split_time': 0.00017309188842773438, 'test_auc': 0.44893386243386246, 'test_nll': 0.7607248703319627, 'train_auc': 0.4814814814814815, 'train_nll': 0.7728194561204939}","{'data': {'data_dir': 'datasets/sa/toysim0/npz', 'test_split': 0.2, 'file_prefix': 'results_frame_', 'file_suffix': '.npz', 'dataset_name': 'toysim', 'world_bounds': [-50, 50, -50, 50]}, 'wandb': {'notes': 'This experiment evaluates the performance of the decoding method on the ablation dataset.', 'online': True, 'enabled': True, 'verbose': False, 'project_name': 'decoding_method_evaluation_toymap_no_entropy'}, 'logging': {'enabled': True, 'verbose': False, 'save_dir': 'logs/decoding_method_evaluation_toymap_no_entropy/mapping-axis_resolution=1-0_mapping-vector_dimensionality=16384_mapping-vector_length_scale=0-1_mapping-decoding-method=tanh', 'log_images': True, 'override_existing': False}, 'mapping': {'seed': 42, 'device': 'cuda', 'verbose': True, 'decoding': {'alpha': 'None', 'method': 'tanh', 'disk_radii_1': 3, 'disk_radii_2': 3}, 'num_tiles': 1, 'data_filter': 'passthrough', 'mapping_type': 'SA_VSA_OGM', 'axis_resolution': 1, 'vector_length_scale': 0.1, 'vector_dimensionality': 16384}, 'experiment_name': 'mapping-axis_resolution=1-0_mapping-vector_dimensionality=16384_mapping-vector_length_scale=0-1_mapping-decoding-method=tanh', 'experiment_type': 'single_agent', 'mapping_manager': {'seed': 42, 'metrics': ['auc', 'nll'], 'verbose': True, 'num_mappers': 1, 'plotting_flags': {'plot_images': False, 'plot_metrics': True, 'plot_predictions': False, 'plot_point_clouds': False}}, 'experiment_parameters': {'mapping': {'decoding': {'method': ['relu', 'relu_normalize', 'relu_squaring', 'relu_normalize_squaring', 'tanh', 'tanh_normalize', 'tanh_squaring', 'tanh_normalize_squaring', 'sigmoid', 'sigmoid_normalize', 'sigmoid_squaring', 'sigmoid_normalize_squaring']}, 'axis_resolution': [1], 'vector_length_scale': [0.1, 0.2, 0.5, 1], 'vector_dimensionality': [32768, 16384, 8192]}}}",mapping-axis_resolution=1-0_mapping-vector_dimensionality=16384_mapping-vector_length_scale=0-1_mapping-decoding-method=tanh
53,"{'_runtime': 6.142960638, '_step': 88, '_timestamp': 1740609849.7875245, '_wandb': {'runtime': 6}, 'cpu2gpu_time': 7.295608520507812e-05, 'decoding': {'decoding_time': 0.16998399794101715}, 'empty': {'axis_fd_matrix': 0.05939200147986412, 'axis_fd_power_matrix': 0.11366400122642516, 'axis_fd_power_unsqueeze': 0.004095999989658594, 'dot_product': 4.781055927276611, 'hm_clone': 0.02969600073993206, 'hm_decoding': 0.02969600073993206, 'index_add': 0.02457600086927414, 'power_matrix': 0.058368001133203506, 'powers': 0.060416001826524734, 'qv_norm': 0.03276799991726875, 'tile_memory_calculation': 0.1157120019197464, 'world_bound_norm': 0.11161600053310394, 'xy_axis_fd_matrix': 0.07577600330114365, 'xy_axis_ifft': 0.07884799689054489}, 'occupied': {'axis_fd_matrix': 0.0655359998345375, 'axis_fd_power_matrix': 0.08908800035715103, 'axis_fd_power_unsqueeze': 0.004095999989658594, 'dot_product': 4.8056321144104, 'hm_clone': 0.035840000957250595, 'hm_decoding': 0.02867200039327145, 'index_add': 0.05939200147986412, 'power_matrix': 0.06348799914121628, 'powers': 0.06758400052785873, 'qv_norm': 0.0727040022611618, 'tile_memory_calculation': 0.17510400712490082, 'world_bound_norm': 0.12595200538635254, 'xy_axis_fd_matrix': 0.09728000313043594, 'xy_axis_ifft': 0.09523200243711472}, 'ogm_conversion': 0.027648000046610832, 'split_time': 0.00016307830810546875, 'test_auc': 0.5073253968253968, 'test_nll': 0.7329097294118514, 'train_auc': 0.5242165242165242, 'train_nll': 0.7384911965942623}","{'data': {'data_dir': 'datasets/sa/toysim0/npz', 'test_split': 0.2, 'file_prefix': 'results_frame_', 'file_suffix': '.npz', 'dataset_name': 'toysim', 'world_bounds': [-50, 50, -50, 50]}, 'wandb': {'notes': 'This experiment evaluates the performance of the decoding method on the ablation dataset.', 'online': True, 'enabled': True, 'verbose': False, 'project_name': 'decoding_method_evaluation_toymap_no_entropy'}, 'logging': {'enabled': True, 'verbose': False, 'save_dir': 'logs/decoding_method_evaluation_toymap_no_entropy/mapping-axis_resolution=1-0_mapping-vector_dimensionality=16384_mapping-vector_length_scale=0-1_mapping-decoding-method=tanh_normalize', 'log_images': True, 'override_existing': False}, 'mapping': {'seed': 42, 'device': 'cuda', 'verbose': True, 'decoding': {'alpha': 'None', 'method': 'tanh_normalize', 'disk_radii_1': 3, 'disk_radii_2': 3}, 'num_tiles': 1, 'data_filter': 'passthrough', 'mapping_type': 'SA_VSA_OGM', 'axis_resolution': 1, 'vector_length_scale': 0.1, 'vector_dimensionality': 16384}, 'experiment_name': 'mapping-axis_resolution=1-0_mapping-vector_dimensionality=16384_mapping-vector_length_scale=0-1_mapping-decoding-method=tanh_normalize', 'experiment_type': 'single_agent', 'mapping_manager': {'seed': 42, 'metrics': ['auc', 'nll'], 'verbose': True, 'num_mappers': 1, 'plotting_flags': {'plot_images': False, 'plot_metrics': True, 'plot_predictions': False, 'plot_point_clouds': False}}, 'experiment_parameters': {'mapping': {'decoding': {'method': ['relu', 'relu_normalize', 'relu_squaring', 'relu_normalize_squaring', 'tanh', 'tanh_normalize', 'tanh_squaring', 'tanh_normalize_squaring', 'sigmoid', 'sigmoid_normalize', 'sigmoid_squaring', 'sigmoid_normalize_squaring']}, 'axis_resolution': [1], 'vector_length_scale': [0.1, 0.2, 0.5, 1], 'vector_dimensionality': [32768, 16384, 8192]}}}",mapping-axis_resolution=1-0_mapping-vector_dimensionality=16384_mapping-vector_length_scale=0-1_mapping-decoding-method=tanh_normalize
54,"{'_runtime': 6.427107541, '_step': 88, '_timestamp': 1740609857.7668254, '_wandb': {'runtime': 6}, 'cpu2gpu_time': 0.00011372566223144533, 'decoding': {'decoding_time': 0.13619199395179749}, 'empty': {'axis_fd_matrix': 0.05939200147986412, 'axis_fd_power_matrix': 0.11468800157308578, 'axis_fd_power_unsqueeze': 0.005119999870657921, 'dot_product': 4.774911880493164, 'hm_clone': 0.04915200173854828, 'hm_decoding': 0.02867200039327145, 'index_add': 0.02457600086927414, 'power_matrix': 0.05939200147986412, 'powers': 0.060416001826524734, 'qv_norm': 0.02457600086927414, 'tile_memory_calculation': 0.11980800330638884, 'world_bound_norm': 0.11366400122642516, 'xy_axis_fd_matrix': 0.07680000364780426, 'xy_axis_ifft': 0.08089599758386612}, 'occupied': {'axis_fd_matrix': 0.0655359998345375, 'axis_fd_power_matrix': 0.08806400001049042, 'axis_fd_power_unsqueeze': 0.004095999989658594, 'dot_product': 4.79641580581665, 'hm_clone': 0.04915200173854828, 'hm_decoding': 0.02867200039327145, 'index_add': 0.060416001826524734, 'power_matrix': 0.062463998794555664, 'powers': 0.06758400052785873, 'qv_norm': 0.07475200295448303, 'tile_memory_calculation': 0.1812479943037033, 'world_bound_norm': 0.14131200313568115, 'xy_axis_fd_matrix': 0.08499199897050858, 'xy_axis_ifft': 0.09216000139713287}, 'ogm_conversion': 0.02969600073993206, 'split_time': 0.00018215179443359375, 'test_auc': 0.5312724867724867, 'test_nll': 0.6852564241979181, 'train_auc': 0.5811965811965812, 'train_nll': 0.6939580043711367}","{'data': {'data_dir': 'datasets/sa/toysim0/npz', 'test_split': 0.2, 'file_prefix': 'results_frame_', 'file_suffix': '.npz', 'dataset_name': 'toysim', 'world_bounds': [-50, 50, -50, 50]}, 'wandb': {'notes': 'This experiment evaluates the performance of the decoding method on the ablation dataset.', 'online': True, 'enabled': True, 'verbose': False, 'project_name': 'decoding_method_evaluation_toymap_no_entropy'}, 'logging': {'enabled': True, 'verbose': False, 'save_dir': 'logs/decoding_method_evaluation_toymap_no_entropy/mapping-axis_resolution=1-0_mapping-vector_dimensionality=16384_mapping-vector_length_scale=0-1_mapping-decoding-method=tanh_squaring', 'log_images': True, 'override_existing': False}, 'mapping': {'seed': 42, 'device': 'cuda', 'verbose': True, 'decoding': {'alpha': 'None', 'method': 'tanh_squaring', 'disk_radii_1': 3, 'disk_radii_2': 3}, 'num_tiles': 1, 'data_filter': 'passthrough', 'mapping_type': 'SA_VSA_OGM', 'axis_resolution': 1, 'vector_length_scale': 0.1, 'vector_dimensionality': 16384}, 'experiment_name': 'mapping-axis_resolution=1-0_mapping-vector_dimensionality=16384_mapping-vector_length_scale=0-1_mapping-decoding-method=tanh_squaring', 'experiment_type': 'single_agent', 'mapping_manager': {'seed': 42, 'metrics': ['auc', 'nll'], 'verbose': True, 'num_mappers': 1, 'plotting_flags': {'plot_images': False, 'plot_metrics': True, 'plot_predictions': False, 'plot_point_clouds': False}}, 'experiment_parameters': {'mapping': {'decoding': {'method': ['relu', 'relu_normalize', 'relu_squaring', 'relu_normalize_squaring', 'tanh', 'tanh_normalize', 'tanh_squaring', 'tanh_normalize_squaring', 'sigmoid', 'sigmoid_normalize', 'sigmoid_squaring', 'sigmoid_normalize_squaring']}, 'axis_resolution': [1], 'vector_length_scale': [0.1, 0.2, 0.5, 1], 'vector_dimensionality': [32768, 16384, 8192]}}}",mapping-axis_resolution=1-0_mapping-vector_dimensionality=16384_mapping-vector_length_scale=0-1_mapping-decoding-method=tanh_squaring
55,"{'_runtime': 6.393056743, '_step': 88, '_timestamp': 1740609865.7376382, '_wandb': {'runtime': 6}, 'cpu2gpu_time': 0.0001087188720703125, 'decoding': {'decoding_time': 0.1802240014076233}, 'empty': {'axis_fd_matrix': 0.05939200147986412, 'axis_fd_power_matrix': 0.11264000087976456, 'axis_fd_power_unsqueeze': 0.005119999870657921, 'dot_product': 4.789247989654541, 'hm_clone': 0.03379200026392937, 'hm_decoding': 0.030719999223947525, 'index_add': 0.023552000522613525, 'power_matrix': 0.058368001133203506, 'powers': 0.060416001826524734, 'qv_norm': 0.14643199741840365, 'tile_memory_calculation': 0.116736002266407, 'world_bound_norm': 0.11264000087976456, 'xy_axis_fd_matrix': 0.07680000364780426, 'xy_axis_ifft': 0.07884799689054489}, 'occupied': {'axis_fd_matrix': 0.06656000018119812, 'axis_fd_power_matrix': 0.0870399996638298, 'axis_fd_power_unsqueeze': 0.004095999989658594, 'dot_product': 4.803584098815918, 'hm_clone': 0.03788800165057182, 'hm_decoding': 0.02867200039327145, 'index_add': 0.05734400078654289, 'power_matrix': 0.06348799914121628, 'powers': 0.06758400052785873, 'qv_norm': 0.08396799862384796, 'tile_memory_calculation': 0.17612800002098083, 'world_bound_norm': 0.13312000036239624, 'xy_axis_fd_matrix': 0.09011200070381165, 'xy_axis_ifft': 0.09216000139713287}, 'ogm_conversion': 0.02867200039327145, 'split_time': 0.00017714500427246094, 'test_auc': 0.49036243386243383, 'test_nll': 0.7232192835022899, 'train_auc': 0.7065527065527066, 'train_nll': 0.6538148995970633}","{'data': {'data_dir': 'datasets/sa/toysim0/npz', 'test_split': 0.2, 'file_prefix': 'results_frame_', 'file_suffix': '.npz', 'dataset_name': 'toysim', 'world_bounds': [-50, 50, -50, 50]}, 'wandb': {'notes': 'This experiment evaluates the performance of the decoding method on the ablation dataset.', 'online': True, 'enabled': True, 'verbose': False, 'project_name': 'decoding_method_evaluation_toymap_no_entropy'}, 'logging': {'enabled': True, 'verbose': False, 'save_dir': 'logs/decoding_method_evaluation_toymap_no_entropy/mapping-axis_resolution=1-0_mapping-vector_dimensionality=16384_mapping-vector_length_scale=0-1_mapping-decoding-method=tanh_normalize_squaring', 'log_images': True, 'override_existing': False}, 'mapping': {'seed': 42, 'device': 'cuda', 'verbose': True, 'decoding': {'alpha': 'None', 'method': 'tanh_normalize_squaring', 'disk_radii_1': 3, 'disk_radii_2': 3}, 'num_tiles': 1, 'data_filter': 'passthrough', 'mapping_type': 'SA_VSA_OGM', 'axis_resolution': 1, 'vector_length_scale': 0.1, 'vector_dimensionality': 16384}, 'experiment_name': 'mapping-axis_resolution=1-0_mapping-vector_dimensionality=16384_mapping-vector_length_scale=0-1_mapping-decoding-method=tanh_normalize_squaring', 'experiment_type': 'single_agent', 'mapping_manager': {'seed': 42, 'metrics': ['auc', 'nll'], 'verbose': True, 'num_mappers': 1, 'plotting_flags': {'plot_images': False, 'plot_metrics': True, 'plot_predictions': False, 'plot_point_clouds': False}}, 'experiment_parameters': {'mapping': {'decoding': {'method': ['relu', 'relu_normalize', 'relu_squaring', 'relu_normalize_squaring', 'tanh', 'tanh_normalize', 'tanh_squaring', 'tanh_normalize_squaring', 'sigmoid', 'sigmoid_normalize', 'sigmoid_squaring', 'sigmoid_normalize_squaring']}, 'axis_resolution': [1], 'vector_length_scale': [0.1, 0.2, 0.5, 1], 'vector_dimensionality': [32768, 16384, 8192]}}}",mapping-axis_resolution=1-0_mapping-vector_dimensionality=16384_mapping-vector_length_scale=0-1_mapping-decoding-method=tanh_normalize_squaring
56,"{'_runtime': 6.28571298, '_step': 88, '_timestamp': 1740609873.6754873, '_wandb': {'runtime': 6}, 'cpu2gpu_time': 0.0001087188720703125, 'decoding': {'decoding_time': 0.09830400347709656}, 'empty': {'axis_fd_matrix': 0.058368001133203506, 'axis_fd_power_matrix': 0.11264000087976456, 'axis_fd_power_unsqueeze': 0.004095999989658594, 'dot_product': 4.768767833709717, 'hm_clone': 0.030719999223947525, 'hm_decoding': 0.027648000046610832, 'index_add': 0.026623999699950215, 'power_matrix': 0.05734400078654289, 'powers': 0.05939200147986412, 'qv_norm': 0.018432000651955605, 'tile_memory_calculation': 0.116736002266407, 'world_bound_norm': 0.11264000087976456, 'xy_axis_fd_matrix': 0.07884799689054489, 'xy_axis_ifft': 0.07884799689054489}, 'occupied': {'axis_fd_matrix': 0.06656000018119812, 'axis_fd_power_matrix': 0.0870399996638298, 'axis_fd_power_unsqueeze': 0.004095999989658594, 'dot_product': 4.814847946166992, 'hm_clone': 0.03686400130391121, 'hm_decoding': 0.02867200039327145, 'index_add': 0.05632000043988228, 'power_matrix': 0.0655359998345375, 'powers': 0.06758400052785873, 'qv_norm': 0.0727040022611618, 'tile_memory_calculation': 0.19251200556755063, 'world_bound_norm': 0.13312000036239624, 'xy_axis_fd_matrix': 0.08908800035715103, 'xy_axis_ifft': 0.09728000313043594}, 'ogm_conversion': 0.027648000046610832, 'split_time': 0.00018453598022460935, 'test_auc': 0.5006428571428572, 'test_nll': 0.7368849416352731, 'train_auc': 0.3817663817663818, 'train_nll': 0.7608527483243814}","{'data': {'data_dir': 'datasets/sa/toysim0/npz', 'test_split': 0.2, 'file_prefix': 'results_frame_', 'file_suffix': '.npz', 'dataset_name': 'toysim', 'world_bounds': [-50, 50, -50, 50]}, 'wandb': {'notes': 'This experiment evaluates the performance of the decoding method on the ablation dataset.', 'online': True, 'enabled': True, 'verbose': False, 'project_name': 'decoding_method_evaluation_toymap_no_entropy'}, 'logging': {'enabled': True, 'verbose': False, 'save_dir': 'logs/decoding_method_evaluation_toymap_no_entropy/mapping-axis_resolution=1-0_mapping-vector_dimensionality=16384_mapping-vector_length_scale=0-1_mapping-decoding-method=sigmoid', 'log_images': True, 'override_existing': False}, 'mapping': {'seed': 42, 'device': 'cuda', 'verbose': True, 'decoding': {'alpha': 'None', 'method': 'sigmoid', 'disk_radii_1': 3, 'disk_radii_2': 3}, 'num_tiles': 1, 'data_filter': 'passthrough', 'mapping_type': 'SA_VSA_OGM', 'axis_resolution': 1, 'vector_length_scale': 0.1, 'vector_dimensionality': 16384}, 'experiment_name': 'mapping-axis_resolution=1-0_mapping-vector_dimensionality=16384_mapping-vector_length_scale=0-1_mapping-decoding-method=sigmoid', 'experiment_type': 'single_agent', 'mapping_manager': {'seed': 42, 'metrics': ['auc', 'nll'], 'verbose': True, 'num_mappers': 1, 'plotting_flags': {'plot_images': False, 'plot_metrics': True, 'plot_predictions': False, 'plot_point_clouds': False}}, 'experiment_parameters': {'mapping': {'decoding': {'method': ['relu', 'relu_normalize', 'relu_squaring', 'relu_normalize_squaring', 'tanh', 'tanh_normalize', 'tanh_squaring', 'tanh_normalize_squaring', 'sigmoid', 'sigmoid_normalize', 'sigmoid_squaring', 'sigmoid_normalize_squaring']}, 'axis_resolution': [1], 'vector_length_scale': [0.1, 0.2, 0.5, 1], 'vector_dimensionality': [32768, 16384, 8192]}}}",mapping-axis_resolution=1-0_mapping-vector_dimensionality=16384_mapping-vector_length_scale=0-1_mapping-decoding-method=sigmoid
57,"{'_runtime': 6.520841626, '_step': 88, '_timestamp': 1740609881.7773714, '_wandb': {'runtime': 6}, 'cpu2gpu_time': 0.00010395050048828124, 'decoding': {'decoding_time': 0.17203199863433838}, 'empty': {'axis_fd_matrix': 0.058368001133203506, 'axis_fd_power_matrix': 0.11366400122642516, 'axis_fd_power_unsqueeze': 0.004095999989658594, 'dot_product': 4.788224220275879, 'hm_clone': 0.030719999223947525, 'hm_decoding': 0.02867200039327145, 'index_add': 0.02457600086927414, 'power_matrix': 0.058368001133203506, 'powers': 0.060416001826524734, 'qv_norm': 0.018432000651955605, 'tile_memory_calculation': 0.11468800157308578, 'world_bound_norm': 0.11059200018644331, 'xy_axis_fd_matrix': 0.07782399654388428, 'xy_axis_ifft': 0.0798719972372055}, 'occupied': {'axis_fd_matrix': 0.06758400052785873, 'axis_fd_power_matrix': 0.09011200070381165, 'axis_fd_power_unsqueeze': 0.004095999989658594, 'dot_product': 4.8056321144104, 'hm_clone': 0.04608000069856644, 'hm_decoding': 0.027648000046610832, 'index_add': 0.06143999844789505, 'power_matrix': 0.0655359998345375, 'powers': 0.06758400052785873, 'qv_norm': 0.0727040022611618, 'tile_memory_calculation': 0.18227200210094452, 'world_bound_norm': 0.13516800105571747, 'xy_axis_fd_matrix': 0.0870399996638298, 'xy_axis_ifft': 0.09216000139713287}, 'ogm_conversion': 0.02867200039327145, 'split_time': 0.00017404556274414062, 'test_auc': 0.4443465608465609, 'test_nll': 0.77332464953924, 'train_auc': 0.4814814814814815, 'train_nll': 0.7409565236230589}","{'data': {'data_dir': 'datasets/sa/toysim0/npz', 'test_split': 0.2, 'file_prefix': 'results_frame_', 'file_suffix': '.npz', 'dataset_name': 'toysim', 'world_bounds': [-50, 50, -50, 50]}, 'wandb': {'notes': 'This experiment evaluates the performance of the decoding method on the ablation dataset.', 'online': True, 'enabled': True, 'verbose': False, 'project_name': 'decoding_method_evaluation_toymap_no_entropy'}, 'logging': {'enabled': True, 'verbose': False, 'save_dir': 'logs/decoding_method_evaluation_toymap_no_entropy/mapping-axis_resolution=1-0_mapping-vector_dimensionality=16384_mapping-vector_length_scale=0-1_mapping-decoding-method=sigmoid_normalize', 'log_images': True, 'override_existing': False}, 'mapping': {'seed': 42, 'device': 'cuda', 'verbose': True, 'decoding': {'alpha': 'None', 'method': 'sigmoid_normalize', 'disk_radii_1': 3, 'disk_radii_2': 3}, 'num_tiles': 1, 'data_filter': 'passthrough', 'mapping_type': 'SA_VSA_OGM', 'axis_resolution': 1, 'vector_length_scale': 0.1, 'vector_dimensionality': 16384}, 'experiment_name': 'mapping-axis_resolution=1-0_mapping-vector_dimensionality=16384_mapping-vector_length_scale=0-1_mapping-decoding-method=sigmoid_normalize', 'experiment_type': 'single_agent', 'mapping_manager': {'seed': 42, 'metrics': ['auc', 'nll'], 'verbose': True, 'num_mappers': 1, 'plotting_flags': {'plot_images': False, 'plot_metrics': True, 'plot_predictions': False, 'plot_point_clouds': False}}, 'experiment_parameters': {'mapping': {'decoding': {'method': ['relu', 'relu_normalize', 'relu_squaring', 'relu_normalize_squaring', 'tanh', 'tanh_normalize', 'tanh_squaring', 'tanh_normalize_squaring', 'sigmoid', 'sigmoid_normalize', 'sigmoid_squaring', 'sigmoid_normalize_squaring']}, 'axis_resolution': [1], 'vector_length_scale': [0.1, 0.2, 0.5, 1], 'vector_dimensionality': [32768, 16384, 8192]}}}",mapping-axis_resolution=1-0_mapping-vector_dimensionality=16384_mapping-vector_length_scale=0-1_mapping-decoding-method=sigmoid_normalize
58,"{'_runtime': 6.466525934, '_step': 88, '_timestamp': 1740609889.9531512, '_wandb': {'runtime': 6}, 'cpu2gpu_time': 9.751319885253906e-05, 'decoding': {'decoding_time': 0.13209599256515503}, 'empty': {'axis_fd_matrix': 0.05939200147986412, 'axis_fd_power_matrix': 0.1157120019197464, 'axis_fd_power_unsqueeze': 0.005119999870657921, 'dot_product': 4.7769598960876465, 'hm_clone': 0.030719999223947525, 'hm_decoding': 0.02867200039327145, 'index_add': 0.025599999353289604, 'power_matrix': 0.058368001133203506, 'powers': 0.060416001826524734, 'qv_norm': 0.02457600086927414, 'tile_memory_calculation': 0.11776000261306764, 'world_bound_norm': 0.11366400122642516, 'xy_axis_fd_matrix': 0.07680000364780426, 'xy_axis_ifft': 0.08089599758386612}, 'occupied': {'axis_fd_matrix': 0.06656000018119812, 'axis_fd_power_matrix': 0.09113600105047226, 'axis_fd_power_unsqueeze': 0.005119999870657921, 'dot_product': 4.809728145599365, 'hm_clone': 0.03788800165057182, 'hm_decoding': 0.02867200039327145, 'index_add': 0.06656000018119812, 'power_matrix': 0.0655359998345375, 'powers': 0.06656000018119812, 'qv_norm': 0.07372800260782242, 'tile_memory_calculation': 0.1802240014076233, 'world_bound_norm': 0.12595200538635254, 'xy_axis_fd_matrix': 0.08601599931716919, 'xy_axis_ifft': 0.09216000139713287}, 'ogm_conversion': 0.027648000046610832, 'split_time': 0.00018715858459472656, 'test_auc': 0.5184338624338625, 'test_nll': 0.6745640638666732, 'train_auc': 0.4131054131054131, 'train_nll': 0.7956144750296966}","{'data': {'data_dir': 'datasets/sa/toysim0/npz', 'test_split': 0.2, 'file_prefix': 'results_frame_', 'file_suffix': '.npz', 'dataset_name': 'toysim', 'world_bounds': [-50, 50, -50, 50]}, 'wandb': {'notes': 'This experiment evaluates the performance of the decoding method on the ablation dataset.', 'online': True, 'enabled': True, 'verbose': False, 'project_name': 'decoding_method_evaluation_toymap_no_entropy'}, 'logging': {'enabled': True, 'verbose': False, 'save_dir': 'logs/decoding_method_evaluation_toymap_no_entropy/mapping-axis_resolution=1-0_mapping-vector_dimensionality=16384_mapping-vector_length_scale=0-1_mapping-decoding-method=sigmoid_squaring', 'log_images': True, 'override_existing': False}, 'mapping': {'seed': 42, 'device': 'cuda', 'verbose': True, 'decoding': {'alpha': 'None', 'method': 'sigmoid_squaring', 'disk_radii_1': 3, 'disk_radii_2': 3}, 'num_tiles': 1, 'data_filter': 'passthrough', 'mapping_type': 'SA_VSA_OGM', 'axis_resolution': 1, 'vector_length_scale': 0.1, 'vector_dimensionality': 16384}, 'experiment_name': 'mapping-axis_resolution=1-0_mapping-vector_dimensionality=16384_mapping-vector_length_scale=0-1_mapping-decoding-method=sigmoid_squaring', 'experiment_type': 'single_agent', 'mapping_manager': {'seed': 42, 'metrics': ['auc', 'nll'], 'verbose': True, 'num_mappers': 1, 'plotting_flags': {'plot_images': False, 'plot_metrics': True, 'plot_predictions': False, 'plot_point_clouds': False}}, 'experiment_parameters': {'mapping': {'decoding': {'method': ['relu', 'relu_normalize', 'relu_squaring', 'relu_normalize_squaring', 'tanh', 'tanh_normalize', 'tanh_squaring', 'tanh_normalize_squaring', 'sigmoid', 'sigmoid_normalize', 'sigmoid_squaring', 'sigmoid_normalize_squaring']}, 'axis_resolution': [1], 'vector_length_scale': [0.1, 0.2, 0.5, 1], 'vector_dimensionality': [32768, 16384, 8192]}}}",mapping-axis_resolution=1-0_mapping-vector_dimensionality=16384_mapping-vector_length_scale=0-1_mapping-decoding-method=sigmoid_squaring
59,"{'_runtime': 6.863080372, '_step': 88, '_timestamp': 1740609898.3911128, '_wandb': {'runtime': 6}, 'cpu2gpu_time': 0.00010466575622558594, 'decoding': {'decoding_time': 0.18227200210094452}, 'empty': {'axis_fd_matrix': 0.05939200147986412, 'axis_fd_power_matrix': 0.11264000087976456, 'axis_fd_power_unsqueeze': 0.004095999989658594, 'dot_product': 4.7718400955200195, 'hm_clone': 0.02969600073993206, 'hm_decoding': 0.030719999223947525, 'index_add': 0.02457600086927414, 'power_matrix': 0.05632000043988228, 'powers': 0.060416001826524734, 'qv_norm': 0.01945599913597107, 'tile_memory_calculation': 0.11878400295972824, 'world_bound_norm': 0.11980800330638884, 'xy_axis_fd_matrix': 0.07577600330114365, 'xy_axis_ifft': 0.0798719972372055}, 'occupied': {'axis_fd_matrix': 0.06656000018119812, 'axis_fd_power_matrix': 0.08806400001049042, 'axis_fd_power_unsqueeze': 0.005119999870657921, 'dot_product': 4.798463821411133, 'hm_clone': 0.03788800165057182, 'hm_decoding': 0.02867200039327145, 'index_add': 0.05632000043988228, 'power_matrix': 0.06143999844789505, 'powers': 0.06758400052785873, 'qv_norm': 0.07065600156784058, 'tile_memory_calculation': 0.18943999707698825, 'world_bound_norm': 0.131071999669075, 'xy_axis_fd_matrix': 0.08499199897050858, 'xy_axis_ifft': 0.09216000139713287}, 'ogm_conversion': 0.027648000046610832, 'split_time': 0.0001766681671142578, 'test_auc': 0.5142830687830688, 'test_nll': 0.6887976833027202, 'train_auc': 0.3846153846153846, 'train_nll': 0.7272136923480231}","{'data': {'data_dir': 'datasets/sa/toysim0/npz', 'test_split': 0.2, 'file_prefix': 'results_frame_', 'file_suffix': '.npz', 'dataset_name': 'toysim', 'world_bounds': [-50, 50, -50, 50]}, 'wandb': {'notes': 'This experiment evaluates the performance of the decoding method on the ablation dataset.', 'online': True, 'enabled': True, 'verbose': False, 'project_name': 'decoding_method_evaluation_toymap_no_entropy'}, 'logging': {'enabled': True, 'verbose': False, 'save_dir': 'logs/decoding_method_evaluation_toymap_no_entropy/mapping-axis_resolution=1-0_mapping-vector_dimensionality=16384_mapping-vector_length_scale=0-1_mapping-decoding-method=sigmoid_normalize_squaring', 'log_images': True, 'override_existing': False}, 'mapping': {'seed': 42, 'device': 'cuda', 'verbose': True, 'decoding': {'alpha': 'None', 'method': 'sigmoid_normalize_squaring', 'disk_radii_1': 3, 'disk_radii_2': 3}, 'num_tiles': 1, 'data_filter': 'passthrough', 'mapping_type': 'SA_VSA_OGM', 'axis_resolution': 1, 'vector_length_scale': 0.1, 'vector_dimensionality': 16384}, 'experiment_name': 'mapping-axis_resolution=1-0_mapping-vector_dimensionality=16384_mapping-vector_length_scale=0-1_mapping-decoding-method=sigmoid_normalize_squaring', 'experiment_type': 'single_agent', 'mapping_manager': {'seed': 42, 'metrics': ['auc', 'nll'], 'verbose': True, 'num_mappers': 1, 'plotting_flags': {'plot_images': False, 'plot_metrics': True, 'plot_predictions': False, 'plot_point_clouds': False}}, 'experiment_parameters': {'mapping': {'decoding': {'method': ['relu', 'relu_normalize', 'relu_squaring', 'relu_normalize_squaring', 'tanh', 'tanh_normalize', 'tanh_squaring', 'tanh_normalize_squaring', 'sigmoid', 'sigmoid_normalize', 'sigmoid_squaring', 'sigmoid_normalize_squaring']}, 'axis_resolution': [1], 'vector_length_scale': [0.1, 0.2, 0.5, 1], 'vector_dimensionality': [32768, 16384, 8192]}}}",mapping-axis_resolution=1-0_mapping-vector_dimensionality=16384_mapping-vector_length_scale=0-1_mapping-decoding-method=sigmoid_normalize_squaring
60,"{'_runtime': 6.637003907, '_step': 88, '_timestamp': 1740609906.6064708, '_wandb': {'runtime': 6}, 'cpu2gpu_time': 0.0001010894775390625, 'decoding': {'decoding_time': 0.11161600053310394}, 'empty': {'axis_fd_matrix': 0.05939200147986412, 'axis_fd_power_matrix': 0.11366400122642516, 'axis_fd_power_unsqueeze': 0.005119999870657921, 'dot_product': 4.768767833709717, 'hm_clone': 0.030719999223947525, 'hm_decoding': 0.027648000046610832, 'index_add': 0.025599999353289604, 'power_matrix': 0.058368001133203506, 'powers': 0.05939200147986412, 'qv_norm': 0.01945599913597107, 'tile_memory_calculation': 0.116736002266407, 'world_bound_norm': 0.11264000087976456, 'xy_axis_fd_matrix': 0.07782399654388428, 'xy_axis_ifft': 0.07884799689054489}, 'occupied': {'axis_fd_matrix': 0.06963200122117996, 'axis_fd_power_matrix': 0.09216000139713287, 'axis_fd_power_unsqueeze': 0.004095999989658594, 'dot_product': 4.802559852600098, 'hm_clone': 0.03788800165057182, 'hm_decoding': 0.027648000046610832, 'index_add': 0.058368001133203506, 'power_matrix': 0.06451199948787689, 'powers': 0.06758400052785873, 'qv_norm': 0.07168000191450119, 'tile_memory_calculation': 0.19046400487422943, 'world_bound_norm': 0.12697599828243256, 'xy_axis_fd_matrix': 0.08191999793052673, 'xy_axis_ifft': 0.09318400174379347}, 'ogm_conversion': 0.027648000046610832, 'split_time': 0.0001747608184814453, 'test_auc': 0.4501878306878307, 'test_nll': 0.7243242635981673, 'train_auc': 0.5455840455840456, 'train_nll': 0.7717476690605629}","{'data': {'data_dir': 'datasets/sa/toysim0/npz', 'test_split': 0.2, 'file_prefix': 'results_frame_', 'file_suffix': '.npz', 'dataset_name': 'toysim', 'world_bounds': [-50, 50, -50, 50]}, 'wandb': {'notes': 'This experiment evaluates the performance of the decoding method on the ablation dataset.', 'online': True, 'enabled': True, 'verbose': False, 'project_name': 'decoding_method_evaluation_toymap_no_entropy'}, 'logging': {'enabled': True, 'verbose': False, 'save_dir': 'logs/decoding_method_evaluation_toymap_no_entropy/mapping-axis_resolution=1-0_mapping-vector_dimensionality=16384_mapping-vector_length_scale=0-2_mapping-decoding-method=relu', 'log_images': True, 'override_existing': False}, 'mapping': {'seed': 42, 'device': 'cuda', 'verbose': True, 'decoding': {'alpha': 'None', 'method': 'relu', 'disk_radii_1': 3, 'disk_radii_2': 3}, 'num_tiles': 1, 'data_filter': 'passthrough', 'mapping_type': 'SA_VSA_OGM', 'axis_resolution': 1, 'vector_length_scale': 0.2, 'vector_dimensionality': 16384}, 'experiment_name': 'mapping-axis_resolution=1-0_mapping-vector_dimensionality=16384_mapping-vector_length_scale=0-2_mapping-decoding-method=relu', 'experiment_type': 'single_agent', 'mapping_manager': {'seed': 42, 'metrics': ['auc', 'nll'], 'verbose': True, 'num_mappers': 1, 'plotting_flags': {'plot_images': False, 'plot_metrics': True, 'plot_predictions': False, 'plot_point_clouds': False}}, 'experiment_parameters': {'mapping': {'decoding': {'method': ['relu', 'relu_normalize', 'relu_squaring', 'relu_normalize_squaring', 'tanh', 'tanh_normalize', 'tanh_squaring', 'tanh_normalize_squaring', 'sigmoid', 'sigmoid_normalize', 'sigmoid_squaring', 'sigmoid_normalize_squaring']}, 'axis_resolution': [1], 'vector_length_scale': [0.1, 0.2, 0.5, 1], 'vector_dimensionality': [32768, 16384, 8192]}}}",mapping-axis_resolution=1-0_mapping-vector_dimensionality=16384_mapping-vector_length_scale=0-2_mapping-decoding-method=relu
61,"{'_runtime': 6.694574975, '_step': 88, '_timestamp': 1740609915.046624, '_wandb': {'runtime': 6}, 'cpu2gpu_time': 0.000102996826171875, 'decoding': {'decoding_time': 0.159743994474411}, 'empty': {'axis_fd_matrix': 0.05939200147986412, 'axis_fd_power_matrix': 0.11264000087976456, 'axis_fd_power_unsqueeze': 0.004095999989658594, 'dot_product': 4.781055927276611, 'hm_clone': 0.030719999223947525, 'hm_decoding': 0.02969600073993206, 'index_add': 0.02457600086927414, 'power_matrix': 0.05939200147986412, 'powers': 0.060416001826524734, 'qv_norm': 0.020479999482631683, 'tile_memory_calculation': 0.116736002266407, 'world_bound_norm': 0.11980800330638884, 'xy_axis_fd_matrix': 0.07680000364780426, 'xy_axis_ifft': 0.07884799689054489}, 'occupied': {'axis_fd_matrix': 0.06963200122117996, 'axis_fd_power_matrix': 0.08908800035715103, 'axis_fd_power_unsqueeze': 0.004095999989658594, 'dot_product': 4.807680130004883, 'hm_clone': 0.03788800165057182, 'hm_decoding': 0.02867200039327145, 'index_add': 0.060416001826524734, 'power_matrix': 0.06348799914121628, 'powers': 0.06656000018119812, 'qv_norm': 0.07065600156784058, 'tile_memory_calculation': 0.1945600062608719, 'world_bound_norm': 0.12595200538635254, 'xy_axis_fd_matrix': 0.08396799862384796, 'xy_axis_ifft': 0.09216000139713287}, 'ogm_conversion': 0.027648000046610832, 'split_time': 0.00017547607421875, 'test_auc': 0.4426851851851852, 'test_nll': 0.7418607237834702, 'train_auc': 0.5042735042735043, 'train_nll': 0.7399548866018726}","{'data': {'data_dir': 'datasets/sa/toysim0/npz', 'test_split': 0.2, 'file_prefix': 'results_frame_', 'file_suffix': '.npz', 'dataset_name': 'toysim', 'world_bounds': [-50, 50, -50, 50]}, 'wandb': {'notes': 'This experiment evaluates the performance of the decoding method on the ablation dataset.', 'online': True, 'enabled': True, 'verbose': False, 'project_name': 'decoding_method_evaluation_toymap_no_entropy'}, 'logging': {'enabled': True, 'verbose': False, 'save_dir': 'logs/decoding_method_evaluation_toymap_no_entropy/mapping-axis_resolution=1-0_mapping-vector_dimensionality=16384_mapping-vector_length_scale=0-2_mapping-decoding-method=relu_normalize', 'log_images': True, 'override_existing': False}, 'mapping': {'seed': 42, 'device': 'cuda', 'verbose': True, 'decoding': {'alpha': 'None', 'method': 'relu_normalize', 'disk_radii_1': 3, 'disk_radii_2': 3}, 'num_tiles': 1, 'data_filter': 'passthrough', 'mapping_type': 'SA_VSA_OGM', 'axis_resolution': 1, 'vector_length_scale': 0.2, 'vector_dimensionality': 16384}, 'experiment_name': 'mapping-axis_resolution=1-0_mapping-vector_dimensionality=16384_mapping-vector_length_scale=0-2_mapping-decoding-method=relu_normalize', 'experiment_type': 'single_agent', 'mapping_manager': {'seed': 42, 'metrics': ['auc', 'nll'], 'verbose': True, 'num_mappers': 1, 'plotting_flags': {'plot_images': False, 'plot_metrics': True, 'plot_predictions': False, 'plot_point_clouds': False}}, 'experiment_parameters': {'mapping': {'decoding': {'method': ['relu', 'relu_normalize', 'relu_squaring', 'relu_normalize_squaring', 'tanh', 'tanh_normalize', 'tanh_squaring', 'tanh_normalize_squaring', 'sigmoid', 'sigmoid_normalize', 'sigmoid_squaring', 'sigmoid_normalize_squaring']}, 'axis_resolution': [1], 'vector_length_scale': [0.1, 0.2, 0.5, 1], 'vector_dimensionality': [32768, 16384, 8192]}}}",mapping-axis_resolution=1-0_mapping-vector_dimensionality=16384_mapping-vector_length_scale=0-2_mapping-decoding-method=relu_normalize
62,"{'_runtime': 11.393593469, '_step': 88, '_timestamp': 1740609928.139944, '_wandb': {'runtime': 11}, 'cpu2gpu_time': 0.00010633468627929688, 'decoding': {'decoding_time': 0.13516800105571747}, 'empty': {'axis_fd_matrix': 0.05939200147986412, 'axis_fd_power_matrix': 0.11161600053310394, 'axis_fd_power_unsqueeze': 0.004095999989658594, 'dot_product': 4.781055927276611, 'hm_clone': 0.030719999223947525, 'hm_decoding': 0.027648000046610832, 'index_add': 0.02457600086927414, 'power_matrix': 0.058368001133203506, 'powers': 0.060416001826524734, 'qv_norm': 0.05427199974656105, 'tile_memory_calculation': 0.116736002266407, 'world_bound_norm': 0.11776000261306764, 'xy_axis_fd_matrix': 0.13619199395179749, 'xy_axis_ifft': 0.08191999793052673}, 'occupied': {'axis_fd_matrix': 0.06758400052785873, 'axis_fd_power_matrix': 0.08908800035715103, 'axis_fd_power_unsqueeze': 0.004095999989658594, 'dot_product': 4.810751914978027, 'hm_clone': 0.03788800165057182, 'hm_decoding': 0.02867200039327145, 'index_add': 0.05939200147986412, 'power_matrix': 0.06348799914121628, 'powers': 0.06758400052785873, 'qv_norm': 0.0727040022611618, 'tile_memory_calculation': 0.1802240014076233, 'world_bound_norm': 0.12595200538635254, 'xy_axis_fd_matrix': 0.08396799862384796, 'xy_axis_ifft': 0.1085439994931221}, 'ogm_conversion': 0.027648000046610832, 'split_time': 0.00017976760864257812, 'test_auc': 0.49771957671957673, 'test_nll': 0.6887422560481842, 'train_auc': 0.4814814814814815, 'train_nll': 0.8911627231285539}","{'data': {'data_dir': 'datasets/sa/toysim0/npz', 'test_split': 0.2, 'file_prefix': 'results_frame_', 'file_suffix': '.npz', 'dataset_name': 'toysim', 'world_bounds': [-50, 50, -50, 50]}, 'wandb': {'notes': 'This experiment evaluates the performance of the decoding method on the ablation dataset.', 'online': True, 'enabled': True, 'verbose': False, 'project_name': 'decoding_method_evaluation_toymap_no_entropy'}, 'logging': {'enabled': True, 'verbose': False, 'save_dir': 'logs/decoding_method_evaluation_toymap_no_entropy/mapping-axis_resolution=1-0_mapping-vector_dimensionality=16384_mapping-vector_length_scale=0-2_mapping-decoding-method=relu_squaring', 'log_images': True, 'override_existing': False}, 'mapping': {'seed': 42, 'device': 'cuda', 'verbose': True, 'decoding': {'alpha': 'None', 'method': 'relu_squaring', 'disk_radii_1': 3, 'disk_radii_2': 3}, 'num_tiles': 1, 'data_filter': 'passthrough', 'mapping_type': 'SA_VSA_OGM', 'axis_resolution': 1, 'vector_length_scale': 0.2, 'vector_dimensionality': 16384}, 'experiment_name': 'mapping-axis_resolution=1-0_mapping-vector_dimensionality=16384_mapping-vector_length_scale=0-2_mapping-decoding-method=relu_squaring', 'experiment_type': 'single_agent', 'mapping_manager': {'seed': 42, 'metrics': ['auc', 'nll'], 'verbose': True, 'num_mappers': 1, 'plotting_flags': {'plot_images': False, 'plot_metrics': True, 'plot_predictions': False, 'plot_point_clouds': False}}, 'experiment_parameters': {'mapping': {'decoding': {'method': ['relu', 'relu_normalize', 'relu_squaring', 'relu_normalize_squaring', 'tanh', 'tanh_normalize', 'tanh_squaring', 'tanh_normalize_squaring', 'sigmoid', 'sigmoid_normalize', 'sigmoid_squaring', 'sigmoid_normalize_squaring']}, 'axis_resolution': [1], 'vector_length_scale': [0.1, 0.2, 0.5, 1], 'vector_dimensionality': [32768, 16384, 8192]}}}",mapping-axis_resolution=1-0_mapping-vector_dimensionality=16384_mapping-vector_length_scale=0-2_mapping-decoding-method=relu_squaring
63,"{'_runtime': 6.89428586, '_step': 88, '_timestamp': 1740609936.6185968, '_wandb': {'runtime': 6}, 'cpu2gpu_time': 0.0001018047332763672, 'decoding': {'decoding_time': 0.1945600062608719}, 'empty': {'axis_fd_matrix': 0.060416001826524734, 'axis_fd_power_matrix': 0.11366400122642516, 'axis_fd_power_unsqueeze': 0.004095999989658594, 'dot_product': 4.774911880493164, 'hm_clone': 0.02969600073993206, 'hm_decoding': 0.02969600073993206, 'index_add': 0.02457600086927414, 'power_matrix': 0.058368001133203506, 'powers': 0.07065600156784058, 'qv_norm': 0.023552000522613525, 'tile_memory_calculation': 0.13414399325847626, 'world_bound_norm': 0.12902399897575378, 'xy_axis_fd_matrix': 0.07782399654388428, 'xy_axis_ifft': 0.07884799689054489}, 'occupied': {'axis_fd_matrix': 0.06348799914121628, 'axis_fd_power_matrix': 0.09011200070381165, 'axis_fd_power_unsqueeze': 0.004095999989658594, 'dot_product': 4.808703899383545, 'hm_clone': 0.03686400130391121, 'hm_decoding': 0.02867200039327145, 'index_add': 0.060416001826524734, 'power_matrix': 0.0727040022611618, 'powers': 0.0655359998345375, 'qv_norm': 0.07168000191450119, 'tile_memory_calculation': 0.1812479943037033, 'world_bound_norm': 0.1228799968957901, 'xy_axis_fd_matrix': 0.08396799862384796, 'xy_axis_ifft': 0.09216000139713287}, 'ogm_conversion': 0.02867200039327145, 'split_time': 0.0001709461212158203, 'test_auc': 0.5038650793650794, 'test_nll': 0.6993712980309826, 'train_auc': 0.6182336182336183, 'train_nll': 0.6678499058586764}","{'data': {'data_dir': 'datasets/sa/toysim0/npz', 'test_split': 0.2, 'file_prefix': 'results_frame_', 'file_suffix': '.npz', 'dataset_name': 'toysim', 'world_bounds': [-50, 50, -50, 50]}, 'wandb': {'notes': 'This experiment evaluates the performance of the decoding method on the ablation dataset.', 'online': True, 'enabled': True, 'verbose': False, 'project_name': 'decoding_method_evaluation_toymap_no_entropy'}, 'logging': {'enabled': True, 'verbose': False, 'save_dir': 'logs/decoding_method_evaluation_toymap_no_entropy/mapping-axis_resolution=1-0_mapping-vector_dimensionality=16384_mapping-vector_length_scale=0-2_mapping-decoding-method=relu_normalize_squaring', 'log_images': True, 'override_existing': False}, 'mapping': {'seed': 42, 'device': 'cuda', 'verbose': True, 'decoding': {'alpha': 'None', 'method': 'relu_normalize_squaring', 'disk_radii_1': 3, 'disk_radii_2': 3}, 'num_tiles': 1, 'data_filter': 'passthrough', 'mapping_type': 'SA_VSA_OGM', 'axis_resolution': 1, 'vector_length_scale': 0.2, 'vector_dimensionality': 16384}, 'experiment_name': 'mapping-axis_resolution=1-0_mapping-vector_dimensionality=16384_mapping-vector_length_scale=0-2_mapping-decoding-method=relu_normalize_squaring', 'experiment_type': 'single_agent', 'mapping_manager': {'seed': 42, 'metrics': ['auc', 'nll'], 'verbose': True, 'num_mappers': 1, 'plotting_flags': {'plot_images': False, 'plot_metrics': True, 'plot_predictions': False, 'plot_point_clouds': False}}, 'experiment_parameters': {'mapping': {'decoding': {'method': ['relu', 'relu_normalize', 'relu_squaring', 'relu_normalize_squaring', 'tanh', 'tanh_normalize', 'tanh_squaring', 'tanh_normalize_squaring', 'sigmoid', 'sigmoid_normalize', 'sigmoid_squaring', 'sigmoid_normalize_squaring']}, 'axis_resolution': [1], 'vector_length_scale': [0.1, 0.2, 0.5, 1], 'vector_dimensionality': [32768, 16384, 8192]}}}",mapping-axis_resolution=1-0_mapping-vector_dimensionality=16384_mapping-vector_length_scale=0-2_mapping-decoding-method=relu_normalize_squaring
64,"{'_runtime': 6.941104072, '_step': 88, '_timestamp': 1740609945.178723, '_wandb': {'runtime': 6}, 'cpu2gpu_time': 9.703636169433594e-05, 'decoding': {'decoding_time': 0.10649599879980089}, 'empty': {'axis_fd_matrix': 0.058368001133203506, 'axis_fd_power_matrix': 0.11366400122642516, 'axis_fd_power_unsqueeze': 0.004095999989658594, 'dot_product': 4.783103942871094, 'hm_clone': 0.030719999223947525, 'hm_decoding': 0.027648000046610832, 'index_add': 0.026623999699950215, 'power_matrix': 0.055296000093221664, 'powers': 0.060416001826524734, 'qv_norm': 0.018432000651955605, 'tile_memory_calculation': 0.1157120019197464, 'world_bound_norm': 0.12390399724245071, 'xy_axis_fd_matrix': 0.07782399654388428, 'xy_axis_ifft': 0.0798719972372055}, 'occupied': {'axis_fd_matrix': 0.06758400052785873, 'axis_fd_power_matrix': 0.09011200070381165, 'axis_fd_power_unsqueeze': 0.005119999870657921, 'dot_product': 4.8066558837890625, 'hm_clone': 0.035840000957250595, 'hm_decoding': 0.02867200039327145, 'index_add': 0.05939200147986412, 'power_matrix': 0.0655359998345375, 'powers': 0.06860800087451935, 'qv_norm': 0.0727040022611618, 'tile_memory_calculation': 0.19046400487422943, 'world_bound_norm': 0.12595200538635254, 'xy_axis_fd_matrix': 0.08396799862384796, 'xy_axis_ifft': 0.09318400174379347}, 'ogm_conversion': 0.02867200039327145, 'split_time': 0.0001723766326904297, 'test_auc': 0.4747116402116402, 'test_nll': 0.7301602650523117, 'train_auc': 0.5982905982905984, 'train_nll': 0.700440784235835}","{'data': {'data_dir': 'datasets/sa/toysim0/npz', 'test_split': 0.2, 'file_prefix': 'results_frame_', 'file_suffix': '.npz', 'dataset_name': 'toysim', 'world_bounds': [-50, 50, -50, 50]}, 'wandb': {'notes': 'This experiment evaluates the performance of the decoding method on the ablation dataset.', 'online': True, 'enabled': True, 'verbose': False, 'project_name': 'decoding_method_evaluation_toymap_no_entropy'}, 'logging': {'enabled': True, 'verbose': False, 'save_dir': 'logs/decoding_method_evaluation_toymap_no_entropy/mapping-axis_resolution=1-0_mapping-vector_dimensionality=16384_mapping-vector_length_scale=0-2_mapping-decoding-method=tanh', 'log_images': True, 'override_existing': False}, 'mapping': {'seed': 42, 'device': 'cuda', 'verbose': True, 'decoding': {'alpha': 'None', 'method': 'tanh', 'disk_radii_1': 3, 'disk_radii_2': 3}, 'num_tiles': 1, 'data_filter': 'passthrough', 'mapping_type': 'SA_VSA_OGM', 'axis_resolution': 1, 'vector_length_scale': 0.2, 'vector_dimensionality': 16384}, 'experiment_name': 'mapping-axis_resolution=1-0_mapping-vector_dimensionality=16384_mapping-vector_length_scale=0-2_mapping-decoding-method=tanh', 'experiment_type': 'single_agent', 'mapping_manager': {'seed': 42, 'metrics': ['auc', 'nll'], 'verbose': True, 'num_mappers': 1, 'plotting_flags': {'plot_images': False, 'plot_metrics': True, 'plot_predictions': False, 'plot_point_clouds': False}}, 'experiment_parameters': {'mapping': {'decoding': {'method': ['relu', 'relu_normalize', 'relu_squaring', 'relu_normalize_squaring', 'tanh', 'tanh_normalize', 'tanh_squaring', 'tanh_normalize_squaring', 'sigmoid', 'sigmoid_normalize', 'sigmoid_squaring', 'sigmoid_normalize_squaring']}, 'axis_resolution': [1], 'vector_length_scale': [0.1, 0.2, 0.5, 1], 'vector_dimensionality': [32768, 16384, 8192]}}}",mapping-axis_resolution=1-0_mapping-vector_dimensionality=16384_mapping-vector_length_scale=0-2_mapping-decoding-method=tanh
65,"{'_runtime': 7.102989927, '_step': 88, '_timestamp': 1740609953.888127, '_wandb': {'runtime': 7}, 'cpu2gpu_time': 0.00010633468627929688, 'decoding': {'decoding_time': 0.16486400365829468}, 'empty': {'axis_fd_matrix': 0.058368001133203506, 'axis_fd_power_matrix': 0.11059200018644331, 'axis_fd_power_unsqueeze': 0.004095999989658594, 'dot_product': 4.767744064331055, 'hm_clone': 0.02969600073993206, 'hm_decoding': 0.02969600073993206, 'index_add': 0.02457600086927414, 'power_matrix': 0.05734400078654289, 'powers': 0.07065600156784058, 'qv_norm': 0.020479999482631683, 'tile_memory_calculation': 0.11468800157308578, 'world_bound_norm': 0.11161600053310394, 'xy_axis_fd_matrix': 0.07680000364780426, 'xy_axis_ifft': 0.07884799689054489}, 'occupied': {'axis_fd_matrix': 0.06758400052785873, 'axis_fd_power_matrix': 0.08806400001049042, 'axis_fd_power_unsqueeze': 0.004095999989658594, 'dot_product': 4.795392036437988, 'hm_clone': 0.03788800165057182, 'hm_decoding': 0.02867200039327145, 'index_add': 0.06143999844789505, 'power_matrix': 0.07680000364780426, 'powers': 0.06758400052785873, 'qv_norm': 0.0727040022611618, 'tile_memory_calculation': 0.17817600071430206, 'world_bound_norm': 0.12595200538635254, 'xy_axis_fd_matrix': 0.08499199897050858, 'xy_axis_ifft': 0.09318400174379347}, 'ogm_conversion': 0.02867200039327145, 'split_time': 0.0001838207244873047, 'test_auc': 0.5288968253968254, 'test_nll': 0.7186835547750324, 'train_auc': 0.7065527065527066, 'train_nll': 0.6573402971814767}","{'data': {'data_dir': 'datasets/sa/toysim0/npz', 'test_split': 0.2, 'file_prefix': 'results_frame_', 'file_suffix': '.npz', 'dataset_name': 'toysim', 'world_bounds': [-50, 50, -50, 50]}, 'wandb': {'notes': 'This experiment evaluates the performance of the decoding method on the ablation dataset.', 'online': True, 'enabled': True, 'verbose': False, 'project_name': 'decoding_method_evaluation_toymap_no_entropy'}, 'logging': {'enabled': True, 'verbose': False, 'save_dir': 'logs/decoding_method_evaluation_toymap_no_entropy/mapping-axis_resolution=1-0_mapping-vector_dimensionality=16384_mapping-vector_length_scale=0-2_mapping-decoding-method=tanh_normalize', 'log_images': True, 'override_existing': False}, 'mapping': {'seed': 42, 'device': 'cuda', 'verbose': True, 'decoding': {'alpha': 'None', 'method': 'tanh_normalize', 'disk_radii_1': 3, 'disk_radii_2': 3}, 'num_tiles': 1, 'data_filter': 'passthrough', 'mapping_type': 'SA_VSA_OGM', 'axis_resolution': 1, 'vector_length_scale': 0.2, 'vector_dimensionality': 16384}, 'experiment_name': 'mapping-axis_resolution=1-0_mapping-vector_dimensionality=16384_mapping-vector_length_scale=0-2_mapping-decoding-method=tanh_normalize', 'experiment_type': 'single_agent', 'mapping_manager': {'seed': 42, 'metrics': ['auc', 'nll'], 'verbose': True, 'num_mappers': 1, 'plotting_flags': {'plot_images': False, 'plot_metrics': True, 'plot_predictions': False, 'plot_point_clouds': False}}, 'experiment_parameters': {'mapping': {'decoding': {'method': ['relu', 'relu_normalize', 'relu_squaring', 'relu_normalize_squaring', 'tanh', 'tanh_normalize', 'tanh_squaring', 'tanh_normalize_squaring', 'sigmoid', 'sigmoid_normalize', 'sigmoid_squaring', 'sigmoid_normalize_squaring']}, 'axis_resolution': [1], 'vector_length_scale': [0.1, 0.2, 0.5, 1], 'vector_dimensionality': [32768, 16384, 8192]}}}",mapping-axis_resolution=1-0_mapping-vector_dimensionality=16384_mapping-vector_length_scale=0-2_mapping-decoding-method=tanh_normalize
66,"{'_runtime': 7.13831263, '_step': 88, '_timestamp': 1740609962.6389816, '_wandb': {'runtime': 7}, 'cpu2gpu_time': 0.0001156330108642578, 'decoding': {'decoding_time': 0.14028799533843994}, 'empty': {'axis_fd_matrix': 0.05939200147986412, 'axis_fd_power_matrix': 0.11468800157308578, 'axis_fd_power_unsqueeze': 0.005119999870657921, 'dot_product': 4.781055927276611, 'hm_clone': 0.030719999223947525, 'hm_decoding': 0.02867200039327145, 'index_add': 0.02457600086927414, 'power_matrix': 0.05632000043988228, 'powers': 0.060416001826524734, 'qv_norm': 0.02457600086927414, 'tile_memory_calculation': 0.116736002266407, 'world_bound_norm': 0.11264000087976456, 'xy_axis_fd_matrix': 0.07680000364780426, 'xy_axis_ifft': 0.08089599758386612}, 'occupied': {'axis_fd_matrix': 0.06656000018119812, 'axis_fd_power_matrix': 0.08908800035715103, 'axis_fd_power_unsqueeze': 0.004095999989658594, 'dot_product': 4.807680130004883, 'hm_clone': 0.03891199827194214, 'hm_decoding': 0.027648000046610832, 'index_add': 0.06348799914121628, 'power_matrix': 0.06451199948787689, 'powers': 0.06758400052785873, 'qv_norm': 0.07372800260782242, 'tile_memory_calculation': 0.17919999361038208, 'world_bound_norm': 0.12595200538635254, 'xy_axis_fd_matrix': 0.09523200243711472, 'xy_axis_ifft': 0.09523200243711472}, 'ogm_conversion': 0.02867200039327145, 'split_time': 0.000179290771484375, 'test_auc': 0.5085, 'test_nll': 0.6973055498842645, 'train_auc': 0.3418803418803419, 'train_nll': 0.935877702393417}","{'data': {'data_dir': 'datasets/sa/toysim0/npz', 'test_split': 0.2, 'file_prefix': 'results_frame_', 'file_suffix': '.npz', 'dataset_name': 'toysim', 'world_bounds': [-50, 50, -50, 50]}, 'wandb': {'notes': 'This experiment evaluates the performance of the decoding method on the ablation dataset.', 'online': True, 'enabled': True, 'verbose': False, 'project_name': 'decoding_method_evaluation_toymap_no_entropy'}, 'logging': {'enabled': True, 'verbose': False, 'save_dir': 'logs/decoding_method_evaluation_toymap_no_entropy/mapping-axis_resolution=1-0_mapping-vector_dimensionality=16384_mapping-vector_length_scale=0-2_mapping-decoding-method=tanh_squaring', 'log_images': True, 'override_existing': False}, 'mapping': {'seed': 42, 'device': 'cuda', 'verbose': True, 'decoding': {'alpha': 'None', 'method': 'tanh_squaring', 'disk_radii_1': 3, 'disk_radii_2': 3}, 'num_tiles': 1, 'data_filter': 'passthrough', 'mapping_type': 'SA_VSA_OGM', 'axis_resolution': 1, 'vector_length_scale': 0.2, 'vector_dimensionality': 16384}, 'experiment_name': 'mapping-axis_resolution=1-0_mapping-vector_dimensionality=16384_mapping-vector_length_scale=0-2_mapping-decoding-method=tanh_squaring', 'experiment_type': 'single_agent', 'mapping_manager': {'seed': 42, 'metrics': ['auc', 'nll'], 'verbose': True, 'num_mappers': 1, 'plotting_flags': {'plot_images': False, 'plot_metrics': True, 'plot_predictions': False, 'plot_point_clouds': False}}, 'experiment_parameters': {'mapping': {'decoding': {'method': ['relu', 'relu_normalize', 'relu_squaring', 'relu_normalize_squaring', 'tanh', 'tanh_normalize', 'tanh_squaring', 'tanh_normalize_squaring', 'sigmoid', 'sigmoid_normalize', 'sigmoid_squaring', 'sigmoid_normalize_squaring']}, 'axis_resolution': [1], 'vector_length_scale': [0.1, 0.2, 0.5, 1], 'vector_dimensionality': [32768, 16384, 8192]}}}",mapping-axis_resolution=1-0_mapping-vector_dimensionality=16384_mapping-vector_length_scale=0-2_mapping-decoding-method=tanh_squaring
67,"{'_runtime': 7.178483164, '_step': 88, '_timestamp': 1740609971.4227889, '_wandb': {'runtime': 7}, 'cpu2gpu_time': 0.00010538101196289062, 'decoding': {'decoding_time': 0.19251200556755063}, 'empty': {'axis_fd_matrix': 0.06963200122117996, 'axis_fd_power_matrix': 0.11264000087976456, 'axis_fd_power_unsqueeze': 0.004095999989658594, 'dot_product': 4.773888111114502, 'hm_clone': 0.030719999223947525, 'hm_decoding': 0.02969600073993206, 'index_add': 0.02457600086927414, 'power_matrix': 0.058368001133203506, 'powers': 0.06143999844789505, 'qv_norm': 0.021503999829292297, 'tile_memory_calculation': 0.116736002266407, 'world_bound_norm': 0.11059200018644331, 'xy_axis_fd_matrix': 0.07680000364780426, 'xy_axis_ifft': 0.07884799689054489}, 'occupied': {'axis_fd_matrix': 0.06758400052785873, 'axis_fd_power_matrix': 0.0870399996638298, 'axis_fd_power_unsqueeze': 0.004095999989658594, 'dot_product': 4.789247989654541, 'hm_clone': 0.03891199827194214, 'hm_decoding': 0.02867200039327145, 'index_add': 0.06143999844789505, 'power_matrix': 0.06963200122117996, 'powers': 0.07782399654388428, 'qv_norm': 0.07372800260782242, 'tile_memory_calculation': 0.17919999361038208, 'world_bound_norm': 0.12800000607967377, 'xy_axis_fd_matrix': 0.08806400001049042, 'xy_axis_ifft': 0.09318400174379347}, 'ogm_conversion': 0.027648000046610832, 'split_time': 0.00017547607421875, 'test_auc': 0.5126746031746032, 'test_nll': 0.7020029366541877, 'train_auc': 0.6695156695156695, 'train_nll': 0.7096240137344696}","{'data': {'data_dir': 'datasets/sa/toysim0/npz', 'test_split': 0.2, 'file_prefix': 'results_frame_', 'file_suffix': '.npz', 'dataset_name': 'toysim', 'world_bounds': [-50, 50, -50, 50]}, 'wandb': {'notes': 'This experiment evaluates the performance of the decoding method on the ablation dataset.', 'online': True, 'enabled': True, 'verbose': False, 'project_name': 'decoding_method_evaluation_toymap_no_entropy'}, 'logging': {'enabled': True, 'verbose': False, 'save_dir': 'logs/decoding_method_evaluation_toymap_no_entropy/mapping-axis_resolution=1-0_mapping-vector_dimensionality=16384_mapping-vector_length_scale=0-2_mapping-decoding-method=tanh_normalize_squaring', 'log_images': True, 'override_existing': False}, 'mapping': {'seed': 42, 'device': 'cuda', 'verbose': True, 'decoding': {'alpha': 'None', 'method': 'tanh_normalize_squaring', 'disk_radii_1': 3, 'disk_radii_2': 3}, 'num_tiles': 1, 'data_filter': 'passthrough', 'mapping_type': 'SA_VSA_OGM', 'axis_resolution': 1, 'vector_length_scale': 0.2, 'vector_dimensionality': 16384}, 'experiment_name': 'mapping-axis_resolution=1-0_mapping-vector_dimensionality=16384_mapping-vector_length_scale=0-2_mapping-decoding-method=tanh_normalize_squaring', 'experiment_type': 'single_agent', 'mapping_manager': {'seed': 42, 'metrics': ['auc', 'nll'], 'verbose': True, 'num_mappers': 1, 'plotting_flags': {'plot_images': False, 'plot_metrics': True, 'plot_predictions': False, 'plot_point_clouds': False}}, 'experiment_parameters': {'mapping': {'decoding': {'method': ['relu', 'relu_normalize', 'relu_squaring', 'relu_normalize_squaring', 'tanh', 'tanh_normalize', 'tanh_squaring', 'tanh_normalize_squaring', 'sigmoid', 'sigmoid_normalize', 'sigmoid_squaring', 'sigmoid_normalize_squaring']}, 'axis_resolution': [1], 'vector_length_scale': [0.1, 0.2, 0.5, 1], 'vector_dimensionality': [32768, 16384, 8192]}}}",mapping-axis_resolution=1-0_mapping-vector_dimensionality=16384_mapping-vector_length_scale=0-2_mapping-decoding-method=tanh_normalize_squaring
68,"{'_runtime': 7.416963518, '_step': 88, '_timestamp': 1740609980.4893043, '_wandb': {'runtime': 7}, 'cpu2gpu_time': 0.00010895729064941406, 'decoding': {'decoding_time': 0.10649599879980089}, 'empty': {'axis_fd_matrix': 0.05939200147986412, 'axis_fd_power_matrix': 0.11366400122642516, 'axis_fd_power_unsqueeze': 0.004095999989658594, 'dot_product': 4.789247989654541, 'hm_clone': 0.02969600073993206, 'hm_decoding': 0.02867200039327145, 'index_add': 0.025599999353289604, 'power_matrix': 0.055296000093221664, 'powers': 0.05939200147986412, 'qv_norm': 0.018432000651955605, 'tile_memory_calculation': 0.1157120019197464, 'world_bound_norm': 0.11366400122642516, 'xy_axis_fd_matrix': 0.07680000364780426, 'xy_axis_ifft': 0.07884799689054489}, 'occupied': {'axis_fd_matrix': 0.06758400052785873, 'axis_fd_power_matrix': 0.09113600105047226, 'axis_fd_power_unsqueeze': 0.005119999870657921, 'dot_product': 4.817920207977295, 'hm_clone': 0.03788800165057182, 'hm_decoding': 0.02867200039327145, 'index_add': 0.05632000043988228, 'power_matrix': 0.06348799914121628, 'powers': 0.06758400052785873, 'qv_norm': 0.0727040022611618, 'tile_memory_calculation': 0.17817600071430206, 'world_bound_norm': 0.1382399946451187, 'xy_axis_fd_matrix': 0.08396799862384796, 'xy_axis_ifft': 0.0942080020904541}, 'ogm_conversion': 0.02867200039327145, 'split_time': 0.00017547607421875, 'test_auc': 0.4918386243386243, 'test_nll': 0.7264522822534202, 'train_auc': 0.584045584045584, 'train_nll': 0.6962528230883211}","{'data': {'data_dir': 'datasets/sa/toysim0/npz', 'test_split': 0.2, 'file_prefix': 'results_frame_', 'file_suffix': '.npz', 'dataset_name': 'toysim', 'world_bounds': [-50, 50, -50, 50]}, 'wandb': {'notes': 'This experiment evaluates the performance of the decoding method on the ablation dataset.', 'online': True, 'enabled': True, 'verbose': False, 'project_name': 'decoding_method_evaluation_toymap_no_entropy'}, 'logging': {'enabled': True, 'verbose': False, 'save_dir': 'logs/decoding_method_evaluation_toymap_no_entropy/mapping-axis_resolution=1-0_mapping-vector_dimensionality=16384_mapping-vector_length_scale=0-2_mapping-decoding-method=sigmoid', 'log_images': True, 'override_existing': False}, 'mapping': {'seed': 42, 'device': 'cuda', 'verbose': True, 'decoding': {'alpha': 'None', 'method': 'sigmoid', 'disk_radii_1': 3, 'disk_radii_2': 3}, 'num_tiles': 1, 'data_filter': 'passthrough', 'mapping_type': 'SA_VSA_OGM', 'axis_resolution': 1, 'vector_length_scale': 0.2, 'vector_dimensionality': 16384}, 'experiment_name': 'mapping-axis_resolution=1-0_mapping-vector_dimensionality=16384_mapping-vector_length_scale=0-2_mapping-decoding-method=sigmoid', 'experiment_type': 'single_agent', 'mapping_manager': {'seed': 42, 'metrics': ['auc', 'nll'], 'verbose': True, 'num_mappers': 1, 'plotting_flags': {'plot_images': False, 'plot_metrics': True, 'plot_predictions': False, 'plot_point_clouds': False}}, 'experiment_parameters': {'mapping': {'decoding': {'method': ['relu', 'relu_normalize', 'relu_squaring', 'relu_normalize_squaring', 'tanh', 'tanh_normalize', 'tanh_squaring', 'tanh_normalize_squaring', 'sigmoid', 'sigmoid_normalize', 'sigmoid_squaring', 'sigmoid_normalize_squaring']}, 'axis_resolution': [1], 'vector_length_scale': [0.1, 0.2, 0.5, 1], 'vector_dimensionality': [32768, 16384, 8192]}}}",mapping-axis_resolution=1-0_mapping-vector_dimensionality=16384_mapping-vector_length_scale=0-2_mapping-decoding-method=sigmoid
69,"{'_runtime': 7.491840367, '_step': 88, '_timestamp': 1740609989.6561797, '_wandb': {'runtime': 7}, 'cpu2gpu_time': 0.00010919570922851562, 'decoding': {'decoding_time': 0.15360000729560852}, 'empty': {'axis_fd_matrix': 0.05939200147986412, 'axis_fd_power_matrix': 0.11776000261306764, 'axis_fd_power_unsqueeze': 0.005119999870657921, 'dot_product': 4.784128189086914, 'hm_clone': 0.030719999223947525, 'hm_decoding': 0.02867200039327145, 'index_add': 0.02457600086927414, 'power_matrix': 0.4505600035190582, 'powers': 0.06143999844789505, 'qv_norm': 0.035840000957250595, 'tile_memory_calculation': 0.11468800157308578, 'world_bound_norm': 0.11161600053310394, 'xy_axis_fd_matrix': 0.07680000364780426, 'xy_axis_ifft': 0.07884799689054489}, 'occupied': {'axis_fd_matrix': 0.0655359998345375, 'axis_fd_power_matrix': 0.08806400001049042, 'axis_fd_power_unsqueeze': 0.005119999870657921, 'dot_product': 4.81279993057251, 'hm_clone': 0.03891199827194214, 'hm_decoding': 0.027648000046610832, 'index_add': 0.06143999844789505, 'power_matrix': 0.06348799914121628, 'powers': 0.06963200122117996, 'qv_norm': 0.08294399827718735, 'tile_memory_calculation': 0.1812479943037033, 'world_bound_norm': 0.131071999669075, 'xy_axis_fd_matrix': 0.08499199897050858, 'xy_axis_ifft': 0.09216000139713287}, 'ogm_conversion': 0.027648000046610832, 'split_time': 0.00017690658569335938, 'test_auc': 0.4621825396825397, 'test_nll': 0.7742022253229663, 'train_auc': 0.34472934472934474, 'train_nll': 0.7587020165506162}","{'data': {'data_dir': 'datasets/sa/toysim0/npz', 'test_split': 0.2, 'file_prefix': 'results_frame_', 'file_suffix': '.npz', 'dataset_name': 'toysim', 'world_bounds': [-50, 50, -50, 50]}, 'wandb': {'notes': 'This experiment evaluates the performance of the decoding method on the ablation dataset.', 'online': True, 'enabled': True, 'verbose': False, 'project_name': 'decoding_method_evaluation_toymap_no_entropy'}, 'logging': {'enabled': True, 'verbose': False, 'save_dir': 'logs/decoding_method_evaluation_toymap_no_entropy/mapping-axis_resolution=1-0_mapping-vector_dimensionality=16384_mapping-vector_length_scale=0-2_mapping-decoding-method=sigmoid_normalize', 'log_images': True, 'override_existing': False}, 'mapping': {'seed': 42, 'device': 'cuda', 'verbose': True, 'decoding': {'alpha': 'None', 'method': 'sigmoid_normalize', 'disk_radii_1': 3, 'disk_radii_2': 3}, 'num_tiles': 1, 'data_filter': 'passthrough', 'mapping_type': 'SA_VSA_OGM', 'axis_resolution': 1, 'vector_length_scale': 0.2, 'vector_dimensionality': 16384}, 'experiment_name': 'mapping-axis_resolution=1-0_mapping-vector_dimensionality=16384_mapping-vector_length_scale=0-2_mapping-decoding-method=sigmoid_normalize', 'experiment_type': 'single_agent', 'mapping_manager': {'seed': 42, 'metrics': ['auc', 'nll'], 'verbose': True, 'num_mappers': 1, 'plotting_flags': {'plot_images': False, 'plot_metrics': True, 'plot_predictions': False, 'plot_point_clouds': False}}, 'experiment_parameters': {'mapping': {'decoding': {'method': ['relu', 'relu_normalize', 'relu_squaring', 'relu_normalize_squaring', 'tanh', 'tanh_normalize', 'tanh_squaring', 'tanh_normalize_squaring', 'sigmoid', 'sigmoid_normalize', 'sigmoid_squaring', 'sigmoid_normalize_squaring']}, 'axis_resolution': [1], 'vector_length_scale': [0.1, 0.2, 0.5, 1], 'vector_dimensionality': [32768, 16384, 8192]}}}",mapping-axis_resolution=1-0_mapping-vector_dimensionality=16384_mapping-vector_length_scale=0-2_mapping-decoding-method=sigmoid_normalize
70,"{'_runtime': 8.329540637000001, '_step': 88, '_timestamp': 1740609999.5898707, '_wandb': {'runtime': 8}, 'cpu2gpu_time': 0.00010919570922851562, 'decoding': {'decoding_time': 0.14745600521564484}, 'empty': {'axis_fd_matrix': 0.05939200147986412, 'axis_fd_power_matrix': 0.11468800157308578, 'axis_fd_power_unsqueeze': 0.004095999989658594, 'dot_product': 4.784128189086914, 'hm_clone': 0.030719999223947525, 'hm_decoding': 0.027648000046610832, 'index_add': 0.02457600086927414, 'power_matrix': 0.05734400078654289, 'powers': 0.05939200147986412, 'qv_norm': 0.018432000651955605, 'tile_memory_calculation': 0.1157120019197464, 'world_bound_norm': 0.11161600053310394, 'xy_axis_fd_matrix': 0.07680000364780426, 'xy_axis_ifft': 0.08089599758386612}, 'occupied': {'axis_fd_matrix': 0.06758400052785873, 'axis_fd_power_matrix': 0.08806400001049042, 'axis_fd_power_unsqueeze': 0.005119999870657921, 'dot_product': 4.822015762329102, 'hm_clone': 0.03686400130391121, 'hm_decoding': 0.027648000046610832, 'index_add': 0.060416001826524734, 'power_matrix': 0.06348799914121628, 'powers': 0.06656000018119812, 'qv_norm': 0.07168000191450119, 'tile_memory_calculation': 0.1812479943037033, 'world_bound_norm': 0.1372160017490387, 'xy_axis_fd_matrix': 0.08806400001049042, 'xy_axis_ifft': 0.0942080020904541}, 'ogm_conversion': 0.02867200039327145, 'split_time': 0.00017833709716796875, 'test_auc': 0.5282116402116402, 'test_nll': 0.670805346908387, 'train_auc': 0.49572649572649574, 'train_nll': 0.733595970231456}","{'data': {'data_dir': 'datasets/sa/toysim0/npz', 'test_split': 0.2, 'file_prefix': 'results_frame_', 'file_suffix': '.npz', 'dataset_name': 'toysim', 'world_bounds': [-50, 50, -50, 50]}, 'wandb': {'notes': 'This experiment evaluates the performance of the decoding method on the ablation dataset.', 'online': True, 'enabled': True, 'verbose': False, 'project_name': 'decoding_method_evaluation_toymap_no_entropy'}, 'logging': {'enabled': True, 'verbose': False, 'save_dir': 'logs/decoding_method_evaluation_toymap_no_entropy/mapping-axis_resolution=1-0_mapping-vector_dimensionality=16384_mapping-vector_length_scale=0-2_mapping-decoding-method=sigmoid_squaring', 'log_images': True, 'override_existing': False}, 'mapping': {'seed': 42, 'device': 'cuda', 'verbose': True, 'decoding': {'alpha': 'None', 'method': 'sigmoid_squaring', 'disk_radii_1': 3, 'disk_radii_2': 3}, 'num_tiles': 1, 'data_filter': 'passthrough', 'mapping_type': 'SA_VSA_OGM', 'axis_resolution': 1, 'vector_length_scale': 0.2, 'vector_dimensionality': 16384}, 'experiment_name': 'mapping-axis_resolution=1-0_mapping-vector_dimensionality=16384_mapping-vector_length_scale=0-2_mapping-decoding-method=sigmoid_squaring', 'experiment_type': 'single_agent', 'mapping_manager': {'seed': 42, 'metrics': ['auc', 'nll'], 'verbose': True, 'num_mappers': 1, 'plotting_flags': {'plot_images': False, 'plot_metrics': True, 'plot_predictions': False, 'plot_point_clouds': False}}, 'experiment_parameters': {'mapping': {'decoding': {'method': ['relu', 'relu_normalize', 'relu_squaring', 'relu_normalize_squaring', 'tanh', 'tanh_normalize', 'tanh_squaring', 'tanh_normalize_squaring', 'sigmoid', 'sigmoid_normalize', 'sigmoid_squaring', 'sigmoid_normalize_squaring']}, 'axis_resolution': [1], 'vector_length_scale': [0.1, 0.2, 0.5, 1], 'vector_dimensionality': [32768, 16384, 8192]}}}",mapping-axis_resolution=1-0_mapping-vector_dimensionality=16384_mapping-vector_length_scale=0-2_mapping-decoding-method=sigmoid_squaring
71,"{'_runtime': 7.892542394, '_step': 88, '_timestamp': 1740610014.1084971, '_wandb': {'runtime': 7}, 'cpu2gpu_time': 0.00010156631469726562, 'decoding': {'decoding_time': 0.18329599499702456}, 'empty': {'axis_fd_matrix': 0.060416001826524734, 'axis_fd_power_matrix': 0.09011200070381165, 'axis_fd_power_unsqueeze': 0.004095999989658594, 'dot_product': 3.834880113601685, 'hm_clone': 0.030719999223947525, 'hm_decoding': 0.023552000522613525, 'index_add': 0.03891199827194214, 'power_matrix': 0.05939200147986412, 'powers': 0.060416001826524734, 'qv_norm': 0.06348799914121628, 'tile_memory_calculation': 0.116736002266407, 'world_bound_norm': 0.11264000087976456, 'xy_axis_fd_matrix': 0.062463998794555664, 'xy_axis_ifft': 0.06143999844789505}, 'occupied': {'axis_fd_matrix': 0.06860800087451935, 'axis_fd_power_matrix': 0.07475200295448303, 'axis_fd_power_unsqueeze': 0.004095999989658594, 'dot_product': 3.857408046722412, 'hm_clone': 0.03788800165057182, 'hm_decoding': 0.02252800017595291, 'index_add': 0.058368001133203506, 'power_matrix': 0.06451199948787689, 'powers': 0.06758400052785873, 'qv_norm': 0.08089599758386612, 'tile_memory_calculation': 0.17612800002098083, 'world_bound_norm': 0.12902399897575378, 'xy_axis_fd_matrix': 0.0870399996638298, 'xy_axis_ifft': 0.09011200070381165}, 'ogm_conversion': 0.02867200039327145, 'split_time': 0.00017499923706054688, 'test_auc': 0.5337910052910052, 'test_nll': 0.6780270582812635, 'train_auc': 0.3646723646723647, 'train_nll': 0.7286689888318432}","{'data': {'data_dir': 'datasets/sa/toysim0/npz', 'test_split': 0.2, 'file_prefix': 'results_frame_', 'file_suffix': '.npz', 'dataset_name': 'toysim', 'world_bounds': [-50, 50, -50, 50]}, 'wandb': {'notes': 'This experiment evaluates the performance of the decoding method on the ablation dataset.', 'online': True, 'enabled': True, 'verbose': False, 'project_name': 'decoding_method_evaluation_toymap_no_entropy'}, 'logging': {'enabled': True, 'verbose': False, 'save_dir': 'logs/decoding_method_evaluation_toymap_no_entropy/mapping-axis_resolution=1-0_mapping-vector_dimensionality=16384_mapping-vector_length_scale=0-2_mapping-decoding-method=sigmoid_normalize_squaring', 'log_images': True, 'override_existing': False}, 'mapping': {'seed': 42, 'device': 'cuda', 'verbose': True, 'decoding': {'alpha': 'None', 'method': 'sigmoid_normalize_squaring', 'disk_radii_1': 3, 'disk_radii_2': 3}, 'num_tiles': 1, 'data_filter': 'passthrough', 'mapping_type': 'SA_VSA_OGM', 'axis_resolution': 1, 'vector_length_scale': 0.2, 'vector_dimensionality': 16384}, 'experiment_name': 'mapping-axis_resolution=1-0_mapping-vector_dimensionality=16384_mapping-vector_length_scale=0-2_mapping-decoding-method=sigmoid_normalize_squaring', 'experiment_type': 'single_agent', 'mapping_manager': {'seed': 42, 'metrics': ['auc', 'nll'], 'verbose': True, 'num_mappers': 1, 'plotting_flags': {'plot_images': False, 'plot_metrics': True, 'plot_predictions': False, 'plot_point_clouds': False}}, 'experiment_parameters': {'mapping': {'decoding': {'method': ['relu', 'relu_normalize', 'relu_squaring', 'relu_normalize_squaring', 'tanh', 'tanh_normalize', 'tanh_squaring', 'tanh_normalize_squaring', 'sigmoid', 'sigmoid_normalize', 'sigmoid_squaring', 'sigmoid_normalize_squaring']}, 'axis_resolution': [1], 'vector_length_scale': [0.1, 0.2, 0.5, 1], 'vector_dimensionality': [32768, 16384, 8192]}}}",mapping-axis_resolution=1-0_mapping-vector_dimensionality=16384_mapping-vector_length_scale=0-2_mapping-decoding-method=sigmoid_normalize_squaring
72,"{'_runtime': 7.560223637, '_step': 88, '_timestamp': 1740610023.2966278, '_wandb': {'runtime': 7}, 'cpu2gpu_time': 0.00010442733764648438, 'decoding': {'decoding_time': 0.11161600053310394}, 'empty': {'axis_fd_matrix': 0.058368001133203506, 'axis_fd_power_matrix': 0.11059200018644331, 'axis_fd_power_unsqueeze': 0.004095999989658594, 'dot_product': 4.783103942871094, 'hm_clone': 0.02867200039327145, 'hm_decoding': 0.026623999699950215, 'index_add': 0.026623999699950215, 'power_matrix': 0.05734400078654289, 'powers': 0.0727040022611618, 'qv_norm': 0.018432000651955605, 'tile_memory_calculation': 0.11776000261306764, 'world_bound_norm': 0.11161600053310394, 'xy_axis_fd_matrix': 0.07782399654388428, 'xy_axis_ifft': 0.07884799689054489}, 'occupied': {'axis_fd_matrix': 0.0655359998345375, 'axis_fd_power_matrix': 0.08806400001049042, 'axis_fd_power_unsqueeze': 0.005119999870657921, 'dot_product': 4.810751914978027, 'hm_clone': 0.03993599861860275, 'hm_decoding': 0.027648000046610832, 'index_add': 0.058368001133203506, 'power_matrix': 0.07372800260782242, 'powers': 0.06758400052785873, 'qv_norm': 0.07372800260782242, 'tile_memory_calculation': 0.17919999361038208, 'world_bound_norm': 0.12800000607967377, 'xy_axis_fd_matrix': 0.08499199897050858, 'xy_axis_ifft': 0.1003519967198372}, 'ogm_conversion': 0.02969600073993206, 'split_time': 0.00017523765563964844, 'test_auc': 0.5979920634920635, 'test_nll': 0.690703374199409, 'train_auc': 0.4829059829059829, 'train_nll': 0.6611076955100502}","{'data': {'data_dir': 'datasets/sa/toysim0/npz', 'test_split': 0.2, 'file_prefix': 'results_frame_', 'file_suffix': '.npz', 'dataset_name': 'toysim', 'world_bounds': [-50, 50, -50, 50]}, 'wandb': {'notes': 'This experiment evaluates the performance of the decoding method on the ablation dataset.', 'online': True, 'enabled': True, 'verbose': False, 'project_name': 'decoding_method_evaluation_toymap_no_entropy'}, 'logging': {'enabled': True, 'verbose': False, 'save_dir': 'logs/decoding_method_evaluation_toymap_no_entropy/mapping-axis_resolution=1-0_mapping-vector_dimensionality=16384_mapping-vector_length_scale=0-5_mapping-decoding-method=relu', 'log_images': True, 'override_existing': False}, 'mapping': {'seed': 42, 'device': 'cuda', 'verbose': True, 'decoding': {'alpha': 'None', 'method': 'relu', 'disk_radii_1': 3, 'disk_radii_2': 3}, 'num_tiles': 1, 'data_filter': 'passthrough', 'mapping_type': 'SA_VSA_OGM', 'axis_resolution': 1, 'vector_length_scale': 0.5, 'vector_dimensionality': 16384}, 'experiment_name': 'mapping-axis_resolution=1-0_mapping-vector_dimensionality=16384_mapping-vector_length_scale=0-5_mapping-decoding-method=relu', 'experiment_type': 'single_agent', 'mapping_manager': {'seed': 42, 'metrics': ['auc', 'nll'], 'verbose': True, 'num_mappers': 1, 'plotting_flags': {'plot_images': False, 'plot_metrics': True, 'plot_predictions': False, 'plot_point_clouds': False}}, 'experiment_parameters': {'mapping': {'decoding': {'method': ['relu', 'relu_normalize', 'relu_squaring', 'relu_normalize_squaring', 'tanh', 'tanh_normalize', 'tanh_squaring', 'tanh_normalize_squaring', 'sigmoid', 'sigmoid_normalize', 'sigmoid_squaring', 'sigmoid_normalize_squaring']}, 'axis_resolution': [1], 'vector_length_scale': [0.1, 0.2, 0.5, 1], 'vector_dimensionality': [32768, 16384, 8192]}}}",mapping-axis_resolution=1-0_mapping-vector_dimensionality=16384_mapping-vector_length_scale=0-5_mapping-decoding-method=relu
73,"{'_runtime': 7.631016062, '_step': 88, '_timestamp': 1740610032.6088655, '_wandb': {'runtime': 7}, 'cpu2gpu_time': 0.00010514259338378906, 'decoding': {'decoding_time': 0.1658879965543747}, 'empty': {'axis_fd_matrix': 0.05939200147986412, 'axis_fd_power_matrix': 0.11059200018644331, 'axis_fd_power_unsqueeze': 0.004095999989658594, 'dot_product': 4.782080173492432, 'hm_clone': 0.02969600073993206, 'hm_decoding': 0.02867200039327145, 'index_add': 0.02457600086927414, 'power_matrix': 0.05939200147986412, 'powers': 0.060416001826524734, 'qv_norm': 0.023552000522613525, 'tile_memory_calculation': 0.12800000607967377, 'world_bound_norm': 0.11161600053310394, 'xy_axis_fd_matrix': 0.07680000364780426, 'xy_axis_ifft': 0.07884799689054489}, 'occupied': {'axis_fd_matrix': 0.0870399996638298, 'axis_fd_power_matrix': 0.08908800035715103, 'axis_fd_power_unsqueeze': 0.004095999989658594, 'dot_product': 4.808703899383545, 'hm_clone': 0.03788800165057182, 'hm_decoding': 0.026623999699950215, 'index_add': 0.05939200147986412, 'power_matrix': 0.06451199948787689, 'powers': 0.06758400052785873, 'qv_norm': 0.07372800260782242, 'tile_memory_calculation': 0.17919999361038208, 'world_bound_norm': 0.12697599828243256, 'xy_axis_fd_matrix': 0.08499199897050858, 'xy_axis_ifft': 0.0942080020904541}, 'ogm_conversion': 0.027648000046610832, 'split_time': 0.0001883506774902344, 'test_auc': 0.6048941798941799, 'test_nll': 0.6877590601761193, 'train_auc': 0.5356125356125356, 'train_nll': 0.6381570939871668}","{'data': {'data_dir': 'datasets/sa/toysim0/npz', 'test_split': 0.2, 'file_prefix': 'results_frame_', 'file_suffix': '.npz', 'dataset_name': 'toysim', 'world_bounds': [-50, 50, -50, 50]}, 'wandb': {'notes': 'This experiment evaluates the performance of the decoding method on the ablation dataset.', 'online': True, 'enabled': True, 'verbose': False, 'project_name': 'decoding_method_evaluation_toymap_no_entropy'}, 'logging': {'enabled': True, 'verbose': False, 'save_dir': 'logs/decoding_method_evaluation_toymap_no_entropy/mapping-axis_resolution=1-0_mapping-vector_dimensionality=16384_mapping-vector_length_scale=0-5_mapping-decoding-method=relu_normalize', 'log_images': True, 'override_existing': False}, 'mapping': {'seed': 42, 'device': 'cuda', 'verbose': True, 'decoding': {'alpha': 'None', 'method': 'relu_normalize', 'disk_radii_1': 3, 'disk_radii_2': 3}, 'num_tiles': 1, 'data_filter': 'passthrough', 'mapping_type': 'SA_VSA_OGM', 'axis_resolution': 1, 'vector_length_scale': 0.5, 'vector_dimensionality': 16384}, 'experiment_name': 'mapping-axis_resolution=1-0_mapping-vector_dimensionality=16384_mapping-vector_length_scale=0-5_mapping-decoding-method=relu_normalize', 'experiment_type': 'single_agent', 'mapping_manager': {'seed': 42, 'metrics': ['auc', 'nll'], 'verbose': True, 'num_mappers': 1, 'plotting_flags': {'plot_images': False, 'plot_metrics': True, 'plot_predictions': False, 'plot_point_clouds': False}}, 'experiment_parameters': {'mapping': {'decoding': {'method': ['relu', 'relu_normalize', 'relu_squaring', 'relu_normalize_squaring', 'tanh', 'tanh_normalize', 'tanh_squaring', 'tanh_normalize_squaring', 'sigmoid', 'sigmoid_normalize', 'sigmoid_squaring', 'sigmoid_normalize_squaring']}, 'axis_resolution': [1], 'vector_length_scale': [0.1, 0.2, 0.5, 1], 'vector_dimensionality': [32768, 16384, 8192]}}}",mapping-axis_resolution=1-0_mapping-vector_dimensionality=16384_mapping-vector_length_scale=0-5_mapping-decoding-method=relu_normalize
74,"{'_runtime': 7.742063285, '_step': 88, '_timestamp': 1740610041.9550629, '_wandb': {'runtime': 7}, 'cpu2gpu_time': 0.0001056194305419922, 'decoding': {'decoding_time': 0.1372160017490387}, 'empty': {'axis_fd_matrix': 0.05939200147986412, 'axis_fd_power_matrix': 0.11366400122642516, 'axis_fd_power_unsqueeze': 0.005119999870657921, 'dot_product': 4.7861762046813965, 'hm_clone': 0.03276799991726875, 'hm_decoding': 0.027648000046610832, 'index_add': 0.3461120128631592, 'power_matrix': 0.05939200147986412, 'powers': 0.060416001826524734, 'qv_norm': 0.07065600156784058, 'tile_memory_calculation': 0.116736002266407, 'world_bound_norm': 0.11059200018644331, 'xy_axis_fd_matrix': 0.07680000364780426, 'xy_axis_ifft': 0.08089599758386612}, 'occupied': {'axis_fd_matrix': 0.0655359998345375, 'axis_fd_power_matrix': 0.09011200070381165, 'axis_fd_power_unsqueeze': 0.004095999989658594, 'dot_product': 4.809728145599365, 'hm_clone': 0.03788800165057182, 'hm_decoding': 0.027648000046610832, 'index_add': 0.0655359998345375, 'power_matrix': 0.06860800087451935, 'powers': 0.06758400052785873, 'qv_norm': 0.07372800260782242, 'tile_memory_calculation': 0.17817600071430206, 'world_bound_norm': 0.12492799758911131, 'xy_axis_fd_matrix': 0.08191999793052673, 'xy_axis_ifft': 0.09113600105047226}, 'ogm_conversion': 0.02867200039327145, 'split_time': 0.0001857280731201172, 'test_auc': 0.6268968253968255, 'test_nll': 0.8217309919775784, 'train_auc': 0.6866096866096867, 'train_nll': 0.6044816049520291}","{'data': {'data_dir': 'datasets/sa/toysim0/npz', 'test_split': 0.2, 'file_prefix': 'results_frame_', 'file_suffix': '.npz', 'dataset_name': 'toysim', 'world_bounds': [-50, 50, -50, 50]}, 'wandb': {'notes': 'This experiment evaluates the performance of the decoding method on the ablation dataset.', 'online': True, 'enabled': True, 'verbose': False, 'project_name': 'decoding_method_evaluation_toymap_no_entropy'}, 'logging': {'enabled': True, 'verbose': False, 'save_dir': 'logs/decoding_method_evaluation_toymap_no_entropy/mapping-axis_resolution=1-0_mapping-vector_dimensionality=16384_mapping-vector_length_scale=0-5_mapping-decoding-method=relu_squaring', 'log_images': True, 'override_existing': False}, 'mapping': {'seed': 42, 'device': 'cuda', 'verbose': True, 'decoding': {'alpha': 'None', 'method': 'relu_squaring', 'disk_radii_1': 3, 'disk_radii_2': 3}, 'num_tiles': 1, 'data_filter': 'passthrough', 'mapping_type': 'SA_VSA_OGM', 'axis_resolution': 1, 'vector_length_scale': 0.5, 'vector_dimensionality': 16384}, 'experiment_name': 'mapping-axis_resolution=1-0_mapping-vector_dimensionality=16384_mapping-vector_length_scale=0-5_mapping-decoding-method=relu_squaring', 'experiment_type': 'single_agent', 'mapping_manager': {'seed': 42, 'metrics': ['auc', 'nll'], 'verbose': True, 'num_mappers': 1, 'plotting_flags': {'plot_images': False, 'plot_metrics': True, 'plot_predictions': False, 'plot_point_clouds': False}}, 'experiment_parameters': {'mapping': {'decoding': {'method': ['relu', 'relu_normalize', 'relu_squaring', 'relu_normalize_squaring', 'tanh', 'tanh_normalize', 'tanh_squaring', 'tanh_normalize_squaring', 'sigmoid', 'sigmoid_normalize', 'sigmoid_squaring', 'sigmoid_normalize_squaring']}, 'axis_resolution': [1], 'vector_length_scale': [0.1, 0.2, 0.5, 1], 'vector_dimensionality': [32768, 16384, 8192]}}}",mapping-axis_resolution=1-0_mapping-vector_dimensionality=16384_mapping-vector_length_scale=0-5_mapping-decoding-method=relu_squaring
75,"{'_runtime': 7.740026495, '_step': 88, '_timestamp': 1740610051.3087687, '_wandb': {'runtime': 7}, 'cpu2gpu_time': 0.0001018047332763672, 'decoding': {'decoding_time': 0.1884160041809082}, 'empty': {'axis_fd_matrix': 0.05939200147986412, 'axis_fd_power_matrix': 0.11161600053310394, 'axis_fd_power_unsqueeze': 0.004095999989658594, 'dot_product': 4.782080173492432, 'hm_clone': 0.02969600073993206, 'hm_decoding': 0.02867200039327145, 'index_add': 0.02457600086927414, 'power_matrix': 0.060416001826524734, 'powers': 0.06143999844789505, 'qv_norm': 0.021503999829292297, 'tile_memory_calculation': 0.11776000261306764, 'world_bound_norm': 0.12492799758911131, 'xy_axis_fd_matrix': 0.07680000364780426, 'xy_axis_ifft': 0.07884799689054489}, 'occupied': {'axis_fd_matrix': 0.06758400052785873, 'axis_fd_power_matrix': 0.08806400001049042, 'axis_fd_power_unsqueeze': 0.004095999989658594, 'dot_product': 4.810751914978027, 'hm_clone': 0.03788800165057182, 'hm_decoding': 0.027648000046610832, 'index_add': 0.06143999844789505, 'power_matrix': 0.0655359998345375, 'powers': 0.06758400052785873, 'qv_norm': 0.07372800260782242, 'tile_memory_calculation': 0.187391996383667, 'world_bound_norm': 0.12697599828243256, 'xy_axis_fd_matrix': 0.08908800035715103, 'xy_axis_ifft': 0.0942080020904541}, 'ogm_conversion': 0.035840000957250595, 'split_time': 0.00017714500427246094, 'test_auc': 0.5807063492063492, 'test_nll': 0.6742308202908175, 'train_auc': 0.5783475783475784, 'train_nll': 0.6792859812741883}","{'data': {'data_dir': 'datasets/sa/toysim0/npz', 'test_split': 0.2, 'file_prefix': 'results_frame_', 'file_suffix': '.npz', 'dataset_name': 'toysim', 'world_bounds': [-50, 50, -50, 50]}, 'wandb': {'notes': 'This experiment evaluates the performance of the decoding method on the ablation dataset.', 'online': True, 'enabled': True, 'verbose': False, 'project_name': 'decoding_method_evaluation_toymap_no_entropy'}, 'logging': {'enabled': True, 'verbose': False, 'save_dir': 'logs/decoding_method_evaluation_toymap_no_entropy/mapping-axis_resolution=1-0_mapping-vector_dimensionality=16384_mapping-vector_length_scale=0-5_mapping-decoding-method=relu_normalize_squaring', 'log_images': True, 'override_existing': False}, 'mapping': {'seed': 42, 'device': 'cuda', 'verbose': True, 'decoding': {'alpha': 'None', 'method': 'relu_normalize_squaring', 'disk_radii_1': 3, 'disk_radii_2': 3}, 'num_tiles': 1, 'data_filter': 'passthrough', 'mapping_type': 'SA_VSA_OGM', 'axis_resolution': 1, 'vector_length_scale': 0.5, 'vector_dimensionality': 16384}, 'experiment_name': 'mapping-axis_resolution=1-0_mapping-vector_dimensionality=16384_mapping-vector_length_scale=0-5_mapping-decoding-method=relu_normalize_squaring', 'experiment_type': 'single_agent', 'mapping_manager': {'seed': 42, 'metrics': ['auc', 'nll'], 'verbose': True, 'num_mappers': 1, 'plotting_flags': {'plot_images': False, 'plot_metrics': True, 'plot_predictions': False, 'plot_point_clouds': False}}, 'experiment_parameters': {'mapping': {'decoding': {'method': ['relu', 'relu_normalize', 'relu_squaring', 'relu_normalize_squaring', 'tanh', 'tanh_normalize', 'tanh_squaring', 'tanh_normalize_squaring', 'sigmoid', 'sigmoid_normalize', 'sigmoid_squaring', 'sigmoid_normalize_squaring']}, 'axis_resolution': [1], 'vector_length_scale': [0.1, 0.2, 0.5, 1], 'vector_dimensionality': [32768, 16384, 8192]}}}",mapping-axis_resolution=1-0_mapping-vector_dimensionality=16384_mapping-vector_length_scale=0-5_mapping-decoding-method=relu_normalize_squaring
76,"{'_runtime': 7.907323367, '_step': 88, '_timestamp': 1740610060.7890296, '_wandb': {'runtime': 7}, 'cpu2gpu_time': 0.00010585784912109376, 'decoding': {'decoding_time': 0.13516800105571747}, 'empty': {'axis_fd_matrix': 0.058368001133203506, 'axis_fd_power_matrix': 0.10956799983978271, 'axis_fd_power_unsqueeze': 0.004095999989658594, 'dot_product': 4.769792079925537, 'hm_clone': 0.030719999223947525, 'hm_decoding': 0.026623999699950215, 'index_add': 0.025599999353289604, 'power_matrix': 0.05734400078654289, 'powers': 0.05939200147986412, 'qv_norm': 0.020479999482631683, 'tile_memory_calculation': 0.12492799758911131, 'world_bound_norm': 0.11059200018644331, 'xy_axis_fd_matrix': 0.07884799689054489, 'xy_axis_ifft': 0.07884799689054489}, 'occupied': {'axis_fd_matrix': 0.06758400052785873, 'axis_fd_power_matrix': 0.0870399996638298, 'axis_fd_power_unsqueeze': 0.004095999989658594, 'dot_product': 4.788224220275879, 'hm_clone': 0.03891199827194214, 'hm_decoding': 0.027648000046610832, 'index_add': 0.05734400078654289, 'power_matrix': 0.06451199948787689, 'powers': 0.07168000191450119, 'qv_norm': 0.07782399654388428, 'tile_memory_calculation': 0.18432000279426575, 'world_bound_norm': 0.12697599828243256, 'xy_axis_fd_matrix': 0.09011200070381165, 'xy_axis_ifft': 0.0942080020904541}, 'ogm_conversion': 0.030719999223947525, 'split_time': 0.00017571449279785156, 'test_auc': 0.5620608465608465, 'test_nll': 0.6913720775935167, 'train_auc': 0.3418803418803419, 'train_nll': 0.70710428481581}","{'data': {'data_dir': 'datasets/sa/toysim0/npz', 'test_split': 0.2, 'file_prefix': 'results_frame_', 'file_suffix': '.npz', 'dataset_name': 'toysim', 'world_bounds': [-50, 50, -50, 50]}, 'wandb': {'notes': 'This experiment evaluates the performance of the decoding method on the ablation dataset.', 'online': True, 'enabled': True, 'verbose': False, 'project_name': 'decoding_method_evaluation_toymap_no_entropy'}, 'logging': {'enabled': True, 'verbose': False, 'save_dir': 'logs/decoding_method_evaluation_toymap_no_entropy/mapping-axis_resolution=1-0_mapping-vector_dimensionality=16384_mapping-vector_length_scale=0-5_mapping-decoding-method=tanh', 'log_images': True, 'override_existing': False}, 'mapping': {'seed': 42, 'device': 'cuda', 'verbose': True, 'decoding': {'alpha': 'None', 'method': 'tanh', 'disk_radii_1': 3, 'disk_radii_2': 3}, 'num_tiles': 1, 'data_filter': 'passthrough', 'mapping_type': 'SA_VSA_OGM', 'axis_resolution': 1, 'vector_length_scale': 0.5, 'vector_dimensionality': 16384}, 'experiment_name': 'mapping-axis_resolution=1-0_mapping-vector_dimensionality=16384_mapping-vector_length_scale=0-5_mapping-decoding-method=tanh', 'experiment_type': 'single_agent', 'mapping_manager': {'seed': 42, 'metrics': ['auc', 'nll'], 'verbose': True, 'num_mappers': 1, 'plotting_flags': {'plot_images': False, 'plot_metrics': True, 'plot_predictions': False, 'plot_point_clouds': False}}, 'experiment_parameters': {'mapping': {'decoding': {'method': ['relu', 'relu_normalize', 'relu_squaring', 'relu_normalize_squaring', 'tanh', 'tanh_normalize', 'tanh_squaring', 'tanh_normalize_squaring', 'sigmoid', 'sigmoid_normalize', 'sigmoid_squaring', 'sigmoid_normalize_squaring']}, 'axis_resolution': [1], 'vector_length_scale': [0.1, 0.2, 0.5, 1], 'vector_dimensionality': [32768, 16384, 8192]}}}",mapping-axis_resolution=1-0_mapping-vector_dimensionality=16384_mapping-vector_length_scale=0-5_mapping-decoding-method=tanh
77,"{'_runtime': 8.068216268, '_step': 88, '_timestamp': 1740610070.444026, '_wandb': {'runtime': 8}, 'cpu2gpu_time': 0.0001041889190673828, 'decoding': {'decoding_time': 0.16179199516773224}, 'empty': {'axis_fd_matrix': 0.058368001133203506, 'axis_fd_power_matrix': 0.11264000087976456, 'axis_fd_power_unsqueeze': 0.005119999870657921, 'dot_product': 4.766719818115234, 'hm_clone': 0.02969600073993206, 'hm_decoding': 0.027648000046610832, 'index_add': 0.02457600086927414, 'power_matrix': 0.05939200147986412, 'powers': 0.07065600156784058, 'qv_norm': 0.01945599913597107, 'tile_memory_calculation': 0.1157120019197464, 'world_bound_norm': 0.11161600053310394, 'xy_axis_fd_matrix': 0.07680000364780426, 'xy_axis_ifft': 0.07884799689054489}, 'occupied': {'axis_fd_matrix': 0.06758400052785873, 'axis_fd_power_matrix': 0.0870399996638298, 'axis_fd_power_unsqueeze': 0.004095999989658594, 'dot_product': 4.794367790222168, 'hm_clone': 0.03891199827194214, 'hm_decoding': 0.027648000046610832, 'index_add': 0.060416001826524734, 'power_matrix': 0.06656000018119812, 'powers': 0.06656000018119812, 'qv_norm': 0.07372800260782242, 'tile_memory_calculation': 0.17919999361038208, 'world_bound_norm': 0.12697599828243256, 'xy_axis_fd_matrix': 0.08601599931716919, 'xy_axis_ifft': 0.0942080020904541}, 'ogm_conversion': 0.02867200039327145, 'split_time': 0.00017571449279785156, 'test_auc': 0.5440661375661375, 'test_nll': 0.7008119787456932, 'train_auc': 0.5811965811965812, 'train_nll': 0.6838983972443962}","{'data': {'data_dir': 'datasets/sa/toysim0/npz', 'test_split': 0.2, 'file_prefix': 'results_frame_', 'file_suffix': '.npz', 'dataset_name': 'toysim', 'world_bounds': [-50, 50, -50, 50]}, 'wandb': {'notes': 'This experiment evaluates the performance of the decoding method on the ablation dataset.', 'online': True, 'enabled': True, 'verbose': False, 'project_name': 'decoding_method_evaluation_toymap_no_entropy'}, 'logging': {'enabled': True, 'verbose': False, 'save_dir': 'logs/decoding_method_evaluation_toymap_no_entropy/mapping-axis_resolution=1-0_mapping-vector_dimensionality=16384_mapping-vector_length_scale=0-5_mapping-decoding-method=tanh_normalize', 'log_images': True, 'override_existing': False}, 'mapping': {'seed': 42, 'device': 'cuda', 'verbose': True, 'decoding': {'alpha': 'None', 'method': 'tanh_normalize', 'disk_radii_1': 3, 'disk_radii_2': 3}, 'num_tiles': 1, 'data_filter': 'passthrough', 'mapping_type': 'SA_VSA_OGM', 'axis_resolution': 1, 'vector_length_scale': 0.5, 'vector_dimensionality': 16384}, 'experiment_name': 'mapping-axis_resolution=1-0_mapping-vector_dimensionality=16384_mapping-vector_length_scale=0-5_mapping-decoding-method=tanh_normalize', 'experiment_type': 'single_agent', 'mapping_manager': {'seed': 42, 'metrics': ['auc', 'nll'], 'verbose': True, 'num_mappers': 1, 'plotting_flags': {'plot_images': False, 'plot_metrics': True, 'plot_predictions': False, 'plot_point_clouds': False}}, 'experiment_parameters': {'mapping': {'decoding': {'method': ['relu', 'relu_normalize', 'relu_squaring', 'relu_normalize_squaring', 'tanh', 'tanh_normalize', 'tanh_squaring', 'tanh_normalize_squaring', 'sigmoid', 'sigmoid_normalize', 'sigmoid_squaring', 'sigmoid_normalize_squaring']}, 'axis_resolution': [1], 'vector_length_scale': [0.1, 0.2, 0.5, 1], 'vector_dimensionality': [32768, 16384, 8192]}}}",mapping-axis_resolution=1-0_mapping-vector_dimensionality=16384_mapping-vector_length_scale=0-5_mapping-decoding-method=tanh_normalize
78,"{'_runtime': 18.478548716, '_step': 88, '_timestamp': 1740610090.4793615, '_wandb': {'runtime': 18}, 'cpu2gpu_time': 0.0001080036163330078, 'decoding': {'decoding_time': 0.12800000607967377}, 'empty': {'axis_fd_matrix': 0.05734400078654289, 'axis_fd_power_matrix': 0.1157120019197464, 'axis_fd_power_unsqueeze': 0.004095999989658594, 'dot_product': 5.164031982421875, 'hm_clone': 0.030719999223947525, 'hm_decoding': 0.027648000046610832, 'index_add': 0.02457600086927414, 'power_matrix': 0.055296000093221664, 'powers': 0.060416001826524734, 'qv_norm': 0.018432000651955605, 'tile_memory_calculation': 0.1157120019197464, 'world_bound_norm': 0.11161600053310394, 'xy_axis_fd_matrix': 0.07577600330114365, 'xy_axis_ifft': 0.08089599758386612}, 'occupied': {'axis_fd_matrix': 0.06758400052785873, 'axis_fd_power_matrix': 0.08908800035715103, 'axis_fd_power_unsqueeze': 0.005119999870657921, 'dot_product': 4.79641580581665, 'hm_clone': 0.03891199827194214, 'hm_decoding': 0.027648000046610832, 'index_add': 0.05939200147986412, 'power_matrix': 0.0655359998345375, 'powers': 0.06860800087451935, 'qv_norm': 0.07372800260782242, 'tile_memory_calculation': 0.17817600071430206, 'world_bound_norm': 0.13619199395179749, 'xy_axis_fd_matrix': 0.08499199897050858, 'xy_axis_ifft': 0.09113600105047226}, 'ogm_conversion': 0.02867200039327145, 'split_time': 0.00017380714416503906, 'test_auc': 0.6134312169312169, 'test_nll': 0.671765599663397, 'train_auc': 0.5584045584045585, 'train_nll': 0.6838021767582652}","{'data': {'data_dir': 'datasets/sa/toysim0/npz', 'test_split': 0.2, 'file_prefix': 'results_frame_', 'file_suffix': '.npz', 'dataset_name': 'toysim', 'world_bounds': [-50, 50, -50, 50]}, 'wandb': {'notes': 'This experiment evaluates the performance of the decoding method on the ablation dataset.', 'online': True, 'enabled': True, 'verbose': False, 'project_name': 'decoding_method_evaluation_toymap_no_entropy'}, 'logging': {'enabled': True, 'verbose': False, 'save_dir': 'logs/decoding_method_evaluation_toymap_no_entropy/mapping-axis_resolution=1-0_mapping-vector_dimensionality=16384_mapping-vector_length_scale=0-5_mapping-decoding-method=tanh_squaring', 'log_images': True, 'override_existing': False}, 'mapping': {'seed': 42, 'device': 'cuda', 'verbose': True, 'decoding': {'alpha': 'None', 'method': 'tanh_squaring', 'disk_radii_1': 3, 'disk_radii_2': 3}, 'num_tiles': 1, 'data_filter': 'passthrough', 'mapping_type': 'SA_VSA_OGM', 'axis_resolution': 1, 'vector_length_scale': 0.5, 'vector_dimensionality': 16384}, 'experiment_name': 'mapping-axis_resolution=1-0_mapping-vector_dimensionality=16384_mapping-vector_length_scale=0-5_mapping-decoding-method=tanh_squaring', 'experiment_type': 'single_agent', 'mapping_manager': {'seed': 42, 'metrics': ['auc', 'nll'], 'verbose': True, 'num_mappers': 1, 'plotting_flags': {'plot_images': False, 'plot_metrics': True, 'plot_predictions': False, 'plot_point_clouds': False}}, 'experiment_parameters': {'mapping': {'decoding': {'method': ['relu', 'relu_normalize', 'relu_squaring', 'relu_normalize_squaring', 'tanh', 'tanh_normalize', 'tanh_squaring', 'tanh_normalize_squaring', 'sigmoid', 'sigmoid_normalize', 'sigmoid_squaring', 'sigmoid_normalize_squaring']}, 'axis_resolution': [1], 'vector_length_scale': [0.1, 0.2, 0.5, 1], 'vector_dimensionality': [32768, 16384, 8192]}}}",mapping-axis_resolution=1-0_mapping-vector_dimensionality=16384_mapping-vector_length_scale=0-5_mapping-decoding-method=tanh_squaring
79,"{'_runtime': 8.222085621, '_step': 88, '_timestamp': 1740610100.3075633, '_wandb': {'runtime': 8}, 'cpu2gpu_time': 0.00010585784912109376, 'decoding': {'decoding_time': 0.19763199985027313}, 'empty': {'axis_fd_matrix': 0.05734400078654289, 'axis_fd_power_matrix': 0.11059200018644331, 'axis_fd_power_unsqueeze': 0.005119999870657921, 'dot_product': 4.781055927276611, 'hm_clone': 0.02969600073993206, 'hm_decoding': 0.02867200039327145, 'index_add': 0.02457600086927414, 'power_matrix': 0.05632000043988228, 'powers': 0.060416001826524734, 'qv_norm': 0.01945599913597107, 'tile_memory_calculation': 0.1157120019197464, 'world_bound_norm': 0.11980800330638884, 'xy_axis_fd_matrix': 0.07577600330114365, 'xy_axis_ifft': 0.0798719972372055}, 'occupied': {'axis_fd_matrix': 0.06860800087451935, 'axis_fd_power_matrix': 0.08806400001049042, 'axis_fd_power_unsqueeze': 0.005119999870657921, 'dot_product': 4.816895961761475, 'hm_clone': 0.03788800165057182, 'hm_decoding': 0.027648000046610832, 'index_add': 0.05939200147986412, 'power_matrix': 0.06656000018119812, 'powers': 0.06656000018119812, 'qv_norm': 0.07372800260782242, 'tile_memory_calculation': 0.1884160041809082, 'world_bound_norm': 0.12697599828243256, 'xy_axis_fd_matrix': 0.0870399996638298, 'xy_axis_ifft': 0.09216000139713287}, 'ogm_conversion': 0.02969600073993206, 'split_time': 0.00017642974853515625, 'test_auc': 0.6043465608465609, 'test_nll': 0.6702371758011076, 'train_auc': 0.6581196581196581, 'train_nll': 0.66639508139789}","{'data': {'data_dir': 'datasets/sa/toysim0/npz', 'test_split': 0.2, 'file_prefix': 'results_frame_', 'file_suffix': '.npz', 'dataset_name': 'toysim', 'world_bounds': [-50, 50, -50, 50]}, 'wandb': {'notes': 'This experiment evaluates the performance of the decoding method on the ablation dataset.', 'online': True, 'enabled': True, 'verbose': False, 'project_name': 'decoding_method_evaluation_toymap_no_entropy'}, 'logging': {'enabled': True, 'verbose': False, 'save_dir': 'logs/decoding_method_evaluation_toymap_no_entropy/mapping-axis_resolution=1-0_mapping-vector_dimensionality=16384_mapping-vector_length_scale=0-5_mapping-decoding-method=tanh_normalize_squaring', 'log_images': True, 'override_existing': False}, 'mapping': {'seed': 42, 'device': 'cuda', 'verbose': True, 'decoding': {'alpha': 'None', 'method': 'tanh_normalize_squaring', 'disk_radii_1': 3, 'disk_radii_2': 3}, 'num_tiles': 1, 'data_filter': 'passthrough', 'mapping_type': 'SA_VSA_OGM', 'axis_resolution': 1, 'vector_length_scale': 0.5, 'vector_dimensionality': 16384}, 'experiment_name': 'mapping-axis_resolution=1-0_mapping-vector_dimensionality=16384_mapping-vector_length_scale=0-5_mapping-decoding-method=tanh_normalize_squaring', 'experiment_type': 'single_agent', 'mapping_manager': {'seed': 42, 'metrics': ['auc', 'nll'], 'verbose': True, 'num_mappers': 1, 'plotting_flags': {'plot_images': False, 'plot_metrics': True, 'plot_predictions': False, 'plot_point_clouds': False}}, 'experiment_parameters': {'mapping': {'decoding': {'method': ['relu', 'relu_normalize', 'relu_squaring', 'relu_normalize_squaring', 'tanh', 'tanh_normalize', 'tanh_squaring', 'tanh_normalize_squaring', 'sigmoid', 'sigmoid_normalize', 'sigmoid_squaring', 'sigmoid_normalize_squaring']}, 'axis_resolution': [1], 'vector_length_scale': [0.1, 0.2, 0.5, 1], 'vector_dimensionality': [32768, 16384, 8192]}}}",mapping-axis_resolution=1-0_mapping-vector_dimensionality=16384_mapping-vector_length_scale=0-5_mapping-decoding-method=tanh_normalize_squaring
80,"{'_runtime': 8.295070629, '_step': 88, '_timestamp': 1740610110.174652, '_wandb': {'runtime': 8}, 'cpu2gpu_time': 0.00010609626770019533, 'decoding': {'decoding_time': 0.10956799983978271}, 'empty': {'axis_fd_matrix': 0.058368001133203506, 'axis_fd_power_matrix': 0.10956799983978271, 'axis_fd_power_unsqueeze': 0.005119999870657921, 'dot_product': 4.781055927276611, 'hm_clone': 0.02969600073993206, 'hm_decoding': 0.026623999699950215, 'index_add': 0.027648000046610832, 'power_matrix': 0.05632000043988228, 'powers': 0.06143999844789505, 'qv_norm': 0.025599999353289604, 'tile_memory_calculation': 0.1157120019197464, 'world_bound_norm': 0.11161600053310394, 'xy_axis_fd_matrix': 0.07884799689054489, 'xy_axis_ifft': 0.0798719972372055}, 'occupied': {'axis_fd_matrix': 0.06860800087451935, 'axis_fd_power_matrix': 0.09113600105047226, 'axis_fd_power_unsqueeze': 0.005119999870657921, 'dot_product': 4.807680130004883, 'hm_clone': 0.03891199827194214, 'hm_decoding': 0.027648000046610832, 'index_add': 0.058368001133203506, 'power_matrix': 0.06451199948787689, 'powers': 0.06758400052785873, 'qv_norm': 0.08191999793052673, 'tile_memory_calculation': 0.17919999361038208, 'world_bound_norm': 0.12902399897575378, 'xy_axis_fd_matrix': 0.08806400001049042, 'xy_axis_ifft': 0.09318400174379347}, 'ogm_conversion': 0.02867200039327145, 'split_time': 0.00017595291137695312, 'test_auc': 0.5698941798941799, 'test_nll': 0.6870096792043007, 'train_auc': 0.3675213675213675, 'train_nll': 0.7273276237955193}","{'data': {'data_dir': 'datasets/sa/toysim0/npz', 'test_split': 0.2, 'file_prefix': 'results_frame_', 'file_suffix': '.npz', 'dataset_name': 'toysim', 'world_bounds': [-50, 50, -50, 50]}, 'wandb': {'notes': 'This experiment evaluates the performance of the decoding method on the ablation dataset.', 'online': True, 'enabled': True, 'verbose': False, 'project_name': 'decoding_method_evaluation_toymap_no_entropy'}, 'logging': {'enabled': True, 'verbose': False, 'save_dir': 'logs/decoding_method_evaluation_toymap_no_entropy/mapping-axis_resolution=1-0_mapping-vector_dimensionality=16384_mapping-vector_length_scale=0-5_mapping-decoding-method=sigmoid', 'log_images': True, 'override_existing': False}, 'mapping': {'seed': 42, 'device': 'cuda', 'verbose': True, 'decoding': {'alpha': 'None', 'method': 'sigmoid', 'disk_radii_1': 3, 'disk_radii_2': 3}, 'num_tiles': 1, 'data_filter': 'passthrough', 'mapping_type': 'SA_VSA_OGM', 'axis_resolution': 1, 'vector_length_scale': 0.5, 'vector_dimensionality': 16384}, 'experiment_name': 'mapping-axis_resolution=1-0_mapping-vector_dimensionality=16384_mapping-vector_length_scale=0-5_mapping-decoding-method=sigmoid', 'experiment_type': 'single_agent', 'mapping_manager': {'seed': 42, 'metrics': ['auc', 'nll'], 'verbose': True, 'num_mappers': 1, 'plotting_flags': {'plot_images': False, 'plot_metrics': True, 'plot_predictions': False, 'plot_point_clouds': False}}, 'experiment_parameters': {'mapping': {'decoding': {'method': ['relu', 'relu_normalize', 'relu_squaring', 'relu_normalize_squaring', 'tanh', 'tanh_normalize', 'tanh_squaring', 'tanh_normalize_squaring', 'sigmoid', 'sigmoid_normalize', 'sigmoid_squaring', 'sigmoid_normalize_squaring']}, 'axis_resolution': [1], 'vector_length_scale': [0.1, 0.2, 0.5, 1], 'vector_dimensionality': [32768, 16384, 8192]}}}",mapping-axis_resolution=1-0_mapping-vector_dimensionality=16384_mapping-vector_length_scale=0-5_mapping-decoding-method=sigmoid
81,"{'_runtime': 8.304710536, '_step': 88, '_timestamp': 1740610122.412754, '_wandb': {'runtime': 8}, 'cpu2gpu_time': 0.0001118183135986328, 'decoding': {'decoding_time': 0.16179199516773224}, 'empty': {'axis_fd_matrix': 0.060416001826524734, 'axis_fd_power_matrix': 0.11264000087976456, 'axis_fd_power_unsqueeze': 0.004095999989658594, 'dot_product': 4.789247989654541, 'hm_clone': 0.02969600073993206, 'hm_decoding': 0.02867200039327145, 'index_add': 0.023552000522613525, 'power_matrix': 0.05734400078654289, 'powers': 0.06143999844789505, 'qv_norm': 0.03276799991726875, 'tile_memory_calculation': 0.11776000261306764, 'world_bound_norm': 0.11059200018644331, 'xy_axis_fd_matrix': 0.07680000364780426, 'xy_axis_ifft': 0.07884799689054489}, 'occupied': {'axis_fd_matrix': 0.06963200122117996, 'axis_fd_power_matrix': 0.08601599931716919, 'axis_fd_power_unsqueeze': 0.004095999989658594, 'dot_product': 4.809728145599365, 'hm_clone': 0.03993599861860275, 'hm_decoding': 0.027648000046610832, 'index_add': 0.060416001826524734, 'power_matrix': 0.062463998794555664, 'powers': 0.06656000018119812, 'qv_norm': 0.07475200295448303, 'tile_memory_calculation': 0.18329599499702456, 'world_bound_norm': 0.12697599828243256, 'xy_axis_fd_matrix': 0.09113600105047226, 'xy_axis_ifft': 0.10649599879980089}, 'ogm_conversion': 0.02867200039327145, 'split_time': 0.00019168853759765625, 'test_auc': 0.6108121693121693, 'test_nll': 0.6894001877713755, 'train_auc': 0.33333333333333337, 'train_nll': 0.7291385912630511}","{'data': {'data_dir': 'datasets/sa/toysim0/npz', 'test_split': 0.2, 'file_prefix': 'results_frame_', 'file_suffix': '.npz', 'dataset_name': 'toysim', 'world_bounds': [-50, 50, -50, 50]}, 'wandb': {'notes': 'This experiment evaluates the performance of the decoding method on the ablation dataset.', 'online': True, 'enabled': True, 'verbose': False, 'project_name': 'decoding_method_evaluation_toymap_no_entropy'}, 'logging': {'enabled': True, 'verbose': False, 'save_dir': 'logs/decoding_method_evaluation_toymap_no_entropy/mapping-axis_resolution=1-0_mapping-vector_dimensionality=16384_mapping-vector_length_scale=0-5_mapping-decoding-method=sigmoid_normalize', 'log_images': True, 'override_existing': False}, 'mapping': {'seed': 42, 'device': 'cuda', 'verbose': True, 'decoding': {'alpha': 'None', 'method': 'sigmoid_normalize', 'disk_radii_1': 3, 'disk_radii_2': 3}, 'num_tiles': 1, 'data_filter': 'passthrough', 'mapping_type': 'SA_VSA_OGM', 'axis_resolution': 1, 'vector_length_scale': 0.5, 'vector_dimensionality': 16384}, 'experiment_name': 'mapping-axis_resolution=1-0_mapping-vector_dimensionality=16384_mapping-vector_length_scale=0-5_mapping-decoding-method=sigmoid_normalize', 'experiment_type': 'single_agent', 'mapping_manager': {'seed': 42, 'metrics': ['auc', 'nll'], 'verbose': True, 'num_mappers': 1, 'plotting_flags': {'plot_images': False, 'plot_metrics': True, 'plot_predictions': False, 'plot_point_clouds': False}}, 'experiment_parameters': {'mapping': {'decoding': {'method': ['relu', 'relu_normalize', 'relu_squaring', 'relu_normalize_squaring', 'tanh', 'tanh_normalize', 'tanh_squaring', 'tanh_normalize_squaring', 'sigmoid', 'sigmoid_normalize', 'sigmoid_squaring', 'sigmoid_normalize_squaring']}, 'axis_resolution': [1], 'vector_length_scale': [0.1, 0.2, 0.5, 1], 'vector_dimensionality': [32768, 16384, 8192]}}}",mapping-axis_resolution=1-0_mapping-vector_dimensionality=16384_mapping-vector_length_scale=0-5_mapping-decoding-method=sigmoid_normalize
82,"{'_runtime': 8.489892703, '_step': 88, '_timestamp': 1740610132.4851334, '_wandb': {'runtime': 8}, 'cpu2gpu_time': 0.00010919570922851562, 'decoding': {'decoding_time': 0.14028799533843994}, 'empty': {'axis_fd_matrix': 0.05939200147986412, 'axis_fd_power_matrix': 0.11468800157308578, 'axis_fd_power_unsqueeze': 0.004095999989658594, 'dot_product': 4.766719818115234, 'hm_clone': 0.02969600073993206, 'hm_decoding': 0.026623999699950215, 'index_add': 0.023552000522613525, 'power_matrix': 0.05939200147986412, 'powers': 0.060416001826524734, 'qv_norm': 0.018432000651955605, 'tile_memory_calculation': 0.11878400295972824, 'world_bound_norm': 0.11980800330638884, 'xy_axis_fd_matrix': 0.07680000364780426, 'xy_axis_ifft': 0.0798719972372055}, 'occupied': {'axis_fd_matrix': 0.06860800087451935, 'axis_fd_power_matrix': 0.08908800035715103, 'axis_fd_power_unsqueeze': 0.004095999989658594, 'dot_product': 4.797440052032471, 'hm_clone': 0.03788800165057182, 'hm_decoding': 0.027648000046610832, 'index_add': 0.06143999844789505, 'power_matrix': 0.06451199948787689, 'powers': 0.0727040022611618, 'qv_norm': 0.07475200295448303, 'tile_memory_calculation': 0.19251200556755063, 'world_bound_norm': 0.130048006772995, 'xy_axis_fd_matrix': 0.08601599931716919, 'xy_axis_ifft': 0.09318400174379347}, 'ogm_conversion': 0.02867200039327145, 'split_time': 0.0001780986785888672, 'test_auc': 0.6012513227513228, 'test_nll': 0.7381128309869429, 'train_auc': 0.7435897435897436, 'train_nll': 0.6053704647973502}","{'data': {'data_dir': 'datasets/sa/toysim0/npz', 'test_split': 0.2, 'file_prefix': 'results_frame_', 'file_suffix': '.npz', 'dataset_name': 'toysim', 'world_bounds': [-50, 50, -50, 50]}, 'wandb': {'notes': 'This experiment evaluates the performance of the decoding method on the ablation dataset.', 'online': True, 'enabled': True, 'verbose': False, 'project_name': 'decoding_method_evaluation_toymap_no_entropy'}, 'logging': {'enabled': True, 'verbose': False, 'save_dir': 'logs/decoding_method_evaluation_toymap_no_entropy/mapping-axis_resolution=1-0_mapping-vector_dimensionality=16384_mapping-vector_length_scale=0-5_mapping-decoding-method=sigmoid_squaring', 'log_images': True, 'override_existing': False}, 'mapping': {'seed': 42, 'device': 'cuda', 'verbose': True, 'decoding': {'alpha': 'None', 'method': 'sigmoid_squaring', 'disk_radii_1': 3, 'disk_radii_2': 3}, 'num_tiles': 1, 'data_filter': 'passthrough', 'mapping_type': 'SA_VSA_OGM', 'axis_resolution': 1, 'vector_length_scale': 0.5, 'vector_dimensionality': 16384}, 'experiment_name': 'mapping-axis_resolution=1-0_mapping-vector_dimensionality=16384_mapping-vector_length_scale=0-5_mapping-decoding-method=sigmoid_squaring', 'experiment_type': 'single_agent', 'mapping_manager': {'seed': 42, 'metrics': ['auc', 'nll'], 'verbose': True, 'num_mappers': 1, 'plotting_flags': {'plot_images': False, 'plot_metrics': True, 'plot_predictions': False, 'plot_point_clouds': False}}, 'experiment_parameters': {'mapping': {'decoding': {'method': ['relu', 'relu_normalize', 'relu_squaring', 'relu_normalize_squaring', 'tanh', 'tanh_normalize', 'tanh_squaring', 'tanh_normalize_squaring', 'sigmoid', 'sigmoid_normalize', 'sigmoid_squaring', 'sigmoid_normalize_squaring']}, 'axis_resolution': [1], 'vector_length_scale': [0.1, 0.2, 0.5, 1], 'vector_dimensionality': [32768, 16384, 8192]}}}",mapping-axis_resolution=1-0_mapping-vector_dimensionality=16384_mapping-vector_length_scale=0-5_mapping-decoding-method=sigmoid_squaring
83,"{'_runtime': 8.852059106, '_step': 88, '_timestamp': 1740610143.0845177, '_wandb': {'runtime': 8}, 'cpu2gpu_time': 0.00010585784912109376, 'decoding': {'decoding_time': 0.2007039934396744}, 'empty': {'axis_fd_matrix': 0.05939200147986412, 'axis_fd_power_matrix': 0.11059200018644331, 'axis_fd_power_unsqueeze': 0.004095999989658594, 'dot_product': 4.774911880493164, 'hm_clone': 0.03174399957060814, 'hm_decoding': 0.02867200039327145, 'index_add': 0.023552000522613525, 'power_matrix': 0.060416001826524734, 'powers': 0.060416001826524734, 'qv_norm': 0.026623999699950215, 'tile_memory_calculation': 0.1157120019197464, 'world_bound_norm': 0.11161600053310394, 'xy_axis_fd_matrix': 0.07577600330114365, 'xy_axis_ifft': 0.07884799689054489}, 'occupied': {'axis_fd_matrix': 0.06656000018119812, 'axis_fd_power_matrix': 0.08806400001049042, 'axis_fd_power_unsqueeze': 0.004095999989658594, 'dot_product': 4.810751914978027, 'hm_clone': 0.03788800165057182, 'hm_decoding': 0.027648000046610832, 'index_add': 0.06143999844789505, 'power_matrix': 0.06656000018119812, 'powers': 0.06758400052785873, 'qv_norm': 0.0727040022611618, 'tile_memory_calculation': 0.1802240014076233, 'world_bound_norm': 0.13619199395179749, 'xy_axis_fd_matrix': 0.09318400174379347, 'xy_axis_ifft': 0.09318400174379347}, 'ogm_conversion': 0.02867200039327145, 'split_time': 0.00017762184143066406, 'test_auc': 0.6489365079365079, 'test_nll': 0.6589973529221356, 'train_auc': 0.4586894586894587, 'train_nll': 0.6869543669187435}","{'data': {'data_dir': 'datasets/sa/toysim0/npz', 'test_split': 0.2, 'file_prefix': 'results_frame_', 'file_suffix': '.npz', 'dataset_name': 'toysim', 'world_bounds': [-50, 50, -50, 50]}, 'wandb': {'notes': 'This experiment evaluates the performance of the decoding method on the ablation dataset.', 'online': True, 'enabled': True, 'verbose': False, 'project_name': 'decoding_method_evaluation_toymap_no_entropy'}, 'logging': {'enabled': True, 'verbose': False, 'save_dir': 'logs/decoding_method_evaluation_toymap_no_entropy/mapping-axis_resolution=1-0_mapping-vector_dimensionality=16384_mapping-vector_length_scale=0-5_mapping-decoding-method=sigmoid_normalize_squaring', 'log_images': True, 'override_existing': False}, 'mapping': {'seed': 42, 'device': 'cuda', 'verbose': True, 'decoding': {'alpha': 'None', 'method': 'sigmoid_normalize_squaring', 'disk_radii_1': 3, 'disk_radii_2': 3}, 'num_tiles': 1, 'data_filter': 'passthrough', 'mapping_type': 'SA_VSA_OGM', 'axis_resolution': 1, 'vector_length_scale': 0.5, 'vector_dimensionality': 16384}, 'experiment_name': 'mapping-axis_resolution=1-0_mapping-vector_dimensionality=16384_mapping-vector_length_scale=0-5_mapping-decoding-method=sigmoid_normalize_squaring', 'experiment_type': 'single_agent', 'mapping_manager': {'seed': 42, 'metrics': ['auc', 'nll'], 'verbose': True, 'num_mappers': 1, 'plotting_flags': {'plot_images': False, 'plot_metrics': True, 'plot_predictions': False, 'plot_point_clouds': False}}, 'experiment_parameters': {'mapping': {'decoding': {'method': ['relu', 'relu_normalize', 'relu_squaring', 'relu_normalize_squaring', 'tanh', 'tanh_normalize', 'tanh_squaring', 'tanh_normalize_squaring', 'sigmoid', 'sigmoid_normalize', 'sigmoid_squaring', 'sigmoid_normalize_squaring']}, 'axis_resolution': [1], 'vector_length_scale': [0.1, 0.2, 0.5, 1], 'vector_dimensionality': [32768, 16384, 8192]}}}",mapping-axis_resolution=1-0_mapping-vector_dimensionality=16384_mapping-vector_length_scale=0-5_mapping-decoding-method=sigmoid_normalize_squaring
84,"{'_runtime': 8.532564611, '_step': 88, '_timestamp': 1740610153.761647, '_wandb': {'runtime': 8}, 'cpu2gpu_time': 8.797645568847656e-05, 'decoding': {'decoding_time': 0.11468800157308578}, 'empty': {'axis_fd_matrix': 0.058368001133203506, 'axis_fd_power_matrix': 0.11264000087976456, 'axis_fd_power_unsqueeze': 0.004095999989658594, 'dot_product': 4.789247989654541, 'hm_clone': 0.03174399957060814, 'hm_decoding': 0.026623999699950215, 'index_add': 0.02457600086927414, 'power_matrix': 0.05734400078654289, 'powers': 0.05939200147986412, 'qv_norm': 0.04710400104522705, 'tile_memory_calculation': 0.12492799758911131, 'world_bound_norm': 0.11468800157308578, 'xy_axis_fd_matrix': 0.07680000364780426, 'xy_axis_ifft': 0.07782399654388428}, 'occupied': {'axis_fd_matrix': 0.0655359998345375, 'axis_fd_power_matrix': 0.09011200070381165, 'axis_fd_power_unsqueeze': 0.004095999989658594, 'dot_product': 4.80460786819458, 'hm_clone': 0.03379200026392937, 'hm_decoding': 0.027648000046610832, 'index_add': 0.058368001133203506, 'power_matrix': 0.06656000018119812, 'powers': 0.06860800087451935, 'qv_norm': 0.08294399827718735, 'tile_memory_calculation': 0.1802240014076233, 'world_bound_norm': 0.13312000036239624, 'xy_axis_fd_matrix': 0.08089599758386612, 'xy_axis_ifft': 0.09216000139713287}, 'ogm_conversion': 0.02867200039327145, 'split_time': 0.00016188621520996094, 'test_auc': 0.8598465608465607, 'test_nll': 0.5916615409848762, 'train_auc': 0.8831908831908832, 'train_nll': 0.5431306542786661}","{'data': {'data_dir': 'datasets/sa/toysim0/npz', 'test_split': 0.2, 'file_prefix': 'results_frame_', 'file_suffix': '.npz', 'dataset_name': 'toysim', 'world_bounds': [-50, 50, -50, 50]}, 'wandb': {'notes': 'This experiment evaluates the performance of the decoding method on the ablation dataset.', 'online': True, 'enabled': True, 'verbose': False, 'project_name': 'decoding_method_evaluation_toymap_no_entropy'}, 'logging': {'enabled': True, 'verbose': False, 'save_dir': 'logs/decoding_method_evaluation_toymap_no_entropy/mapping-axis_resolution=1-0_mapping-vector_dimensionality=16384_mapping-vector_length_scale=1-0_mapping-decoding-method=relu', 'log_images': True, 'override_existing': False}, 'mapping': {'seed': 42, 'device': 'cuda', 'verbose': True, 'decoding': {'alpha': 'None', 'method': 'relu', 'disk_radii_1': 3, 'disk_radii_2': 3}, 'num_tiles': 1, 'data_filter': 'passthrough', 'mapping_type': 'SA_VSA_OGM', 'axis_resolution': 1, 'vector_length_scale': 1, 'vector_dimensionality': 16384}, 'experiment_name': 'mapping-axis_resolution=1-0_mapping-vector_dimensionality=16384_mapping-vector_length_scale=1-0_mapping-decoding-method=relu', 'experiment_type': 'single_agent', 'mapping_manager': {'seed': 42, 'metrics': ['auc', 'nll'], 'verbose': True, 'num_mappers': 1, 'plotting_flags': {'plot_images': False, 'plot_metrics': True, 'plot_predictions': False, 'plot_point_clouds': False}}, 'experiment_parameters': {'mapping': {'decoding': {'method': ['relu', 'relu_normalize', 'relu_squaring', 'relu_normalize_squaring', 'tanh', 'tanh_normalize', 'tanh_squaring', 'tanh_normalize_squaring', 'sigmoid', 'sigmoid_normalize', 'sigmoid_squaring', 'sigmoid_normalize_squaring']}, 'axis_resolution': [1], 'vector_length_scale': [0.1, 0.2, 0.5, 1], 'vector_dimensionality': [32768, 16384, 8192]}}}",mapping-axis_resolution=1-0_mapping-vector_dimensionality=16384_mapping-vector_length_scale=1-0_mapping-decoding-method=relu
85,"{'_runtime': 8.634241599, '_step': 88, '_timestamp': 1740610163.950135, '_wandb': {'runtime': 8}, 'cpu2gpu_time': 0.00010728836059570312, 'decoding': {'decoding_time': 0.16281600296497345}, 'empty': {'axis_fd_matrix': 0.05734400078654289, 'axis_fd_power_matrix': 0.11264000087976456, 'axis_fd_power_unsqueeze': 0.004095999989658594, 'dot_product': 4.781055927276611, 'hm_clone': 0.02867200039327145, 'hm_decoding': 0.02867200039327145, 'index_add': 0.02457600086927414, 'power_matrix': 0.05939200147986412, 'powers': 0.060416001826524734, 'qv_norm': 0.02457600086927414, 'tile_memory_calculation': 0.1157120019197464, 'world_bound_norm': 0.10956799983978271, 'xy_axis_fd_matrix': 0.07577600330114365, 'xy_axis_ifft': 0.07884799689054489}, 'occupied': {'axis_fd_matrix': 0.06451199948787689, 'axis_fd_power_matrix': 0.09011200070381165, 'axis_fd_power_unsqueeze': 0.004095999989658594, 'dot_product': 4.8056321144104, 'hm_clone': 0.03788800165057182, 'hm_decoding': 0.027648000046610832, 'index_add': 0.05939200147986412, 'power_matrix': 0.06348799914121628, 'powers': 0.0655359998345375, 'qv_norm': 0.07372800260782242, 'tile_memory_calculation': 0.17817600071430206, 'world_bound_norm': 0.12595200538635254, 'xy_axis_fd_matrix': 0.08499199897050858, 'xy_axis_ifft': 0.09113600105047226}, 'ogm_conversion': 0.027648000046610832, 'split_time': 0.0001895427703857422, 'test_auc': 0.8014153439153439, 'test_nll': 0.5863384302339195, 'train_auc': 0.8233618233618234, 'train_nll': 0.5522808229232885}","{'data': {'data_dir': 'datasets/sa/toysim0/npz', 'test_split': 0.2, 'file_prefix': 'results_frame_', 'file_suffix': '.npz', 'dataset_name': 'toysim', 'world_bounds': [-50, 50, -50, 50]}, 'wandb': {'notes': 'This experiment evaluates the performance of the decoding method on the ablation dataset.', 'online': True, 'enabled': True, 'verbose': False, 'project_name': 'decoding_method_evaluation_toymap_no_entropy'}, 'logging': {'enabled': True, 'verbose': False, 'save_dir': 'logs/decoding_method_evaluation_toymap_no_entropy/mapping-axis_resolution=1-0_mapping-vector_dimensionality=16384_mapping-vector_length_scale=1-0_mapping-decoding-method=relu_normalize', 'log_images': True, 'override_existing': False}, 'mapping': {'seed': 42, 'device': 'cuda', 'verbose': True, 'decoding': {'alpha': 'None', 'method': 'relu_normalize', 'disk_radii_1': 3, 'disk_radii_2': 3}, 'num_tiles': 1, 'data_filter': 'passthrough', 'mapping_type': 'SA_VSA_OGM', 'axis_resolution': 1, 'vector_length_scale': 1, 'vector_dimensionality': 16384}, 'experiment_name': 'mapping-axis_resolution=1-0_mapping-vector_dimensionality=16384_mapping-vector_length_scale=1-0_mapping-decoding-method=relu_normalize', 'experiment_type': 'single_agent', 'mapping_manager': {'seed': 42, 'metrics': ['auc', 'nll'], 'verbose': True, 'num_mappers': 1, 'plotting_flags': {'plot_images': False, 'plot_metrics': True, 'plot_predictions': False, 'plot_point_clouds': False}}, 'experiment_parameters': {'mapping': {'decoding': {'method': ['relu', 'relu_normalize', 'relu_squaring', 'relu_normalize_squaring', 'tanh', 'tanh_normalize', 'tanh_squaring', 'tanh_normalize_squaring', 'sigmoid', 'sigmoid_normalize', 'sigmoid_squaring', 'sigmoid_normalize_squaring']}, 'axis_resolution': [1], 'vector_length_scale': [0.1, 0.2, 0.5, 1], 'vector_dimensionality': [32768, 16384, 8192]}}}",mapping-axis_resolution=1-0_mapping-vector_dimensionality=16384_mapping-vector_length_scale=1-0_mapping-decoding-method=relu_normalize
86,"{'_runtime': 8.752704353, '_step': 88, '_timestamp': 1740610174.2800996, '_wandb': {'runtime': 8}, 'cpu2gpu_time': 0.0001094341278076172, 'decoding': {'decoding_time': 0.13619199395179749}, 'empty': {'axis_fd_matrix': 0.06143999844789505, 'axis_fd_power_matrix': 0.116736002266407, 'axis_fd_power_unsqueeze': 0.004095999989658594, 'dot_product': 4.789247989654541, 'hm_clone': 0.04095999896526337, 'hm_decoding': 0.02867200039327145, 'index_add': 0.026623999699950215, 'power_matrix': 0.062463998794555664, 'powers': 0.07577600330114365, 'qv_norm': 0.06656000018119812, 'tile_memory_calculation': 0.15667200088500977, 'world_bound_norm': 0.14950400590896606, 'xy_axis_fd_matrix': 0.07680000364780426, 'xy_axis_ifft': 0.0798719972372055}, 'occupied': {'axis_fd_matrix': 0.06758400052785873, 'axis_fd_power_matrix': 0.0870399996638298, 'axis_fd_power_unsqueeze': 0.004095999989658594, 'dot_product': 4.811776161193848, 'hm_clone': 0.03788800165057182, 'hm_decoding': 0.02867200039327145, 'index_add': 0.058368001133203506, 'power_matrix': 0.06451199948787689, 'powers': 0.06860800087451935, 'qv_norm': 0.07372800260782242, 'tile_memory_calculation': 0.187391996383667, 'world_bound_norm': 0.12800000607967377, 'xy_axis_fd_matrix': 0.08806400001049042, 'xy_axis_ifft': 0.0942080020904541}, 'ogm_conversion': 0.027648000046610832, 'split_time': 0.00017952919006347656, 'test_auc': 0.8385502645502647, 'test_nll': 0.6953738863344223, 'train_auc': 0.9230769230769232, 'train_nll': 0.5639373301532424}","{'data': {'data_dir': 'datasets/sa/toysim0/npz', 'test_split': 0.2, 'file_prefix': 'results_frame_', 'file_suffix': '.npz', 'dataset_name': 'toysim', 'world_bounds': [-50, 50, -50, 50]}, 'wandb': {'notes': 'This experiment evaluates the performance of the decoding method on the ablation dataset.', 'online': True, 'enabled': True, 'verbose': False, 'project_name': 'decoding_method_evaluation_toymap_no_entropy'}, 'logging': {'enabled': True, 'verbose': False, 'save_dir': 'logs/decoding_method_evaluation_toymap_no_entropy/mapping-axis_resolution=1-0_mapping-vector_dimensionality=16384_mapping-vector_length_scale=1-0_mapping-decoding-method=relu_squaring', 'log_images': True, 'override_existing': False}, 'mapping': {'seed': 42, 'device': 'cuda', 'verbose': True, 'decoding': {'alpha': 'None', 'method': 'relu_squaring', 'disk_radii_1': 3, 'disk_radii_2': 3}, 'num_tiles': 1, 'data_filter': 'passthrough', 'mapping_type': 'SA_VSA_OGM', 'axis_resolution': 1, 'vector_length_scale': 1, 'vector_dimensionality': 16384}, 'experiment_name': 'mapping-axis_resolution=1-0_mapping-vector_dimensionality=16384_mapping-vector_length_scale=1-0_mapping-decoding-method=relu_squaring', 'experiment_type': 'single_agent', 'mapping_manager': {'seed': 42, 'metrics': ['auc', 'nll'], 'verbose': True, 'num_mappers': 1, 'plotting_flags': {'plot_images': False, 'plot_metrics': True, 'plot_predictions': False, 'plot_point_clouds': False}}, 'experiment_parameters': {'mapping': {'decoding': {'method': ['relu', 'relu_normalize', 'relu_squaring', 'relu_normalize_squaring', 'tanh', 'tanh_normalize', 'tanh_squaring', 'tanh_normalize_squaring', 'sigmoid', 'sigmoid_normalize', 'sigmoid_squaring', 'sigmoid_normalize_squaring']}, 'axis_resolution': [1], 'vector_length_scale': [0.1, 0.2, 0.5, 1], 'vector_dimensionality': [32768, 16384, 8192]}}}",mapping-axis_resolution=1-0_mapping-vector_dimensionality=16384_mapping-vector_length_scale=1-0_mapping-decoding-method=relu_squaring
87,"{'_runtime': 8.985472665, '_step': 88, '_timestamp': 1740610184.8121116, '_wandb': {'runtime': 8}, 'cpu2gpu_time': 9.083747863769533e-05, 'decoding': {'decoding_time': 0.18943999707698825}, 'empty': {'axis_fd_matrix': 0.060416001826524734, 'axis_fd_power_matrix': 0.11468800157308578, 'axis_fd_power_unsqueeze': 0.004095999989658594, 'dot_product': 5.273600101470947, 'hm_clone': 0.030719999223947525, 'hm_decoding': 0.02969600073993206, 'index_add': 0.02457600086927414, 'power_matrix': 0.05939200147986412, 'powers': 0.060416001826524734, 'qv_norm': 0.03481600061058998, 'tile_memory_calculation': 0.12697599828243256, 'world_bound_norm': 0.11878400295972824, 'xy_axis_fd_matrix': 0.07577600330114365, 'xy_axis_ifft': 0.07884799689054489}, 'occupied': {'axis_fd_matrix': 0.06758400052785873, 'axis_fd_power_matrix': 0.08908800035715103, 'axis_fd_power_unsqueeze': 0.004095999989658594, 'dot_product': 4.814847946166992, 'hm_clone': 0.03788800165057182, 'hm_decoding': 0.02867200039327145, 'index_add': 0.058368001133203506, 'power_matrix': 0.06143999844789505, 'powers': 0.06656000018119812, 'qv_norm': 0.07475200295448303, 'tile_memory_calculation': 0.19353599846363068, 'world_bound_norm': 0.130048006772995, 'xy_axis_fd_matrix': 0.08191999793052673, 'xy_axis_ifft': 0.09113600105047226}, 'ogm_conversion': 0.02867200039327145, 'split_time': 0.0001628398895263672, 'test_auc': 0.8159021164021163, 'test_nll': 0.6328193419643724, 'train_auc': 0.9002849002849003, 'train_nll': 0.6261708314192342}","{'data': {'data_dir': 'datasets/sa/toysim0/npz', 'test_split': 0.2, 'file_prefix': 'results_frame_', 'file_suffix': '.npz', 'dataset_name': 'toysim', 'world_bounds': [-50, 50, -50, 50]}, 'wandb': {'notes': 'This experiment evaluates the performance of the decoding method on the ablation dataset.', 'online': True, 'enabled': True, 'verbose': False, 'project_name': 'decoding_method_evaluation_toymap_no_entropy'}, 'logging': {'enabled': True, 'verbose': False, 'save_dir': 'logs/decoding_method_evaluation_toymap_no_entropy/mapping-axis_resolution=1-0_mapping-vector_dimensionality=16384_mapping-vector_length_scale=1-0_mapping-decoding-method=relu_normalize_squaring', 'log_images': True, 'override_existing': False}, 'mapping': {'seed': 42, 'device': 'cuda', 'verbose': True, 'decoding': {'alpha': 'None', 'method': 'relu_normalize_squaring', 'disk_radii_1': 3, 'disk_radii_2': 3}, 'num_tiles': 1, 'data_filter': 'passthrough', 'mapping_type': 'SA_VSA_OGM', 'axis_resolution': 1, 'vector_length_scale': 1, 'vector_dimensionality': 16384}, 'experiment_name': 'mapping-axis_resolution=1-0_mapping-vector_dimensionality=16384_mapping-vector_length_scale=1-0_mapping-decoding-method=relu_normalize_squaring', 'experiment_type': 'single_agent', 'mapping_manager': {'seed': 42, 'metrics': ['auc', 'nll'], 'verbose': True, 'num_mappers': 1, 'plotting_flags': {'plot_images': False, 'plot_metrics': True, 'plot_predictions': False, 'plot_point_clouds': False}}, 'experiment_parameters': {'mapping': {'decoding': {'method': ['relu', 'relu_normalize', 'relu_squaring', 'relu_normalize_squaring', 'tanh', 'tanh_normalize', 'tanh_squaring', 'tanh_normalize_squaring', 'sigmoid', 'sigmoid_normalize', 'sigmoid_squaring', 'sigmoid_normalize_squaring']}, 'axis_resolution': [1], 'vector_length_scale': [0.1, 0.2, 0.5, 1], 'vector_dimensionality': [32768, 16384, 8192]}}}",mapping-axis_resolution=1-0_mapping-vector_dimensionality=16384_mapping-vector_length_scale=1-0_mapping-decoding-method=relu_normalize_squaring
88,"{'_runtime': 9.048029838, '_step': 88, '_timestamp': 1740610195.4757254, '_wandb': {'runtime': 9}, 'cpu2gpu_time': 0.0001049041748046875, 'decoding': {'decoding_time': 0.10649599879980089}, 'empty': {'axis_fd_matrix': 0.058368001133203506, 'axis_fd_power_matrix': 0.11264000087976456, 'axis_fd_power_unsqueeze': 0.004095999989658594, 'dot_product': 4.784128189086914, 'hm_clone': 0.027648000046610832, 'hm_decoding': 0.02867200039327145, 'index_add': 0.025599999353289604, 'power_matrix': 0.05939200147986412, 'powers': 0.060416001826524734, 'qv_norm': 0.018432000651955605, 'tile_memory_calculation': 0.1228799968957901, 'world_bound_norm': 0.10956799983978271, 'xy_axis_fd_matrix': 0.07884799689054489, 'xy_axis_ifft': 0.07884799689054489}, 'occupied': {'axis_fd_matrix': 0.07577600330114365, 'axis_fd_power_matrix': 0.09011200070381165, 'axis_fd_power_unsqueeze': 0.004095999989658594, 'dot_product': 4.803584098815918, 'hm_clone': 0.03788800165057182, 'hm_decoding': 0.027648000046610832, 'index_add': 0.05427199974656105, 'power_matrix': 0.06451199948787689, 'powers': 0.06758400052785873, 'qv_norm': 0.07372800260782242, 'tile_memory_calculation': 0.17715199291706085, 'world_bound_norm': 0.12697599828243256, 'xy_axis_fd_matrix': 0.08294399827718735, 'xy_axis_ifft': 0.09523200243711472}, 'ogm_conversion': 0.027648000046610832, 'split_time': 0.0001742839813232422, 'test_auc': 0.7926481481481482, 'test_nll': 0.6248727049730537, 'train_auc': 0.8632478632478633, 'train_nll': 0.5286729469055056}","{'data': {'data_dir': 'datasets/sa/toysim0/npz', 'test_split': 0.2, 'file_prefix': 'results_frame_', 'file_suffix': '.npz', 'dataset_name': 'toysim', 'world_bounds': [-50, 50, -50, 50]}, 'wandb': {'notes': 'This experiment evaluates the performance of the decoding method on the ablation dataset.', 'online': True, 'enabled': True, 'verbose': False, 'project_name': 'decoding_method_evaluation_toymap_no_entropy'}, 'logging': {'enabled': True, 'verbose': False, 'save_dir': 'logs/decoding_method_evaluation_toymap_no_entropy/mapping-axis_resolution=1-0_mapping-vector_dimensionality=16384_mapping-vector_length_scale=1-0_mapping-decoding-method=tanh', 'log_images': True, 'override_existing': False}, 'mapping': {'seed': 42, 'device': 'cuda', 'verbose': True, 'decoding': {'alpha': 'None', 'method': 'tanh', 'disk_radii_1': 3, 'disk_radii_2': 3}, 'num_tiles': 1, 'data_filter': 'passthrough', 'mapping_type': 'SA_VSA_OGM', 'axis_resolution': 1, 'vector_length_scale': 1, 'vector_dimensionality': 16384}, 'experiment_name': 'mapping-axis_resolution=1-0_mapping-vector_dimensionality=16384_mapping-vector_length_scale=1-0_mapping-decoding-method=tanh', 'experiment_type': 'single_agent', 'mapping_manager': {'seed': 42, 'metrics': ['auc', 'nll'], 'verbose': True, 'num_mappers': 1, 'plotting_flags': {'plot_images': False, 'plot_metrics': True, 'plot_predictions': False, 'plot_point_clouds': False}}, 'experiment_parameters': {'mapping': {'decoding': {'method': ['relu', 'relu_normalize', 'relu_squaring', 'relu_normalize_squaring', 'tanh', 'tanh_normalize', 'tanh_squaring', 'tanh_normalize_squaring', 'sigmoid', 'sigmoid_normalize', 'sigmoid_squaring', 'sigmoid_normalize_squaring']}, 'axis_resolution': [1], 'vector_length_scale': [0.1, 0.2, 0.5, 1], 'vector_dimensionality': [32768, 16384, 8192]}}}",mapping-axis_resolution=1-0_mapping-vector_dimensionality=16384_mapping-vector_length_scale=1-0_mapping-decoding-method=tanh
89,"{'_runtime': 9.228487639, '_step': 88, '_timestamp': 1740610206.38685, '_wandb': {'runtime': 9}, 'cpu2gpu_time': 9.131431579589844e-05, 'decoding': {'decoding_time': 0.1525759994983673}, 'empty': {'axis_fd_matrix': 0.05939200147986412, 'axis_fd_power_matrix': 0.11264000087976456, 'axis_fd_power_unsqueeze': 0.004095999989658594, 'dot_product': 4.785151958465576, 'hm_clone': 0.03481600061058998, 'hm_decoding': 0.02969600073993206, 'index_add': 0.023552000522613525, 'power_matrix': 0.060416001826524734, 'powers': 0.060416001826524734, 'qv_norm': 0.08294399827718735, 'tile_memory_calculation': 0.12902399897575378, 'world_bound_norm': 0.12492799758911131, 'xy_axis_fd_matrix': 0.07577600330114365, 'xy_axis_ifft': 0.07884799689054489}, 'occupied': {'axis_fd_matrix': 0.07884799689054489, 'axis_fd_power_matrix': 0.08806400001049042, 'axis_fd_power_unsqueeze': 0.004095999989658594, 'dot_product': 4.802559852600098, 'hm_clone': 0.03788800165057182, 'hm_decoding': 0.02867200039327145, 'index_add': 0.06143999844789505, 'power_matrix': 0.06656000018119812, 'powers': 0.06860800087451935, 'qv_norm': 0.07372800260782242, 'tile_memory_calculation': 0.1802240014076233, 'world_bound_norm': 0.13209599256515503, 'xy_axis_fd_matrix': 0.08806400001049042, 'xy_axis_ifft': 0.09318400174379347}, 'ogm_conversion': 0.02867200039327145, 'split_time': 0.00016808509826660156, 'test_auc': 0.8042989417989417, 'test_nll': 0.5705955605624897, 'train_auc': 0.9572649572649572, 'train_nll': 0.4315092477327019}","{'data': {'data_dir': 'datasets/sa/toysim0/npz', 'test_split': 0.2, 'file_prefix': 'results_frame_', 'file_suffix': '.npz', 'dataset_name': 'toysim', 'world_bounds': [-50, 50, -50, 50]}, 'wandb': {'notes': 'This experiment evaluates the performance of the decoding method on the ablation dataset.', 'online': True, 'enabled': True, 'verbose': False, 'project_name': 'decoding_method_evaluation_toymap_no_entropy'}, 'logging': {'enabled': True, 'verbose': False, 'save_dir': 'logs/decoding_method_evaluation_toymap_no_entropy/mapping-axis_resolution=1-0_mapping-vector_dimensionality=16384_mapping-vector_length_scale=1-0_mapping-decoding-method=tanh_normalize', 'log_images': True, 'override_existing': False}, 'mapping': {'seed': 42, 'device': 'cuda', 'verbose': True, 'decoding': {'alpha': 'None', 'method': 'tanh_normalize', 'disk_radii_1': 3, 'disk_radii_2': 3}, 'num_tiles': 1, 'data_filter': 'passthrough', 'mapping_type': 'SA_VSA_OGM', 'axis_resolution': 1, 'vector_length_scale': 1, 'vector_dimensionality': 16384}, 'experiment_name': 'mapping-axis_resolution=1-0_mapping-vector_dimensionality=16384_mapping-vector_length_scale=1-0_mapping-decoding-method=tanh_normalize', 'experiment_type': 'single_agent', 'mapping_manager': {'seed': 42, 'metrics': ['auc', 'nll'], 'verbose': True, 'num_mappers': 1, 'plotting_flags': {'plot_images': False, 'plot_metrics': True, 'plot_predictions': False, 'plot_point_clouds': False}}, 'experiment_parameters': {'mapping': {'decoding': {'method': ['relu', 'relu_normalize', 'relu_squaring', 'relu_normalize_squaring', 'tanh', 'tanh_normalize', 'tanh_squaring', 'tanh_normalize_squaring', 'sigmoid', 'sigmoid_normalize', 'sigmoid_squaring', 'sigmoid_normalize_squaring']}, 'axis_resolution': [1], 'vector_length_scale': [0.1, 0.2, 0.5, 1], 'vector_dimensionality': [32768, 16384, 8192]}}}",mapping-axis_resolution=1-0_mapping-vector_dimensionality=16384_mapping-vector_length_scale=1-0_mapping-decoding-method=tanh_normalize
90,"{'_runtime': 9.184961357, '_step': 88, '_timestamp': 1740610217.3313413, '_wandb': {'runtime': 9}, 'cpu2gpu_time': 0.00010371208190917967, 'decoding': {'decoding_time': 0.1372160017490387}, 'empty': {'axis_fd_matrix': 0.062463998794555664, 'axis_fd_power_matrix': 0.11366400122642516, 'axis_fd_power_unsqueeze': 0.004095999989658594, 'dot_product': 4.784128189086914, 'hm_clone': 0.02969600073993206, 'hm_decoding': 0.02867200039327145, 'index_add': 0.02457600086927414, 'power_matrix': 0.05734400078654289, 'powers': 0.060416001826524734, 'qv_norm': 0.018432000651955605, 'tile_memory_calculation': 0.12492799758911131, 'world_bound_norm': 0.11161600053310394, 'xy_axis_fd_matrix': 0.07680000364780426, 'xy_axis_ifft': 0.08089599758386612}, 'occupied': {'axis_fd_matrix': 0.07577600330114365, 'axis_fd_power_matrix': 0.08806400001049042, 'axis_fd_power_unsqueeze': 0.004095999989658594, 'dot_product': 4.807680130004883, 'hm_clone': 0.03686400130391121, 'hm_decoding': 0.02867200039327145, 'index_add': 0.058368001133203506, 'power_matrix': 0.06451199948787689, 'powers': 0.06758400052785873, 'qv_norm': 0.0727040022611618, 'tile_memory_calculation': 0.17715199291706085, 'world_bound_norm': 0.12595200538635254, 'xy_axis_fd_matrix': 0.08499199897050858, 'xy_axis_ifft': 0.09318400174379347}, 'ogm_conversion': 0.02867200039327145, 'split_time': 0.00017976760864257812, 'test_auc': 0.7792671957671957, 'test_nll': 0.7344186672368586, 'train_auc': 0.8575498575498576, 'train_nll': 0.5868443601668903}","{'data': {'data_dir': 'datasets/sa/toysim0/npz', 'test_split': 0.2, 'file_prefix': 'results_frame_', 'file_suffix': '.npz', 'dataset_name': 'toysim', 'world_bounds': [-50, 50, -50, 50]}, 'wandb': {'notes': 'This experiment evaluates the performance of the decoding method on the ablation dataset.', 'online': True, 'enabled': True, 'verbose': False, 'project_name': 'decoding_method_evaluation_toymap_no_entropy'}, 'logging': {'enabled': True, 'verbose': False, 'save_dir': 'logs/decoding_method_evaluation_toymap_no_entropy/mapping-axis_resolution=1-0_mapping-vector_dimensionality=16384_mapping-vector_length_scale=1-0_mapping-decoding-method=tanh_squaring', 'log_images': True, 'override_existing': False}, 'mapping': {'seed': 42, 'device': 'cuda', 'verbose': True, 'decoding': {'alpha': 'None', 'method': 'tanh_squaring', 'disk_radii_1': 3, 'disk_radii_2': 3}, 'num_tiles': 1, 'data_filter': 'passthrough', 'mapping_type': 'SA_VSA_OGM', 'axis_resolution': 1, 'vector_length_scale': 1, 'vector_dimensionality': 16384}, 'experiment_name': 'mapping-axis_resolution=1-0_mapping-vector_dimensionality=16384_mapping-vector_length_scale=1-0_mapping-decoding-method=tanh_squaring', 'experiment_type': 'single_agent', 'mapping_manager': {'seed': 42, 'metrics': ['auc', 'nll'], 'verbose': True, 'num_mappers': 1, 'plotting_flags': {'plot_images': False, 'plot_metrics': True, 'plot_predictions': False, 'plot_point_clouds': False}}, 'experiment_parameters': {'mapping': {'decoding': {'method': ['relu', 'relu_normalize', 'relu_squaring', 'relu_normalize_squaring', 'tanh', 'tanh_normalize', 'tanh_squaring', 'tanh_normalize_squaring', 'sigmoid', 'sigmoid_normalize', 'sigmoid_squaring', 'sigmoid_normalize_squaring']}, 'axis_resolution': [1], 'vector_length_scale': [0.1, 0.2, 0.5, 1], 'vector_dimensionality': [32768, 16384, 8192]}}}",mapping-axis_resolution=1-0_mapping-vector_dimensionality=16384_mapping-vector_length_scale=1-0_mapping-decoding-method=tanh_squaring
91,"{'_runtime': 9.153134487, '_step': 88, '_timestamp': 1740610228.045737, '_wandb': {'runtime': 9}, 'cpu2gpu_time': 0.00010633468627929688, 'decoding': {'decoding_time': 0.19353599846363068}, 'empty': {'axis_fd_matrix': 0.05939200147986412, 'axis_fd_power_matrix': 0.11264000087976456, 'axis_fd_power_unsqueeze': 0.005119999870657921, 'dot_product': 4.768767833709717, 'hm_clone': 0.030719999223947525, 'hm_decoding': 0.02969600073993206, 'index_add': 0.02457600086927414, 'power_matrix': 0.05632000043988228, 'powers': 0.06143999844789505, 'qv_norm': 0.021503999829292297, 'tile_memory_calculation': 0.11776000261306764, 'world_bound_norm': 0.11878400295972824, 'xy_axis_fd_matrix': 0.07577600330114365, 'xy_axis_ifft': 0.07782399654388428}, 'occupied': {'axis_fd_matrix': 0.06656000018119812, 'axis_fd_power_matrix': 0.08908800035715103, 'axis_fd_power_unsqueeze': 0.004095999989658594, 'dot_product': 4.79641580581665, 'hm_clone': 0.03891199827194214, 'hm_decoding': 0.02867200039327145, 'index_add': 0.05939200147986412, 'power_matrix': 0.06348799914121628, 'powers': 0.06758400052785873, 'qv_norm': 0.07372800260782242, 'tile_memory_calculation': 0.187391996383667, 'world_bound_norm': 0.12800000607967377, 'xy_axis_fd_matrix': 0.08601599931716919, 'xy_axis_ifft': 0.09216000139713287}, 'ogm_conversion': 0.03686400130391121, 'split_time': 0.00018024444580078125, 'test_auc': 0.793031746031746, 'test_nll': 0.6290381935445688, 'train_auc': 0.8376068376068376, 'train_nll': 0.6360700210430613}","{'data': {'data_dir': 'datasets/sa/toysim0/npz', 'test_split': 0.2, 'file_prefix': 'results_frame_', 'file_suffix': '.npz', 'dataset_name': 'toysim', 'world_bounds': [-50, 50, -50, 50]}, 'wandb': {'notes': 'This experiment evaluates the performance of the decoding method on the ablation dataset.', 'online': True, 'enabled': True, 'verbose': False, 'project_name': 'decoding_method_evaluation_toymap_no_entropy'}, 'logging': {'enabled': True, 'verbose': False, 'save_dir': 'logs/decoding_method_evaluation_toymap_no_entropy/mapping-axis_resolution=1-0_mapping-vector_dimensionality=16384_mapping-vector_length_scale=1-0_mapping-decoding-method=tanh_normalize_squaring', 'log_images': True, 'override_existing': False}, 'mapping': {'seed': 42, 'device': 'cuda', 'verbose': True, 'decoding': {'alpha': 'None', 'method': 'tanh_normalize_squaring', 'disk_radii_1': 3, 'disk_radii_2': 3}, 'num_tiles': 1, 'data_filter': 'passthrough', 'mapping_type': 'SA_VSA_OGM', 'axis_resolution': 1, 'vector_length_scale': 1, 'vector_dimensionality': 16384}, 'experiment_name': 'mapping-axis_resolution=1-0_mapping-vector_dimensionality=16384_mapping-vector_length_scale=1-0_mapping-decoding-method=tanh_normalize_squaring', 'experiment_type': 'single_agent', 'mapping_manager': {'seed': 42, 'metrics': ['auc', 'nll'], 'verbose': True, 'num_mappers': 1, 'plotting_flags': {'plot_images': False, 'plot_metrics': True, 'plot_predictions': False, 'plot_point_clouds': False}}, 'experiment_parameters': {'mapping': {'decoding': {'method': ['relu', 'relu_normalize', 'relu_squaring', 'relu_normalize_squaring', 'tanh', 'tanh_normalize', 'tanh_squaring', 'tanh_normalize_squaring', 'sigmoid', 'sigmoid_normalize', 'sigmoid_squaring', 'sigmoid_normalize_squaring']}, 'axis_resolution': [1], 'vector_length_scale': [0.1, 0.2, 0.5, 1], 'vector_dimensionality': [32768, 16384, 8192]}}}",mapping-axis_resolution=1-0_mapping-vector_dimensionality=16384_mapping-vector_length_scale=1-0_mapping-decoding-method=tanh_normalize_squaring
92,"{'_runtime': 9.496417866, '_step': 88, '_timestamp': 1740610239.1310985, '_wandb': {'runtime': 9}, 'cpu2gpu_time': 9.03606414794922e-05, 'decoding': {'decoding_time': 0.12083200365304948}, 'empty': {'axis_fd_matrix': 0.05734400078654289, 'axis_fd_power_matrix': 0.11264000087976456, 'axis_fd_power_unsqueeze': 0.005119999870657921, 'dot_product': 4.7718400955200195, 'hm_clone': 0.02969600073993206, 'hm_decoding': 0.02969600073993206, 'index_add': 0.025599999353289604, 'power_matrix': 0.06143999844789505, 'powers': 0.06143999844789505, 'qv_norm': 0.02252800017595291, 'tile_memory_calculation': 0.1157120019197464, 'world_bound_norm': 0.11059200018644331, 'xy_axis_fd_matrix': 0.07680000364780426, 'xy_axis_ifft': 0.07884799689054489}, 'occupied': {'axis_fd_matrix': 0.07065600156784058, 'axis_fd_power_matrix': 0.08908800035715103, 'axis_fd_power_unsqueeze': 0.004095999989658594, 'dot_product': 4.8015360832214355, 'hm_clone': 0.03686400130391121, 'hm_decoding': 0.027648000046610832, 'index_add': 0.058368001133203506, 'power_matrix': 0.0655359998345375, 'powers': 0.06860800087451935, 'qv_norm': 0.07372800260782242, 'tile_memory_calculation': 0.187391996383667, 'world_bound_norm': 0.12902399897575378, 'xy_axis_fd_matrix': 0.08294399827718735, 'xy_axis_ifft': 0.09216000139713287}, 'ogm_conversion': 0.03174399957060814, 'split_time': 0.00016999244689941406, 'test_auc': 0.8187857142857142, 'test_nll': 0.5751782815117177, 'train_auc': 0.96011396011396, 'train_nll': 0.5020664178247115}","{'data': {'data_dir': 'datasets/sa/toysim0/npz', 'test_split': 0.2, 'file_prefix': 'results_frame_', 'file_suffix': '.npz', 'dataset_name': 'toysim', 'world_bounds': [-50, 50, -50, 50]}, 'wandb': {'notes': 'This experiment evaluates the performance of the decoding method on the ablation dataset.', 'online': True, 'enabled': True, 'verbose': False, 'project_name': 'decoding_method_evaluation_toymap_no_entropy'}, 'logging': {'enabled': True, 'verbose': False, 'save_dir': 'logs/decoding_method_evaluation_toymap_no_entropy/mapping-axis_resolution=1-0_mapping-vector_dimensionality=16384_mapping-vector_length_scale=1-0_mapping-decoding-method=sigmoid', 'log_images': True, 'override_existing': False}, 'mapping': {'seed': 42, 'device': 'cuda', 'verbose': True, 'decoding': {'alpha': 'None', 'method': 'sigmoid', 'disk_radii_1': 3, 'disk_radii_2': 3}, 'num_tiles': 1, 'data_filter': 'passthrough', 'mapping_type': 'SA_VSA_OGM', 'axis_resolution': 1, 'vector_length_scale': 1, 'vector_dimensionality': 16384}, 'experiment_name': 'mapping-axis_resolution=1-0_mapping-vector_dimensionality=16384_mapping-vector_length_scale=1-0_mapping-decoding-method=sigmoid', 'experiment_type': 'single_agent', 'mapping_manager': {'seed': 42, 'metrics': ['auc', 'nll'], 'verbose': True, 'num_mappers': 1, 'plotting_flags': {'plot_images': False, 'plot_metrics': True, 'plot_predictions': False, 'plot_point_clouds': False}}, 'experiment_parameters': {'mapping': {'decoding': {'method': ['relu', 'relu_normalize', 'relu_squaring', 'relu_normalize_squaring', 'tanh', 'tanh_normalize', 'tanh_squaring', 'tanh_normalize_squaring', 'sigmoid', 'sigmoid_normalize', 'sigmoid_squaring', 'sigmoid_normalize_squaring']}, 'axis_resolution': [1], 'vector_length_scale': [0.1, 0.2, 0.5, 1], 'vector_dimensionality': [32768, 16384, 8192]}}}",mapping-axis_resolution=1-0_mapping-vector_dimensionality=16384_mapping-vector_length_scale=1-0_mapping-decoding-method=sigmoid
93,"{'_runtime': 9.272865672, '_step': 88, '_timestamp': 1740610250.016626, '_wandb': {'runtime': 9}, 'cpu2gpu_time': 9.5367431640625e-05, 'decoding': {'decoding_time': 0.15564799308776855}, 'empty': {'axis_fd_matrix': 0.060416001826524734, 'axis_fd_power_matrix': 0.11366400122642516, 'axis_fd_power_unsqueeze': 0.004095999989658594, 'dot_product': 4.788224220275879, 'hm_clone': 0.035840000957250595, 'hm_decoding': 0.02969600073993206, 'index_add': 0.02457600086927414, 'power_matrix': 0.058368001133203506, 'powers': 0.06143999844789505, 'qv_norm': 0.04403200000524521, 'tile_memory_calculation': 0.12800000607967377, 'world_bound_norm': 0.12902399897575378, 'xy_axis_fd_matrix': 0.07680000364780426, 'xy_axis_ifft': 0.0798719972372055}, 'occupied': {'axis_fd_matrix': 0.0798719972372055, 'axis_fd_power_matrix': 0.08908800035715103, 'axis_fd_power_unsqueeze': 0.004095999989658594, 'dot_product': 4.807680130004883, 'hm_clone': 0.03891199827194214, 'hm_decoding': 0.02867200039327145, 'index_add': 0.060416001826524734, 'power_matrix': 0.0655359998345375, 'powers': 0.06860800087451935, 'qv_norm': 0.07475200295448303, 'tile_memory_calculation': 0.1802240014076233, 'world_bound_norm': 0.131071999669075, 'xy_axis_fd_matrix': 0.08396799862384796, 'xy_axis_ifft': 0.0942080020904541}, 'ogm_conversion': 0.03481600061058998, 'split_time': 0.0001704692840576172, 'test_auc': 0.7763783068783068, 'test_nll': 0.5891639936047056, 'train_auc': 0.8404558404558404, 'train_nll': 0.5688563040329575}","{'data': {'data_dir': 'datasets/sa/toysim0/npz', 'test_split': 0.2, 'file_prefix': 'results_frame_', 'file_suffix': '.npz', 'dataset_name': 'toysim', 'world_bounds': [-50, 50, -50, 50]}, 'wandb': {'notes': 'This experiment evaluates the performance of the decoding method on the ablation dataset.', 'online': True, 'enabled': True, 'verbose': False, 'project_name': 'decoding_method_evaluation_toymap_no_entropy'}, 'logging': {'enabled': True, 'verbose': False, 'save_dir': 'logs/decoding_method_evaluation_toymap_no_entropy/mapping-axis_resolution=1-0_mapping-vector_dimensionality=16384_mapping-vector_length_scale=1-0_mapping-decoding-method=sigmoid_normalize', 'log_images': True, 'override_existing': False}, 'mapping': {'seed': 42, 'device': 'cuda', 'verbose': True, 'decoding': {'alpha': 'None', 'method': 'sigmoid_normalize', 'disk_radii_1': 3, 'disk_radii_2': 3}, 'num_tiles': 1, 'data_filter': 'passthrough', 'mapping_type': 'SA_VSA_OGM', 'axis_resolution': 1, 'vector_length_scale': 1, 'vector_dimensionality': 16384}, 'experiment_name': 'mapping-axis_resolution=1-0_mapping-vector_dimensionality=16384_mapping-vector_length_scale=1-0_mapping-decoding-method=sigmoid_normalize', 'experiment_type': 'single_agent', 'mapping_manager': {'seed': 42, 'metrics': ['auc', 'nll'], 'verbose': True, 'num_mappers': 1, 'plotting_flags': {'plot_images': False, 'plot_metrics': True, 'plot_predictions': False, 'plot_point_clouds': False}}, 'experiment_parameters': {'mapping': {'decoding': {'method': ['relu', 'relu_normalize', 'relu_squaring', 'relu_normalize_squaring', 'tanh', 'tanh_normalize', 'tanh_squaring', 'tanh_normalize_squaring', 'sigmoid', 'sigmoid_normalize', 'sigmoid_squaring', 'sigmoid_normalize_squaring']}, 'axis_resolution': [1], 'vector_length_scale': [0.1, 0.2, 0.5, 1], 'vector_dimensionality': [32768, 16384, 8192]}}}",mapping-axis_resolution=1-0_mapping-vector_dimensionality=16384_mapping-vector_length_scale=1-0_mapping-decoding-method=sigmoid_normalize
94,"{'_runtime': 8.985779416, '_step': 88, '_timestamp': 1740610260.739223, '_wandb': {'runtime': 8}, 'cpu2gpu_time': 9.942054748535156e-05, 'decoding': {'decoding_time': 0.12800000607967377}, 'empty': {'axis_fd_matrix': 0.060416001826524734, 'axis_fd_power_matrix': 0.11776000261306764, 'axis_fd_power_unsqueeze': 0.004095999989658594, 'dot_product': 4.7769598960876465, 'hm_clone': 0.035840000957250595, 'hm_decoding': 0.02867200039327145, 'index_add': 0.02457600086927414, 'power_matrix': 0.060416001826524734, 'powers': 0.06143999844789505, 'qv_norm': 0.060416001826524734, 'tile_memory_calculation': 0.14028799533843994, 'world_bound_norm': 0.1382399946451187, 'xy_axis_fd_matrix': 0.07577600330114365, 'xy_axis_ifft': 0.08089599758386612}, 'occupied': {'axis_fd_matrix': 0.0655359998345375, 'axis_fd_power_matrix': 0.09011200070381165, 'axis_fd_power_unsqueeze': 0.004095999989658594, 'dot_product': 4.79641580581665, 'hm_clone': 0.03686400130391121, 'hm_decoding': 0.02867200039327145, 'index_add': 0.060416001826524734, 'power_matrix': 0.0655359998345375, 'powers': 0.06656000018119812, 'qv_norm': 0.0727040022611618, 'tile_memory_calculation': 0.17715199291706085, 'world_bound_norm': 0.13209599256515503, 'xy_axis_fd_matrix': 0.08806400001049042, 'xy_axis_ifft': 0.10444799810647964}, 'ogm_conversion': 0.04095999896526337, 'split_time': 0.00016951560974121094, 'test_auc': 0.7970529100529101, 'test_nll': 0.6871701099575034, 'train_auc': 0.774928774928775, 'train_nll': 0.6057396426342472}","{'data': {'data_dir': 'datasets/sa/toysim0/npz', 'test_split': 0.2, 'file_prefix': 'results_frame_', 'file_suffix': '.npz', 'dataset_name': 'toysim', 'world_bounds': [-50, 50, -50, 50]}, 'wandb': {'notes': 'This experiment evaluates the performance of the decoding method on the ablation dataset.', 'online': True, 'enabled': True, 'verbose': False, 'project_name': 'decoding_method_evaluation_toymap_no_entropy'}, 'logging': {'enabled': True, 'verbose': False, 'save_dir': 'logs/decoding_method_evaluation_toymap_no_entropy/mapping-axis_resolution=1-0_mapping-vector_dimensionality=16384_mapping-vector_length_scale=1-0_mapping-decoding-method=sigmoid_squaring', 'log_images': True, 'override_existing': False}, 'mapping': {'seed': 42, 'device': 'cuda', 'verbose': True, 'decoding': {'alpha': 'None', 'method': 'sigmoid_squaring', 'disk_radii_1': 3, 'disk_radii_2': 3}, 'num_tiles': 1, 'data_filter': 'passthrough', 'mapping_type': 'SA_VSA_OGM', 'axis_resolution': 1, 'vector_length_scale': 1, 'vector_dimensionality': 16384}, 'experiment_name': 'mapping-axis_resolution=1-0_mapping-vector_dimensionality=16384_mapping-vector_length_scale=1-0_mapping-decoding-method=sigmoid_squaring', 'experiment_type': 'single_agent', 'mapping_manager': {'seed': 42, 'metrics': ['auc', 'nll'], 'verbose': True, 'num_mappers': 1, 'plotting_flags': {'plot_images': False, 'plot_metrics': True, 'plot_predictions': False, 'plot_point_clouds': False}}, 'experiment_parameters': {'mapping': {'decoding': {'method': ['relu', 'relu_normalize', 'relu_squaring', 'relu_normalize_squaring', 'tanh', 'tanh_normalize', 'tanh_squaring', 'tanh_normalize_squaring', 'sigmoid', 'sigmoid_normalize', 'sigmoid_squaring', 'sigmoid_normalize_squaring']}, 'axis_resolution': [1], 'vector_length_scale': [0.1, 0.2, 0.5, 1], 'vector_dimensionality': [32768, 16384, 8192]}}}",mapping-axis_resolution=1-0_mapping-vector_dimensionality=16384_mapping-vector_length_scale=1-0_mapping-decoding-method=sigmoid_squaring
95,"{'_runtime': 8.893269784, '_step': 88, '_timestamp': 1740610271.2237666, '_wandb': {'runtime': 8}, 'cpu2gpu_time': 9.012222290039062e-05, 'decoding': {'decoding_time': 0.19046400487422943}, 'empty': {'axis_fd_matrix': 0.05734400078654289, 'axis_fd_power_matrix': 0.11161600053310394, 'axis_fd_power_unsqueeze': 0.004095999989658594, 'dot_product': 4.774911880493164, 'hm_clone': 0.02969600073993206, 'hm_decoding': 0.030719999223947525, 'index_add': 0.023552000522613525, 'power_matrix': 0.058368001133203506, 'powers': 0.05939200147986412, 'qv_norm': 0.03379200026392937, 'tile_memory_calculation': 0.11980800330638884, 'world_bound_norm': 0.1228799968957901, 'xy_axis_fd_matrix': 0.07475200295448303, 'xy_axis_ifft': 0.07884799689054489}, 'occupied': {'axis_fd_matrix': 0.0727040022611618, 'axis_fd_power_matrix': 0.09011200070381165, 'axis_fd_power_unsqueeze': 0.004095999989658594, 'dot_product': 4.799488067626953, 'hm_clone': 0.03276799991726875, 'hm_decoding': 0.02867200039327145, 'index_add': 0.05939200147986412, 'power_matrix': 0.06656000018119812, 'powers': 0.06963200122117996, 'qv_norm': 0.07372800260782242, 'tile_memory_calculation': 0.187391996383667, 'world_bound_norm': 0.13209599256515503, 'xy_axis_fd_matrix': 0.08396799862384796, 'xy_axis_ifft': 0.09318400174379347}, 'ogm_conversion': 0.02867200039327145, 'split_time': 0.00016307830810546875, 'test_auc': 0.7970291005291004, 'test_nll': 0.6369726053760367, 'train_auc': 0.8803418803418804, 'train_nll': 0.6271827699156408}","{'data': {'data_dir': 'datasets/sa/toysim0/npz', 'test_split': 0.2, 'file_prefix': 'results_frame_', 'file_suffix': '.npz', 'dataset_name': 'toysim', 'world_bounds': [-50, 50, -50, 50]}, 'wandb': {'notes': 'This experiment evaluates the performance of the decoding method on the ablation dataset.', 'online': True, 'enabled': True, 'verbose': False, 'project_name': 'decoding_method_evaluation_toymap_no_entropy'}, 'logging': {'enabled': True, 'verbose': False, 'save_dir': 'logs/decoding_method_evaluation_toymap_no_entropy/mapping-axis_resolution=1-0_mapping-vector_dimensionality=16384_mapping-vector_length_scale=1-0_mapping-decoding-method=sigmoid_normalize_squaring', 'log_images': True, 'override_existing': False}, 'mapping': {'seed': 42, 'device': 'cuda', 'verbose': True, 'decoding': {'alpha': 'None', 'method': 'sigmoid_normalize_squaring', 'disk_radii_1': 3, 'disk_radii_2': 3}, 'num_tiles': 1, 'data_filter': 'passthrough', 'mapping_type': 'SA_VSA_OGM', 'axis_resolution': 1, 'vector_length_scale': 1, 'vector_dimensionality': 16384}, 'experiment_name': 'mapping-axis_resolution=1-0_mapping-vector_dimensionality=16384_mapping-vector_length_scale=1-0_mapping-decoding-method=sigmoid_normalize_squaring', 'experiment_type': 'single_agent', 'mapping_manager': {'seed': 42, 'metrics': ['auc', 'nll'], 'verbose': True, 'num_mappers': 1, 'plotting_flags': {'plot_images': False, 'plot_metrics': True, 'plot_predictions': False, 'plot_point_clouds': False}}, 'experiment_parameters': {'mapping': {'decoding': {'method': ['relu', 'relu_normalize', 'relu_squaring', 'relu_normalize_squaring', 'tanh', 'tanh_normalize', 'tanh_squaring', 'tanh_normalize_squaring', 'sigmoid', 'sigmoid_normalize', 'sigmoid_squaring', 'sigmoid_normalize_squaring']}, 'axis_resolution': [1], 'vector_length_scale': [0.1, 0.2, 0.5, 1], 'vector_dimensionality': [32768, 16384, 8192]}}}",mapping-axis_resolution=1-0_mapping-vector_dimensionality=16384_mapping-vector_length_scale=1-0_mapping-decoding-method=sigmoid_normalize_squaring
96,"{'_runtime': 8.729101598, '_step': 88, '_timestamp': 1740610281.5925725, '_wandb': {'runtime': 8}, 'cpu2gpu_time': 0.00010442733764648438, 'decoding': {'decoding_time': 0.10239999741315842}, 'empty': {'axis_fd_matrix': 0.060416001826524734, 'axis_fd_power_matrix': 0.08191999793052673, 'axis_fd_power_unsqueeze': 0.004095999989658594, 'dot_product': 1.867776036262512, 'hm_clone': 0.030719999223947525, 'hm_decoding': 0.027648000046610832, 'index_add': 0.048128001391887665, 'power_matrix': 0.05939200147986412, 'powers': 0.06143999844789505, 'qv_norm': 0.055296000093221664, 'tile_memory_calculation': 0.1157120019197464, 'world_bound_norm': 0.11980800330638884, 'xy_axis_fd_matrix': 0.06348799914121628, 'xy_axis_ifft': 0.050175998359918594}, 'occupied': {'axis_fd_matrix': 0.07782399654388428, 'axis_fd_power_matrix': 0.08294399827718735, 'axis_fd_power_unsqueeze': 0.004095999989658594, 'dot_product': 1.8954240083694456, 'hm_clone': 0.04505600035190582, 'hm_decoding': 0.026623999699950215, 'index_add': 0.058368001133203506, 'power_matrix': 0.0655359998345375, 'powers': 0.06860800087451935, 'qv_norm': 0.0727040022611618, 'tile_memory_calculation': 0.17919999361038208, 'world_bound_norm': 0.12902399897575378, 'xy_axis_fd_matrix': 0.08601599931716919, 'xy_axis_ifft': 0.09216000139713287}, 'ogm_conversion': 0.03481600061058998, 'split_time': 0.0001823902130126953, 'test_auc': 0.4883677248677248, 'test_nll': 0.729265025510582, 'train_auc': 0.4971509971509972, 'train_nll': 0.7533481467841114}","{'data': {'data_dir': 'datasets/sa/toysim0/npz', 'test_split': 0.2, 'file_prefix': 'results_frame_', 'file_suffix': '.npz', 'dataset_name': 'toysim', 'world_bounds': [-50, 50, -50, 50]}, 'wandb': {'notes': 'This experiment evaluates the performance of the decoding method on the ablation dataset.', 'online': True, 'enabled': True, 'verbose': False, 'project_name': 'decoding_method_evaluation_toymap_no_entropy'}, 'logging': {'enabled': True, 'verbose': False, 'save_dir': 'logs/decoding_method_evaluation_toymap_no_entropy/mapping-axis_resolution=1-0_mapping-vector_dimensionality=8192_mapping-vector_length_scale=0-1_mapping-decoding-method=relu', 'log_images': True, 'override_existing': False}, 'mapping': {'seed': 42, 'device': 'cuda', 'verbose': True, 'decoding': {'alpha': 'None', 'method': 'relu', 'disk_radii_1': 3, 'disk_radii_2': 3}, 'num_tiles': 1, 'data_filter': 'passthrough', 'mapping_type': 'SA_VSA_OGM', 'axis_resolution': 1, 'vector_length_scale': 0.1, 'vector_dimensionality': 8192}, 'experiment_name': 'mapping-axis_resolution=1-0_mapping-vector_dimensionality=8192_mapping-vector_length_scale=0-1_mapping-decoding-method=relu', 'experiment_type': 'single_agent', 'mapping_manager': {'seed': 42, 'metrics': ['auc', 'nll'], 'verbose': True, 'num_mappers': 1, 'plotting_flags': {'plot_images': False, 'plot_metrics': True, 'plot_predictions': False, 'plot_point_clouds': False}}, 'experiment_parameters': {'mapping': {'decoding': {'method': ['relu', 'relu_normalize', 'relu_squaring', 'relu_normalize_squaring', 'tanh', 'tanh_normalize', 'tanh_squaring', 'tanh_normalize_squaring', 'sigmoid', 'sigmoid_normalize', 'sigmoid_squaring', 'sigmoid_normalize_squaring']}, 'axis_resolution': [1], 'vector_length_scale': [0.1, 0.2, 0.5, 1], 'vector_dimensionality': [32768, 16384, 8192]}}}",mapping-axis_resolution=1-0_mapping-vector_dimensionality=8192_mapping-vector_length_scale=0-1_mapping-decoding-method=relu
97,"{'_runtime': 8.543657612, '_step': 88, '_timestamp': 1740610292.985878, '_wandb': {'runtime': 8}, 'cpu2gpu_time': 0.00010442733764648438, 'decoding': {'decoding_time': 0.15769599378108978}, 'empty': {'axis_fd_matrix': 0.060416001826524734, 'axis_fd_power_matrix': 0.07884799689054489, 'axis_fd_power_unsqueeze': 0.004095999989658594, 'dot_product': 1.8657280206680296, 'hm_clone': 0.02969600073993206, 'hm_decoding': 0.027648000046610832, 'index_add': 0.04710400104522705, 'power_matrix': 0.058368001133203506, 'powers': 0.060416001826524734, 'qv_norm': 0.05324799939990043, 'tile_memory_calculation': 0.11878400295972824, 'world_bound_norm': 0.11878400295972824, 'xy_axis_fd_matrix': 0.07168000191450119, 'xy_axis_ifft': 0.05324799939990043}, 'occupied': {'axis_fd_matrix': 0.07577600330114365, 'axis_fd_power_matrix': 0.08191999793052673, 'axis_fd_power_unsqueeze': 0.004095999989658594, 'dot_product': 1.8923519849777224, 'hm_clone': 0.03993599861860275, 'hm_decoding': 0.027648000046610832, 'index_add': 0.058368001133203506, 'power_matrix': 0.06758400052785873, 'powers': 0.06963200122117996, 'qv_norm': 0.07475200295448303, 'tile_memory_calculation': 0.1802240014076233, 'world_bound_norm': 0.130048006772995, 'xy_axis_fd_matrix': 0.08499199897050858, 'xy_axis_ifft': 0.09625600278377532}, 'ogm_conversion': 0.02867200039327145, 'split_time': 0.00018215179443359375, 'test_auc': 0.5331349206349207, 'test_nll': 0.7305944602114903, 'train_auc': 0.5327635327635328, 'train_nll': 0.6937714179508074}","{'data': {'data_dir': 'datasets/sa/toysim0/npz', 'test_split': 0.2, 'file_prefix': 'results_frame_', 'file_suffix': '.npz', 'dataset_name': 'toysim', 'world_bounds': [-50, 50, -50, 50]}, 'wandb': {'notes': 'This experiment evaluates the performance of the decoding method on the ablation dataset.', 'online': True, 'enabled': True, 'verbose': False, 'project_name': 'decoding_method_evaluation_toymap_no_entropy'}, 'logging': {'enabled': True, 'verbose': False, 'save_dir': 'logs/decoding_method_evaluation_toymap_no_entropy/mapping-axis_resolution=1-0_mapping-vector_dimensionality=8192_mapping-vector_length_scale=0-1_mapping-decoding-method=relu_normalize', 'log_images': True, 'override_existing': False}, 'mapping': {'seed': 42, 'device': 'cuda', 'verbose': True, 'decoding': {'alpha': 'None', 'method': 'relu_normalize', 'disk_radii_1': 3, 'disk_radii_2': 3}, 'num_tiles': 1, 'data_filter': 'passthrough', 'mapping_type': 'SA_VSA_OGM', 'axis_resolution': 1, 'vector_length_scale': 0.1, 'vector_dimensionality': 8192}, 'experiment_name': 'mapping-axis_resolution=1-0_mapping-vector_dimensionality=8192_mapping-vector_length_scale=0-1_mapping-decoding-method=relu_normalize', 'experiment_type': 'single_agent', 'mapping_manager': {'seed': 42, 'metrics': ['auc', 'nll'], 'verbose': True, 'num_mappers': 1, 'plotting_flags': {'plot_images': False, 'plot_metrics': True, 'plot_predictions': False, 'plot_point_clouds': False}}, 'experiment_parameters': {'mapping': {'decoding': {'method': ['relu', 'relu_normalize', 'relu_squaring', 'relu_normalize_squaring', 'tanh', 'tanh_normalize', 'tanh_squaring', 'tanh_normalize_squaring', 'sigmoid', 'sigmoid_normalize', 'sigmoid_squaring', 'sigmoid_normalize_squaring']}, 'axis_resolution': [1], 'vector_length_scale': [0.1, 0.2, 0.5, 1], 'vector_dimensionality': [32768, 16384, 8192]}}}",mapping-axis_resolution=1-0_mapping-vector_dimensionality=8192_mapping-vector_length_scale=0-1_mapping-decoding-method=relu_normalize
98,"{'_runtime': 9.045512041, '_step': 88, '_timestamp': 1740610303.840709, '_wandb': {'runtime': 9}, 'cpu2gpu_time': 0.00010251998901367188, 'decoding': {'decoding_time': 0.13312000036239624}, 'empty': {'axis_fd_matrix': 0.05939200147986412, 'axis_fd_power_matrix': 0.08294399827718735, 'axis_fd_power_unsqueeze': 0.004095999989658594, 'dot_product': 1.866752028465271, 'hm_clone': 0.030719999223947525, 'hm_decoding': 0.027648000046610832, 'index_add': 0.04710400104522705, 'power_matrix': 0.060416001826524734, 'powers': 0.05939200147986412, 'qv_norm': 0.055296000093221664, 'tile_memory_calculation': 0.1157120019197464, 'world_bound_norm': 0.12390399724245071, 'xy_axis_fd_matrix': 0.06143999844789505, 'xy_axis_ifft': 0.05119999870657921}, 'occupied': {'axis_fd_matrix': 0.0798719972372055, 'axis_fd_power_matrix': 0.08294399827718735, 'axis_fd_power_unsqueeze': 0.004095999989658594, 'dot_product': 1.8944000005722048, 'hm_clone': 0.03993599861860275, 'hm_decoding': 0.027648000046610832, 'index_add': 0.058368001133203506, 'power_matrix': 0.06451199948787689, 'powers': 0.06860800087451935, 'qv_norm': 0.0727040022611618, 'tile_memory_calculation': 0.1802240014076233, 'world_bound_norm': 0.130048006772995, 'xy_axis_fd_matrix': 0.08294399827718735, 'xy_axis_ifft': 0.09318400174379347}, 'ogm_conversion': 0.03481600061058998, 'split_time': 0.0001800060272216797, 'test_auc': 0.5145714285714286, 'test_nll': 0.6838057676818627, 'train_auc': 0.4871794871794872, 'train_nll': 0.7981222081502087}","{'data': {'data_dir': 'datasets/sa/toysim0/npz', 'test_split': 0.2, 'file_prefix': 'results_frame_', 'file_suffix': '.npz', 'dataset_name': 'toysim', 'world_bounds': [-50, 50, -50, 50]}, 'wandb': {'notes': 'This experiment evaluates the performance of the decoding method on the ablation dataset.', 'online': True, 'enabled': True, 'verbose': False, 'project_name': 'decoding_method_evaluation_toymap_no_entropy'}, 'logging': {'enabled': True, 'verbose': False, 'save_dir': 'logs/decoding_method_evaluation_toymap_no_entropy/mapping-axis_resolution=1-0_mapping-vector_dimensionality=8192_mapping-vector_length_scale=0-1_mapping-decoding-method=relu_squaring', 'log_images': True, 'override_existing': False}, 'mapping': {'seed': 42, 'device': 'cuda', 'verbose': True, 'decoding': {'alpha': 'None', 'method': 'relu_squaring', 'disk_radii_1': 3, 'disk_radii_2': 3}, 'num_tiles': 1, 'data_filter': 'passthrough', 'mapping_type': 'SA_VSA_OGM', 'axis_resolution': 1, 'vector_length_scale': 0.1, 'vector_dimensionality': 8192}, 'experiment_name': 'mapping-axis_resolution=1-0_mapping-vector_dimensionality=8192_mapping-vector_length_scale=0-1_mapping-decoding-method=relu_squaring', 'experiment_type': 'single_agent', 'mapping_manager': {'seed': 42, 'metrics': ['auc', 'nll'], 'verbose': True, 'num_mappers': 1, 'plotting_flags': {'plot_images': False, 'plot_metrics': True, 'plot_predictions': False, 'plot_point_clouds': False}}, 'experiment_parameters': {'mapping': {'decoding': {'method': ['relu', 'relu_normalize', 'relu_squaring', 'relu_normalize_squaring', 'tanh', 'tanh_normalize', 'tanh_squaring', 'tanh_normalize_squaring', 'sigmoid', 'sigmoid_normalize', 'sigmoid_squaring', 'sigmoid_normalize_squaring']}, 'axis_resolution': [1], 'vector_length_scale': [0.1, 0.2, 0.5, 1], 'vector_dimensionality': [32768, 16384, 8192]}}}",mapping-axis_resolution=1-0_mapping-vector_dimensionality=8192_mapping-vector_length_scale=0-1_mapping-decoding-method=relu_squaring
99,"{'_runtime': 9.063346054, '_step': 88, '_timestamp': 1740610314.492471, '_wandb': {'runtime': 9}, 'cpu2gpu_time': 0.00010633468627929688, 'decoding': {'decoding_time': 0.1812479943037033}, 'empty': {'axis_fd_matrix': 0.06860800087451935, 'axis_fd_power_matrix': 0.08191999793052673, 'axis_fd_power_unsqueeze': 0.005119999870657921, 'dot_product': 1.8647040128707888, 'hm_clone': 0.02969600073993206, 'hm_decoding': 0.027648000046610832, 'index_add': 0.04608000069856644, 'power_matrix': 0.05734400078654289, 'powers': 0.060416001826524734, 'qv_norm': 0.05119999870657921, 'tile_memory_calculation': 0.1157120019197464, 'world_bound_norm': 0.11059200018644331, 'xy_axis_fd_matrix': 0.06143999844789505, 'xy_axis_ifft': 0.050175998359918594}, 'occupied': {'axis_fd_matrix': 0.0655359998345375, 'axis_fd_power_matrix': 0.08294399827718735, 'axis_fd_power_unsqueeze': 0.004095999989658594, 'dot_product': 1.8944000005722048, 'hm_clone': 0.04095999896526337, 'hm_decoding': 0.026623999699950215, 'index_add': 0.058368001133203506, 'power_matrix': 0.07475200295448303, 'powers': 0.0655359998345375, 'qv_norm': 0.07168000191450119, 'tile_memory_calculation': 0.17510400712490082, 'world_bound_norm': 0.12902399897575378, 'xy_axis_fd_matrix': 0.08191999793052673, 'xy_axis_ifft': 0.09011200070381165}, 'ogm_conversion': 0.02867200039327145, 'split_time': 0.00018286705017089844, 'test_auc': 0.504452380952381, 'test_nll': 0.7417246096879944, 'train_auc': 0.3846153846153847, 'train_nll': 0.682519932649259}","{'data': {'data_dir': 'datasets/sa/toysim0/npz', 'test_split': 0.2, 'file_prefix': 'results_frame_', 'file_suffix': '.npz', 'dataset_name': 'toysim', 'world_bounds': [-50, 50, -50, 50]}, 'wandb': {'notes': 'This experiment evaluates the performance of the decoding method on the ablation dataset.', 'online': True, 'enabled': True, 'verbose': False, 'project_name': 'decoding_method_evaluation_toymap_no_entropy'}, 'logging': {'enabled': True, 'verbose': False, 'save_dir': 'logs/decoding_method_evaluation_toymap_no_entropy/mapping-axis_resolution=1-0_mapping-vector_dimensionality=8192_mapping-vector_length_scale=0-1_mapping-decoding-method=relu_normalize_squaring', 'log_images': True, 'override_existing': False}, 'mapping': {'seed': 42, 'device': 'cuda', 'verbose': True, 'decoding': {'alpha': 'None', 'method': 'relu_normalize_squaring', 'disk_radii_1': 3, 'disk_radii_2': 3}, 'num_tiles': 1, 'data_filter': 'passthrough', 'mapping_type': 'SA_VSA_OGM', 'axis_resolution': 1, 'vector_length_scale': 0.1, 'vector_dimensionality': 8192}, 'experiment_name': 'mapping-axis_resolution=1-0_mapping-vector_dimensionality=8192_mapping-vector_length_scale=0-1_mapping-decoding-method=relu_normalize_squaring', 'experiment_type': 'single_agent', 'mapping_manager': {'seed': 42, 'metrics': ['auc', 'nll'], 'verbose': True, 'num_mappers': 1, 'plotting_flags': {'plot_images': False, 'plot_metrics': True, 'plot_predictions': False, 'plot_point_clouds': False}}, 'experiment_parameters': {'mapping': {'decoding': {'method': ['relu', 'relu_normalize', 'relu_squaring', 'relu_normalize_squaring', 'tanh', 'tanh_normalize', 'tanh_squaring', 'tanh_normalize_squaring', 'sigmoid', 'sigmoid_normalize', 'sigmoid_squaring', 'sigmoid_normalize_squaring']}, 'axis_resolution': [1], 'vector_length_scale': [0.1, 0.2, 0.5, 1], 'vector_dimensionality': [32768, 16384, 8192]}}}",mapping-axis_resolution=1-0_mapping-vector_dimensionality=8192_mapping-vector_length_scale=0-1_mapping-decoding-method=relu_normalize_squaring
100,"{'_runtime': 9.843058745, '_step': 88, '_timestamp': 1740610325.8848352, '_wandb': {'runtime': 9}, 'cpu2gpu_time': 0.00011444091796875, 'decoding': {'decoding_time': 0.1003519967198372}, 'empty': {'axis_fd_matrix': 0.060416001826524734, 'axis_fd_power_matrix': 0.08089599758386612, 'axis_fd_power_unsqueeze': 0.004095999989658594, 'dot_product': 1.861631989479065, 'hm_clone': 0.02969600073993206, 'hm_decoding': 0.027648000046610832, 'index_add': 0.04710400104522705, 'power_matrix': 0.060416001826524734, 'powers': 0.060416001826524734, 'qv_norm': 0.05939200147986412, 'tile_memory_calculation': 0.11878400295972824, 'world_bound_norm': 0.11059200018644331, 'xy_axis_fd_matrix': 0.0727040022611618, 'xy_axis_ifft': 0.05324799939990043}, 'occupied': {'axis_fd_matrix': 0.06758400052785873, 'axis_fd_power_matrix': 0.08191999793052673, 'axis_fd_power_unsqueeze': 0.004095999989658594, 'dot_product': 1.8903039693832395, 'hm_clone': 0.04403200000524521, 'hm_decoding': 0.027648000046610832, 'index_add': 0.05939200147986412, 'power_matrix': 0.0655359998345375, 'powers': 0.06860800087451935, 'qv_norm': 0.07475200295448303, 'tile_memory_calculation': 0.1802240014076233, 'world_bound_norm': 0.13414399325847626, 'xy_axis_fd_matrix': 0.08806400001049042, 'xy_axis_ifft': 0.10444799810647964}, 'ogm_conversion': 0.02867200039327145, 'split_time': 0.00019121170043945312, 'test_auc': 0.5002724867724868, 'test_nll': 0.7414146148790449, 'train_auc': 0.49857549857549865, 'train_nll': 0.7302096190135139}","{'data': {'data_dir': 'datasets/sa/toysim0/npz', 'test_split': 0.2, 'file_prefix': 'results_frame_', 'file_suffix': '.npz', 'dataset_name': 'toysim', 'world_bounds': [-50, 50, -50, 50]}, 'wandb': {'notes': 'This experiment evaluates the performance of the decoding method on the ablation dataset.', 'online': True, 'enabled': True, 'verbose': False, 'project_name': 'decoding_method_evaluation_toymap_no_entropy'}, 'logging': {'enabled': True, 'verbose': False, 'save_dir': 'logs/decoding_method_evaluation_toymap_no_entropy/mapping-axis_resolution=1-0_mapping-vector_dimensionality=8192_mapping-vector_length_scale=0-1_mapping-decoding-method=tanh', 'log_images': True, 'override_existing': False}, 'mapping': {'seed': 42, 'device': 'cuda', 'verbose': True, 'decoding': {'alpha': 'None', 'method': 'tanh', 'disk_radii_1': 3, 'disk_radii_2': 3}, 'num_tiles': 1, 'data_filter': 'passthrough', 'mapping_type': 'SA_VSA_OGM', 'axis_resolution': 1, 'vector_length_scale': 0.1, 'vector_dimensionality': 8192}, 'experiment_name': 'mapping-axis_resolution=1-0_mapping-vector_dimensionality=8192_mapping-vector_length_scale=0-1_mapping-decoding-method=tanh', 'experiment_type': 'single_agent', 'mapping_manager': {'seed': 42, 'metrics': ['auc', 'nll'], 'verbose': True, 'num_mappers': 1, 'plotting_flags': {'plot_images': False, 'plot_metrics': True, 'plot_predictions': False, 'plot_point_clouds': False}}, 'experiment_parameters': {'mapping': {'decoding': {'method': ['relu', 'relu_normalize', 'relu_squaring', 'relu_normalize_squaring', 'tanh', 'tanh_normalize', 'tanh_squaring', 'tanh_normalize_squaring', 'sigmoid', 'sigmoid_normalize', 'sigmoid_squaring', 'sigmoid_normalize_squaring']}, 'axis_resolution': [1], 'vector_length_scale': [0.1, 0.2, 0.5, 1], 'vector_dimensionality': [32768, 16384, 8192]}}}",mapping-axis_resolution=1-0_mapping-vector_dimensionality=8192_mapping-vector_length_scale=0-1_mapping-decoding-method=tanh
101,"{'_runtime': 9.546022031, '_step': 88, '_timestamp': 1740610337.0357602, '_wandb': {'runtime': 9}, 'cpu2gpu_time': 0.00011587142944335938, 'decoding': {'decoding_time': 0.15360000729560852}, 'empty': {'axis_fd_matrix': 0.05939200147986412, 'axis_fd_power_matrix': 0.08294399827718735, 'axis_fd_power_unsqueeze': 0.004095999989658594, 'dot_product': 1.866752028465271, 'hm_clone': 0.030719999223947525, 'hm_decoding': 0.026623999699950215, 'index_add': 0.048128001391887665, 'power_matrix': 0.06656000018119812, 'powers': 0.060416001826524734, 'qv_norm': 0.05427199974656105, 'tile_memory_calculation': 0.116736002266407, 'world_bound_norm': 0.11161600053310394, 'xy_axis_fd_matrix': 0.06656000018119812, 'xy_axis_ifft': 0.05427199974656105}, 'occupied': {'axis_fd_matrix': 0.06656000018119812, 'axis_fd_power_matrix': 0.08089599758386612, 'axis_fd_power_unsqueeze': 0.004095999989658594, 'dot_product': 1.897472023963928, 'hm_clone': 0.04095999896526337, 'hm_decoding': 0.026623999699950215, 'index_add': 0.05939200147986412, 'power_matrix': 0.0655359998345375, 'powers': 0.06758400052785873, 'qv_norm': 0.07782399654388428, 'tile_memory_calculation': 0.18227200210094452, 'world_bound_norm': 0.12800000607967377, 'xy_axis_fd_matrix': 0.08499199897050858, 'xy_axis_ifft': 0.09830400347709656}, 'ogm_conversion': 0.027648000046610832, 'split_time': 0.00017881393432617188, 'test_auc': 0.49123544973544975, 'test_nll': 0.7511809647179609, 'train_auc': 0.6353276353276354, 'train_nll': 0.671821661256707}","{'data': {'data_dir': 'datasets/sa/toysim0/npz', 'test_split': 0.2, 'file_prefix': 'results_frame_', 'file_suffix': '.npz', 'dataset_name': 'toysim', 'world_bounds': [-50, 50, -50, 50]}, 'wandb': {'notes': 'This experiment evaluates the performance of the decoding method on the ablation dataset.', 'online': True, 'enabled': True, 'verbose': False, 'project_name': 'decoding_method_evaluation_toymap_no_entropy'}, 'logging': {'enabled': True, 'verbose': False, 'save_dir': 'logs/decoding_method_evaluation_toymap_no_entropy/mapping-axis_resolution=1-0_mapping-vector_dimensionality=8192_mapping-vector_length_scale=0-1_mapping-decoding-method=tanh_normalize', 'log_images': True, 'override_existing': False}, 'mapping': {'seed': 42, 'device': 'cuda', 'verbose': True, 'decoding': {'alpha': 'None', 'method': 'tanh_normalize', 'disk_radii_1': 3, 'disk_radii_2': 3}, 'num_tiles': 1, 'data_filter': 'passthrough', 'mapping_type': 'SA_VSA_OGM', 'axis_resolution': 1, 'vector_length_scale': 0.1, 'vector_dimensionality': 8192}, 'experiment_name': 'mapping-axis_resolution=1-0_mapping-vector_dimensionality=8192_mapping-vector_length_scale=0-1_mapping-decoding-method=tanh_normalize', 'experiment_type': 'single_agent', 'mapping_manager': {'seed': 42, 'metrics': ['auc', 'nll'], 'verbose': True, 'num_mappers': 1, 'plotting_flags': {'plot_images': False, 'plot_metrics': True, 'plot_predictions': False, 'plot_point_clouds': False}}, 'experiment_parameters': {'mapping': {'decoding': {'method': ['relu', 'relu_normalize', 'relu_squaring', 'relu_normalize_squaring', 'tanh', 'tanh_normalize', 'tanh_squaring', 'tanh_normalize_squaring', 'sigmoid', 'sigmoid_normalize', 'sigmoid_squaring', 'sigmoid_normalize_squaring']}, 'axis_resolution': [1], 'vector_length_scale': [0.1, 0.2, 0.5, 1], 'vector_dimensionality': [32768, 16384, 8192]}}}",mapping-axis_resolution=1-0_mapping-vector_dimensionality=8192_mapping-vector_length_scale=0-1_mapping-decoding-method=tanh_normalize
102,"{'_runtime': 9.725910777, '_step': 88, '_timestamp': 1740610348.3371935, '_wandb': {'runtime': 9}, 'cpu2gpu_time': 0.00010776519775390624, 'decoding': {'decoding_time': 0.14131200313568115}, 'empty': {'axis_fd_matrix': 0.060416001826524734, 'axis_fd_power_matrix': 0.08294399827718735, 'axis_fd_power_unsqueeze': 0.005119999870657921, 'dot_product': 1.861631989479065, 'hm_clone': 0.02969600073993206, 'hm_decoding': 0.026623999699950215, 'index_add': 0.04710400104522705, 'power_matrix': 0.05734400078654289, 'powers': 0.06143999844789505, 'qv_norm': 0.05427199974656105, 'tile_memory_calculation': 0.116736002266407, 'world_bound_norm': 0.11264000087976456, 'xy_axis_fd_matrix': 0.06143999844789505, 'xy_axis_ifft': 0.05324799939990043}, 'occupied': {'axis_fd_matrix': 0.06758400052785873, 'axis_fd_power_matrix': 0.08191999793052673, 'axis_fd_power_unsqueeze': 0.004095999989658594, 'dot_product': 1.887231945991516, 'hm_clone': 0.04095999896526337, 'hm_decoding': 0.026623999699950215, 'index_add': 0.058368001133203506, 'power_matrix': 0.0655359998345375, 'powers': 0.06758400052785873, 'qv_norm': 0.0727040022611618, 'tile_memory_calculation': 0.18943999707698825, 'world_bound_norm': 0.12902399897575378, 'xy_axis_fd_matrix': 0.08396799862384796, 'xy_axis_ifft': 0.09318400174379347}, 'ogm_conversion': 0.02867200039327145, 'split_time': 0.00018215179443359375, 'test_auc': 0.5512883597883598, 'test_nll': 0.674411875792986, 'train_auc': 0.4615384615384616, 'train_nll': 0.7668018088218493}","{'data': {'data_dir': 'datasets/sa/toysim0/npz', 'test_split': 0.2, 'file_prefix': 'results_frame_', 'file_suffix': '.npz', 'dataset_name': 'toysim', 'world_bounds': [-50, 50, -50, 50]}, 'wandb': {'notes': 'This experiment evaluates the performance of the decoding method on the ablation dataset.', 'online': True, 'enabled': True, 'verbose': False, 'project_name': 'decoding_method_evaluation_toymap_no_entropy'}, 'logging': {'enabled': True, 'verbose': False, 'save_dir': 'logs/decoding_method_evaluation_toymap_no_entropy/mapping-axis_resolution=1-0_mapping-vector_dimensionality=8192_mapping-vector_length_scale=0-1_mapping-decoding-method=tanh_squaring', 'log_images': True, 'override_existing': False}, 'mapping': {'seed': 42, 'device': 'cuda', 'verbose': True, 'decoding': {'alpha': 'None', 'method': 'tanh_squaring', 'disk_radii_1': 3, 'disk_radii_2': 3}, 'num_tiles': 1, 'data_filter': 'passthrough', 'mapping_type': 'SA_VSA_OGM', 'axis_resolution': 1, 'vector_length_scale': 0.1, 'vector_dimensionality': 8192}, 'experiment_name': 'mapping-axis_resolution=1-0_mapping-vector_dimensionality=8192_mapping-vector_length_scale=0-1_mapping-decoding-method=tanh_squaring', 'experiment_type': 'single_agent', 'mapping_manager': {'seed': 42, 'metrics': ['auc', 'nll'], 'verbose': True, 'num_mappers': 1, 'plotting_flags': {'plot_images': False, 'plot_metrics': True, 'plot_predictions': False, 'plot_point_clouds': False}}, 'experiment_parameters': {'mapping': {'decoding': {'method': ['relu', 'relu_normalize', 'relu_squaring', 'relu_normalize_squaring', 'tanh', 'tanh_normalize', 'tanh_squaring', 'tanh_normalize_squaring', 'sigmoid', 'sigmoid_normalize', 'sigmoid_squaring', 'sigmoid_normalize_squaring']}, 'axis_resolution': [1], 'vector_length_scale': [0.1, 0.2, 0.5, 1], 'vector_dimensionality': [32768, 16384, 8192]}}}",mapping-axis_resolution=1-0_mapping-vector_dimensionality=8192_mapping-vector_length_scale=0-1_mapping-decoding-method=tanh_squaring
103,"{'_runtime': 9.794047784, '_step': 88, '_timestamp': 1740610359.7909205, '_wandb': {'runtime': 9}, 'cpu2gpu_time': 0.00010824203491210938, 'decoding': {'decoding_time': 0.18227200210094452}, 'empty': {'axis_fd_matrix': 0.05939200147986412, 'axis_fd_power_matrix': 0.08191999793052673, 'axis_fd_power_unsqueeze': 0.004095999989658594, 'dot_product': 1.861631989479065, 'hm_clone': 0.030719999223947525, 'hm_decoding': 0.027648000046610832, 'index_add': 0.04710400104522705, 'power_matrix': 0.058368001133203506, 'powers': 0.06451199948787689, 'qv_norm': 0.05427199974656105, 'tile_memory_calculation': 0.11878400295972824, 'world_bound_norm': 0.11161600053310394, 'xy_axis_fd_matrix': 0.07475200295448303, 'xy_axis_ifft': 0.05222399905323982}, 'occupied': {'axis_fd_matrix': 0.06758400052785873, 'axis_fd_power_matrix': 0.08089599758386612, 'axis_fd_power_unsqueeze': 0.004095999989658594, 'dot_product': 1.888255953788757, 'hm_clone': 0.04095999896526337, 'hm_decoding': 0.026623999699950215, 'index_add': 0.05939200147986412, 'power_matrix': 0.06758400052785873, 'powers': 0.06963200122117996, 'qv_norm': 0.0727040022611618, 'tile_memory_calculation': 0.1812479943037033, 'world_bound_norm': 0.131071999669075, 'xy_axis_fd_matrix': 0.08601599931716919, 'xy_axis_ifft': 0.10239999741315842}, 'ogm_conversion': 0.027648000046610832, 'split_time': 0.0001959800720214844, 'test_auc': 0.4714047619047619, 'test_nll': 0.7197534298496503, 'train_auc': 0.5185185185185186, 'train_nll': 0.6980948456103749}","{'data': {'data_dir': 'datasets/sa/toysim0/npz', 'test_split': 0.2, 'file_prefix': 'results_frame_', 'file_suffix': '.npz', 'dataset_name': 'toysim', 'world_bounds': [-50, 50, -50, 50]}, 'wandb': {'notes': 'This experiment evaluates the performance of the decoding method on the ablation dataset.', 'online': True, 'enabled': True, 'verbose': False, 'project_name': 'decoding_method_evaluation_toymap_no_entropy'}, 'logging': {'enabled': True, 'verbose': False, 'save_dir': 'logs/decoding_method_evaluation_toymap_no_entropy/mapping-axis_resolution=1-0_mapping-vector_dimensionality=8192_mapping-vector_length_scale=0-1_mapping-decoding-method=tanh_normalize_squaring', 'log_images': True, 'override_existing': False}, 'mapping': {'seed': 42, 'device': 'cuda', 'verbose': True, 'decoding': {'alpha': 'None', 'method': 'tanh_normalize_squaring', 'disk_radii_1': 3, 'disk_radii_2': 3}, 'num_tiles': 1, 'data_filter': 'passthrough', 'mapping_type': 'SA_VSA_OGM', 'axis_resolution': 1, 'vector_length_scale': 0.1, 'vector_dimensionality': 8192}, 'experiment_name': 'mapping-axis_resolution=1-0_mapping-vector_dimensionality=8192_mapping-vector_length_scale=0-1_mapping-decoding-method=tanh_normalize_squaring', 'experiment_type': 'single_agent', 'mapping_manager': {'seed': 42, 'metrics': ['auc', 'nll'], 'verbose': True, 'num_mappers': 1, 'plotting_flags': {'plot_images': False, 'plot_metrics': True, 'plot_predictions': False, 'plot_point_clouds': False}}, 'experiment_parameters': {'mapping': {'decoding': {'method': ['relu', 'relu_normalize', 'relu_squaring', 'relu_normalize_squaring', 'tanh', 'tanh_normalize', 'tanh_squaring', 'tanh_normalize_squaring', 'sigmoid', 'sigmoid_normalize', 'sigmoid_squaring', 'sigmoid_normalize_squaring']}, 'axis_resolution': [1], 'vector_length_scale': [0.1, 0.2, 0.5, 1], 'vector_dimensionality': [32768, 16384, 8192]}}}",mapping-axis_resolution=1-0_mapping-vector_dimensionality=8192_mapping-vector_length_scale=0-1_mapping-decoding-method=tanh_normalize_squaring
104,"{'_runtime': 9.745115146, '_step': 88, '_timestamp': 1740610371.2172332, '_wandb': {'runtime': 9}, 'cpu2gpu_time': 0.00011873245239257812, 'decoding': {'decoding_time': 0.10342399775981904}, 'empty': {'axis_fd_matrix': 0.06143999844789505, 'axis_fd_power_matrix': 0.08294399827718735, 'axis_fd_power_unsqueeze': 0.004095999989658594, 'dot_product': 1.861631989479065, 'hm_clone': 0.030719999223947525, 'hm_decoding': 0.026623999699950215, 'index_add': 0.048128001391887665, 'power_matrix': 0.07372800260782242, 'powers': 0.060416001826524734, 'qv_norm': 0.055296000093221664, 'tile_memory_calculation': 0.11776000261306764, 'world_bound_norm': 0.11161600053310394, 'xy_axis_fd_matrix': 0.06348799914121628, 'xy_axis_ifft': 0.05324799939990043}, 'occupied': {'axis_fd_matrix': 0.07168000191450119, 'axis_fd_power_matrix': 0.08089599758386612, 'axis_fd_power_unsqueeze': 0.005119999870657921, 'dot_product': 1.8903039693832395, 'hm_clone': 0.04198399931192398, 'hm_decoding': 0.027648000046610832, 'index_add': 0.05734400078654289, 'power_matrix': 0.0655359998345375, 'powers': 0.06860800087451935, 'qv_norm': 0.07372800260782242, 'tile_memory_calculation': 0.1802240014076233, 'world_bound_norm': 0.130048006772995, 'xy_axis_fd_matrix': 0.09523200243711472, 'xy_axis_ifft': 0.09523200243711472}, 'ogm_conversion': 0.02867200039327145, 'split_time': 0.00018453598022460935, 'test_auc': 0.49928835978835984, 'test_nll': 0.7625521990215487, 'train_auc': 0.3475783475783476, 'train_nll': 0.7552872562970057}","{'data': {'data_dir': 'datasets/sa/toysim0/npz', 'test_split': 0.2, 'file_prefix': 'results_frame_', 'file_suffix': '.npz', 'dataset_name': 'toysim', 'world_bounds': [-50, 50, -50, 50]}, 'wandb': {'notes': 'This experiment evaluates the performance of the decoding method on the ablation dataset.', 'online': True, 'enabled': True, 'verbose': False, 'project_name': 'decoding_method_evaluation_toymap_no_entropy'}, 'logging': {'enabled': True, 'verbose': False, 'save_dir': 'logs/decoding_method_evaluation_toymap_no_entropy/mapping-axis_resolution=1-0_mapping-vector_dimensionality=8192_mapping-vector_length_scale=0-1_mapping-decoding-method=sigmoid', 'log_images': True, 'override_existing': False}, 'mapping': {'seed': 42, 'device': 'cuda', 'verbose': True, 'decoding': {'alpha': 'None', 'method': 'sigmoid', 'disk_radii_1': 3, 'disk_radii_2': 3}, 'num_tiles': 1, 'data_filter': 'passthrough', 'mapping_type': 'SA_VSA_OGM', 'axis_resolution': 1, 'vector_length_scale': 0.1, 'vector_dimensionality': 8192}, 'experiment_name': 'mapping-axis_resolution=1-0_mapping-vector_dimensionality=8192_mapping-vector_length_scale=0-1_mapping-decoding-method=sigmoid', 'experiment_type': 'single_agent', 'mapping_manager': {'seed': 42, 'metrics': ['auc', 'nll'], 'verbose': True, 'num_mappers': 1, 'plotting_flags': {'plot_images': False, 'plot_metrics': True, 'plot_predictions': False, 'plot_point_clouds': False}}, 'experiment_parameters': {'mapping': {'decoding': {'method': ['relu', 'relu_normalize', 'relu_squaring', 'relu_normalize_squaring', 'tanh', 'tanh_normalize', 'tanh_squaring', 'tanh_normalize_squaring', 'sigmoid', 'sigmoid_normalize', 'sigmoid_squaring', 'sigmoid_normalize_squaring']}, 'axis_resolution': [1], 'vector_length_scale': [0.1, 0.2, 0.5, 1], 'vector_dimensionality': [32768, 16384, 8192]}}}",mapping-axis_resolution=1-0_mapping-vector_dimensionality=8192_mapping-vector_length_scale=0-1_mapping-decoding-method=sigmoid
105,"{'_runtime': 10.086050024, '_step': 88, '_timestamp': 1740610382.9047785, '_wandb': {'runtime': 10}, 'cpu2gpu_time': 0.0001094341278076172, 'decoding': {'decoding_time': 0.16383999586105347}, 'empty': {'axis_fd_matrix': 0.058368001133203506, 'axis_fd_power_matrix': 0.08294399827718735, 'axis_fd_power_unsqueeze': 0.004095999989658594, 'dot_product': 1.8688000440597536, 'hm_clone': 0.02969600073993206, 'hm_decoding': 0.027648000046610832, 'index_add': 0.04915200173854828, 'power_matrix': 0.05734400078654289, 'powers': 0.060416001826524734, 'qv_norm': 0.05427199974656105, 'tile_memory_calculation': 0.116736002266407, 'world_bound_norm': 0.12185599654912949, 'xy_axis_fd_matrix': 0.062463998794555664, 'xy_axis_ifft': 0.050175998359918594}, 'occupied': {'axis_fd_matrix': 0.06860800087451935, 'axis_fd_power_matrix': 0.08396799862384796, 'axis_fd_power_unsqueeze': 0.005119999870657921, 'dot_product': 1.8944000005722048, 'hm_clone': 0.03993599861860275, 'hm_decoding': 0.027648000046610832, 'index_add': 0.05939200147986412, 'power_matrix': 0.06656000018119812, 'powers': 0.06860800087451935, 'qv_norm': 0.07372800260782242, 'tile_memory_calculation': 0.19251200556755063, 'world_bound_norm': 0.12902399897575378, 'xy_axis_fd_matrix': 0.08294399827718735, 'xy_axis_ifft': 0.0942080020904541}, 'ogm_conversion': 0.02969600073993206, 'split_time': 0.0001838207244873047, 'test_auc': 0.5002724867724868, 'test_nll': 0.7416799632078936, 'train_auc': 0.472934472934473, 'train_nll': 0.8489683648996147}","{'data': {'data_dir': 'datasets/sa/toysim0/npz', 'test_split': 0.2, 'file_prefix': 'results_frame_', 'file_suffix': '.npz', 'dataset_name': 'toysim', 'world_bounds': [-50, 50, -50, 50]}, 'wandb': {'notes': 'This experiment evaluates the performance of the decoding method on the ablation dataset.', 'online': True, 'enabled': True, 'verbose': False, 'project_name': 'decoding_method_evaluation_toymap_no_entropy'}, 'logging': {'enabled': True, 'verbose': False, 'save_dir': 'logs/decoding_method_evaluation_toymap_no_entropy/mapping-axis_resolution=1-0_mapping-vector_dimensionality=8192_mapping-vector_length_scale=0-1_mapping-decoding-method=sigmoid_normalize', 'log_images': True, 'override_existing': False}, 'mapping': {'seed': 42, 'device': 'cuda', 'verbose': True, 'decoding': {'alpha': 'None', 'method': 'sigmoid_normalize', 'disk_radii_1': 3, 'disk_radii_2': 3}, 'num_tiles': 1, 'data_filter': 'passthrough', 'mapping_type': 'SA_VSA_OGM', 'axis_resolution': 1, 'vector_length_scale': 0.1, 'vector_dimensionality': 8192}, 'experiment_name': 'mapping-axis_resolution=1-0_mapping-vector_dimensionality=8192_mapping-vector_length_scale=0-1_mapping-decoding-method=sigmoid_normalize', 'experiment_type': 'single_agent', 'mapping_manager': {'seed': 42, 'metrics': ['auc', 'nll'], 'verbose': True, 'num_mappers': 1, 'plotting_flags': {'plot_images': False, 'plot_metrics': True, 'plot_predictions': False, 'plot_point_clouds': False}}, 'experiment_parameters': {'mapping': {'decoding': {'method': ['relu', 'relu_normalize', 'relu_squaring', 'relu_normalize_squaring', 'tanh', 'tanh_normalize', 'tanh_squaring', 'tanh_normalize_squaring', 'sigmoid', 'sigmoid_normalize', 'sigmoid_squaring', 'sigmoid_normalize_squaring']}, 'axis_resolution': [1], 'vector_length_scale': [0.1, 0.2, 0.5, 1], 'vector_dimensionality': [32768, 16384, 8192]}}}",mapping-axis_resolution=1-0_mapping-vector_dimensionality=8192_mapping-vector_length_scale=0-1_mapping-decoding-method=sigmoid_normalize
106,"{'_runtime': 9.996831686, '_step': 88, '_timestamp': 1740610394.6079812, '_wandb': {'runtime': 9}, 'cpu2gpu_time': 0.00010156631469726562, 'decoding': {'decoding_time': 0.12595200538635254}, 'empty': {'axis_fd_matrix': 0.05939200147986412, 'axis_fd_power_matrix': 0.08191999793052673, 'axis_fd_power_unsqueeze': 0.004095999989658594, 'dot_product': 1.8688000440597536, 'hm_clone': 0.02969600073993206, 'hm_decoding': 0.027648000046610832, 'index_add': 0.04608000069856644, 'power_matrix': 0.05939200147986412, 'powers': 0.060416001826524734, 'qv_norm': 0.05222399905323982, 'tile_memory_calculation': 0.1157120019197464, 'world_bound_norm': 0.11161600053310394, 'xy_axis_fd_matrix': 0.07372800260782242, 'xy_axis_ifft': 0.05222399905323982}, 'occupied': {'axis_fd_matrix': 0.0655359998345375, 'axis_fd_power_matrix': 0.08191999793052673, 'axis_fd_power_unsqueeze': 0.004095999989658594, 'dot_product': 1.8944000005722048, 'hm_clone': 0.03993599861860275, 'hm_decoding': 0.027648000046610832, 'index_add': 0.05734400078654289, 'power_matrix': 0.06451199948787689, 'powers': 0.06758400052785873, 'qv_norm': 0.07168000191450119, 'tile_memory_calculation': 0.17919999361038208, 'world_bound_norm': 0.13619199395179749, 'xy_axis_fd_matrix': 0.08089599758386612, 'xy_axis_ifft': 0.10239999741315842}, 'ogm_conversion': 0.027648000046610832, 'split_time': 0.0001888275146484375, 'test_auc': 0.4984179894179894, 'test_nll': 0.69260280241291, 'train_auc': 0.5056980056980057, 'train_nll': 0.7185193000419267}","{'data': {'data_dir': 'datasets/sa/toysim0/npz', 'test_split': 0.2, 'file_prefix': 'results_frame_', 'file_suffix': '.npz', 'dataset_name': 'toysim', 'world_bounds': [-50, 50, -50, 50]}, 'wandb': {'notes': 'This experiment evaluates the performance of the decoding method on the ablation dataset.', 'online': True, 'enabled': True, 'verbose': False, 'project_name': 'decoding_method_evaluation_toymap_no_entropy'}, 'logging': {'enabled': True, 'verbose': False, 'save_dir': 'logs/decoding_method_evaluation_toymap_no_entropy/mapping-axis_resolution=1-0_mapping-vector_dimensionality=8192_mapping-vector_length_scale=0-1_mapping-decoding-method=sigmoid_squaring', 'log_images': True, 'override_existing': False}, 'mapping': {'seed': 42, 'device': 'cuda', 'verbose': True, 'decoding': {'alpha': 'None', 'method': 'sigmoid_squaring', 'disk_radii_1': 3, 'disk_radii_2': 3}, 'num_tiles': 1, 'data_filter': 'passthrough', 'mapping_type': 'SA_VSA_OGM', 'axis_resolution': 1, 'vector_length_scale': 0.1, 'vector_dimensionality': 8192}, 'experiment_name': 'mapping-axis_resolution=1-0_mapping-vector_dimensionality=8192_mapping-vector_length_scale=0-1_mapping-decoding-method=sigmoid_squaring', 'experiment_type': 'single_agent', 'mapping_manager': {'seed': 42, 'metrics': ['auc', 'nll'], 'verbose': True, 'num_mappers': 1, 'plotting_flags': {'plot_images': False, 'plot_metrics': True, 'plot_predictions': False, 'plot_point_clouds': False}}, 'experiment_parameters': {'mapping': {'decoding': {'method': ['relu', 'relu_normalize', 'relu_squaring', 'relu_normalize_squaring', 'tanh', 'tanh_normalize', 'tanh_squaring', 'tanh_normalize_squaring', 'sigmoid', 'sigmoid_normalize', 'sigmoid_squaring', 'sigmoid_normalize_squaring']}, 'axis_resolution': [1], 'vector_length_scale': [0.1, 0.2, 0.5, 1], 'vector_dimensionality': [32768, 16384, 8192]}}}",mapping-axis_resolution=1-0_mapping-vector_dimensionality=8192_mapping-vector_length_scale=0-1_mapping-decoding-method=sigmoid_squaring
107,"{'_runtime': 10.092900337, '_step': 88, '_timestamp': 1740610406.4619358, '_wandb': {'runtime': 10}, 'cpu2gpu_time': 0.0001087188720703125, 'decoding': {'decoding_time': 0.18636800348758695}, 'empty': {'axis_fd_matrix': 0.058368001133203506, 'axis_fd_power_matrix': 0.08499199897050858, 'axis_fd_power_unsqueeze': 0.005119999870657921, 'dot_product': 1.8698240518569944, 'hm_clone': 0.02969600073993206, 'hm_decoding': 0.026623999699950215, 'index_add': 0.048128001391887665, 'power_matrix': 0.05939200147986412, 'powers': 0.060416001826524734, 'qv_norm': 0.05427199974656105, 'tile_memory_calculation': 0.1157120019197464, 'world_bound_norm': 0.12390399724245071, 'xy_axis_fd_matrix': 0.062463998794555664, 'xy_axis_ifft': 0.05222399905323982}, 'occupied': {'axis_fd_matrix': 0.07577600330114365, 'axis_fd_power_matrix': 0.08191999793052673, 'axis_fd_power_unsqueeze': 0.004095999989658594, 'dot_product': 1.8944000005722048, 'hm_clone': 0.04095999896526337, 'hm_decoding': 0.027648000046610832, 'index_add': 0.05939200147986412, 'power_matrix': 0.06348799914121628, 'powers': 0.06860800087451935, 'qv_norm': 0.07475200295448303, 'tile_memory_calculation': 0.18432000279426575, 'world_bound_norm': 0.130048006772995, 'xy_axis_fd_matrix': 0.08191999793052673, 'xy_axis_ifft': 0.09216000139713287}, 'ogm_conversion': 0.02969600073993206, 'split_time': 0.00018286705017089844, 'test_auc': 0.4984047619047619, 'test_nll': 0.7163034371132175, 'train_auc': 0.6980056980056981, 'train_nll': 0.6601378024631023}","{'data': {'data_dir': 'datasets/sa/toysim0/npz', 'test_split': 0.2, 'file_prefix': 'results_frame_', 'file_suffix': '.npz', 'dataset_name': 'toysim', 'world_bounds': [-50, 50, -50, 50]}, 'wandb': {'notes': 'This experiment evaluates the performance of the decoding method on the ablation dataset.', 'online': True, 'enabled': True, 'verbose': False, 'project_name': 'decoding_method_evaluation_toymap_no_entropy'}, 'logging': {'enabled': True, 'verbose': False, 'save_dir': 'logs/decoding_method_evaluation_toymap_no_entropy/mapping-axis_resolution=1-0_mapping-vector_dimensionality=8192_mapping-vector_length_scale=0-1_mapping-decoding-method=sigmoid_normalize_squaring', 'log_images': True, 'override_existing': False}, 'mapping': {'seed': 42, 'device': 'cuda', 'verbose': True, 'decoding': {'alpha': 'None', 'method': 'sigmoid_normalize_squaring', 'disk_radii_1': 3, 'disk_radii_2': 3}, 'num_tiles': 1, 'data_filter': 'passthrough', 'mapping_type': 'SA_VSA_OGM', 'axis_resolution': 1, 'vector_length_scale': 0.1, 'vector_dimensionality': 8192}, 'experiment_name': 'mapping-axis_resolution=1-0_mapping-vector_dimensionality=8192_mapping-vector_length_scale=0-1_mapping-decoding-method=sigmoid_normalize_squaring', 'experiment_type': 'single_agent', 'mapping_manager': {'seed': 42, 'metrics': ['auc', 'nll'], 'verbose': True, 'num_mappers': 1, 'plotting_flags': {'plot_images': False, 'plot_metrics': True, 'plot_predictions': False, 'plot_point_clouds': False}}, 'experiment_parameters': {'mapping': {'decoding': {'method': ['relu', 'relu_normalize', 'relu_squaring', 'relu_normalize_squaring', 'tanh', 'tanh_normalize', 'tanh_squaring', 'tanh_normalize_squaring', 'sigmoid', 'sigmoid_normalize', 'sigmoid_squaring', 'sigmoid_normalize_squaring']}, 'axis_resolution': [1], 'vector_length_scale': [0.1, 0.2, 0.5, 1], 'vector_dimensionality': [32768, 16384, 8192]}}}",mapping-axis_resolution=1-0_mapping-vector_dimensionality=8192_mapping-vector_length_scale=0-1_mapping-decoding-method=sigmoid_normalize_squaring
108,"{'_runtime': 10.28520793, '_step': 88, '_timestamp': 1740610418.3842912, '_wandb': {'runtime': 10}, 'cpu2gpu_time': 0.00012302398681640625, 'decoding': {'decoding_time': 0.10547199845314026}, 'empty': {'axis_fd_matrix': 0.05939200147986412, 'axis_fd_power_matrix': 0.08191999793052673, 'axis_fd_power_unsqueeze': 0.004095999989658594, 'dot_product': 1.8636800050735471, 'hm_clone': 0.02969600073993206, 'hm_decoding': 0.027648000046610832, 'index_add': 0.04710400104522705, 'power_matrix': 0.06963200122117996, 'powers': 0.060416001826524734, 'qv_norm': 0.05427199974656105, 'tile_memory_calculation': 0.1157120019197464, 'world_bound_norm': 0.1157120019197464, 'xy_axis_fd_matrix': 0.062463998794555664, 'xy_axis_ifft': 0.050175998359918594}, 'occupied': {'axis_fd_matrix': 0.07065600156784058, 'axis_fd_power_matrix': 0.08294399827718735, 'axis_fd_power_unsqueeze': 0.004095999989658594, 'dot_product': 1.8903039693832395, 'hm_clone': 0.03891199827194214, 'hm_decoding': 0.027648000046610832, 'index_add': 0.05734400078654289, 'power_matrix': 0.0655359998345375, 'powers': 0.06963200122117996, 'qv_norm': 0.07372800260782242, 'tile_memory_calculation': 0.18227200210094452, 'world_bound_norm': 0.13209599256515503, 'xy_axis_fd_matrix': 0.09318400174379347, 'xy_axis_ifft': 0.09523200243711472}, 'ogm_conversion': 0.027648000046610832, 'split_time': 0.0001809597015380859, 'test_auc': 0.4793174603174603, 'test_nll': 0.7380332935707565, 'train_auc': 0.6210826210826211, 'train_nll': 0.7166947383040462}","{'data': {'data_dir': 'datasets/sa/toysim0/npz', 'test_split': 0.2, 'file_prefix': 'results_frame_', 'file_suffix': '.npz', 'dataset_name': 'toysim', 'world_bounds': [-50, 50, -50, 50]}, 'wandb': {'notes': 'This experiment evaluates the performance of the decoding method on the ablation dataset.', 'online': True, 'enabled': True, 'verbose': False, 'project_name': 'decoding_method_evaluation_toymap_no_entropy'}, 'logging': {'enabled': True, 'verbose': False, 'save_dir': 'logs/decoding_method_evaluation_toymap_no_entropy/mapping-axis_resolution=1-0_mapping-vector_dimensionality=8192_mapping-vector_length_scale=0-2_mapping-decoding-method=relu', 'log_images': True, 'override_existing': False}, 'mapping': {'seed': 42, 'device': 'cuda', 'verbose': True, 'decoding': {'alpha': 'None', 'method': 'relu', 'disk_radii_1': 3, 'disk_radii_2': 3}, 'num_tiles': 1, 'data_filter': 'passthrough', 'mapping_type': 'SA_VSA_OGM', 'axis_resolution': 1, 'vector_length_scale': 0.2, 'vector_dimensionality': 8192}, 'experiment_name': 'mapping-axis_resolution=1-0_mapping-vector_dimensionality=8192_mapping-vector_length_scale=0-2_mapping-decoding-method=relu', 'experiment_type': 'single_agent', 'mapping_manager': {'seed': 42, 'metrics': ['auc', 'nll'], 'verbose': True, 'num_mappers': 1, 'plotting_flags': {'plot_images': False, 'plot_metrics': True, 'plot_predictions': False, 'plot_point_clouds': False}}, 'experiment_parameters': {'mapping': {'decoding': {'method': ['relu', 'relu_normalize', 'relu_squaring', 'relu_normalize_squaring', 'tanh', 'tanh_normalize', 'tanh_squaring', 'tanh_normalize_squaring', 'sigmoid', 'sigmoid_normalize', 'sigmoid_squaring', 'sigmoid_normalize_squaring']}, 'axis_resolution': [1], 'vector_length_scale': [0.1, 0.2, 0.5, 1], 'vector_dimensionality': [32768, 16384, 8192]}}}",mapping-axis_resolution=1-0_mapping-vector_dimensionality=8192_mapping-vector_length_scale=0-2_mapping-decoding-method=relu
109,"{'_runtime': 10.247655117, '_step': 88, '_timestamp': 1740610430.4480903, '_wandb': {'runtime': 10}, 'cpu2gpu_time': 0.00010776519775390624, 'decoding': {'decoding_time': 0.15667200088500977}, 'empty': {'axis_fd_matrix': 0.07168000191450119, 'axis_fd_power_matrix': 0.08191999793052673, 'axis_fd_power_unsqueeze': 0.004095999989658594, 'dot_product': 1.866752028465271, 'hm_clone': 0.02969600073993206, 'hm_decoding': 0.027648000046610832, 'index_add': 0.04710400104522705, 'power_matrix': 0.05632000043988228, 'powers': 0.060416001826524734, 'qv_norm': 0.05324799939990043, 'tile_memory_calculation': 0.1157120019197464, 'world_bound_norm': 0.11059200018644331, 'xy_axis_fd_matrix': 0.06143999844789505, 'xy_axis_ifft': 0.04915200173854828}, 'occupied': {'axis_fd_matrix': 0.06348799914121628, 'axis_fd_power_matrix': 0.08294399827718735, 'axis_fd_power_unsqueeze': 0.004095999989658594, 'dot_product': 1.8944000005722048, 'hm_clone': 0.043007999658584595, 'hm_decoding': 0.027648000046610832, 'index_add': 0.05939200147986412, 'power_matrix': 0.0727040022611618, 'powers': 0.06758400052785873, 'qv_norm': 0.07475200295448303, 'tile_memory_calculation': 0.1812479943037033, 'world_bound_norm': 0.131071999669075, 'xy_axis_fd_matrix': 0.0798719972372055, 'xy_axis_ifft': 0.09216000139713287}, 'ogm_conversion': 0.027648000046610832, 'split_time': 0.00017976760864257812, 'test_auc': 0.4416137566137566, 'test_nll': 0.7568375501271403, 'train_auc': 0.4387464387464387, 'train_nll': 0.7786933652234385}","{'data': {'data_dir': 'datasets/sa/toysim0/npz', 'test_split': 0.2, 'file_prefix': 'results_frame_', 'file_suffix': '.npz', 'dataset_name': 'toysim', 'world_bounds': [-50, 50, -50, 50]}, 'wandb': {'notes': 'This experiment evaluates the performance of the decoding method on the ablation dataset.', 'online': True, 'enabled': True, 'verbose': False, 'project_name': 'decoding_method_evaluation_toymap_no_entropy'}, 'logging': {'enabled': True, 'verbose': False, 'save_dir': 'logs/decoding_method_evaluation_toymap_no_entropy/mapping-axis_resolution=1-0_mapping-vector_dimensionality=8192_mapping-vector_length_scale=0-2_mapping-decoding-method=relu_normalize', 'log_images': True, 'override_existing': False}, 'mapping': {'seed': 42, 'device': 'cuda', 'verbose': True, 'decoding': {'alpha': 'None', 'method': 'relu_normalize', 'disk_radii_1': 3, 'disk_radii_2': 3}, 'num_tiles': 1, 'data_filter': 'passthrough', 'mapping_type': 'SA_VSA_OGM', 'axis_resolution': 1, 'vector_length_scale': 0.2, 'vector_dimensionality': 8192}, 'experiment_name': 'mapping-axis_resolution=1-0_mapping-vector_dimensionality=8192_mapping-vector_length_scale=0-2_mapping-decoding-method=relu_normalize', 'experiment_type': 'single_agent', 'mapping_manager': {'seed': 42, 'metrics': ['auc', 'nll'], 'verbose': True, 'num_mappers': 1, 'plotting_flags': {'plot_images': False, 'plot_metrics': True, 'plot_predictions': False, 'plot_point_clouds': False}}, 'experiment_parameters': {'mapping': {'decoding': {'method': ['relu', 'relu_normalize', 'relu_squaring', 'relu_normalize_squaring', 'tanh', 'tanh_normalize', 'tanh_squaring', 'tanh_normalize_squaring', 'sigmoid', 'sigmoid_normalize', 'sigmoid_squaring', 'sigmoid_normalize_squaring']}, 'axis_resolution': [1], 'vector_length_scale': [0.1, 0.2, 0.5, 1], 'vector_dimensionality': [32768, 16384, 8192]}}}",mapping-axis_resolution=1-0_mapping-vector_dimensionality=8192_mapping-vector_length_scale=0-2_mapping-decoding-method=relu_normalize
110,"{'_runtime': 10.567746948, '_step': 88, '_timestamp': 1740610442.6329188, '_wandb': {'runtime': 10}, 'cpu2gpu_time': 0.00010585784912109376, 'decoding': {'decoding_time': 0.13209599256515503}, 'empty': {'axis_fd_matrix': 0.060416001826524734, 'axis_fd_power_matrix': 0.08396799862384796, 'axis_fd_power_unsqueeze': 0.004095999989658594, 'dot_product': 1.8626559972763064, 'hm_clone': 0.030719999223947525, 'hm_decoding': 0.027648000046610832, 'index_add': 0.048128001391887665, 'power_matrix': 0.06143999844789505, 'powers': 0.06143999844789505, 'qv_norm': 0.05324799939990043, 'tile_memory_calculation': 0.1157120019197464, 'world_bound_norm': 0.31436800956726074, 'xy_axis_fd_matrix': 0.06143999844789505, 'xy_axis_ifft': 0.05222399905323982}, 'occupied': {'axis_fd_matrix': 0.06963200122117996, 'axis_fd_power_matrix': 0.08294399827718735, 'axis_fd_power_unsqueeze': 0.004095999989658594, 'dot_product': 1.891327977180481, 'hm_clone': 0.03993599861860275, 'hm_decoding': 0.026623999699950215, 'index_add': 0.05939200147986412, 'power_matrix': 0.06656000018119812, 'powers': 0.06860800087451935, 'qv_norm': 0.07372800260782242, 'tile_memory_calculation': 0.1884160041809082, 'world_bound_norm': 0.12902399897575378, 'xy_axis_fd_matrix': 0.08499199897050858, 'xy_axis_ifft': 0.09318400174379347}, 'ogm_conversion': 0.02867200039327145, 'split_time': 0.00017452239990234375, 'test_auc': 0.49563756613756615, 'test_nll': 0.7158798299511816, 'train_auc': 0.4344729344729345, 'train_nll': 0.7216965204125069}","{'data': {'data_dir': 'datasets/sa/toysim0/npz', 'test_split': 0.2, 'file_prefix': 'results_frame_', 'file_suffix': '.npz', 'dataset_name': 'toysim', 'world_bounds': [-50, 50, -50, 50]}, 'wandb': {'notes': 'This experiment evaluates the performance of the decoding method on the ablation dataset.', 'online': True, 'enabled': True, 'verbose': False, 'project_name': 'decoding_method_evaluation_toymap_no_entropy'}, 'logging': {'enabled': True, 'verbose': False, 'save_dir': 'logs/decoding_method_evaluation_toymap_no_entropy/mapping-axis_resolution=1-0_mapping-vector_dimensionality=8192_mapping-vector_length_scale=0-2_mapping-decoding-method=relu_squaring', 'log_images': True, 'override_existing': False}, 'mapping': {'seed': 42, 'device': 'cuda', 'verbose': True, 'decoding': {'alpha': 'None', 'method': 'relu_squaring', 'disk_radii_1': 3, 'disk_radii_2': 3}, 'num_tiles': 1, 'data_filter': 'passthrough', 'mapping_type': 'SA_VSA_OGM', 'axis_resolution': 1, 'vector_length_scale': 0.2, 'vector_dimensionality': 8192}, 'experiment_name': 'mapping-axis_resolution=1-0_mapping-vector_dimensionality=8192_mapping-vector_length_scale=0-2_mapping-decoding-method=relu_squaring', 'experiment_type': 'single_agent', 'mapping_manager': {'seed': 42, 'metrics': ['auc', 'nll'], 'verbose': True, 'num_mappers': 1, 'plotting_flags': {'plot_images': False, 'plot_metrics': True, 'plot_predictions': False, 'plot_point_clouds': False}}, 'experiment_parameters': {'mapping': {'decoding': {'method': ['relu', 'relu_normalize', 'relu_squaring', 'relu_normalize_squaring', 'tanh', 'tanh_normalize', 'tanh_squaring', 'tanh_normalize_squaring', 'sigmoid', 'sigmoid_normalize', 'sigmoid_squaring', 'sigmoid_normalize_squaring']}, 'axis_resolution': [1], 'vector_length_scale': [0.1, 0.2, 0.5, 1], 'vector_dimensionality': [32768, 16384, 8192]}}}",mapping-axis_resolution=1-0_mapping-vector_dimensionality=8192_mapping-vector_length_scale=0-2_mapping-decoding-method=relu_squaring
111,"{'_runtime': 10.503925124, '_step': 88, '_timestamp': 1740610454.6833582, '_wandb': {'runtime': 10}, 'cpu2gpu_time': 0.00010991096496582033, 'decoding': {'decoding_time': 0.20479999482631683}, 'empty': {'axis_fd_matrix': 0.06143999844789505, 'axis_fd_power_matrix': 0.08396799862384796, 'axis_fd_power_unsqueeze': 0.004095999989658594, 'dot_product': 1.8780159950256348, 'hm_clone': 0.03686400130391121, 'hm_decoding': 0.026623999699950215, 'index_add': 0.05222399905323982, 'power_matrix': 0.05939200147986412, 'powers': 0.062463998794555664, 'qv_norm': 0.06143999844789505, 'tile_memory_calculation': 0.14131200313568115, 'world_bound_norm': 0.13926400244235992, 'xy_axis_fd_matrix': 0.07168000191450119, 'xy_axis_ifft': 0.06758400052785873}, 'occupied': {'axis_fd_matrix': 0.06656000018119812, 'axis_fd_power_matrix': 0.0798719972372055, 'axis_fd_power_unsqueeze': 0.004095999989658594, 'dot_product': 1.8903039693832395, 'hm_clone': 0.03993599861860275, 'hm_decoding': 0.027648000046610832, 'index_add': 0.060416001826524734, 'power_matrix': 0.06143999844789505, 'powers': 0.06963200122117996, 'qv_norm': 0.07475200295448303, 'tile_memory_calculation': 0.17919999361038208, 'world_bound_norm': 0.13312000036239624, 'xy_axis_fd_matrix': 0.08499199897050858, 'xy_axis_ifft': 0.10547199845314026}, 'ogm_conversion': 0.027648000046610832, 'split_time': 0.0001928806304931641, 'test_auc': 0.4959867724867725, 'test_nll': 0.7088460608898912, 'train_auc': 0.49572649572649574, 'train_nll': 0.722975889911239}","{'data': {'data_dir': 'datasets/sa/toysim0/npz', 'test_split': 0.2, 'file_prefix': 'results_frame_', 'file_suffix': '.npz', 'dataset_name': 'toysim', 'world_bounds': [-50, 50, -50, 50]}, 'wandb': {'notes': 'This experiment evaluates the performance of the decoding method on the ablation dataset.', 'online': True, 'enabled': True, 'verbose': False, 'project_name': 'decoding_method_evaluation_toymap_no_entropy'}, 'logging': {'enabled': True, 'verbose': False, 'save_dir': 'logs/decoding_method_evaluation_toymap_no_entropy/mapping-axis_resolution=1-0_mapping-vector_dimensionality=8192_mapping-vector_length_scale=0-2_mapping-decoding-method=relu_normalize_squaring', 'log_images': True, 'override_existing': False}, 'mapping': {'seed': 42, 'device': 'cuda', 'verbose': True, 'decoding': {'alpha': 'None', 'method': 'relu_normalize_squaring', 'disk_radii_1': 3, 'disk_radii_2': 3}, 'num_tiles': 1, 'data_filter': 'passthrough', 'mapping_type': 'SA_VSA_OGM', 'axis_resolution': 1, 'vector_length_scale': 0.2, 'vector_dimensionality': 8192}, 'experiment_name': 'mapping-axis_resolution=1-0_mapping-vector_dimensionality=8192_mapping-vector_length_scale=0-2_mapping-decoding-method=relu_normalize_squaring', 'experiment_type': 'single_agent', 'mapping_manager': {'seed': 42, 'metrics': ['auc', 'nll'], 'verbose': True, 'num_mappers': 1, 'plotting_flags': {'plot_images': False, 'plot_metrics': True, 'plot_predictions': False, 'plot_point_clouds': False}}, 'experiment_parameters': {'mapping': {'decoding': {'method': ['relu', 'relu_normalize', 'relu_squaring', 'relu_normalize_squaring', 'tanh', 'tanh_normalize', 'tanh_squaring', 'tanh_normalize_squaring', 'sigmoid', 'sigmoid_normalize', 'sigmoid_squaring', 'sigmoid_normalize_squaring']}, 'axis_resolution': [1], 'vector_length_scale': [0.1, 0.2, 0.5, 1], 'vector_dimensionality': [32768, 16384, 8192]}}}",mapping-axis_resolution=1-0_mapping-vector_dimensionality=8192_mapping-vector_length_scale=0-2_mapping-decoding-method=relu_normalize_squaring
112,"{'_runtime': 10.580380475, '_step': 88, '_timestamp': 1740610466.9648805, '_wandb': {'runtime': 10}, 'cpu2gpu_time': 0.00011301040649414062, 'decoding': {'decoding_time': 0.09932799637317656}, 'empty': {'axis_fd_matrix': 0.060416001826524734, 'axis_fd_power_matrix': 0.08294399827718735, 'axis_fd_power_unsqueeze': 0.005119999870657921, 'dot_product': 1.8688000440597536, 'hm_clone': 0.02867200039327145, 'hm_decoding': 0.027648000046610832, 'index_add': 0.04710400104522705, 'power_matrix': 0.058368001133203506, 'powers': 0.06143999844789505, 'qv_norm': 0.055296000093221664, 'tile_memory_calculation': 0.116736002266407, 'world_bound_norm': 0.11059200018644331, 'xy_axis_fd_matrix': 0.060416001826524734, 'xy_axis_ifft': 0.05222399905323982}, 'occupied': {'axis_fd_matrix': 0.06656000018119812, 'axis_fd_power_matrix': 0.08089599758386612, 'axis_fd_power_unsqueeze': 0.004095999989658594, 'dot_product': 1.8933759927749632, 'hm_clone': 0.04095999896526337, 'hm_decoding': 0.026623999699950215, 'index_add': 0.058368001133203506, 'power_matrix': 0.06451199948787689, 'powers': 0.06656000018119812, 'qv_norm': 0.07372800260782242, 'tile_memory_calculation': 0.18227200210094452, 'world_bound_norm': 0.130048006772995, 'xy_axis_fd_matrix': 0.08396799862384796, 'xy_axis_ifft': 0.0942080020904541}, 'ogm_conversion': 0.027648000046610832, 'split_time': 0.00018477439880371096, 'test_auc': 0.5018068783068783, 'test_nll': 0.7419411367242796, 'train_auc': 0.7464387464387464, 'train_nll': 0.6777889978293716}","{'data': {'data_dir': 'datasets/sa/toysim0/npz', 'test_split': 0.2, 'file_prefix': 'results_frame_', 'file_suffix': '.npz', 'dataset_name': 'toysim', 'world_bounds': [-50, 50, -50, 50]}, 'wandb': {'notes': 'This experiment evaluates the performance of the decoding method on the ablation dataset.', 'online': True, 'enabled': True, 'verbose': False, 'project_name': 'decoding_method_evaluation_toymap_no_entropy'}, 'logging': {'enabled': True, 'verbose': False, 'save_dir': 'logs/decoding_method_evaluation_toymap_no_entropy/mapping-axis_resolution=1-0_mapping-vector_dimensionality=8192_mapping-vector_length_scale=0-2_mapping-decoding-method=tanh', 'log_images': True, 'override_existing': False}, 'mapping': {'seed': 42, 'device': 'cuda', 'verbose': True, 'decoding': {'alpha': 'None', 'method': 'tanh', 'disk_radii_1': 3, 'disk_radii_2': 3}, 'num_tiles': 1, 'data_filter': 'passthrough', 'mapping_type': 'SA_VSA_OGM', 'axis_resolution': 1, 'vector_length_scale': 0.2, 'vector_dimensionality': 8192}, 'experiment_name': 'mapping-axis_resolution=1-0_mapping-vector_dimensionality=8192_mapping-vector_length_scale=0-2_mapping-decoding-method=tanh', 'experiment_type': 'single_agent', 'mapping_manager': {'seed': 42, 'metrics': ['auc', 'nll'], 'verbose': True, 'num_mappers': 1, 'plotting_flags': {'plot_images': False, 'plot_metrics': True, 'plot_predictions': False, 'plot_point_clouds': False}}, 'experiment_parameters': {'mapping': {'decoding': {'method': ['relu', 'relu_normalize', 'relu_squaring', 'relu_normalize_squaring', 'tanh', 'tanh_normalize', 'tanh_squaring', 'tanh_normalize_squaring', 'sigmoid', 'sigmoid_normalize', 'sigmoid_squaring', 'sigmoid_normalize_squaring']}, 'axis_resolution': [1], 'vector_length_scale': [0.1, 0.2, 0.5, 1], 'vector_dimensionality': [32768, 16384, 8192]}}}",mapping-axis_resolution=1-0_mapping-vector_dimensionality=8192_mapping-vector_length_scale=0-2_mapping-decoding-method=tanh
113,"{'_runtime': 10.712311971, '_step': 88, '_timestamp': 1740610479.2472217, '_wandb': {'runtime': 10}, 'cpu2gpu_time': 0.0001080036163330078, 'decoding': {'decoding_time': 0.1525759994983673}, 'empty': {'axis_fd_matrix': 0.058368001133203506, 'axis_fd_power_matrix': 0.09216000139713287, 'axis_fd_power_unsqueeze': 0.004095999989658594, 'dot_product': 1.8698240518569944, 'hm_clone': 0.02867200039327145, 'hm_decoding': 0.026623999699950215, 'index_add': 0.048128001391887665, 'power_matrix': 0.058368001133203506, 'powers': 0.06143999844789505, 'qv_norm': 0.05427199974656105, 'tile_memory_calculation': 0.11776000261306764, 'world_bound_norm': 0.11161600053310394, 'xy_axis_fd_matrix': 0.06348799914121628, 'xy_axis_ifft': 0.05119999870657921}, 'occupied': {'axis_fd_matrix': 0.06758400052785873, 'axis_fd_power_matrix': 0.08396799862384796, 'axis_fd_power_unsqueeze': 0.004095999989658594, 'dot_product': 1.8923519849777224, 'hm_clone': 0.03993599861860275, 'hm_decoding': 0.027648000046610832, 'index_add': 0.060416001826524734, 'power_matrix': 0.06656000018119812, 'powers': 0.07065600156784058, 'qv_norm': 0.07372800260782242, 'tile_memory_calculation': 0.1802240014076233, 'world_bound_norm': 0.131071999669075, 'xy_axis_fd_matrix': 0.08294399827718735, 'xy_axis_ifft': 0.1013759970664978}, 'ogm_conversion': 0.02867200039327145, 'split_time': 0.0001976490020751953, 'test_auc': 0.4620026455026455, 'test_nll': 0.789017217836188, 'train_auc': 0.6381766381766382, 'train_nll': 0.712837738006249}","{'data': {'data_dir': 'datasets/sa/toysim0/npz', 'test_split': 0.2, 'file_prefix': 'results_frame_', 'file_suffix': '.npz', 'dataset_name': 'toysim', 'world_bounds': [-50, 50, -50, 50]}, 'wandb': {'notes': 'This experiment evaluates the performance of the decoding method on the ablation dataset.', 'online': True, 'enabled': True, 'verbose': False, 'project_name': 'decoding_method_evaluation_toymap_no_entropy'}, 'logging': {'enabled': True, 'verbose': False, 'save_dir': 'logs/decoding_method_evaluation_toymap_no_entropy/mapping-axis_resolution=1-0_mapping-vector_dimensionality=8192_mapping-vector_length_scale=0-2_mapping-decoding-method=tanh_normalize', 'log_images': True, 'override_existing': False}, 'mapping': {'seed': 42, 'device': 'cuda', 'verbose': True, 'decoding': {'alpha': 'None', 'method': 'tanh_normalize', 'disk_radii_1': 3, 'disk_radii_2': 3}, 'num_tiles': 1, 'data_filter': 'passthrough', 'mapping_type': 'SA_VSA_OGM', 'axis_resolution': 1, 'vector_length_scale': 0.2, 'vector_dimensionality': 8192}, 'experiment_name': 'mapping-axis_resolution=1-0_mapping-vector_dimensionality=8192_mapping-vector_length_scale=0-2_mapping-decoding-method=tanh_normalize', 'experiment_type': 'single_agent', 'mapping_manager': {'seed': 42, 'metrics': ['auc', 'nll'], 'verbose': True, 'num_mappers': 1, 'plotting_flags': {'plot_images': False, 'plot_metrics': True, 'plot_predictions': False, 'plot_point_clouds': False}}, 'experiment_parameters': {'mapping': {'decoding': {'method': ['relu', 'relu_normalize', 'relu_squaring', 'relu_normalize_squaring', 'tanh', 'tanh_normalize', 'tanh_squaring', 'tanh_normalize_squaring', 'sigmoid', 'sigmoid_normalize', 'sigmoid_squaring', 'sigmoid_normalize_squaring']}, 'axis_resolution': [1], 'vector_length_scale': [0.1, 0.2, 0.5, 1], 'vector_dimensionality': [32768, 16384, 8192]}}}",mapping-axis_resolution=1-0_mapping-vector_dimensionality=8192_mapping-vector_length_scale=0-2_mapping-decoding-method=tanh_normalize
114,"{'_runtime': 10.673913871, '_step': 88, '_timestamp': 1740610491.5607882, '_wandb': {'runtime': 10}, 'cpu2gpu_time': 0.00010657310485839844, 'decoding': {'decoding_time': 0.12800000607967377}, 'empty': {'axis_fd_matrix': 0.058368001133203506, 'axis_fd_power_matrix': 0.08191999793052673, 'axis_fd_power_unsqueeze': 0.005119999870657921, 'dot_product': 1.8636800050735471, 'hm_clone': 0.030719999223947525, 'hm_decoding': 0.026623999699950215, 'index_add': 0.04710400104522705, 'power_matrix': 0.05632000043988228, 'powers': 0.060416001826524734, 'qv_norm': 0.05427199974656105, 'tile_memory_calculation': 0.116736002266407, 'world_bound_norm': 0.11161600053310394, 'xy_axis_fd_matrix': 0.05939200147986412, 'xy_axis_ifft': 0.0655359998345375}, 'occupied': {'axis_fd_matrix': 0.06758400052785873, 'axis_fd_power_matrix': 0.08294399827718735, 'axis_fd_power_unsqueeze': 0.004095999989658594, 'dot_product': 1.891327977180481, 'hm_clone': 0.03891199827194214, 'hm_decoding': 0.026623999699950215, 'index_add': 0.06860800087451935, 'power_matrix': 0.06656000018119812, 'powers': 0.06860800087451935, 'qv_norm': 0.07372800260782242, 'tile_memory_calculation': 0.1802240014076233, 'world_bound_norm': 0.13209599256515503, 'xy_axis_fd_matrix': 0.08294399827718735, 'xy_axis_ifft': 0.09523200243711472}, 'ogm_conversion': 0.02867200039327145, 'split_time': 0.000194549560546875, 'test_auc': 0.4600873015873016, 'test_nll': 0.6895951409936029, 'train_auc': 0.5413105413105413, 'train_nll': 0.7718298619933103}","{'data': {'data_dir': 'datasets/sa/toysim0/npz', 'test_split': 0.2, 'file_prefix': 'results_frame_', 'file_suffix': '.npz', 'dataset_name': 'toysim', 'world_bounds': [-50, 50, -50, 50]}, 'wandb': {'notes': 'This experiment evaluates the performance of the decoding method on the ablation dataset.', 'online': True, 'enabled': True, 'verbose': False, 'project_name': 'decoding_method_evaluation_toymap_no_entropy'}, 'logging': {'enabled': True, 'verbose': False, 'save_dir': 'logs/decoding_method_evaluation_toymap_no_entropy/mapping-axis_resolution=1-0_mapping-vector_dimensionality=8192_mapping-vector_length_scale=0-2_mapping-decoding-method=tanh_squaring', 'log_images': True, 'override_existing': False}, 'mapping': {'seed': 42, 'device': 'cuda', 'verbose': True, 'decoding': {'alpha': 'None', 'method': 'tanh_squaring', 'disk_radii_1': 3, 'disk_radii_2': 3}, 'num_tiles': 1, 'data_filter': 'passthrough', 'mapping_type': 'SA_VSA_OGM', 'axis_resolution': 1, 'vector_length_scale': 0.2, 'vector_dimensionality': 8192}, 'experiment_name': 'mapping-axis_resolution=1-0_mapping-vector_dimensionality=8192_mapping-vector_length_scale=0-2_mapping-decoding-method=tanh_squaring', 'experiment_type': 'single_agent', 'mapping_manager': {'seed': 42, 'metrics': ['auc', 'nll'], 'verbose': True, 'num_mappers': 1, 'plotting_flags': {'plot_images': False, 'plot_metrics': True, 'plot_predictions': False, 'plot_point_clouds': False}}, 'experiment_parameters': {'mapping': {'decoding': {'method': ['relu', 'relu_normalize', 'relu_squaring', 'relu_normalize_squaring', 'tanh', 'tanh_normalize', 'tanh_squaring', 'tanh_normalize_squaring', 'sigmoid', 'sigmoid_normalize', 'sigmoid_squaring', 'sigmoid_normalize_squaring']}, 'axis_resolution': [1], 'vector_length_scale': [0.1, 0.2, 0.5, 1], 'vector_dimensionality': [32768, 16384, 8192]}}}",mapping-axis_resolution=1-0_mapping-vector_dimensionality=8192_mapping-vector_length_scale=0-2_mapping-decoding-method=tanh_squaring
115,"{'_runtime': 10.690376054, '_step': 88, '_timestamp': 1740610503.963844, '_wandb': {'runtime': 10}, 'cpu2gpu_time': 0.0001080036163330078, 'decoding': {'decoding_time': 0.18227200210094452}, 'empty': {'axis_fd_matrix': 0.05939200147986412, 'axis_fd_power_matrix': 0.08396799862384796, 'axis_fd_power_unsqueeze': 0.004095999989658594, 'dot_product': 1.866752028465271, 'hm_clone': 0.02969600073993206, 'hm_decoding': 0.027648000046610832, 'index_add': 0.04915200173854828, 'power_matrix': 0.060416001826524734, 'powers': 0.06143999844789505, 'qv_norm': 0.05324799939990043, 'tile_memory_calculation': 0.116736002266407, 'world_bound_norm': 0.11059200018644331, 'xy_axis_fd_matrix': 0.0655359998345375, 'xy_axis_ifft': 0.05427199974656105}, 'occupied': {'axis_fd_matrix': 0.06860800087451935, 'axis_fd_power_matrix': 0.08191999793052673, 'axis_fd_power_unsqueeze': 0.004095999989658594, 'dot_product': 1.891327977180481, 'hm_clone': 0.03788800165057182, 'hm_decoding': 0.026623999699950215, 'index_add': 0.060416001826524734, 'power_matrix': 0.06451199948787689, 'powers': 0.06758400052785873, 'qv_norm': 0.08806400001049042, 'tile_memory_calculation': 0.17919999361038208, 'world_bound_norm': 0.130048006772995, 'xy_axis_fd_matrix': 0.08396799862384796, 'xy_axis_ifft': 0.09523200243711472}, 'ogm_conversion': 0.02867200039327145, 'split_time': 0.0001885890960693359, 'test_auc': 0.5179761904761905, 'test_nll': 0.7004345254234964, 'train_auc': 0.5982905982905984, 'train_nll': 0.7053797391134738}","{'data': {'data_dir': 'datasets/sa/toysim0/npz', 'test_split': 0.2, 'file_prefix': 'results_frame_', 'file_suffix': '.npz', 'dataset_name': 'toysim', 'world_bounds': [-50, 50, -50, 50]}, 'wandb': {'notes': 'This experiment evaluates the performance of the decoding method on the ablation dataset.', 'online': True, 'enabled': True, 'verbose': False, 'project_name': 'decoding_method_evaluation_toymap_no_entropy'}, 'logging': {'enabled': True, 'verbose': False, 'save_dir': 'logs/decoding_method_evaluation_toymap_no_entropy/mapping-axis_resolution=1-0_mapping-vector_dimensionality=8192_mapping-vector_length_scale=0-2_mapping-decoding-method=tanh_normalize_squaring', 'log_images': True, 'override_existing': False}, 'mapping': {'seed': 42, 'device': 'cuda', 'verbose': True, 'decoding': {'alpha': 'None', 'method': 'tanh_normalize_squaring', 'disk_radii_1': 3, 'disk_radii_2': 3}, 'num_tiles': 1, 'data_filter': 'passthrough', 'mapping_type': 'SA_VSA_OGM', 'axis_resolution': 1, 'vector_length_scale': 0.2, 'vector_dimensionality': 8192}, 'experiment_name': 'mapping-axis_resolution=1-0_mapping-vector_dimensionality=8192_mapping-vector_length_scale=0-2_mapping-decoding-method=tanh_normalize_squaring', 'experiment_type': 'single_agent', 'mapping_manager': {'seed': 42, 'metrics': ['auc', 'nll'], 'verbose': True, 'num_mappers': 1, 'plotting_flags': {'plot_images': False, 'plot_metrics': True, 'plot_predictions': False, 'plot_point_clouds': False}}, 'experiment_parameters': {'mapping': {'decoding': {'method': ['relu', 'relu_normalize', 'relu_squaring', 'relu_normalize_squaring', 'tanh', 'tanh_normalize', 'tanh_squaring', 'tanh_normalize_squaring', 'sigmoid', 'sigmoid_normalize', 'sigmoid_squaring', 'sigmoid_normalize_squaring']}, 'axis_resolution': [1], 'vector_length_scale': [0.1, 0.2, 0.5, 1], 'vector_dimensionality': [32768, 16384, 8192]}}}",mapping-axis_resolution=1-0_mapping-vector_dimensionality=8192_mapping-vector_length_scale=0-2_mapping-decoding-method=tanh_normalize_squaring
116,"{'_runtime': 11.010109618, '_step': 88, '_timestamp': 1740610516.6198633, '_wandb': {'runtime': 11}, 'cpu2gpu_time': 0.00011444091796875, 'decoding': {'decoding_time': 0.09932799637317656}, 'empty': {'axis_fd_matrix': 0.05939200147986412, 'axis_fd_power_matrix': 0.08294399827718735, 'axis_fd_power_unsqueeze': 0.004095999989658594, 'dot_product': 1.861631989479065, 'hm_clone': 0.02969600073993206, 'hm_decoding': 0.027648000046610832, 'index_add': 0.04710400104522705, 'power_matrix': 0.060416001826524734, 'powers': 0.06143999844789505, 'qv_norm': 0.06758400052785873, 'tile_memory_calculation': 0.11776000261306764, 'world_bound_norm': 0.11161600053310394, 'xy_axis_fd_matrix': 0.06143999844789505, 'xy_axis_ifft': 0.05222399905323982}, 'occupied': {'axis_fd_matrix': 0.06451199948787689, 'axis_fd_power_matrix': 0.08191999793052673, 'axis_fd_power_unsqueeze': 0.004095999989658594, 'dot_product': 1.888255953788757, 'hm_clone': 0.050175998359918594, 'hm_decoding': 0.027648000046610832, 'index_add': 0.05939200147986412, 'power_matrix': 0.06451199948787689, 'powers': 0.06656000018119812, 'qv_norm': 0.0727040022611618, 'tile_memory_calculation': 0.17817600071430206, 'world_bound_norm': 0.1454080045223236, 'xy_axis_fd_matrix': 0.08396799862384796, 'xy_axis_ifft': 0.09625600278377532}, 'ogm_conversion': 0.02867200039327145, 'split_time': 0.00017952919006347656, 'test_auc': 0.5041402116402116, 'test_nll': 0.736372485259214, 'train_auc': 0.5242165242165242, 'train_nll': 0.7197103722666375}","{'data': {'data_dir': 'datasets/sa/toysim0/npz', 'test_split': 0.2, 'file_prefix': 'results_frame_', 'file_suffix': '.npz', 'dataset_name': 'toysim', 'world_bounds': [-50, 50, -50, 50]}, 'wandb': {'notes': 'This experiment evaluates the performance of the decoding method on the ablation dataset.', 'online': True, 'enabled': True, 'verbose': False, 'project_name': 'decoding_method_evaluation_toymap_no_entropy'}, 'logging': {'enabled': True, 'verbose': False, 'save_dir': 'logs/decoding_method_evaluation_toymap_no_entropy/mapping-axis_resolution=1-0_mapping-vector_dimensionality=8192_mapping-vector_length_scale=0-2_mapping-decoding-method=sigmoid', 'log_images': True, 'override_existing': False}, 'mapping': {'seed': 42, 'device': 'cuda', 'verbose': True, 'decoding': {'alpha': 'None', 'method': 'sigmoid', 'disk_radii_1': 3, 'disk_radii_2': 3}, 'num_tiles': 1, 'data_filter': 'passthrough', 'mapping_type': 'SA_VSA_OGM', 'axis_resolution': 1, 'vector_length_scale': 0.2, 'vector_dimensionality': 8192}, 'experiment_name': 'mapping-axis_resolution=1-0_mapping-vector_dimensionality=8192_mapping-vector_length_scale=0-2_mapping-decoding-method=sigmoid', 'experiment_type': 'single_agent', 'mapping_manager': {'seed': 42, 'metrics': ['auc', 'nll'], 'verbose': True, 'num_mappers': 1, 'plotting_flags': {'plot_images': False, 'plot_metrics': True, 'plot_predictions': False, 'plot_point_clouds': False}}, 'experiment_parameters': {'mapping': {'decoding': {'method': ['relu', 'relu_normalize', 'relu_squaring', 'relu_normalize_squaring', 'tanh', 'tanh_normalize', 'tanh_squaring', 'tanh_normalize_squaring', 'sigmoid', 'sigmoid_normalize', 'sigmoid_squaring', 'sigmoid_normalize_squaring']}, 'axis_resolution': [1], 'vector_length_scale': [0.1, 0.2, 0.5, 1], 'vector_dimensionality': [32768, 16384, 8192]}}}",mapping-axis_resolution=1-0_mapping-vector_dimensionality=8192_mapping-vector_length_scale=0-2_mapping-decoding-method=sigmoid
117,"{'_runtime': 11.054696601, '_step': 88, '_timestamp': 1740610529.2619054, '_wandb': {'runtime': 11}, 'cpu2gpu_time': 0.00010609626770019533, 'decoding': {'decoding_time': 0.15564799308776855}, 'empty': {'axis_fd_matrix': 0.05939200147986412, 'axis_fd_power_matrix': 0.08191999793052673, 'axis_fd_power_unsqueeze': 0.004095999989658594, 'dot_product': 1.8606079816818235, 'hm_clone': 0.02969600073993206, 'hm_decoding': 0.026623999699950215, 'index_add': 0.04710400104522705, 'power_matrix': 0.05939200147986412, 'powers': 0.060416001826524734, 'qv_norm': 0.06451199948787689, 'tile_memory_calculation': 0.11366400122642516, 'world_bound_norm': 0.10956799983978271, 'xy_axis_fd_matrix': 0.062463998794555664, 'xy_axis_ifft': 0.05119999870657921}, 'occupied': {'axis_fd_matrix': 0.0655359998345375, 'axis_fd_power_matrix': 0.08294399827718735, 'axis_fd_power_unsqueeze': 0.004095999989658594, 'dot_product': 1.891327977180481, 'hm_clone': 0.04915200173854828, 'hm_decoding': 0.026623999699950215, 'index_add': 0.05939200147986412, 'power_matrix': 0.0655359998345375, 'powers': 0.06963200122117996, 'qv_norm': 0.07372800260782242, 'tile_memory_calculation': 0.17715199291706085, 'world_bound_norm': 0.1443839967250824, 'xy_axis_fd_matrix': 0.08499199897050858, 'xy_axis_ifft': 0.09523200243711472}, 'ogm_conversion': 0.027648000046610832, 'split_time': 0.0001819133758544922, 'test_auc': 0.4609761904761905, 'test_nll': 0.7918309734311131, 'train_auc': 0.4957264957264958, 'train_nll': 0.7110286592387729}","{'data': {'data_dir': 'datasets/sa/toysim0/npz', 'test_split': 0.2, 'file_prefix': 'results_frame_', 'file_suffix': '.npz', 'dataset_name': 'toysim', 'world_bounds': [-50, 50, -50, 50]}, 'wandb': {'notes': 'This experiment evaluates the performance of the decoding method on the ablation dataset.', 'online': True, 'enabled': True, 'verbose': False, 'project_name': 'decoding_method_evaluation_toymap_no_entropy'}, 'logging': {'enabled': True, 'verbose': False, 'save_dir': 'logs/decoding_method_evaluation_toymap_no_entropy/mapping-axis_resolution=1-0_mapping-vector_dimensionality=8192_mapping-vector_length_scale=0-2_mapping-decoding-method=sigmoid_normalize', 'log_images': True, 'override_existing': False}, 'mapping': {'seed': 42, 'device': 'cuda', 'verbose': True, 'decoding': {'alpha': 'None', 'method': 'sigmoid_normalize', 'disk_radii_1': 3, 'disk_radii_2': 3}, 'num_tiles': 1, 'data_filter': 'passthrough', 'mapping_type': 'SA_VSA_OGM', 'axis_resolution': 1, 'vector_length_scale': 0.2, 'vector_dimensionality': 8192}, 'experiment_name': 'mapping-axis_resolution=1-0_mapping-vector_dimensionality=8192_mapping-vector_length_scale=0-2_mapping-decoding-method=sigmoid_normalize', 'experiment_type': 'single_agent', 'mapping_manager': {'seed': 42, 'metrics': ['auc', 'nll'], 'verbose': True, 'num_mappers': 1, 'plotting_flags': {'plot_images': False, 'plot_metrics': True, 'plot_predictions': False, 'plot_point_clouds': False}}, 'experiment_parameters': {'mapping': {'decoding': {'method': ['relu', 'relu_normalize', 'relu_squaring', 'relu_normalize_squaring', 'tanh', 'tanh_normalize', 'tanh_squaring', 'tanh_normalize_squaring', 'sigmoid', 'sigmoid_normalize', 'sigmoid_squaring', 'sigmoid_normalize_squaring']}, 'axis_resolution': [1], 'vector_length_scale': [0.1, 0.2, 0.5, 1], 'vector_dimensionality': [32768, 16384, 8192]}}}",mapping-axis_resolution=1-0_mapping-vector_dimensionality=8192_mapping-vector_length_scale=0-2_mapping-decoding-method=sigmoid_normalize
118,"{'_runtime': 11.29642577, '_step': 88, '_timestamp': 1740610542.1062615, '_wandb': {'runtime': 11}, 'cpu2gpu_time': 0.00010704994201660156, 'decoding': {'decoding_time': 0.13926400244235992}, 'empty': {'axis_fd_matrix': 0.05939200147986412, 'axis_fd_power_matrix': 0.08294399827718735, 'axis_fd_power_unsqueeze': 0.005119999870657921, 'dot_product': 1.867776036262512, 'hm_clone': 0.030719999223947525, 'hm_decoding': 0.027648000046610832, 'index_add': 0.048128001391887665, 'power_matrix': 0.058368001133203506, 'powers': 0.060416001826524734, 'qv_norm': 0.055296000093221664, 'tile_memory_calculation': 0.116736002266407, 'world_bound_norm': 0.11161600053310394, 'xy_axis_fd_matrix': 0.06143999844789505, 'xy_axis_ifft': 0.058368001133203506}, 'occupied': {'axis_fd_matrix': 0.06860800087451935, 'axis_fd_power_matrix': 0.08191999793052673, 'axis_fd_power_unsqueeze': 0.004095999989658594, 'dot_product': 1.8923519849777224, 'hm_clone': 0.03993599861860275, 'hm_decoding': 0.026623999699950215, 'index_add': 0.05939200147986412, 'power_matrix': 0.06656000018119812, 'powers': 0.06860800087451935, 'qv_norm': 0.0727040022611618, 'tile_memory_calculation': 0.19148799777030945, 'world_bound_norm': 0.131071999669075, 'xy_axis_fd_matrix': 0.08294399827718735, 'xy_axis_ifft': 0.09728000313043594}, 'ogm_conversion': 0.02969600073993206, 'split_time': 0.0001852512359619141, 'test_auc': 0.4339100529100529, 'test_nll': 0.7051456424061108, 'train_auc': 0.4245014245014245, 'train_nll': 0.746937304366055}","{'data': {'data_dir': 'datasets/sa/toysim0/npz', 'test_split': 0.2, 'file_prefix': 'results_frame_', 'file_suffix': '.npz', 'dataset_name': 'toysim', 'world_bounds': [-50, 50, -50, 50]}, 'wandb': {'notes': 'This experiment evaluates the performance of the decoding method on the ablation dataset.', 'online': True, 'enabled': True, 'verbose': False, 'project_name': 'decoding_method_evaluation_toymap_no_entropy'}, 'logging': {'enabled': True, 'verbose': False, 'save_dir': 'logs/decoding_method_evaluation_toymap_no_entropy/mapping-axis_resolution=1-0_mapping-vector_dimensionality=8192_mapping-vector_length_scale=0-2_mapping-decoding-method=sigmoid_squaring', 'log_images': True, 'override_existing': False}, 'mapping': {'seed': 42, 'device': 'cuda', 'verbose': True, 'decoding': {'alpha': 'None', 'method': 'sigmoid_squaring', 'disk_radii_1': 3, 'disk_radii_2': 3}, 'num_tiles': 1, 'data_filter': 'passthrough', 'mapping_type': 'SA_VSA_OGM', 'axis_resolution': 1, 'vector_length_scale': 0.2, 'vector_dimensionality': 8192}, 'experiment_name': 'mapping-axis_resolution=1-0_mapping-vector_dimensionality=8192_mapping-vector_length_scale=0-2_mapping-decoding-method=sigmoid_squaring', 'experiment_type': 'single_agent', 'mapping_manager': {'seed': 42, 'metrics': ['auc', 'nll'], 'verbose': True, 'num_mappers': 1, 'plotting_flags': {'plot_images': False, 'plot_metrics': True, 'plot_predictions': False, 'plot_point_clouds': False}}, 'experiment_parameters': {'mapping': {'decoding': {'method': ['relu', 'relu_normalize', 'relu_squaring', 'relu_normalize_squaring', 'tanh', 'tanh_normalize', 'tanh_squaring', 'tanh_normalize_squaring', 'sigmoid', 'sigmoid_normalize', 'sigmoid_squaring', 'sigmoid_normalize_squaring']}, 'axis_resolution': [1], 'vector_length_scale': [0.1, 0.2, 0.5, 1], 'vector_dimensionality': [32768, 16384, 8192]}}}",mapping-axis_resolution=1-0_mapping-vector_dimensionality=8192_mapping-vector_length_scale=0-2_mapping-decoding-method=sigmoid_squaring
119,"{'_runtime': 11.208933102, '_step': 88, '_timestamp': 1740610554.946158, '_wandb': {'runtime': 11}, 'cpu2gpu_time': 0.00010848045349121094, 'decoding': {'decoding_time': 0.18432000279426575}, 'empty': {'axis_fd_matrix': 0.058368001133203506, 'axis_fd_power_matrix': 0.08499199897050858, 'axis_fd_power_unsqueeze': 0.004095999989658594, 'dot_product': 1.8688000440597536, 'hm_clone': 0.02867200039327145, 'hm_decoding': 0.027648000046610832, 'index_add': 0.04710400104522705, 'power_matrix': 0.05939200147986412, 'powers': 0.06143999844789505, 'qv_norm': 0.05427199974656105, 'tile_memory_calculation': 0.116736002266407, 'world_bound_norm': 0.11059200018644331, 'xy_axis_fd_matrix': 0.07475200295448303, 'xy_axis_ifft': 0.05324799939990043}, 'occupied': {'axis_fd_matrix': 0.0655359998345375, 'axis_fd_power_matrix': 0.08294399827718735, 'axis_fd_power_unsqueeze': 0.004095999989658594, 'dot_product': 1.8892799615859983, 'hm_clone': 0.03891199827194214, 'hm_decoding': 0.026623999699950215, 'index_add': 0.05939200147986412, 'power_matrix': 0.062463998794555664, 'powers': 0.06656000018119812, 'qv_norm': 0.07884799689054489, 'tile_memory_calculation': 0.1812479943037033, 'world_bound_norm': 0.13414399325847626, 'xy_axis_fd_matrix': 0.08191999793052673, 'xy_axis_ifft': 0.1013759970664978}, 'ogm_conversion': 0.02867200039327145, 'split_time': 0.0001931190490722656, 'test_auc': 0.48956349206349214, 'test_nll': 0.7130620745501487, 'train_auc': 0.5441595441595442, 'train_nll': 0.6653327565762965}","{'data': {'data_dir': 'datasets/sa/toysim0/npz', 'test_split': 0.2, 'file_prefix': 'results_frame_', 'file_suffix': '.npz', 'dataset_name': 'toysim', 'world_bounds': [-50, 50, -50, 50]}, 'wandb': {'notes': 'This experiment evaluates the performance of the decoding method on the ablation dataset.', 'online': True, 'enabled': True, 'verbose': False, 'project_name': 'decoding_method_evaluation_toymap_no_entropy'}, 'logging': {'enabled': True, 'verbose': False, 'save_dir': 'logs/decoding_method_evaluation_toymap_no_entropy/mapping-axis_resolution=1-0_mapping-vector_dimensionality=8192_mapping-vector_length_scale=0-2_mapping-decoding-method=sigmoid_normalize_squaring', 'log_images': True, 'override_existing': False}, 'mapping': {'seed': 42, 'device': 'cuda', 'verbose': True, 'decoding': {'alpha': 'None', 'method': 'sigmoid_normalize_squaring', 'disk_radii_1': 3, 'disk_radii_2': 3}, 'num_tiles': 1, 'data_filter': 'passthrough', 'mapping_type': 'SA_VSA_OGM', 'axis_resolution': 1, 'vector_length_scale': 0.2, 'vector_dimensionality': 8192}, 'experiment_name': 'mapping-axis_resolution=1-0_mapping-vector_dimensionality=8192_mapping-vector_length_scale=0-2_mapping-decoding-method=sigmoid_normalize_squaring', 'experiment_type': 'single_agent', 'mapping_manager': {'seed': 42, 'metrics': ['auc', 'nll'], 'verbose': True, 'num_mappers': 1, 'plotting_flags': {'plot_images': False, 'plot_metrics': True, 'plot_predictions': False, 'plot_point_clouds': False}}, 'experiment_parameters': {'mapping': {'decoding': {'method': ['relu', 'relu_normalize', 'relu_squaring', 'relu_normalize_squaring', 'tanh', 'tanh_normalize', 'tanh_squaring', 'tanh_normalize_squaring', 'sigmoid', 'sigmoid_normalize', 'sigmoid_squaring', 'sigmoid_normalize_squaring']}, 'axis_resolution': [1], 'vector_length_scale': [0.1, 0.2, 0.5, 1], 'vector_dimensionality': [32768, 16384, 8192]}}}",mapping-axis_resolution=1-0_mapping-vector_dimensionality=8192_mapping-vector_length_scale=0-2_mapping-decoding-method=sigmoid_normalize_squaring
120,"{'_runtime': 11.1946675, '_step': 88, '_timestamp': 1740610567.723941, '_wandb': {'runtime': 11}, 'cpu2gpu_time': 0.00012230873107910156, 'decoding': {'decoding_time': 0.10342399775981904}, 'empty': {'axis_fd_matrix': 0.05939200147986412, 'axis_fd_power_matrix': 0.08294399827718735, 'axis_fd_power_unsqueeze': 0.004095999989658594, 'dot_product': 1.8626559972763064, 'hm_clone': 0.02969600073993206, 'hm_decoding': 0.027648000046610832, 'index_add': 0.04710400104522705, 'power_matrix': 0.06860800087451935, 'powers': 0.060416001826524734, 'qv_norm': 0.05427199974656105, 'tile_memory_calculation': 0.1157120019197464, 'world_bound_norm': 0.11059200018644331, 'xy_axis_fd_matrix': 0.06143999844789505, 'xy_axis_ifft': 0.05119999870657921}, 'occupied': {'axis_fd_matrix': 0.06451199948787689, 'axis_fd_power_matrix': 0.08089599758386612, 'axis_fd_power_unsqueeze': 0.004095999989658594, 'dot_product': 1.884160041809082, 'hm_clone': 0.03788800165057182, 'hm_decoding': 0.027648000046610832, 'index_add': 0.05939200147986412, 'power_matrix': 0.06451199948787689, 'powers': 0.06758400052785873, 'qv_norm': 0.07372800260782242, 'tile_memory_calculation': 0.18432000279426575, 'world_bound_norm': 0.131071999669075, 'xy_axis_fd_matrix': 0.09113600105047226, 'xy_axis_ifft': 0.09830400347709656}, 'ogm_conversion': 0.02867200039327145, 'split_time': 0.0001854896545410156, 'test_auc': 0.5953703703703703, 'test_nll': 0.6657294657549754, 'train_auc': 0.3133903133903134, 'train_nll': 0.7778489373041937}","{'data': {'data_dir': 'datasets/sa/toysim0/npz', 'test_split': 0.2, 'file_prefix': 'results_frame_', 'file_suffix': '.npz', 'dataset_name': 'toysim', 'world_bounds': [-50, 50, -50, 50]}, 'wandb': {'notes': 'This experiment evaluates the performance of the decoding method on the ablation dataset.', 'online': True, 'enabled': True, 'verbose': False, 'project_name': 'decoding_method_evaluation_toymap_no_entropy'}, 'logging': {'enabled': True, 'verbose': False, 'save_dir': 'logs/decoding_method_evaluation_toymap_no_entropy/mapping-axis_resolution=1-0_mapping-vector_dimensionality=8192_mapping-vector_length_scale=0-5_mapping-decoding-method=relu', 'log_images': True, 'override_existing': False}, 'mapping': {'seed': 42, 'device': 'cuda', 'verbose': True, 'decoding': {'alpha': 'None', 'method': 'relu', 'disk_radii_1': 3, 'disk_radii_2': 3}, 'num_tiles': 1, 'data_filter': 'passthrough', 'mapping_type': 'SA_VSA_OGM', 'axis_resolution': 1, 'vector_length_scale': 0.5, 'vector_dimensionality': 8192}, 'experiment_name': 'mapping-axis_resolution=1-0_mapping-vector_dimensionality=8192_mapping-vector_length_scale=0-5_mapping-decoding-method=relu', 'experiment_type': 'single_agent', 'mapping_manager': {'seed': 42, 'metrics': ['auc', 'nll'], 'verbose': True, 'num_mappers': 1, 'plotting_flags': {'plot_images': False, 'plot_metrics': True, 'plot_predictions': False, 'plot_point_clouds': False}}, 'experiment_parameters': {'mapping': {'decoding': {'method': ['relu', 'relu_normalize', 'relu_squaring', 'relu_normalize_squaring', 'tanh', 'tanh_normalize', 'tanh_squaring', 'tanh_normalize_squaring', 'sigmoid', 'sigmoid_normalize', 'sigmoid_squaring', 'sigmoid_normalize_squaring']}, 'axis_resolution': [1], 'vector_length_scale': [0.1, 0.2, 0.5, 1], 'vector_dimensionality': [32768, 16384, 8192]}}}",mapping-axis_resolution=1-0_mapping-vector_dimensionality=8192_mapping-vector_length_scale=0-5_mapping-decoding-method=relu
121,"{'_runtime': 11.333741354, '_step': 88, '_timestamp': 1740610580.6548676, '_wandb': {'runtime': 11}, 'cpu2gpu_time': 0.00010895729064941406, 'decoding': {'decoding_time': 0.15360000729560852}, 'empty': {'axis_fd_matrix': 0.058368001133203506, 'axis_fd_power_matrix': 0.08294399827718735, 'axis_fd_power_unsqueeze': 0.004095999989658594, 'dot_product': 1.8636800050735471, 'hm_clone': 0.02969600073993206, 'hm_decoding': 0.027648000046610832, 'index_add': 0.04608000069856644, 'power_matrix': 0.060416001826524734, 'powers': 0.05939200147986412, 'qv_norm': 0.05324799939990043, 'tile_memory_calculation': 0.11468800157308578, 'world_bound_norm': 0.11878400295972824, 'xy_axis_fd_matrix': 0.06348799914121628, 'xy_axis_ifft': 0.05119999870657921}, 'occupied': {'axis_fd_matrix': 0.06656000018119812, 'axis_fd_power_matrix': 0.08191999793052673, 'axis_fd_power_unsqueeze': 0.004095999989658594, 'dot_product': 1.887231945991516, 'hm_clone': 0.03891199827194214, 'hm_decoding': 0.026623999699950215, 'index_add': 0.05734400078654289, 'power_matrix': 0.06451199948787689, 'powers': 0.06758400052785873, 'qv_norm': 0.0727040022611618, 'tile_memory_calculation': 0.18636800348758695, 'world_bound_norm': 0.131071999669075, 'xy_axis_fd_matrix': 0.08396799862384796, 'xy_axis_ifft': 0.09523200243711472}, 'ogm_conversion': 0.03481600061058998, 'split_time': 0.00017714500427246094, 'test_auc': 0.5472804232804234, 'test_nll': 0.7013835272844904, 'train_auc': 0.44729344729344733, 'train_nll': 0.7154937442373022}","{'data': {'data_dir': 'datasets/sa/toysim0/npz', 'test_split': 0.2, 'file_prefix': 'results_frame_', 'file_suffix': '.npz', 'dataset_name': 'toysim', 'world_bounds': [-50, 50, -50, 50]}, 'wandb': {'notes': 'This experiment evaluates the performance of the decoding method on the ablation dataset.', 'online': True, 'enabled': True, 'verbose': False, 'project_name': 'decoding_method_evaluation_toymap_no_entropy'}, 'logging': {'enabled': True, 'verbose': False, 'save_dir': 'logs/decoding_method_evaluation_toymap_no_entropy/mapping-axis_resolution=1-0_mapping-vector_dimensionality=8192_mapping-vector_length_scale=0-5_mapping-decoding-method=relu_normalize', 'log_images': True, 'override_existing': False}, 'mapping': {'seed': 42, 'device': 'cuda', 'verbose': True, 'decoding': {'alpha': 'None', 'method': 'relu_normalize', 'disk_radii_1': 3, 'disk_radii_2': 3}, 'num_tiles': 1, 'data_filter': 'passthrough', 'mapping_type': 'SA_VSA_OGM', 'axis_resolution': 1, 'vector_length_scale': 0.5, 'vector_dimensionality': 8192}, 'experiment_name': 'mapping-axis_resolution=1-0_mapping-vector_dimensionality=8192_mapping-vector_length_scale=0-5_mapping-decoding-method=relu_normalize', 'experiment_type': 'single_agent', 'mapping_manager': {'seed': 42, 'metrics': ['auc', 'nll'], 'verbose': True, 'num_mappers': 1, 'plotting_flags': {'plot_images': False, 'plot_metrics': True, 'plot_predictions': False, 'plot_point_clouds': False}}, 'experiment_parameters': {'mapping': {'decoding': {'method': ['relu', 'relu_normalize', 'relu_squaring', 'relu_normalize_squaring', 'tanh', 'tanh_normalize', 'tanh_squaring', 'tanh_normalize_squaring', 'sigmoid', 'sigmoid_normalize', 'sigmoid_squaring', 'sigmoid_normalize_squaring']}, 'axis_resolution': [1], 'vector_length_scale': [0.1, 0.2, 0.5, 1], 'vector_dimensionality': [32768, 16384, 8192]}}}",mapping-axis_resolution=1-0_mapping-vector_dimensionality=8192_mapping-vector_length_scale=0-5_mapping-decoding-method=relu_normalize
122,"{'_runtime': 11.385660491, '_step': 88, '_timestamp': 1740610593.6081223, '_wandb': {'runtime': 11}, 'cpu2gpu_time': 0.00010442733764648438, 'decoding': {'decoding_time': 0.13312000036239624}, 'empty': {'axis_fd_matrix': 0.05939200147986412, 'axis_fd_power_matrix': 0.08396799862384796, 'axis_fd_power_unsqueeze': 0.004095999989658594, 'dot_product': 1.8595839738845823, 'hm_clone': 0.02969600073993206, 'hm_decoding': 0.027648000046610832, 'index_add': 0.048128001391887665, 'power_matrix': 0.062463998794555664, 'powers': 0.06143999844789505, 'qv_norm': 0.05427199974656105, 'tile_memory_calculation': 0.1228799968957901, 'world_bound_norm': 0.11161600053310394, 'xy_axis_fd_matrix': 0.060416001826524734, 'xy_axis_ifft': 0.05324799939990043}, 'occupied': {'axis_fd_matrix': 0.06758400052785873, 'axis_fd_power_matrix': 0.08191999793052673, 'axis_fd_power_unsqueeze': 0.005119999870657921, 'dot_product': 1.891327977180481, 'hm_clone': 0.03891199827194214, 'hm_decoding': 0.026623999699950215, 'index_add': 0.058368001133203506, 'power_matrix': 0.06451199948787689, 'powers': 0.0727040022611618, 'qv_norm': 0.0727040022611618, 'tile_memory_calculation': 0.18329599499702456, 'world_bound_norm': 0.130048006772995, 'xy_axis_fd_matrix': 0.08601599931716919, 'xy_axis_ifft': 0.09625600278377532}, 'ogm_conversion': 0.02867200039327145, 'split_time': 0.00019097328186035156, 'test_auc': 0.5960582010582011, 'test_nll': 0.6641220260828172, 'train_auc': 0.566951566951567, 'train_nll': 0.7071549164095854}","{'data': {'data_dir': 'datasets/sa/toysim0/npz', 'test_split': 0.2, 'file_prefix': 'results_frame_', 'file_suffix': '.npz', 'dataset_name': 'toysim', 'world_bounds': [-50, 50, -50, 50]}, 'wandb': {'notes': 'This experiment evaluates the performance of the decoding method on the ablation dataset.', 'online': True, 'enabled': True, 'verbose': False, 'project_name': 'decoding_method_evaluation_toymap_no_entropy'}, 'logging': {'enabled': True, 'verbose': False, 'save_dir': 'logs/decoding_method_evaluation_toymap_no_entropy/mapping-axis_resolution=1-0_mapping-vector_dimensionality=8192_mapping-vector_length_scale=0-5_mapping-decoding-method=relu_squaring', 'log_images': True, 'override_existing': False}, 'mapping': {'seed': 42, 'device': 'cuda', 'verbose': True, 'decoding': {'alpha': 'None', 'method': 'relu_squaring', 'disk_radii_1': 3, 'disk_radii_2': 3}, 'num_tiles': 1, 'data_filter': 'passthrough', 'mapping_type': 'SA_VSA_OGM', 'axis_resolution': 1, 'vector_length_scale': 0.5, 'vector_dimensionality': 8192}, 'experiment_name': 'mapping-axis_resolution=1-0_mapping-vector_dimensionality=8192_mapping-vector_length_scale=0-5_mapping-decoding-method=relu_squaring', 'experiment_type': 'single_agent', 'mapping_manager': {'seed': 42, 'metrics': ['auc', 'nll'], 'verbose': True, 'num_mappers': 1, 'plotting_flags': {'plot_images': False, 'plot_metrics': True, 'plot_predictions': False, 'plot_point_clouds': False}}, 'experiment_parameters': {'mapping': {'decoding': {'method': ['relu', 'relu_normalize', 'relu_squaring', 'relu_normalize_squaring', 'tanh', 'tanh_normalize', 'tanh_squaring', 'tanh_normalize_squaring', 'sigmoid', 'sigmoid_normalize', 'sigmoid_squaring', 'sigmoid_normalize_squaring']}, 'axis_resolution': [1], 'vector_length_scale': [0.1, 0.2, 0.5, 1], 'vector_dimensionality': [32768, 16384, 8192]}}}",mapping-axis_resolution=1-0_mapping-vector_dimensionality=8192_mapping-vector_length_scale=0-5_mapping-decoding-method=relu_squaring
123,"{'_runtime': 11.470386026, '_step': 88, '_timestamp': 1740610606.6838696, '_wandb': {'runtime': 11}, 'cpu2gpu_time': 0.00011587142944335938, 'decoding': {'decoding_time': 0.19046400487422943}, 'empty': {'axis_fd_matrix': 0.05734400078654289, 'axis_fd_power_matrix': 0.08396799862384796, 'axis_fd_power_unsqueeze': 0.004095999989658594, 'dot_product': 1.87391996383667, 'hm_clone': 0.02867200039327145, 'hm_decoding': 0.026623999699950215, 'index_add': 0.04710400104522705, 'power_matrix': 0.058368001133203506, 'powers': 0.05939200147986412, 'qv_norm': 0.05324799939990043, 'tile_memory_calculation': 0.1157120019197464, 'world_bound_norm': 0.11059200018644331, 'xy_axis_fd_matrix': 0.05939200147986412, 'xy_axis_ifft': 0.05119999870657921}, 'occupied': {'axis_fd_matrix': 0.0655359998345375, 'axis_fd_power_matrix': 0.08089599758386612, 'axis_fd_power_unsqueeze': 0.004095999989658594, 'dot_product': 1.897472023963928, 'hm_clone': 0.03788800165057182, 'hm_decoding': 0.027648000046610832, 'index_add': 0.05939200147986412, 'power_matrix': 0.06451199948787689, 'powers': 0.06758400052785873, 'qv_norm': 0.07680000364780426, 'tile_memory_calculation': 0.19251200556755063, 'world_bound_norm': 0.130048006772995, 'xy_axis_fd_matrix': 0.08396799862384796, 'xy_axis_ifft': 0.0942080020904541}, 'ogm_conversion': 0.027648000046610832, 'split_time': 0.0001914501190185547, 'test_auc': 0.5790449735449734, 'test_nll': 0.6855005201476784, 'train_auc': 0.5726495726495727, 'train_nll': 0.655241247083285}","{'data': {'data_dir': 'datasets/sa/toysim0/npz', 'test_split': 0.2, 'file_prefix': 'results_frame_', 'file_suffix': '.npz', 'dataset_name': 'toysim', 'world_bounds': [-50, 50, -50, 50]}, 'wandb': {'notes': 'This experiment evaluates the performance of the decoding method on the ablation dataset.', 'online': True, 'enabled': True, 'verbose': False, 'project_name': 'decoding_method_evaluation_toymap_no_entropy'}, 'logging': {'enabled': True, 'verbose': False, 'save_dir': 'logs/decoding_method_evaluation_toymap_no_entropy/mapping-axis_resolution=1-0_mapping-vector_dimensionality=8192_mapping-vector_length_scale=0-5_mapping-decoding-method=relu_normalize_squaring', 'log_images': True, 'override_existing': False}, 'mapping': {'seed': 42, 'device': 'cuda', 'verbose': True, 'decoding': {'alpha': 'None', 'method': 'relu_normalize_squaring', 'disk_radii_1': 3, 'disk_radii_2': 3}, 'num_tiles': 1, 'data_filter': 'passthrough', 'mapping_type': 'SA_VSA_OGM', 'axis_resolution': 1, 'vector_length_scale': 0.5, 'vector_dimensionality': 8192}, 'experiment_name': 'mapping-axis_resolution=1-0_mapping-vector_dimensionality=8192_mapping-vector_length_scale=0-5_mapping-decoding-method=relu_normalize_squaring', 'experiment_type': 'single_agent', 'mapping_manager': {'seed': 42, 'metrics': ['auc', 'nll'], 'verbose': True, 'num_mappers': 1, 'plotting_flags': {'plot_images': False, 'plot_metrics': True, 'plot_predictions': False, 'plot_point_clouds': False}}, 'experiment_parameters': {'mapping': {'decoding': {'method': ['relu', 'relu_normalize', 'relu_squaring', 'relu_normalize_squaring', 'tanh', 'tanh_normalize', 'tanh_squaring', 'tanh_normalize_squaring', 'sigmoid', 'sigmoid_normalize', 'sigmoid_squaring', 'sigmoid_normalize_squaring']}, 'axis_resolution': [1], 'vector_length_scale': [0.1, 0.2, 0.5, 1], 'vector_dimensionality': [32768, 16384, 8192]}}}",mapping-axis_resolution=1-0_mapping-vector_dimensionality=8192_mapping-vector_length_scale=0-5_mapping-decoding-method=relu_normalize_squaring
124,"{'_runtime': 11.487457118, '_step': 88, '_timestamp': 1740610619.7316678, '_wandb': {'runtime': 11}, 'cpu2gpu_time': 0.0001118183135986328, 'decoding': {'decoding_time': 0.09830400347709656}, 'empty': {'axis_fd_matrix': 0.058368001133203506, 'axis_fd_power_matrix': 0.08191999793052673, 'axis_fd_power_unsqueeze': 0.004095999989658594, 'dot_product': 1.867776036262512, 'hm_clone': 0.02867200039327145, 'hm_decoding': 0.027648000046610832, 'index_add': 0.04710400104522705, 'power_matrix': 0.05632000043988228, 'powers': 0.05939200147986412, 'qv_norm': 0.05324799939990043, 'tile_memory_calculation': 0.12492799758911131, 'world_bound_norm': 0.10956799983978271, 'xy_axis_fd_matrix': 0.06143999844789505, 'xy_axis_ifft': 0.05427199974656105}, 'occupied': {'axis_fd_matrix': 0.06758400052785873, 'axis_fd_power_matrix': 0.08396799862384796, 'axis_fd_power_unsqueeze': 0.004095999989658594, 'dot_product': 1.8903039693832395, 'hm_clone': 0.03788800165057182, 'hm_decoding': 0.026623999699950215, 'index_add': 0.05734400078654289, 'power_matrix': 0.0655359998345375, 'powers': 0.06860800087451935, 'qv_norm': 0.0727040022611618, 'tile_memory_calculation': 0.17817600071430206, 'world_bound_norm': 0.13209599256515503, 'xy_axis_fd_matrix': 0.0870399996638298, 'xy_axis_ifft': 0.09318400174379347}, 'ogm_conversion': 0.027648000046610832, 'split_time': 0.00018215179443359375, 'test_auc': 0.4509126984126984, 'test_nll': 0.7298231243034623, 'train_auc': 0.4387464387464388, 'train_nll': 0.7658852317021834}","{'data': {'data_dir': 'datasets/sa/toysim0/npz', 'test_split': 0.2, 'file_prefix': 'results_frame_', 'file_suffix': '.npz', 'dataset_name': 'toysim', 'world_bounds': [-50, 50, -50, 50]}, 'wandb': {'notes': 'This experiment evaluates the performance of the decoding method on the ablation dataset.', 'online': True, 'enabled': True, 'verbose': False, 'project_name': 'decoding_method_evaluation_toymap_no_entropy'}, 'logging': {'enabled': True, 'verbose': False, 'save_dir': 'logs/decoding_method_evaluation_toymap_no_entropy/mapping-axis_resolution=1-0_mapping-vector_dimensionality=8192_mapping-vector_length_scale=0-5_mapping-decoding-method=tanh', 'log_images': True, 'override_existing': False}, 'mapping': {'seed': 42, 'device': 'cuda', 'verbose': True, 'decoding': {'alpha': 'None', 'method': 'tanh', 'disk_radii_1': 3, 'disk_radii_2': 3}, 'num_tiles': 1, 'data_filter': 'passthrough', 'mapping_type': 'SA_VSA_OGM', 'axis_resolution': 1, 'vector_length_scale': 0.5, 'vector_dimensionality': 8192}, 'experiment_name': 'mapping-axis_resolution=1-0_mapping-vector_dimensionality=8192_mapping-vector_length_scale=0-5_mapping-decoding-method=tanh', 'experiment_type': 'single_agent', 'mapping_manager': {'seed': 42, 'metrics': ['auc', 'nll'], 'verbose': True, 'num_mappers': 1, 'plotting_flags': {'plot_images': False, 'plot_metrics': True, 'plot_predictions': False, 'plot_point_clouds': False}}, 'experiment_parameters': {'mapping': {'decoding': {'method': ['relu', 'relu_normalize', 'relu_squaring', 'relu_normalize_squaring', 'tanh', 'tanh_normalize', 'tanh_squaring', 'tanh_normalize_squaring', 'sigmoid', 'sigmoid_normalize', 'sigmoid_squaring', 'sigmoid_normalize_squaring']}, 'axis_resolution': [1], 'vector_length_scale': [0.1, 0.2, 0.5, 1], 'vector_dimensionality': [32768, 16384, 8192]}}}",mapping-axis_resolution=1-0_mapping-vector_dimensionality=8192_mapping-vector_length_scale=0-5_mapping-decoding-method=tanh
125,"{'_runtime': 11.753561318, '_step': 88, '_timestamp': 1740610633.037766, '_wandb': {'runtime': 11}, 'cpu2gpu_time': 0.00011658668518066406, 'decoding': {'decoding_time': 0.1525759994983673}, 'empty': {'axis_fd_matrix': 0.05939200147986412, 'axis_fd_power_matrix': 0.08089599758386612, 'axis_fd_power_unsqueeze': 0.005119999870657921, 'dot_product': 1.8657280206680296, 'hm_clone': 0.02969600073993206, 'hm_decoding': 0.027648000046610832, 'index_add': 0.048128001391887665, 'power_matrix': 0.060416001826524734, 'powers': 0.05939200147986412, 'qv_norm': 0.05427199974656105, 'tile_memory_calculation': 0.116736002266407, 'world_bound_norm': 0.11059200018644331, 'xy_axis_fd_matrix': 0.0798719972372055, 'xy_axis_ifft': 0.05324799939990043}, 'occupied': {'axis_fd_matrix': 0.06758400052785873, 'axis_fd_power_matrix': 0.08089599758386612, 'axis_fd_power_unsqueeze': 0.004095999989658594, 'dot_product': 1.8903039693832395, 'hm_clone': 0.03891199827194214, 'hm_decoding': 0.026623999699950215, 'index_add': 0.060416001826524734, 'power_matrix': 0.062463998794555664, 'powers': 0.06758400052785873, 'qv_norm': 0.07372800260782242, 'tile_memory_calculation': 0.17919999361038208, 'world_bound_norm': 0.131071999669075, 'xy_axis_fd_matrix': 0.08191999793052673, 'xy_axis_ifft': 0.1003519967198372}, 'ogm_conversion': 0.027648000046610832, 'split_time': 0.0001854896545410156, 'test_auc': 0.5260026455026455, 'test_nll': 0.7261348306195892, 'train_auc': 0.3532763532763533, 'train_nll': 0.795475080411709}","{'data': {'data_dir': 'datasets/sa/toysim0/npz', 'test_split': 0.2, 'file_prefix': 'results_frame_', 'file_suffix': '.npz', 'dataset_name': 'toysim', 'world_bounds': [-50, 50, -50, 50]}, 'wandb': {'notes': 'This experiment evaluates the performance of the decoding method on the ablation dataset.', 'online': True, 'enabled': True, 'verbose': False, 'project_name': 'decoding_method_evaluation_toymap_no_entropy'}, 'logging': {'enabled': True, 'verbose': False, 'save_dir': 'logs/decoding_method_evaluation_toymap_no_entropy/mapping-axis_resolution=1-0_mapping-vector_dimensionality=8192_mapping-vector_length_scale=0-5_mapping-decoding-method=tanh_normalize', 'log_images': True, 'override_existing': False}, 'mapping': {'seed': 42, 'device': 'cuda', 'verbose': True, 'decoding': {'alpha': 'None', 'method': 'tanh_normalize', 'disk_radii_1': 3, 'disk_radii_2': 3}, 'num_tiles': 1, 'data_filter': 'passthrough', 'mapping_type': 'SA_VSA_OGM', 'axis_resolution': 1, 'vector_length_scale': 0.5, 'vector_dimensionality': 8192}, 'experiment_name': 'mapping-axis_resolution=1-0_mapping-vector_dimensionality=8192_mapping-vector_length_scale=0-5_mapping-decoding-method=tanh_normalize', 'experiment_type': 'single_agent', 'mapping_manager': {'seed': 42, 'metrics': ['auc', 'nll'], 'verbose': True, 'num_mappers': 1, 'plotting_flags': {'plot_images': False, 'plot_metrics': True, 'plot_predictions': False, 'plot_point_clouds': False}}, 'experiment_parameters': {'mapping': {'decoding': {'method': ['relu', 'relu_normalize', 'relu_squaring', 'relu_normalize_squaring', 'tanh', 'tanh_normalize', 'tanh_squaring', 'tanh_normalize_squaring', 'sigmoid', 'sigmoid_normalize', 'sigmoid_squaring', 'sigmoid_normalize_squaring']}, 'axis_resolution': [1], 'vector_length_scale': [0.1, 0.2, 0.5, 1], 'vector_dimensionality': [32768, 16384, 8192]}}}",mapping-axis_resolution=1-0_mapping-vector_dimensionality=8192_mapping-vector_length_scale=0-5_mapping-decoding-method=tanh_normalize
126,"{'_runtime': 11.934020274, '_step': 88, '_timestamp': 1740610651.2033608, '_wandb': {'runtime': 11}, 'cpu2gpu_time': 0.0001094341278076172, 'decoding': {'decoding_time': 0.13312000036239624}, 'empty': {'axis_fd_matrix': 0.060416001826524734, 'axis_fd_power_matrix': 0.0798719972372055, 'axis_fd_power_unsqueeze': 0.005119999870657921, 'dot_product': 1.8647040128707888, 'hm_clone': 0.02969600073993206, 'hm_decoding': 0.026623999699950215, 'index_add': 0.048128001391887665, 'power_matrix': 0.06963200122117996, 'powers': 0.06143999844789505, 'qv_norm': 0.055296000093221664, 'tile_memory_calculation': 0.12083200365304948, 'world_bound_norm': 0.11161600053310394, 'xy_axis_fd_matrix': 0.0655359998345375, 'xy_axis_ifft': 0.05119999870657921}, 'occupied': {'axis_fd_matrix': 0.06758400052785873, 'axis_fd_power_matrix': 0.08089599758386612, 'axis_fd_power_unsqueeze': 0.004095999989658594, 'dot_product': 1.8923519849777224, 'hm_clone': 0.03891199827194214, 'hm_decoding': 0.027648000046610832, 'index_add': 0.058368001133203506, 'power_matrix': 0.062463998794555664, 'powers': 0.06758400052785873, 'qv_norm': 0.0727040022611618, 'tile_memory_calculation': 0.1802240014076233, 'world_bound_norm': 0.131071999669075, 'xy_axis_fd_matrix': 0.09318400174379347, 'xy_axis_ifft': 0.0942080020904541}, 'ogm_conversion': 0.02867200039327145, 'split_time': 0.0003476142883300781, 'test_auc': 0.5658439153439154, 'test_nll': 0.7237846103148563, 'train_auc': 0.7207977207977209, 'train_nll': 0.6210425913974417}","{'data': {'data_dir': 'datasets/sa/toysim0/npz', 'test_split': 0.2, 'file_prefix': 'results_frame_', 'file_suffix': '.npz', 'dataset_name': 'toysim', 'world_bounds': [-50, 50, -50, 50]}, 'wandb': {'notes': 'This experiment evaluates the performance of the decoding method on the ablation dataset.', 'online': True, 'enabled': True, 'verbose': False, 'project_name': 'decoding_method_evaluation_toymap_no_entropy'}, 'logging': {'enabled': True, 'verbose': False, 'save_dir': 'logs/decoding_method_evaluation_toymap_no_entropy/mapping-axis_resolution=1-0_mapping-vector_dimensionality=8192_mapping-vector_length_scale=0-5_mapping-decoding-method=tanh_squaring', 'log_images': True, 'override_existing': False}, 'mapping': {'seed': 42, 'device': 'cuda', 'verbose': True, 'decoding': {'alpha': 'None', 'method': 'tanh_squaring', 'disk_radii_1': 3, 'disk_radii_2': 3}, 'num_tiles': 1, 'data_filter': 'passthrough', 'mapping_type': 'SA_VSA_OGM', 'axis_resolution': 1, 'vector_length_scale': 0.5, 'vector_dimensionality': 8192}, 'experiment_name': 'mapping-axis_resolution=1-0_mapping-vector_dimensionality=8192_mapping-vector_length_scale=0-5_mapping-decoding-method=tanh_squaring', 'experiment_type': 'single_agent', 'mapping_manager': {'seed': 42, 'metrics': ['auc', 'nll'], 'verbose': True, 'num_mappers': 1, 'plotting_flags': {'plot_images': False, 'plot_metrics': True, 'plot_predictions': False, 'plot_point_clouds': False}}, 'experiment_parameters': {'mapping': {'decoding': {'method': ['relu', 'relu_normalize', 'relu_squaring', 'relu_normalize_squaring', 'tanh', 'tanh_normalize', 'tanh_squaring', 'tanh_normalize_squaring', 'sigmoid', 'sigmoid_normalize', 'sigmoid_squaring', 'sigmoid_normalize_squaring']}, 'axis_resolution': [1], 'vector_length_scale': [0.1, 0.2, 0.5, 1], 'vector_dimensionality': [32768, 16384, 8192]}}}",mapping-axis_resolution=1-0_mapping-vector_dimensionality=8192_mapping-vector_length_scale=0-5_mapping-decoding-method=tanh_squaring
127,"{'_runtime': 11.805241934, '_step': 88, '_timestamp': 1740610664.630613, '_wandb': {'runtime': 11}, 'cpu2gpu_time': 0.000110626220703125, 'decoding': {'decoding_time': 0.17817600071430206}, 'empty': {'axis_fd_matrix': 0.05734400078654289, 'axis_fd_power_matrix': 0.08396799862384796, 'axis_fd_power_unsqueeze': 0.004095999989658594, 'dot_product': 1.8657280206680296, 'hm_clone': 0.02867200039327145, 'hm_decoding': 0.026623999699950215, 'index_add': 0.04608000069856644, 'power_matrix': 0.058368001133203506, 'powers': 0.058368001133203506, 'qv_norm': 0.05222399905323982, 'tile_memory_calculation': 0.12390399724245071, 'world_bound_norm': 0.10956799983978271, 'xy_axis_fd_matrix': 0.06143999844789505, 'xy_axis_ifft': 0.04915200173854828}, 'occupied': {'axis_fd_matrix': 0.0655359998345375, 'axis_fd_power_matrix': 0.08191999793052673, 'axis_fd_power_unsqueeze': 0.004095999989658594, 'dot_product': 1.8933759927749632, 'hm_clone': 0.04095999896526337, 'hm_decoding': 0.026623999699950215, 'index_add': 0.058368001133203506, 'power_matrix': 0.06451199948787689, 'powers': 0.06860800087451935, 'qv_norm': 0.07782399654388428, 'tile_memory_calculation': 0.17612800002098083, 'world_bound_norm': 0.131071999669075, 'xy_axis_fd_matrix': 0.08396799862384796, 'xy_axis_ifft': 0.09318400174379347}, 'ogm_conversion': 0.027648000046610832, 'split_time': 0.00018262863159179688, 'test_auc': 0.5833597883597883, 'test_nll': 0.6750847500805587, 'train_auc': 0.6182336182336182, 'train_nll': 0.6585595707964012}","{'data': {'data_dir': 'datasets/sa/toysim0/npz', 'test_split': 0.2, 'file_prefix': 'results_frame_', 'file_suffix': '.npz', 'dataset_name': 'toysim', 'world_bounds': [-50, 50, -50, 50]}, 'wandb': {'notes': 'This experiment evaluates the performance of the decoding method on the ablation dataset.', 'online': True, 'enabled': True, 'verbose': False, 'project_name': 'decoding_method_evaluation_toymap_no_entropy'}, 'logging': {'enabled': True, 'verbose': False, 'save_dir': 'logs/decoding_method_evaluation_toymap_no_entropy/mapping-axis_resolution=1-0_mapping-vector_dimensionality=8192_mapping-vector_length_scale=0-5_mapping-decoding-method=tanh_normalize_squaring', 'log_images': True, 'override_existing': False}, 'mapping': {'seed': 42, 'device': 'cuda', 'verbose': True, 'decoding': {'alpha': 'None', 'method': 'tanh_normalize_squaring', 'disk_radii_1': 3, 'disk_radii_2': 3}, 'num_tiles': 1, 'data_filter': 'passthrough', 'mapping_type': 'SA_VSA_OGM', 'axis_resolution': 1, 'vector_length_scale': 0.5, 'vector_dimensionality': 8192}, 'experiment_name': 'mapping-axis_resolution=1-0_mapping-vector_dimensionality=8192_mapping-vector_length_scale=0-5_mapping-decoding-method=tanh_normalize_squaring', 'experiment_type': 'single_agent', 'mapping_manager': {'seed': 42, 'metrics': ['auc', 'nll'], 'verbose': True, 'num_mappers': 1, 'plotting_flags': {'plot_images': False, 'plot_metrics': True, 'plot_predictions': False, 'plot_point_clouds': False}}, 'experiment_parameters': {'mapping': {'decoding': {'method': ['relu', 'relu_normalize', 'relu_squaring', 'relu_normalize_squaring', 'tanh', 'tanh_normalize', 'tanh_squaring', 'tanh_normalize_squaring', 'sigmoid', 'sigmoid_normalize', 'sigmoid_squaring', 'sigmoid_normalize_squaring']}, 'axis_resolution': [1], 'vector_length_scale': [0.1, 0.2, 0.5, 1], 'vector_dimensionality': [32768, 16384, 8192]}}}",mapping-axis_resolution=1-0_mapping-vector_dimensionality=8192_mapping-vector_length_scale=0-5_mapping-decoding-method=tanh_normalize_squaring
128,"{'_runtime': 11.919411223, '_step': 88, '_timestamp': 1740610698.950709, '_wandb': {'runtime': 11}, 'cpu2gpu_time': 0.00011038780212402344, 'decoding': {'decoding_time': 0.09728000313043594}, 'empty': {'axis_fd_matrix': 0.058368001133203506, 'axis_fd_power_matrix': 0.08089599758386612, 'axis_fd_power_unsqueeze': 0.004095999989658594, 'dot_product': 1.8688000440597536, 'hm_clone': 0.030719999223947525, 'hm_decoding': 0.027648000046610832, 'index_add': 0.04710400104522705, 'power_matrix': 0.060416001826524734, 'powers': 0.060416001826524734, 'qv_norm': 0.0655359998345375, 'tile_memory_calculation': 0.1157120019197464, 'world_bound_norm': 0.10956799983978271, 'xy_axis_fd_matrix': 0.06348799914121628, 'xy_axis_ifft': 0.05222399905323982}, 'occupied': {'axis_fd_matrix': 0.06758400052785873, 'axis_fd_power_matrix': 0.08089599758386612, 'axis_fd_power_unsqueeze': 0.005119999870657921, 'dot_product': 1.9025919437408447, 'hm_clone': 0.03891199827194214, 'hm_decoding': 0.027648000046610832, 'index_add': 0.062463998794555664, 'power_matrix': 0.06758400052785873, 'powers': 0.06758400052785873, 'qv_norm': 0.07372800260782242, 'tile_memory_calculation': 0.17919999361038208, 'world_bound_norm': 0.14131200313568115, 'xy_axis_fd_matrix': 0.08294399827718735, 'xy_axis_ifft': 0.09523200243711472}, 'ogm_conversion': 0.02867200039327145, 'split_time': 0.00017952919006347656, 'test_auc': 0.5616243386243387, 'test_nll': 0.6876824004453876, 'train_auc': 0.3532763532763532, 'train_nll': 0.7625835877615239}","{'data': {'data_dir': 'datasets/sa/toysim0/npz', 'test_split': 0.2, 'file_prefix': 'results_frame_', 'file_suffix': '.npz', 'dataset_name': 'toysim', 'world_bounds': [-50, 50, -50, 50]}, 'wandb': {'notes': 'This experiment evaluates the performance of the decoding method on the ablation dataset.', 'online': True, 'enabled': True, 'verbose': False, 'project_name': 'decoding_method_evaluation_toymap_no_entropy'}, 'logging': {'enabled': True, 'verbose': False, 'save_dir': 'logs/decoding_method_evaluation_toymap_no_entropy/mapping-axis_resolution=1-0_mapping-vector_dimensionality=8192_mapping-vector_length_scale=0-5_mapping-decoding-method=sigmoid', 'log_images': True, 'override_existing': False}, 'mapping': {'seed': 42, 'device': 'cuda', 'verbose': True, 'decoding': {'alpha': 'None', 'method': 'sigmoid', 'disk_radii_1': 3, 'disk_radii_2': 3}, 'num_tiles': 1, 'data_filter': 'passthrough', 'mapping_type': 'SA_VSA_OGM', 'axis_resolution': 1, 'vector_length_scale': 0.5, 'vector_dimensionality': 8192}, 'experiment_name': 'mapping-axis_resolution=1-0_mapping-vector_dimensionality=8192_mapping-vector_length_scale=0-5_mapping-decoding-method=sigmoid', 'experiment_type': 'single_agent', 'mapping_manager': {'seed': 42, 'metrics': ['auc', 'nll'], 'verbose': True, 'num_mappers': 1, 'plotting_flags': {'plot_images': False, 'plot_metrics': True, 'plot_predictions': False, 'plot_point_clouds': False}}, 'experiment_parameters': {'mapping': {'decoding': {'method': ['relu', 'relu_normalize', 'relu_squaring', 'relu_normalize_squaring', 'tanh', 'tanh_normalize', 'tanh_squaring', 'tanh_normalize_squaring', 'sigmoid', 'sigmoid_normalize', 'sigmoid_squaring', 'sigmoid_normalize_squaring']}, 'axis_resolution': [1], 'vector_length_scale': [0.1, 0.2, 0.5, 1], 'vector_dimensionality': [32768, 16384, 8192]}}}",mapping-axis_resolution=1-0_mapping-vector_dimensionality=8192_mapping-vector_length_scale=0-5_mapping-decoding-method=sigmoid
129,"{'_runtime': 12.095234525, '_step': 88, '_timestamp': 1740610712.626678, '_wandb': {'runtime': 12}, 'cpu2gpu_time': 0.00011038780212402344, 'decoding': {'decoding_time': 0.15360000729560852}, 'empty': {'axis_fd_matrix': 0.062463998794555664, 'axis_fd_power_matrix': 0.08396799862384796, 'axis_fd_power_unsqueeze': 0.005119999870657921, 'dot_product': 1.867776036262512, 'hm_clone': 0.030719999223947525, 'hm_decoding': 0.027648000046610832, 'index_add': 0.048128001391887665, 'power_matrix': 0.07577600330114365, 'powers': 0.060416001826524734, 'qv_norm': 0.05427199974656105, 'tile_memory_calculation': 0.116736002266407, 'world_bound_norm': 0.11161600053310394, 'xy_axis_fd_matrix': 0.06143999844789505, 'xy_axis_ifft': 0.05324799939990043}, 'occupied': {'axis_fd_matrix': 0.06758400052785873, 'axis_fd_power_matrix': 0.08294399827718735, 'axis_fd_power_unsqueeze': 0.004095999989658594, 'dot_product': 1.891327977180481, 'hm_clone': 0.03788800165057182, 'hm_decoding': 0.027648000046610832, 'index_add': 0.060416001826524734, 'power_matrix': 0.06656000018119812, 'powers': 0.06758400052785873, 'qv_norm': 0.07372800260782242, 'tile_memory_calculation': 0.1802240014076233, 'world_bound_norm': 0.130048006772995, 'xy_axis_fd_matrix': 0.09216000139713287, 'xy_axis_ifft': 0.09728000313043594}, 'ogm_conversion': 0.027648000046610832, 'split_time': 0.00018286705017089844, 'test_auc': 0.5471269841269841, 'test_nll': 0.6990863139099384, 'train_auc': 0.680911680911681, 'train_nll': 0.621235034386175}","{'data': {'data_dir': 'datasets/sa/toysim0/npz', 'test_split': 0.2, 'file_prefix': 'results_frame_', 'file_suffix': '.npz', 'dataset_name': 'toysim', 'world_bounds': [-50, 50, -50, 50]}, 'wandb': {'notes': 'This experiment evaluates the performance of the decoding method on the ablation dataset.', 'online': True, 'enabled': True, 'verbose': False, 'project_name': 'decoding_method_evaluation_toymap_no_entropy'}, 'logging': {'enabled': True, 'verbose': False, 'save_dir': 'logs/decoding_method_evaluation_toymap_no_entropy/mapping-axis_resolution=1-0_mapping-vector_dimensionality=8192_mapping-vector_length_scale=0-5_mapping-decoding-method=sigmoid_normalize', 'log_images': True, 'override_existing': False}, 'mapping': {'seed': 42, 'device': 'cuda', 'verbose': True, 'decoding': {'alpha': 'None', 'method': 'sigmoid_normalize', 'disk_radii_1': 3, 'disk_radii_2': 3}, 'num_tiles': 1, 'data_filter': 'passthrough', 'mapping_type': 'SA_VSA_OGM', 'axis_resolution': 1, 'vector_length_scale': 0.5, 'vector_dimensionality': 8192}, 'experiment_name': 'mapping-axis_resolution=1-0_mapping-vector_dimensionality=8192_mapping-vector_length_scale=0-5_mapping-decoding-method=sigmoid_normalize', 'experiment_type': 'single_agent', 'mapping_manager': {'seed': 42, 'metrics': ['auc', 'nll'], 'verbose': True, 'num_mappers': 1, 'plotting_flags': {'plot_images': False, 'plot_metrics': True, 'plot_predictions': False, 'plot_point_clouds': False}}, 'experiment_parameters': {'mapping': {'decoding': {'method': ['relu', 'relu_normalize', 'relu_squaring', 'relu_normalize_squaring', 'tanh', 'tanh_normalize', 'tanh_squaring', 'tanh_normalize_squaring', 'sigmoid', 'sigmoid_normalize', 'sigmoid_squaring', 'sigmoid_normalize_squaring']}, 'axis_resolution': [1], 'vector_length_scale': [0.1, 0.2, 0.5, 1], 'vector_dimensionality': [32768, 16384, 8192]}}}",mapping-axis_resolution=1-0_mapping-vector_dimensionality=8192_mapping-vector_length_scale=0-5_mapping-decoding-method=sigmoid_normalize
130,"{'_runtime': 12.039817192, '_step': 88, '_timestamp': 1740610731.3160706, '_wandb': {'runtime': 12}, 'cpu2gpu_time': 0.00010752677917480467, 'decoding': {'decoding_time': 0.12902399897575378}, 'empty': {'axis_fd_matrix': 0.05939200147986412, 'axis_fd_power_matrix': 0.08294399827718735, 'axis_fd_power_unsqueeze': 0.004095999989658594, 'dot_product': 1.861631989479065, 'hm_clone': 0.03891199827194214, 'hm_decoding': 0.026623999699950215, 'index_add': 0.04915200173854828, 'power_matrix': 0.0655359998345375, 'powers': 0.06143999844789505, 'qv_norm': 0.05427199974656105, 'tile_memory_calculation': 0.116736002266407, 'world_bound_norm': 0.11161600053310394, 'xy_axis_fd_matrix': 0.062463998794555664, 'xy_axis_ifft': 0.05324799939990043}, 'occupied': {'axis_fd_matrix': 0.06758400052785873, 'axis_fd_power_matrix': 0.08089599758386612, 'axis_fd_power_unsqueeze': 0.004095999989658594, 'dot_product': 1.896448016166687, 'hm_clone': 0.03686400130391121, 'hm_decoding': 0.027648000046610832, 'index_add': 0.058368001133203506, 'power_matrix': 0.0655359998345375, 'powers': 0.06758400052785873, 'qv_norm': 0.07372800260782242, 'tile_memory_calculation': 0.1802240014076233, 'world_bound_norm': 0.1382399946451187, 'xy_axis_fd_matrix': 0.08806400001049042, 'xy_axis_ifft': 0.09523200243711472}, 'ogm_conversion': 0.027648000046610832, 'split_time': 0.00017976760864257812, 'test_auc': 0.5858439153439153, 'test_nll': 0.6549362900106813, 'train_auc': 0.660968660968661, 'train_nll': 0.7198179849136818}","{'data': {'data_dir': 'datasets/sa/toysim0/npz', 'test_split': 0.2, 'file_prefix': 'results_frame_', 'file_suffix': '.npz', 'dataset_name': 'toysim', 'world_bounds': [-50, 50, -50, 50]}, 'wandb': {'notes': 'This experiment evaluates the performance of the decoding method on the ablation dataset.', 'online': True, 'enabled': True, 'verbose': False, 'project_name': 'decoding_method_evaluation_toymap_no_entropy'}, 'logging': {'enabled': True, 'verbose': False, 'save_dir': 'logs/decoding_method_evaluation_toymap_no_entropy/mapping-axis_resolution=1-0_mapping-vector_dimensionality=8192_mapping-vector_length_scale=0-5_mapping-decoding-method=sigmoid_squaring', 'log_images': True, 'override_existing': False}, 'mapping': {'seed': 42, 'device': 'cuda', 'verbose': True, 'decoding': {'alpha': 'None', 'method': 'sigmoid_squaring', 'disk_radii_1': 3, 'disk_radii_2': 3}, 'num_tiles': 1, 'data_filter': 'passthrough', 'mapping_type': 'SA_VSA_OGM', 'axis_resolution': 1, 'vector_length_scale': 0.5, 'vector_dimensionality': 8192}, 'experiment_name': 'mapping-axis_resolution=1-0_mapping-vector_dimensionality=8192_mapping-vector_length_scale=0-5_mapping-decoding-method=sigmoid_squaring', 'experiment_type': 'single_agent', 'mapping_manager': {'seed': 42, 'metrics': ['auc', 'nll'], 'verbose': True, 'num_mappers': 1, 'plotting_flags': {'plot_images': False, 'plot_metrics': True, 'plot_predictions': False, 'plot_point_clouds': False}}, 'experiment_parameters': {'mapping': {'decoding': {'method': ['relu', 'relu_normalize', 'relu_squaring', 'relu_normalize_squaring', 'tanh', 'tanh_normalize', 'tanh_squaring', 'tanh_normalize_squaring', 'sigmoid', 'sigmoid_normalize', 'sigmoid_squaring', 'sigmoid_normalize_squaring']}, 'axis_resolution': [1], 'vector_length_scale': [0.1, 0.2, 0.5, 1], 'vector_dimensionality': [32768, 16384, 8192]}}}",mapping-axis_resolution=1-0_mapping-vector_dimensionality=8192_mapping-vector_length_scale=0-5_mapping-decoding-method=sigmoid_squaring
131,"{'_runtime': 12.289829584, '_step': 88, '_timestamp': 1740610745.2487557, '_wandb': {'runtime': 12}, 'cpu2gpu_time': 0.00011157989501953124, 'decoding': {'decoding_time': 0.18329599499702456}, 'empty': {'axis_fd_matrix': 0.05939200147986412, 'axis_fd_power_matrix': 0.08294399827718735, 'axis_fd_power_unsqueeze': 0.004095999989658594, 'dot_product': 1.8647040128707888, 'hm_clone': 0.02969600073993206, 'hm_decoding': 0.026623999699950215, 'index_add': 0.04710400104522705, 'power_matrix': 0.05734400078654289, 'powers': 0.060416001826524734, 'qv_norm': 0.05427199974656105, 'tile_memory_calculation': 0.12595200538635254, 'world_bound_norm': 0.11161600053310394, 'xy_axis_fd_matrix': 0.06143999844789505, 'xy_axis_ifft': 0.05119999870657921}, 'occupied': {'axis_fd_matrix': 0.07577600330114365, 'axis_fd_power_matrix': 0.08294399827718735, 'axis_fd_power_unsqueeze': 0.004095999989658594, 'dot_product': 1.8892799615859983, 'hm_clone': 0.03891199827194214, 'hm_decoding': 0.026623999699950215, 'index_add': 0.05734400078654289, 'power_matrix': 0.06860800087451935, 'powers': 0.07168000191450119, 'qv_norm': 0.07372800260782242, 'tile_memory_calculation': 0.1812479943037033, 'world_bound_norm': 0.131071999669075, 'xy_axis_fd_matrix': 0.08191999793052673, 'xy_axis_ifft': 0.09318400174379347}, 'ogm_conversion': 0.02867200039327145, 'split_time': 0.00018477439880371096, 'test_auc': 0.614404761904762, 'test_nll': 0.6640383791169885, 'train_auc': 0.43304843304843305, 'train_nll': 0.6940261769392615}","{'data': {'data_dir': 'datasets/sa/toysim0/npz', 'test_split': 0.2, 'file_prefix': 'results_frame_', 'file_suffix': '.npz', 'dataset_name': 'toysim', 'world_bounds': [-50, 50, -50, 50]}, 'wandb': {'notes': 'This experiment evaluates the performance of the decoding method on the ablation dataset.', 'online': True, 'enabled': True, 'verbose': False, 'project_name': 'decoding_method_evaluation_toymap_no_entropy'}, 'logging': {'enabled': True, 'verbose': False, 'save_dir': 'logs/decoding_method_evaluation_toymap_no_entropy/mapping-axis_resolution=1-0_mapping-vector_dimensionality=8192_mapping-vector_length_scale=0-5_mapping-decoding-method=sigmoid_normalize_squaring', 'log_images': True, 'override_existing': False}, 'mapping': {'seed': 42, 'device': 'cuda', 'verbose': True, 'decoding': {'alpha': 'None', 'method': 'sigmoid_normalize_squaring', 'disk_radii_1': 3, 'disk_radii_2': 3}, 'num_tiles': 1, 'data_filter': 'passthrough', 'mapping_type': 'SA_VSA_OGM', 'axis_resolution': 1, 'vector_length_scale': 0.5, 'vector_dimensionality': 8192}, 'experiment_name': 'mapping-axis_resolution=1-0_mapping-vector_dimensionality=8192_mapping-vector_length_scale=0-5_mapping-decoding-method=sigmoid_normalize_squaring', 'experiment_type': 'single_agent', 'mapping_manager': {'seed': 42, 'metrics': ['auc', 'nll'], 'verbose': True, 'num_mappers': 1, 'plotting_flags': {'plot_images': False, 'plot_metrics': True, 'plot_predictions': False, 'plot_point_clouds': False}}, 'experiment_parameters': {'mapping': {'decoding': {'method': ['relu', 'relu_normalize', 'relu_squaring', 'relu_normalize_squaring', 'tanh', 'tanh_normalize', 'tanh_squaring', 'tanh_normalize_squaring', 'sigmoid', 'sigmoid_normalize', 'sigmoid_squaring', 'sigmoid_normalize_squaring']}, 'axis_resolution': [1], 'vector_length_scale': [0.1, 0.2, 0.5, 1], 'vector_dimensionality': [32768, 16384, 8192]}}}",mapping-axis_resolution=1-0_mapping-vector_dimensionality=8192_mapping-vector_length_scale=0-5_mapping-decoding-method=sigmoid_normalize_squaring
132,"{'_runtime': 12.257908129, '_step': 88, '_timestamp': 1740610759.039791, '_wandb': {'runtime': 12}, 'cpu2gpu_time': 0.00011205673217773438, 'decoding': {'decoding_time': 0.10239999741315842}, 'empty': {'axis_fd_matrix': 0.05939200147986412, 'axis_fd_power_matrix': 0.08191999793052673, 'axis_fd_power_unsqueeze': 0.005119999870657921, 'dot_product': 1.8636800050735471, 'hm_clone': 0.02969600073993206, 'hm_decoding': 0.027648000046610832, 'index_add': 0.048128001391887665, 'power_matrix': 0.058368001133203506, 'powers': 0.060416001826524734, 'qv_norm': 0.05427199974656105, 'tile_memory_calculation': 0.12185599654912949, 'world_bound_norm': 0.11264000087976456, 'xy_axis_fd_matrix': 0.06143999844789505, 'xy_axis_ifft': 0.06451199948787689}, 'occupied': {'axis_fd_matrix': 0.06963200122117996, 'axis_fd_power_matrix': 0.08089599758386612, 'axis_fd_power_unsqueeze': 0.004095999989658594, 'dot_product': 1.888255953788757, 'hm_clone': 0.04198399931192398, 'hm_decoding': 0.026623999699950215, 'index_add': 0.058368001133203506, 'power_matrix': 0.06656000018119812, 'powers': 0.07475200295448303, 'qv_norm': 0.08499199897050858, 'tile_memory_calculation': 0.18432000279426575, 'world_bound_norm': 0.14131200313568115, 'xy_axis_fd_matrix': 0.08396799862384796, 'xy_axis_ifft': 0.09318400174379347}, 'ogm_conversion': 0.027648000046610832, 'split_time': 0.00018787384033203125, 'test_auc': 0.784547619047619, 'test_nll': 0.6084280946153364, 'train_auc': 0.943019943019943, 'train_nll': 0.5041063476824095}","{'data': {'data_dir': 'datasets/sa/toysim0/npz', 'test_split': 0.2, 'file_prefix': 'results_frame_', 'file_suffix': '.npz', 'dataset_name': 'toysim', 'world_bounds': [-50, 50, -50, 50]}, 'wandb': {'notes': 'This experiment evaluates the performance of the decoding method on the ablation dataset.', 'online': True, 'enabled': True, 'verbose': False, 'project_name': 'decoding_method_evaluation_toymap_no_entropy'}, 'logging': {'enabled': True, 'verbose': False, 'save_dir': 'logs/decoding_method_evaluation_toymap_no_entropy/mapping-axis_resolution=1-0_mapping-vector_dimensionality=8192_mapping-vector_length_scale=1-0_mapping-decoding-method=relu', 'log_images': True, 'override_existing': False}, 'mapping': {'seed': 42, 'device': 'cuda', 'verbose': True, 'decoding': {'alpha': 'None', 'method': 'relu', 'disk_radii_1': 3, 'disk_radii_2': 3}, 'num_tiles': 1, 'data_filter': 'passthrough', 'mapping_type': 'SA_VSA_OGM', 'axis_resolution': 1, 'vector_length_scale': 1, 'vector_dimensionality': 8192}, 'experiment_name': 'mapping-axis_resolution=1-0_mapping-vector_dimensionality=8192_mapping-vector_length_scale=1-0_mapping-decoding-method=relu', 'experiment_type': 'single_agent', 'mapping_manager': {'seed': 42, 'metrics': ['auc', 'nll'], 'verbose': True, 'num_mappers': 1, 'plotting_flags': {'plot_images': False, 'plot_metrics': True, 'plot_predictions': False, 'plot_point_clouds': False}}, 'experiment_parameters': {'mapping': {'decoding': {'method': ['relu', 'relu_normalize', 'relu_squaring', 'relu_normalize_squaring', 'tanh', 'tanh_normalize', 'tanh_squaring', 'tanh_normalize_squaring', 'sigmoid', 'sigmoid_normalize', 'sigmoid_squaring', 'sigmoid_normalize_squaring']}, 'axis_resolution': [1], 'vector_length_scale': [0.1, 0.2, 0.5, 1], 'vector_dimensionality': [32768, 16384, 8192]}}}",mapping-axis_resolution=1-0_mapping-vector_dimensionality=8192_mapping-vector_length_scale=1-0_mapping-decoding-method=relu
133,"{'_runtime': 12.476647221, '_step': 88, '_timestamp': 1740610773.1385298, '_wandb': {'runtime': 12}, 'cpu2gpu_time': 0.00010704994201660156, 'decoding': {'decoding_time': 0.15667200088500977}, 'empty': {'axis_fd_matrix': 0.058368001133203506, 'axis_fd_power_matrix': 0.08191999793052673, 'axis_fd_power_unsqueeze': 0.004095999989658594, 'dot_product': 1.8647040128707888, 'hm_clone': 0.02969600073993206, 'hm_decoding': 0.027648000046610832, 'index_add': 0.048128001391887665, 'power_matrix': 0.060416001826524734, 'powers': 0.06143999844789505, 'qv_norm': 0.05427199974656105, 'tile_memory_calculation': 0.12185599654912949, 'world_bound_norm': 0.1085439994931221, 'xy_axis_fd_matrix': 0.06143999844789505, 'xy_axis_ifft': 0.05119999870657921}, 'occupied': {'axis_fd_matrix': 0.06348799914121628, 'axis_fd_power_matrix': 0.08089599758386612, 'axis_fd_power_unsqueeze': 0.004095999989658594, 'dot_product': 1.891327977180481, 'hm_clone': 0.03788800165057182, 'hm_decoding': 0.026623999699950215, 'index_add': 0.05734400078654289, 'power_matrix': 0.062463998794555664, 'powers': 0.07680000364780426, 'qv_norm': 0.07372800260782242, 'tile_memory_calculation': 0.17715199291706085, 'world_bound_norm': 0.12697599828243256, 'xy_axis_fd_matrix': 0.08294399827718735, 'xy_axis_ifft': 0.09216000139713287}, 'ogm_conversion': 0.02867200039327145, 'split_time': 0.00017976760864257812, 'test_auc': 0.7630555555555556, 'test_nll': 0.5954674599204443, 'train_auc': 0.8831908831908832, 'train_nll': 0.5287811303016052}","{'data': {'data_dir': 'datasets/sa/toysim0/npz', 'test_split': 0.2, 'file_prefix': 'results_frame_', 'file_suffix': '.npz', 'dataset_name': 'toysim', 'world_bounds': [-50, 50, -50, 50]}, 'wandb': {'notes': 'This experiment evaluates the performance of the decoding method on the ablation dataset.', 'online': True, 'enabled': True, 'verbose': False, 'project_name': 'decoding_method_evaluation_toymap_no_entropy'}, 'logging': {'enabled': True, 'verbose': False, 'save_dir': 'logs/decoding_method_evaluation_toymap_no_entropy/mapping-axis_resolution=1-0_mapping-vector_dimensionality=8192_mapping-vector_length_scale=1-0_mapping-decoding-method=relu_normalize', 'log_images': True, 'override_existing': False}, 'mapping': {'seed': 42, 'device': 'cuda', 'verbose': True, 'decoding': {'alpha': 'None', 'method': 'relu_normalize', 'disk_radii_1': 3, 'disk_radii_2': 3}, 'num_tiles': 1, 'data_filter': 'passthrough', 'mapping_type': 'SA_VSA_OGM', 'axis_resolution': 1, 'vector_length_scale': 1, 'vector_dimensionality': 8192}, 'experiment_name': 'mapping-axis_resolution=1-0_mapping-vector_dimensionality=8192_mapping-vector_length_scale=1-0_mapping-decoding-method=relu_normalize', 'experiment_type': 'single_agent', 'mapping_manager': {'seed': 42, 'metrics': ['auc', 'nll'], 'verbose': True, 'num_mappers': 1, 'plotting_flags': {'plot_images': False, 'plot_metrics': True, 'plot_predictions': False, 'plot_point_clouds': False}}, 'experiment_parameters': {'mapping': {'decoding': {'method': ['relu', 'relu_normalize', 'relu_squaring', 'relu_normalize_squaring', 'tanh', 'tanh_normalize', 'tanh_squaring', 'tanh_normalize_squaring', 'sigmoid', 'sigmoid_normalize', 'sigmoid_squaring', 'sigmoid_normalize_squaring']}, 'axis_resolution': [1], 'vector_length_scale': [0.1, 0.2, 0.5, 1], 'vector_dimensionality': [32768, 16384, 8192]}}}",mapping-axis_resolution=1-0_mapping-vector_dimensionality=8192_mapping-vector_length_scale=1-0_mapping-decoding-method=relu_normalize
134,"{'_runtime': 12.456099482, '_step': 88, '_timestamp': 1740610787.208263, '_wandb': {'runtime': 12}, 'cpu2gpu_time': 0.00011086463928222656, 'decoding': {'decoding_time': 0.13516800105571747}, 'empty': {'axis_fd_matrix': 0.060416001826524734, 'axis_fd_power_matrix': 0.08191999793052673, 'axis_fd_power_unsqueeze': 0.004095999989658594, 'dot_product': 1.8636800050735471, 'hm_clone': 0.02969600073993206, 'hm_decoding': 0.027648000046610832, 'index_add': 0.048128001391887665, 'power_matrix': 0.05939200147986412, 'powers': 0.0655359998345375, 'qv_norm': 0.055296000093221664, 'tile_memory_calculation': 0.12902399897575378, 'world_bound_norm': 0.11059200018644331, 'xy_axis_fd_matrix': 0.06143999844789505, 'xy_axis_ifft': 0.05222399905323982}, 'occupied': {'axis_fd_matrix': 0.06860800087451935, 'axis_fd_power_matrix': 0.08191999793052673, 'axis_fd_power_unsqueeze': 0.004095999989658594, 'dot_product': 1.8903039693832395, 'hm_clone': 0.03993599861860275, 'hm_decoding': 0.027648000046610832, 'index_add': 0.05939200147986412, 'power_matrix': 0.06656000018119812, 'powers': 0.07680000364780426, 'qv_norm': 0.0727040022611618, 'tile_memory_calculation': 0.18227200210094452, 'world_bound_norm': 0.13414399325847626, 'xy_axis_fd_matrix': 0.08499199897050858, 'xy_axis_ifft': 0.09625600278377532}, 'ogm_conversion': 0.02867200039327145, 'split_time': 0.0001857280731201172, 'test_auc': 0.781015873015873, 'test_nll': 0.7090595478957642, 'train_auc': 0.8575498575498576, 'train_nll': 0.5741313288981716}","{'data': {'data_dir': 'datasets/sa/toysim0/npz', 'test_split': 0.2, 'file_prefix': 'results_frame_', 'file_suffix': '.npz', 'dataset_name': 'toysim', 'world_bounds': [-50, 50, -50, 50]}, 'wandb': {'notes': 'This experiment evaluates the performance of the decoding method on the ablation dataset.', 'online': True, 'enabled': True, 'verbose': False, 'project_name': 'decoding_method_evaluation_toymap_no_entropy'}, 'logging': {'enabled': True, 'verbose': False, 'save_dir': 'logs/decoding_method_evaluation_toymap_no_entropy/mapping-axis_resolution=1-0_mapping-vector_dimensionality=8192_mapping-vector_length_scale=1-0_mapping-decoding-method=relu_squaring', 'log_images': True, 'override_existing': False}, 'mapping': {'seed': 42, 'device': 'cuda', 'verbose': True, 'decoding': {'alpha': 'None', 'method': 'relu_squaring', 'disk_radii_1': 3, 'disk_radii_2': 3}, 'num_tiles': 1, 'data_filter': 'passthrough', 'mapping_type': 'SA_VSA_OGM', 'axis_resolution': 1, 'vector_length_scale': 1, 'vector_dimensionality': 8192}, 'experiment_name': 'mapping-axis_resolution=1-0_mapping-vector_dimensionality=8192_mapping-vector_length_scale=1-0_mapping-decoding-method=relu_squaring', 'experiment_type': 'single_agent', 'mapping_manager': {'seed': 42, 'metrics': ['auc', 'nll'], 'verbose': True, 'num_mappers': 1, 'plotting_flags': {'plot_images': False, 'plot_metrics': True, 'plot_predictions': False, 'plot_point_clouds': False}}, 'experiment_parameters': {'mapping': {'decoding': {'method': ['relu', 'relu_normalize', 'relu_squaring', 'relu_normalize_squaring', 'tanh', 'tanh_normalize', 'tanh_squaring', 'tanh_normalize_squaring', 'sigmoid', 'sigmoid_normalize', 'sigmoid_squaring', 'sigmoid_normalize_squaring']}, 'axis_resolution': [1], 'vector_length_scale': [0.1, 0.2, 0.5, 1], 'vector_dimensionality': [32768, 16384, 8192]}}}",mapping-axis_resolution=1-0_mapping-vector_dimensionality=8192_mapping-vector_length_scale=1-0_mapping-decoding-method=relu_squaring
135,"{'_runtime': 12.630055664, '_step': 88, '_timestamp': 1740610801.6748383, '_wandb': {'runtime': 12}, 'cpu2gpu_time': 0.00010848045349121094, 'decoding': {'decoding_time': 0.1884160041809082}, 'empty': {'axis_fd_matrix': 0.06143999844789505, 'axis_fd_power_matrix': 0.08908800035715103, 'axis_fd_power_unsqueeze': 0.004095999989658594, 'dot_product': 1.8831360340118408, 'hm_clone': 0.03788800165057182, 'hm_decoding': 0.027648000046610832, 'index_add': 0.05427199974656105, 'power_matrix': 0.06143999844789505, 'powers': 0.062463998794555664, 'qv_norm': 0.06860800087451935, 'tile_memory_calculation': 0.14131200313568115, 'world_bound_norm': 0.13312000036239624, 'xy_axis_fd_matrix': 0.07065600156784058, 'xy_axis_ifft': 0.07475200295448303}, 'occupied': {'axis_fd_matrix': 0.0655359998345375, 'axis_fd_power_matrix': 0.08191999793052673, 'axis_fd_power_unsqueeze': 0.004095999989658594, 'dot_product': 1.8933759927749632, 'hm_clone': 0.03993599861860275, 'hm_decoding': 0.027648000046610832, 'index_add': 0.058368001133203506, 'power_matrix': 0.0655359998345375, 'powers': 0.06758400052785873, 'qv_norm': 0.07372800260782242, 'tile_memory_calculation': 0.17919999361038208, 'world_bound_norm': 0.131071999669075, 'xy_axis_fd_matrix': 0.08601599931716919, 'xy_axis_ifft': 0.10444799810647964}, 'ogm_conversion': 0.02867200039327145, 'split_time': 0.0001933574676513672, 'test_auc': 0.7346111111111111, 'test_nll': 0.6405550941016132, 'train_auc': 0.7606837606837606, 'train_nll': 0.6507178562701883}","{'data': {'data_dir': 'datasets/sa/toysim0/npz', 'test_split': 0.2, 'file_prefix': 'results_frame_', 'file_suffix': '.npz', 'dataset_name': 'toysim', 'world_bounds': [-50, 50, -50, 50]}, 'wandb': {'notes': 'This experiment evaluates the performance of the decoding method on the ablation dataset.', 'online': True, 'enabled': True, 'verbose': False, 'project_name': 'decoding_method_evaluation_toymap_no_entropy'}, 'logging': {'enabled': True, 'verbose': False, 'save_dir': 'logs/decoding_method_evaluation_toymap_no_entropy/mapping-axis_resolution=1-0_mapping-vector_dimensionality=8192_mapping-vector_length_scale=1-0_mapping-decoding-method=relu_normalize_squaring', 'log_images': True, 'override_existing': False}, 'mapping': {'seed': 42, 'device': 'cuda', 'verbose': True, 'decoding': {'alpha': 'None', 'method': 'relu_normalize_squaring', 'disk_radii_1': 3, 'disk_radii_2': 3}, 'num_tiles': 1, 'data_filter': 'passthrough', 'mapping_type': 'SA_VSA_OGM', 'axis_resolution': 1, 'vector_length_scale': 1, 'vector_dimensionality': 8192}, 'experiment_name': 'mapping-axis_resolution=1-0_mapping-vector_dimensionality=8192_mapping-vector_length_scale=1-0_mapping-decoding-method=relu_normalize_squaring', 'experiment_type': 'single_agent', 'mapping_manager': {'seed': 42, 'metrics': ['auc', 'nll'], 'verbose': True, 'num_mappers': 1, 'plotting_flags': {'plot_images': False, 'plot_metrics': True, 'plot_predictions': False, 'plot_point_clouds': False}}, 'experiment_parameters': {'mapping': {'decoding': {'method': ['relu', 'relu_normalize', 'relu_squaring', 'relu_normalize_squaring', 'tanh', 'tanh_normalize', 'tanh_squaring', 'tanh_normalize_squaring', 'sigmoid', 'sigmoid_normalize', 'sigmoid_squaring', 'sigmoid_normalize_squaring']}, 'axis_resolution': [1], 'vector_length_scale': [0.1, 0.2, 0.5, 1], 'vector_dimensionality': [32768, 16384, 8192]}}}",mapping-axis_resolution=1-0_mapping-vector_dimensionality=8192_mapping-vector_length_scale=1-0_mapping-decoding-method=relu_normalize_squaring
136,"{'_runtime': 12.941766312, '_step': 88, '_timestamp': 1740610816.271832, '_wandb': {'runtime': 12}, 'cpu2gpu_time': 0.00011348724365234376, 'decoding': {'decoding_time': 0.09932799637317656}, 'empty': {'axis_fd_matrix': 0.05939200147986412, 'axis_fd_power_matrix': 0.08294399827718735, 'axis_fd_power_unsqueeze': 0.004095999989658594, 'dot_product': 1.8636800050735471, 'hm_clone': 0.02969600073993206, 'hm_decoding': 0.026623999699950215, 'index_add': 0.04710400104522705, 'power_matrix': 0.05734400078654289, 'powers': 0.060416001826524734, 'qv_norm': 0.055296000093221664, 'tile_memory_calculation': 0.1157120019197464, 'world_bound_norm': 0.11878400295972824, 'xy_axis_fd_matrix': 0.060416001826524734, 'xy_axis_ifft': 0.05222399905323982}, 'occupied': {'axis_fd_matrix': 0.06656000018119812, 'axis_fd_power_matrix': 0.08191999793052673, 'axis_fd_power_unsqueeze': 0.004095999989658594, 'dot_product': 1.8851840496063232, 'hm_clone': 0.03993599861860275, 'hm_decoding': 0.026623999699950215, 'index_add': 0.058368001133203506, 'power_matrix': 0.0655359998345375, 'powers': 0.06963200122117996, 'qv_norm': 0.0727040022611618, 'tile_memory_calculation': 0.18943999707698825, 'world_bound_norm': 0.130048006772995, 'xy_axis_fd_matrix': 0.08499199897050858, 'xy_axis_ifft': 0.09625600278377532}, 'ogm_conversion': 0.02969600073993206, 'split_time': 0.0001883506774902344, 'test_auc': 0.7872804232804234, 'test_nll': 0.601040647966464, 'train_auc': 0.8404558404558404, 'train_nll': 0.5458249133587433}","{'data': {'data_dir': 'datasets/sa/toysim0/npz', 'test_split': 0.2, 'file_prefix': 'results_frame_', 'file_suffix': '.npz', 'dataset_name': 'toysim', 'world_bounds': [-50, 50, -50, 50]}, 'wandb': {'notes': 'This experiment evaluates the performance of the decoding method on the ablation dataset.', 'online': True, 'enabled': True, 'verbose': False, 'project_name': 'decoding_method_evaluation_toymap_no_entropy'}, 'logging': {'enabled': True, 'verbose': False, 'save_dir': 'logs/decoding_method_evaluation_toymap_no_entropy/mapping-axis_resolution=1-0_mapping-vector_dimensionality=8192_mapping-vector_length_scale=1-0_mapping-decoding-method=tanh', 'log_images': True, 'override_existing': False}, 'mapping': {'seed': 42, 'device': 'cuda', 'verbose': True, 'decoding': {'alpha': 'None', 'method': 'tanh', 'disk_radii_1': 3, 'disk_radii_2': 3}, 'num_tiles': 1, 'data_filter': 'passthrough', 'mapping_type': 'SA_VSA_OGM', 'axis_resolution': 1, 'vector_length_scale': 1, 'vector_dimensionality': 8192}, 'experiment_name': 'mapping-axis_resolution=1-0_mapping-vector_dimensionality=8192_mapping-vector_length_scale=1-0_mapping-decoding-method=tanh', 'experiment_type': 'single_agent', 'mapping_manager': {'seed': 42, 'metrics': ['auc', 'nll'], 'verbose': True, 'num_mappers': 1, 'plotting_flags': {'plot_images': False, 'plot_metrics': True, 'plot_predictions': False, 'plot_point_clouds': False}}, 'experiment_parameters': {'mapping': {'decoding': {'method': ['relu', 'relu_normalize', 'relu_squaring', 'relu_normalize_squaring', 'tanh', 'tanh_normalize', 'tanh_squaring', 'tanh_normalize_squaring', 'sigmoid', 'sigmoid_normalize', 'sigmoid_squaring', 'sigmoid_normalize_squaring']}, 'axis_resolution': [1], 'vector_length_scale': [0.1, 0.2, 0.5, 1], 'vector_dimensionality': [32768, 16384, 8192]}}}",mapping-axis_resolution=1-0_mapping-vector_dimensionality=8192_mapping-vector_length_scale=1-0_mapping-decoding-method=tanh
137,"{'_runtime': 12.77127798, '_step': 88, '_timestamp': 1740610830.7065103, '_wandb': {'runtime': 12}, 'cpu2gpu_time': 0.00010538101196289062, 'decoding': {'decoding_time': 0.1515520066022873}, 'empty': {'axis_fd_matrix': 0.06860800087451935, 'axis_fd_power_matrix': 0.08089599758386612, 'axis_fd_power_unsqueeze': 0.005119999870657921, 'dot_product': 1.8647040128707888, 'hm_clone': 0.02969600073993206, 'hm_decoding': 0.027648000046610832, 'index_add': 0.04915200173854828, 'power_matrix': 0.060416001826524734, 'powers': 0.060416001826524734, 'qv_norm': 0.05427199974656105, 'tile_memory_calculation': 0.11878400295972824, 'world_bound_norm': 0.11161600053310394, 'xy_axis_fd_matrix': 0.06451199948787689, 'xy_axis_ifft': 0.05222399905323982}, 'occupied': {'axis_fd_matrix': 0.0655359998345375, 'axis_fd_power_matrix': 0.08294399827718735, 'axis_fd_power_unsqueeze': 0.005119999870657921, 'dot_product': 1.888255953788757, 'hm_clone': 0.03891199827194214, 'hm_decoding': 0.027648000046610832, 'index_add': 0.05939200147986412, 'power_matrix': 0.0727040022611618, 'powers': 0.06758400052785873, 'qv_norm': 0.07475200295448303, 'tile_memory_calculation': 0.1812479943037033, 'world_bound_norm': 0.130048006772995, 'xy_axis_fd_matrix': 0.08908800035715103, 'xy_axis_ifft': 0.09728000313043594}, 'ogm_conversion': 0.027648000046610832, 'split_time': 0.00017881393432617188, 'test_auc': 0.7701666666666668, 'test_nll': 0.5807280893845109, 'train_auc': 0.9287749287749288, 'train_nll': 0.4978289913011451}","{'data': {'data_dir': 'datasets/sa/toysim0/npz', 'test_split': 0.2, 'file_prefix': 'results_frame_', 'file_suffix': '.npz', 'dataset_name': 'toysim', 'world_bounds': [-50, 50, -50, 50]}, 'wandb': {'notes': 'This experiment evaluates the performance of the decoding method on the ablation dataset.', 'online': True, 'enabled': True, 'verbose': False, 'project_name': 'decoding_method_evaluation_toymap_no_entropy'}, 'logging': {'enabled': True, 'verbose': False, 'save_dir': 'logs/decoding_method_evaluation_toymap_no_entropy/mapping-axis_resolution=1-0_mapping-vector_dimensionality=8192_mapping-vector_length_scale=1-0_mapping-decoding-method=tanh_normalize', 'log_images': True, 'override_existing': False}, 'mapping': {'seed': 42, 'device': 'cuda', 'verbose': True, 'decoding': {'alpha': 'None', 'method': 'tanh_normalize', 'disk_radii_1': 3, 'disk_radii_2': 3}, 'num_tiles': 1, 'data_filter': 'passthrough', 'mapping_type': 'SA_VSA_OGM', 'axis_resolution': 1, 'vector_length_scale': 1, 'vector_dimensionality': 8192}, 'experiment_name': 'mapping-axis_resolution=1-0_mapping-vector_dimensionality=8192_mapping-vector_length_scale=1-0_mapping-decoding-method=tanh_normalize', 'experiment_type': 'single_agent', 'mapping_manager': {'seed': 42, 'metrics': ['auc', 'nll'], 'verbose': True, 'num_mappers': 1, 'plotting_flags': {'plot_images': False, 'plot_metrics': True, 'plot_predictions': False, 'plot_point_clouds': False}}, 'experiment_parameters': {'mapping': {'decoding': {'method': ['relu', 'relu_normalize', 'relu_squaring', 'relu_normalize_squaring', 'tanh', 'tanh_normalize', 'tanh_squaring', 'tanh_normalize_squaring', 'sigmoid', 'sigmoid_normalize', 'sigmoid_squaring', 'sigmoid_normalize_squaring']}, 'axis_resolution': [1], 'vector_length_scale': [0.1, 0.2, 0.5, 1], 'vector_dimensionality': [32768, 16384, 8192]}}}",mapping-axis_resolution=1-0_mapping-vector_dimensionality=8192_mapping-vector_length_scale=1-0_mapping-decoding-method=tanh_normalize
138,"{'_runtime': 12.870801951, '_step': 88, '_timestamp': 1740610845.184921, '_wandb': {'runtime': 12}, 'cpu2gpu_time': 0.00011038780212402344, 'decoding': {'decoding_time': 0.12800000607967377}, 'empty': {'axis_fd_matrix': 0.05939200147986412, 'axis_fd_power_matrix': 0.08089599758386612, 'axis_fd_power_unsqueeze': 0.005119999870657921, 'dot_product': 1.8698240518569944, 'hm_clone': 0.030719999223947525, 'hm_decoding': 0.026623999699950215, 'index_add': 0.05222399905323982, 'power_matrix': 0.060416001826524734, 'powers': 0.06143999844789505, 'qv_norm': 0.055296000093221664, 'tile_memory_calculation': 0.1157120019197464, 'world_bound_norm': 0.11059200018644331, 'xy_axis_fd_matrix': 0.06451199948787689, 'xy_axis_ifft': 0.05222399905323982}, 'occupied': {'axis_fd_matrix': 0.06656000018119812, 'axis_fd_power_matrix': 0.08089599758386612, 'axis_fd_power_unsqueeze': 0.004095999989658594, 'dot_product': 1.8933759927749632, 'hm_clone': 0.03891199827194214, 'hm_decoding': 0.026623999699950215, 'index_add': 0.058368001133203506, 'power_matrix': 0.06348799914121628, 'powers': 0.06758400052785873, 'qv_norm': 0.08089599758386612, 'tile_memory_calculation': 0.1812479943037033, 'world_bound_norm': 0.13209599256515503, 'xy_axis_fd_matrix': 0.08499199897050858, 'xy_axis_ifft': 0.09318400174379347}, 'ogm_conversion': 0.02867200039327145, 'split_time': 0.00018739700317382812, 'test_auc': 0.8013624338624339, 'test_nll': 0.7415466849584815, 'train_auc': 0.9173789173789172, 'train_nll': 0.5627756599058255}","{'data': {'data_dir': 'datasets/sa/toysim0/npz', 'test_split': 0.2, 'file_prefix': 'results_frame_', 'file_suffix': '.npz', 'dataset_name': 'toysim', 'world_bounds': [-50, 50, -50, 50]}, 'wandb': {'notes': 'This experiment evaluates the performance of the decoding method on the ablation dataset.', 'online': True, 'enabled': True, 'verbose': False, 'project_name': 'decoding_method_evaluation_toymap_no_entropy'}, 'logging': {'enabled': True, 'verbose': False, 'save_dir': 'logs/decoding_method_evaluation_toymap_no_entropy/mapping-axis_resolution=1-0_mapping-vector_dimensionality=8192_mapping-vector_length_scale=1-0_mapping-decoding-method=tanh_squaring', 'log_images': True, 'override_existing': False}, 'mapping': {'seed': 42, 'device': 'cuda', 'verbose': True, 'decoding': {'alpha': 'None', 'method': 'tanh_squaring', 'disk_radii_1': 3, 'disk_radii_2': 3}, 'num_tiles': 1, 'data_filter': 'passthrough', 'mapping_type': 'SA_VSA_OGM', 'axis_resolution': 1, 'vector_length_scale': 1, 'vector_dimensionality': 8192}, 'experiment_name': 'mapping-axis_resolution=1-0_mapping-vector_dimensionality=8192_mapping-vector_length_scale=1-0_mapping-decoding-method=tanh_squaring', 'experiment_type': 'single_agent', 'mapping_manager': {'seed': 42, 'metrics': ['auc', 'nll'], 'verbose': True, 'num_mappers': 1, 'plotting_flags': {'plot_images': False, 'plot_metrics': True, 'plot_predictions': False, 'plot_point_clouds': False}}, 'experiment_parameters': {'mapping': {'decoding': {'method': ['relu', 'relu_normalize', 'relu_squaring', 'relu_normalize_squaring', 'tanh', 'tanh_normalize', 'tanh_squaring', 'tanh_normalize_squaring', 'sigmoid', 'sigmoid_normalize', 'sigmoid_squaring', 'sigmoid_normalize_squaring']}, 'axis_resolution': [1], 'vector_length_scale': [0.1, 0.2, 0.5, 1], 'vector_dimensionality': [32768, 16384, 8192]}}}",mapping-axis_resolution=1-0_mapping-vector_dimensionality=8192_mapping-vector_length_scale=1-0_mapping-decoding-method=tanh_squaring
139,"{'_runtime': 12.853614054, '_step': 88, '_timestamp': 1740610859.6218328, '_wandb': {'runtime': 12}, 'cpu2gpu_time': 0.00010657310485839844, 'decoding': {'decoding_time': 0.1812479943037033}, 'empty': {'axis_fd_matrix': 0.05939200147986412, 'axis_fd_power_matrix': 0.08294399827718735, 'axis_fd_power_unsqueeze': 0.004095999989658594, 'dot_product': 1.8698240518569944, 'hm_clone': 0.03686400130391121, 'hm_decoding': 0.027648000046610832, 'index_add': 0.04608000069856644, 'power_matrix': 0.058368001133203506, 'powers': 0.06143999844789505, 'qv_norm': 0.05324799939990043, 'tile_memory_calculation': 0.12697599828243256, 'world_bound_norm': 0.116736002266407, 'xy_axis_fd_matrix': 0.06143999844789505, 'xy_axis_ifft': 0.04915200173854828}, 'occupied': {'axis_fd_matrix': 0.0655359998345375, 'axis_fd_power_matrix': 0.08191999793052673, 'axis_fd_power_unsqueeze': 0.004095999989658594, 'dot_product': 1.8933759927749632, 'hm_clone': 0.03891199827194214, 'hm_decoding': 0.026623999699950215, 'index_add': 0.058368001133203506, 'power_matrix': 0.06143999844789505, 'powers': 0.06860800087451935, 'qv_norm': 0.0727040022611618, 'tile_memory_calculation': 0.17612800002098083, 'world_bound_norm': 0.130048006772995, 'xy_axis_fd_matrix': 0.0798719972372055, 'xy_axis_ifft': 0.1013759970664978}, 'ogm_conversion': 0.02867200039327145, 'split_time': 0.00018596649169921875, 'test_auc': 0.7738650793650793, 'test_nll': 0.6218992088721396, 'train_auc': 0.8717948717948718, 'train_nll': 0.6130130769518438}","{'data': {'data_dir': 'datasets/sa/toysim0/npz', 'test_split': 0.2, 'file_prefix': 'results_frame_', 'file_suffix': '.npz', 'dataset_name': 'toysim', 'world_bounds': [-50, 50, -50, 50]}, 'wandb': {'notes': 'This experiment evaluates the performance of the decoding method on the ablation dataset.', 'online': True, 'enabled': True, 'verbose': False, 'project_name': 'decoding_method_evaluation_toymap_no_entropy'}, 'logging': {'enabled': True, 'verbose': False, 'save_dir': 'logs/decoding_method_evaluation_toymap_no_entropy/mapping-axis_resolution=1-0_mapping-vector_dimensionality=8192_mapping-vector_length_scale=1-0_mapping-decoding-method=tanh_normalize_squaring', 'log_images': True, 'override_existing': False}, 'mapping': {'seed': 42, 'device': 'cuda', 'verbose': True, 'decoding': {'alpha': 'None', 'method': 'tanh_normalize_squaring', 'disk_radii_1': 3, 'disk_radii_2': 3}, 'num_tiles': 1, 'data_filter': 'passthrough', 'mapping_type': 'SA_VSA_OGM', 'axis_resolution': 1, 'vector_length_scale': 1, 'vector_dimensionality': 8192}, 'experiment_name': 'mapping-axis_resolution=1-0_mapping-vector_dimensionality=8192_mapping-vector_length_scale=1-0_mapping-decoding-method=tanh_normalize_squaring', 'experiment_type': 'single_agent', 'mapping_manager': {'seed': 42, 'metrics': ['auc', 'nll'], 'verbose': True, 'num_mappers': 1, 'plotting_flags': {'plot_images': False, 'plot_metrics': True, 'plot_predictions': False, 'plot_point_clouds': False}}, 'experiment_parameters': {'mapping': {'decoding': {'method': ['relu', 'relu_normalize', 'relu_squaring', 'relu_normalize_squaring', 'tanh', 'tanh_normalize', 'tanh_squaring', 'tanh_normalize_squaring', 'sigmoid', 'sigmoid_normalize', 'sigmoid_squaring', 'sigmoid_normalize_squaring']}, 'axis_resolution': [1], 'vector_length_scale': [0.1, 0.2, 0.5, 1], 'vector_dimensionality': [32768, 16384, 8192]}}}",mapping-axis_resolution=1-0_mapping-vector_dimensionality=8192_mapping-vector_length_scale=1-0_mapping-decoding-method=tanh_normalize_squaring
140,"{'_runtime': 13.040769375, '_step': 88, '_timestamp': 1740610874.3022428, '_wandb': {'runtime': 13}, 'cpu2gpu_time': 0.00011110305786132812, 'decoding': {'decoding_time': 0.09625600278377532}, 'empty': {'axis_fd_matrix': 0.05939200147986412, 'axis_fd_power_matrix': 0.08191999793052673, 'axis_fd_power_unsqueeze': 0.004095999989658594, 'dot_product': 1.8606079816818235, 'hm_clone': 0.02867200039327145, 'hm_decoding': 0.026623999699950215, 'index_add': 0.04608000069856644, 'power_matrix': 0.05734400078654289, 'powers': 0.05939200147986412, 'qv_norm': 0.05427199974656105, 'tile_memory_calculation': 0.11468800157308578, 'world_bound_norm': 0.11059200018644331, 'xy_axis_fd_matrix': 0.06143999844789505, 'xy_axis_ifft': 0.062463998794555664}, 'occupied': {'axis_fd_matrix': 0.06451199948787689, 'axis_fd_power_matrix': 0.08191999793052673, 'axis_fd_power_unsqueeze': 0.004095999989658594, 'dot_product': 1.8903039693832395, 'hm_clone': 0.03993599861860275, 'hm_decoding': 0.026623999699950215, 'index_add': 0.06656000018119812, 'power_matrix': 0.062463998794555664, 'powers': 0.06758400052785873, 'qv_norm': 0.0727040022611618, 'tile_memory_calculation': 0.18227200210094452, 'world_bound_norm': 0.13209599256515503, 'xy_axis_fd_matrix': 0.08294399827718735, 'xy_axis_ifft': 0.0942080020904541}, 'ogm_conversion': 0.027648000046610832, 'split_time': 0.0001926422119140625, 'test_auc': 0.7538650793650793, 'test_nll': 0.6046929052435686, 'train_auc': 0.8091168091168092, 'train_nll': 0.5744068709681256}","{'data': {'data_dir': 'datasets/sa/toysim0/npz', 'test_split': 0.2, 'file_prefix': 'results_frame_', 'file_suffix': '.npz', 'dataset_name': 'toysim', 'world_bounds': [-50, 50, -50, 50]}, 'wandb': {'notes': 'This experiment evaluates the performance of the decoding method on the ablation dataset.', 'online': True, 'enabled': True, 'verbose': False, 'project_name': 'decoding_method_evaluation_toymap_no_entropy'}, 'logging': {'enabled': True, 'verbose': False, 'save_dir': 'logs/decoding_method_evaluation_toymap_no_entropy/mapping-axis_resolution=1-0_mapping-vector_dimensionality=8192_mapping-vector_length_scale=1-0_mapping-decoding-method=sigmoid', 'log_images': True, 'override_existing': False}, 'mapping': {'seed': 42, 'device': 'cuda', 'verbose': True, 'decoding': {'alpha': 'None', 'method': 'sigmoid', 'disk_radii_1': 3, 'disk_radii_2': 3}, 'num_tiles': 1, 'data_filter': 'passthrough', 'mapping_type': 'SA_VSA_OGM', 'axis_resolution': 1, 'vector_length_scale': 1, 'vector_dimensionality': 8192}, 'experiment_name': 'mapping-axis_resolution=1-0_mapping-vector_dimensionality=8192_mapping-vector_length_scale=1-0_mapping-decoding-method=sigmoid', 'experiment_type': 'single_agent', 'mapping_manager': {'seed': 42, 'metrics': ['auc', 'nll'], 'verbose': True, 'num_mappers': 1, 'plotting_flags': {'plot_images': False, 'plot_metrics': True, 'plot_predictions': False, 'plot_point_clouds': False}}, 'experiment_parameters': {'mapping': {'decoding': {'method': ['relu', 'relu_normalize', 'relu_squaring', 'relu_normalize_squaring', 'tanh', 'tanh_normalize', 'tanh_squaring', 'tanh_normalize_squaring', 'sigmoid', 'sigmoid_normalize', 'sigmoid_squaring', 'sigmoid_normalize_squaring']}, 'axis_resolution': [1], 'vector_length_scale': [0.1, 0.2, 0.5, 1], 'vector_dimensionality': [32768, 16384, 8192]}}}",mapping-axis_resolution=1-0_mapping-vector_dimensionality=8192_mapping-vector_length_scale=1-0_mapping-decoding-method=sigmoid
141,"{'_runtime': 13.109350986, '_step': 88, '_timestamp': 1740610921.143258, '_wandb': {'runtime': 13}, 'cpu2gpu_time': 0.00011229515075683594, 'decoding': {'decoding_time': 0.15564799308776855}, 'empty': {'axis_fd_matrix': 0.06656000018119812, 'axis_fd_power_matrix': 0.08294399827718735, 'axis_fd_power_unsqueeze': 0.004095999989658594, 'dot_product': 1.8698240518569944, 'hm_clone': 0.02969600073993206, 'hm_decoding': 0.027648000046610832, 'index_add': 0.048128001391887665, 'power_matrix': 0.05734400078654289, 'powers': 0.060416001826524734, 'qv_norm': 0.05427199974656105, 'tile_memory_calculation': 0.13926400244235992, 'world_bound_norm': 0.12185599654912949, 'xy_axis_fd_matrix': 0.060416001826524734, 'xy_axis_ifft': 0.050175998359918594}, 'occupied': {'axis_fd_matrix': 0.0655359998345375, 'axis_fd_power_matrix': 0.08294399827718735, 'axis_fd_power_unsqueeze': 0.004095999989658594, 'dot_product': 1.8933759927749632, 'hm_clone': 0.03891199827194214, 'hm_decoding': 0.026623999699950215, 'index_add': 0.05939200147986412, 'power_matrix': 0.062463998794555664, 'powers': 0.06860800087451935, 'qv_norm': 0.07475200295448303, 'tile_memory_calculation': 0.17919999361038208, 'world_bound_norm': 0.131071999669075, 'xy_axis_fd_matrix': 0.08601599931716919, 'xy_axis_ifft': 0.09523200243711472}, 'ogm_conversion': 0.02867200039327145, 'split_time': 0.00018310546875, 'test_auc': 0.7346269841269841, 'test_nll': 0.5965058999084794, 'train_auc': 0.8974358974358975, 'train_nll': 0.5564008748759713}","{'data': {'data_dir': 'datasets/sa/toysim0/npz', 'test_split': 0.2, 'file_prefix': 'results_frame_', 'file_suffix': '.npz', 'dataset_name': 'toysim', 'world_bounds': [-50, 50, -50, 50]}, 'wandb': {'notes': 'This experiment evaluates the performance of the decoding method on the ablation dataset.', 'online': True, 'enabled': True, 'verbose': False, 'project_name': 'decoding_method_evaluation_toymap_no_entropy'}, 'logging': {'enabled': True, 'verbose': False, 'save_dir': 'logs/decoding_method_evaluation_toymap_no_entropy/mapping-axis_resolution=1-0_mapping-vector_dimensionality=8192_mapping-vector_length_scale=1-0_mapping-decoding-method=sigmoid_normalize', 'log_images': True, 'override_existing': False}, 'mapping': {'seed': 42, 'device': 'cuda', 'verbose': True, 'decoding': {'alpha': 'None', 'method': 'sigmoid_normalize', 'disk_radii_1': 3, 'disk_radii_2': 3}, 'num_tiles': 1, 'data_filter': 'passthrough', 'mapping_type': 'SA_VSA_OGM', 'axis_resolution': 1, 'vector_length_scale': 1, 'vector_dimensionality': 8192}, 'experiment_name': 'mapping-axis_resolution=1-0_mapping-vector_dimensionality=8192_mapping-vector_length_scale=1-0_mapping-decoding-method=sigmoid_normalize', 'experiment_type': 'single_agent', 'mapping_manager': {'seed': 42, 'metrics': ['auc', 'nll'], 'verbose': True, 'num_mappers': 1, 'plotting_flags': {'plot_images': False, 'plot_metrics': True, 'plot_predictions': False, 'plot_point_clouds': False}}, 'experiment_parameters': {'mapping': {'decoding': {'method': ['relu', 'relu_normalize', 'relu_squaring', 'relu_normalize_squaring', 'tanh', 'tanh_normalize', 'tanh_squaring', 'tanh_normalize_squaring', 'sigmoid', 'sigmoid_normalize', 'sigmoid_squaring', 'sigmoid_normalize_squaring']}, 'axis_resolution': [1], 'vector_length_scale': [0.1, 0.2, 0.5, 1], 'vector_dimensionality': [32768, 16384, 8192]}}}",mapping-axis_resolution=1-0_mapping-vector_dimensionality=8192_mapping-vector_length_scale=1-0_mapping-decoding-method=sigmoid_normalize
142,"{'_runtime': 13.341548964, '_step': 88, '_timestamp': 1740610936.226446, '_wandb': {'runtime': 13}, 'cpu2gpu_time': 0.00011110305786132812, 'decoding': {'decoding_time': 0.12902399897575378}, 'empty': {'axis_fd_matrix': 0.058368001133203506, 'axis_fd_power_matrix': 0.08294399827718735, 'axis_fd_power_unsqueeze': 0.004095999989658594, 'dot_product': 1.8759679794311523, 'hm_clone': 0.02969600073993206, 'hm_decoding': 0.026623999699950215, 'index_add': 0.048128001391887665, 'power_matrix': 0.058368001133203506, 'powers': 0.06451199948787689, 'qv_norm': 0.05427199974656105, 'tile_memory_calculation': 0.11468800157308578, 'world_bound_norm': 0.10956799983978271, 'xy_axis_fd_matrix': 0.06143999844789505, 'xy_axis_ifft': 0.05119999870657921}, 'occupied': {'axis_fd_matrix': 0.06656000018119812, 'axis_fd_power_matrix': 0.08294399827718735, 'axis_fd_power_unsqueeze': 0.004095999989658594, 'dot_product': 1.903615951538086, 'hm_clone': 0.03686400130391121, 'hm_decoding': 0.026623999699950215, 'index_add': 0.060416001826524734, 'power_matrix': 0.0655359998345375, 'powers': 0.06758400052785873, 'qv_norm': 0.07168000191450119, 'tile_memory_calculation': 0.1812479943037033, 'world_bound_norm': 0.13312000036239624, 'xy_axis_fd_matrix': 0.08396799862384796, 'xy_axis_ifft': 0.09523200243711472}, 'ogm_conversion': 0.027648000046610832, 'split_time': 0.00018405914306640625, 'test_auc': 0.72944708994709, 'test_nll': 0.8548018433589825, 'train_auc': 0.7863247863247864, 'train_nll': 0.6030998195048813}","{'data': {'data_dir': 'datasets/sa/toysim0/npz', 'test_split': 0.2, 'file_prefix': 'results_frame_', 'file_suffix': '.npz', 'dataset_name': 'toysim', 'world_bounds': [-50, 50, -50, 50]}, 'wandb': {'notes': 'This experiment evaluates the performance of the decoding method on the ablation dataset.', 'online': True, 'enabled': True, 'verbose': False, 'project_name': 'decoding_method_evaluation_toymap_no_entropy'}, 'logging': {'enabled': True, 'verbose': False, 'save_dir': 'logs/decoding_method_evaluation_toymap_no_entropy/mapping-axis_resolution=1-0_mapping-vector_dimensionality=8192_mapping-vector_length_scale=1-0_mapping-decoding-method=sigmoid_squaring', 'log_images': True, 'override_existing': False}, 'mapping': {'seed': 42, 'device': 'cuda', 'verbose': True, 'decoding': {'alpha': 'None', 'method': 'sigmoid_squaring', 'disk_radii_1': 3, 'disk_radii_2': 3}, 'num_tiles': 1, 'data_filter': 'passthrough', 'mapping_type': 'SA_VSA_OGM', 'axis_resolution': 1, 'vector_length_scale': 1, 'vector_dimensionality': 8192}, 'experiment_name': 'mapping-axis_resolution=1-0_mapping-vector_dimensionality=8192_mapping-vector_length_scale=1-0_mapping-decoding-method=sigmoid_squaring', 'experiment_type': 'single_agent', 'mapping_manager': {'seed': 42, 'metrics': ['auc', 'nll'], 'verbose': True, 'num_mappers': 1, 'plotting_flags': {'plot_images': False, 'plot_metrics': True, 'plot_predictions': False, 'plot_point_clouds': False}}, 'experiment_parameters': {'mapping': {'decoding': {'method': ['relu', 'relu_normalize', 'relu_squaring', 'relu_normalize_squaring', 'tanh', 'tanh_normalize', 'tanh_squaring', 'tanh_normalize_squaring', 'sigmoid', 'sigmoid_normalize', 'sigmoid_squaring', 'sigmoid_normalize_squaring']}, 'axis_resolution': [1], 'vector_length_scale': [0.1, 0.2, 0.5, 1], 'vector_dimensionality': [32768, 16384, 8192]}}}",mapping-axis_resolution=1-0_mapping-vector_dimensionality=8192_mapping-vector_length_scale=1-0_mapping-decoding-method=sigmoid_squaring
143,"{'_runtime': 13.236087912, '_step': 88, '_timestamp': 1740610951.0609574, '_wandb': {'runtime': 13}, 'cpu2gpu_time': 0.00010776519775390624, 'decoding': {'decoding_time': 0.18534399569034576}, 'empty': {'axis_fd_matrix': 0.062463998794555664, 'axis_fd_power_matrix': 0.0870399996638298, 'axis_fd_power_unsqueeze': 0.004095999989658594, 'dot_product': 1.887231945991516, 'hm_clone': 0.03891199827194214, 'hm_decoding': 0.026623999699950215, 'index_add': 0.055296000093221664, 'power_matrix': 0.060416001826524734, 'powers': 0.062463998794555664, 'qv_norm': 0.06451199948787689, 'tile_memory_calculation': 0.1515520066022873, 'world_bound_norm': 0.13926400244235992, 'xy_axis_fd_matrix': 0.07475200295448303, 'xy_axis_ifft': 0.07884799689054489}, 'occupied': {'axis_fd_matrix': 0.06451199948787689, 'axis_fd_power_matrix': 0.08294399827718735, 'axis_fd_power_unsqueeze': 0.004095999989658594, 'dot_product': 1.8933759927749632, 'hm_clone': 0.03891199827194214, 'hm_decoding': 0.027648000046610832, 'index_add': 0.06860800087451935, 'power_matrix': 0.06348799914121628, 'powers': 0.0655359998345375, 'qv_norm': 0.07475200295448303, 'tile_memory_calculation': 0.17612800002098083, 'world_bound_norm': 0.130048006772995, 'xy_axis_fd_matrix': 0.08191999793052673, 'xy_axis_ifft': 0.0942080020904541}, 'ogm_conversion': 0.02867200039327145, 'split_time': 0.00019478797912597656, 'test_auc': 0.7418544973544974, 'test_nll': 0.6388878272024464, 'train_auc': 0.8547008547008548, 'train_nll': 0.6197880536068773}","{'data': {'data_dir': 'datasets/sa/toysim0/npz', 'test_split': 0.2, 'file_prefix': 'results_frame_', 'file_suffix': '.npz', 'dataset_name': 'toysim', 'world_bounds': [-50, 50, -50, 50]}, 'wandb': {'notes': 'This experiment evaluates the performance of the decoding method on the ablation dataset.', 'online': True, 'enabled': True, 'verbose': False, 'project_name': 'decoding_method_evaluation_toymap_no_entropy'}, 'logging': {'enabled': True, 'verbose': False, 'save_dir': 'logs/decoding_method_evaluation_toymap_no_entropy/mapping-axis_resolution=1-0_mapping-vector_dimensionality=8192_mapping-vector_length_scale=1-0_mapping-decoding-method=sigmoid_normalize_squaring', 'log_images': True, 'override_existing': False}, 'mapping': {'seed': 42, 'device': 'cuda', 'verbose': True, 'decoding': {'alpha': 'None', 'method': 'sigmoid_normalize_squaring', 'disk_radii_1': 3, 'disk_radii_2': 3}, 'num_tiles': 1, 'data_filter': 'passthrough', 'mapping_type': 'SA_VSA_OGM', 'axis_resolution': 1, 'vector_length_scale': 1, 'vector_dimensionality': 8192}, 'experiment_name': 'mapping-axis_resolution=1-0_mapping-vector_dimensionality=8192_mapping-vector_length_scale=1-0_mapping-decoding-method=sigmoid_normalize_squaring', 'experiment_type': 'single_agent', 'mapping_manager': {'seed': 42, 'metrics': ['auc', 'nll'], 'verbose': True, 'num_mappers': 1, 'plotting_flags': {'plot_images': False, 'plot_metrics': True, 'plot_predictions': False, 'plot_point_clouds': False}}, 'experiment_parameters': {'mapping': {'decoding': {'method': ['relu', 'relu_normalize', 'relu_squaring', 'relu_normalize_squaring', 'tanh', 'tanh_normalize', 'tanh_squaring', 'tanh_normalize_squaring', 'sigmoid', 'sigmoid_normalize', 'sigmoid_squaring', 'sigmoid_normalize_squaring']}, 'axis_resolution': [1], 'vector_length_scale': [0.1, 0.2, 0.5, 1], 'vector_dimensionality': [32768, 16384, 8192]}}}",mapping-axis_resolution=1-0_mapping-vector_dimensionality=8192_mapping-vector_length_scale=1-0_mapping-decoding-method=sigmoid_normalize_squaring
